Handle,Title,Body (HTML),Vendor,Product Category,Type,Tags,Published,Option1 Name,Option1 Value,Option2 Name,Option2 Value,Variant SKU,Variant Price,Variant Compare At Price,Variant Inventory Qty,Variant Inventory Policy,Image Src,Image Position,SEO Title,SEO Description
"premium-leather-shoulder-bag","Premium Leather Shoulder Bag","<p>La borsa che segue il tuo ritmo senza rinunciare allo stile. Premium Leather Shoulder Bag unisce una silhouette versatile e tutto lo spazio che serve per i tuoi indispensabili, dal lavoro al weekend.</p>","levence.com","Bolsos","Bolsos","Borse, Novità, Selezione Juanjo","TRUE","Colore","Nero","Talla","Taglia unica","premium-leather-shoulder-bag-nero-taglia-unica","53.00","105.00","0","continue","assets/products/premium-leather-shoulder-bag/02-product.png","1","Premium Leather Shoulder Bag","La borsa che segue il tuo ritmo senza rinunciare allo stile. Premium Leather Shoulder Bag unisce una silhouette versatile e tutto lo spazio che serve per i tuoi indispensabili, dal lavoro al weekend."
"premium-leather-shoulder-bag","Premium Leather Shoulder Bag","<p>La borsa che segue il tuo ritmo senza rinunciare allo stile. Premium Leather Shoulder Bag unisce una silhouette versatile e tutto lo spazio che serve per i tuoi indispensabili, dal lavoro al weekend.</p>","levence.com","Bolsos","Bolsos","Borse, Novità, Selezione Juanjo","TRUE","Colore","Marrone","Talla","Taglia unica","premium-leather-shoulder-bag-marrone-taglia-unica","53.00","105.00","0","continue","assets/products/premium-leather-shoulder-bag/02-product.png","1","Premium Leather Shoulder Bag","La borsa che segue il tuo ritmo senza rinunciare allo stile. Premium Leather Shoulder Bag unisce una silhouette versatile e tutto lo spazio che serve per i tuoi indispensabili, dal lavoro al weekend."
"premium-leather-shoulder-bag","Premium Leather Shoulder Bag","<p>La borsa che segue il tuo ritmo senza rinunciare allo stile. Premium Leather Shoulder Bag unisce una silhouette versatile e tutto lo spazio che serve per i tuoi indispensabili, dal lavoro al weekend.</p>","levence.com","Bolsos","Bolsos","Borse, Novità, Selezione Juanjo","TRUE","Colore","Beige","Talla","Taglia unica","premium-leather-shoulder-bag-beige-taglia-unica","53.00","105.00","0","continue","assets/products/premium-leather-shoulder-bag/02-product.png","1","Premium Leather Shoulder Bag","La borsa che segue il tuo ritmo senza rinunciare allo stile. Premium Leather Shoulder Bag unisce una silhouette versatile e tutto lo spazio che serve per i tuoi indispensabili, dal lavoro al weekend."
"premium-leather-shoulder-bag","Premium Leather Shoulder Bag","<p>La borsa che segue il tuo ritmo senza rinunciare allo stile. Premium Leather Shoulder Bag unisce una silhouette versatile e tutto lo spazio che serve per i tuoi indispensabili, dal lavoro al weekend.</p>","levence.com","Bolsos","Bolsos","Borse, Novità, Selezione Juanjo","TRUE","Colore","Crema","Talla","Taglia unica","premium-leather-shoulder-bag-crema-taglia-unica","53.00","105.00","0","continue","assets/products/premium-leather-shoulder-bag/02-product.png","1","Premium Leather Shoulder Bag","La borsa che segue il tuo ritmo senza rinunciare allo stile. Premium Leather Shoulder Bag unisce una silhouette versatile e tutto lo spazio che serve per i tuoi indispensabili, dal lavoro al weekend."
"the-brooklyn-bag","The Brooklyn Bag","<p>La borsa che segue il tuo ritmo senza rinunciare allo stile. The Brooklyn Bag unisce una silhouette versatile e tutto lo spazio che serve per i tuoi indispensabili, dal lavoro al weekend.</p>","ayvaofficial.com","Bolsos","Bolsos","Borse, Novità, Selezione Juanjo","TRUE","Colore","Nero","Talla","Taglia unica","the-brooklyn-bag-nero-taglia-unica","48.00","86.00","0","continue","assets/products/the-brooklyn-bag/01-hero.png","1","The Brooklyn Bag","La borsa che segue il tuo ritmo senza rinunciare allo stile. The Brooklyn Bag unisce una silhouette versatile e tutto lo spazio che serve per i tuoi indispensabili, dal lavoro al weekend."
"the-brooklyn-bag","The Brooklyn Bag","<p>La borsa che segue il tuo ritmo senza rinunciare allo stile. The Brooklyn Bag unisce una silhouette versatile e tutto lo spazio che serve per i tuoi indispensabili, dal lavoro al weekend.</p>","ayvaofficial.com","Bolsos","Bolsos","Borse, Novità, Selezione Juanjo","TRUE","Colore","Marrone","Talla","Taglia unica","the-brooklyn-bag-marrone-taglia-unica","48.00","86.00","0","continue","assets/products/the-brooklyn-bag/01-hero.png","1","The Brooklyn Bag","La borsa che segue il tuo ritmo senza rinunciare allo stile. The Brooklyn Bag unisce una silhouette versatile e tutto lo spazio che serve per i tuoi indispensabili, dal lavoro al weekend."
"the-brooklyn-bag","The Brooklyn Bag","<p>La borsa che segue il tuo ritmo senza rinunciare allo stile. The Brooklyn Bag unisce una silhouette versatile e tutto lo spazio che serve per i tuoi indispensabili, dal lavoro al weekend.</p>","ayvaofficial.com","Bolsos","Bolsos","Borse, Novità, Selezione Juanjo","TRUE","Colore","Beige","Talla","Taglia unica","the-brooklyn-bag-beige-taglia-unica","48.00","86.00","0","continue","assets/products/the-brooklyn-bag/01-hero.png","1","The Brooklyn Bag","La borsa che segue il tuo ritmo senza rinunciare allo stile. The Brooklyn Bag unisce una silhouette versatile e tutto lo spazio che serve per i tuoi indispensabili, dal lavoro al weekend."
"the-brooklyn-bag","The Brooklyn Bag","<p>La borsa che segue il tuo ritmo senza rinunciare allo stile. The Brooklyn Bag unisce una silhouette versatile e tutto lo spazio che serve per i tuoi indispensabili, dal lavoro al weekend.</p>","ayvaofficial.com","Bolsos","Bolsos","Borse, Novità, Selezione Juanjo","TRUE","Colore","Crema","Talla","Taglia unica","the-brooklyn-bag-crema-taglia-unica","48.00","86.00","0","continue","assets/products/the-brooklyn-bag/01-hero.png","1","The Brooklyn Bag","La borsa che segue il tuo ritmo senza rinunciare allo stile. The Brooklyn Bag unisce una silhouette versatile e tutto lo spazio che serve per i tuoi indispensabili, dal lavoro al weekend."
"ciara-vintage","Ciara Vintage","<p>Una borsa con anima vintage e spazio per la vita di ogni giorno. Ciara Vintage è realizzata in pelle vegana premium, può essere portata a mano o a spalla e accoglie anche un laptop da 13 pollici, con tracolla regolabile e un raffinato charm removibile. Elegante, pratica e pensata per accompagnarti dal lavoro al weekend.</p>","VOVIA","Bolsos","Bolsos","Borse, Novità, Selezione Juanjo","TRUE","Colore","Coffee","","","ciara-vintage-coffee","87.00","130.00","0","continue","assets/products/ciara-vintage/01-hero.png","1","Ciara Vintage","Una borsa con anima vintage e spazio per la vita di ogni giorno. Ciara Vintage è realizzata in pelle vegana premium, può essere portata a mano o a spalla e accoglie anche un laptop da 13 pollici, con tracolla regolabile e un raffinato charm removibile. Elegante, pratica e pensata per accompagnarti dal lavoro al weekend."
"travel-sling-bag-2-0","Travel Sling Bag 2.0","<p>La borsa che segue il tuo ritmo senza rinunciare allo stile. Travel Sling Bag 2.0 unisce una silhouette versatile e tutto lo spazio che serve per i tuoi indispensabili, dal lavoro al weekend.</p>","conceptglobal.co","Bolsos","Bolsos","Borse, Novità, Selezione Juanjo","TRUE","Colore","Nero","Talla","Taglia unica","travel-sling-bag-2-0-nero-taglia-unica","44.90","","0","continue","assets/products/generated-bag-brown.png","1","Travel Sling Bag 2.0","La borsa che segue il tuo ritmo senza rinunciare allo stile. Travel Sling Bag 2.0 unisce una silhouette versatile e tutto lo spazio che serve per i tuoi indispensabili, dal lavoro al weekend."
"travel-sling-bag-2-0","Travel Sling Bag 2.0","<p>La borsa che segue il tuo ritmo senza rinunciare allo stile. Travel Sling Bag 2.0 unisce una silhouette versatile e tutto lo spazio che serve per i tuoi indispensabili, dal lavoro al weekend.</p>","conceptglobal.co","Bolsos","Bolsos","Borse, Novità, Selezione Juanjo","TRUE","Colore","Marrone","Talla","Taglia unica","travel-sling-bag-2-0-marrone-taglia-unica","44.90","","0","continue","assets/products/generated-bag-brown.png","1","Travel Sling Bag 2.0","La borsa che segue il tuo ritmo senza rinunciare allo stile. Travel Sling Bag 2.0 unisce una silhouette versatile e tutto lo spazio che serve per i tuoi indispensabili, dal lavoro al weekend."
"travel-sling-bag-2-0","Travel Sling Bag 2.0","<p>La borsa che segue il tuo ritmo senza rinunciare allo stile. Travel Sling Bag 2.0 unisce una silhouette versatile e tutto lo spazio che serve per i tuoi indispensabili, dal lavoro al weekend.</p>","conceptglobal.co","Bolsos","Bolsos","Borse, Novità, Selezione Juanjo","TRUE","Colore","Beige","Talla","Taglia unica","travel-sling-bag-2-0-beige-taglia-unica","44.90","","0","continue","assets/products/generated-bag-brown.png","1","Travel Sling Bag 2.0","La borsa che segue il tuo ritmo senza rinunciare allo stile. Travel Sling Bag 2.0 unisce una silhouette versatile e tutto lo spazio che serve per i tuoi indispensabili, dal lavoro al weekend."
"travel-sling-bag-2-0","Travel Sling Bag 2.0","<p>La borsa che segue il tuo ritmo senza rinunciare allo stile. Travel Sling Bag 2.0 unisce una silhouette versatile e tutto lo spazio che serve per i tuoi indispensabili, dal lavoro al weekend.</p>","conceptglobal.co","Bolsos","Bolsos","Borse, Novità, Selezione Juanjo","TRUE","Colore","Crema","Talla","Taglia unica","travel-sling-bag-2-0-crema-taglia-unica","44.90","","0","continue","assets/products/generated-bag-brown.png","1","Travel Sling Bag 2.0","La borsa che segue il tuo ritmo senza rinunciare allo stile. Travel Sling Bag 2.0 unisce una silhouette versatile e tutto lo spazio che serve per i tuoi indispensabili, dal lavoro al weekend."
"luxury-leather-hobo-anti-theft-handbag-pouch","Luxury Hobo Anti-Theft Handbag + FREE Pouch Wallet","<p>Una hobo ligera, espaciosa y pensata per sentirti sicura ogni giorno. La Luxury Hobo Anti-Theft Handbag organizza tutto ciò che ti serve con più tasche e un design elegante, mentre il pouch wallet incluso completa il set. Scegli il tuo colore e porta con te stile e praticità.</p>","Libra Cases","Bolsos","Bolsos","Borse, Novità, Selezione Juanjo","TRUE","Colore","Brown","","","luxury-leather-hobo-anti-theft-handbag-pouch-brown","52.50","105.00","0","continue","assets/products/luxury-hobo-anti-theft-handbag-pouch/Brown/01-hero.png","1","Luxury Hobo Anti-Theft Handbag + FREE Pouch Wallet","Una hobo ligera, espaciosa y pensata per sentirti sicura ogni giorno. La Luxury Hobo Anti-Theft Handbag organizza tutto ciò che ti serve con più tasche e un design elegante, mentre il pouch wallet incluso completa il set. Scegli il tuo colore e porta con te stile e praticità."
"luxury-leather-hobo-anti-theft-handbag-pouch","Luxury Hobo Anti-Theft Handbag + FREE Pouch Wallet","<p>Una hobo ligera, espaciosa y pensata per sentirti sicura ogni giorno. La Luxury Hobo Anti-Theft Handbag organizza tutto ciò che ti serve con più tasche e un design elegante, mentre il pouch wallet incluso completa il set. Scegli il tuo colore e porta con te stile e praticità.</p>","Libra Cases","Bolsos","Bolsos","Borse, Novità, Selezione Juanjo","TRUE","Colore","Black","","","luxury-leather-hobo-anti-theft-handbag-pouch-black","52.50","105.00","0","continue","assets/products/luxury-hobo-anti-theft-handbag-pouch/Brown/01-hero.png","1","Luxury Hobo Anti-Theft Handbag + FREE Pouch Wallet","Una hobo ligera, espaciosa y pensata per sentirti sicura ogni giorno. La Luxury Hobo Anti-Theft Handbag organizza tutto ciò che ti serve con più tasche e un design elegante, mentre il pouch wallet incluso completa il set. Scegli il tuo colore e porta con te stile e praticità."
"luxury-leather-hobo-anti-theft-handbag-pouch","Luxury Hobo Anti-Theft Handbag + FREE Pouch Wallet","<p>Una hobo ligera, espaciosa y pensata per sentirti sicura ogni giorno. La Luxury Hobo Anti-Theft Handbag organizza tutto ciò che ti serve con più tasche e un design elegante, mentre il pouch wallet incluso completa il set. Scegli il tuo colore e porta con te stile e praticità.</p>","Libra Cases","Bolsos","Bolsos","Borse, Novità, Selezione Juanjo","TRUE","Colore","Blue","","","luxury-leather-hobo-anti-theft-handbag-pouch-blue","52.50","105.00","0","continue","assets/products/luxury-hobo-anti-theft-handbag-pouch/Brown/01-hero.png","1","Luxury Hobo Anti-Theft Handbag + FREE Pouch Wallet","Una hobo ligera, espaciosa y pensata per sentirti sicura ogni giorno. La Luxury Hobo Anti-Theft Handbag organizza tutto ciò che ti serve con più tasche e un design elegante, mentre il pouch wallet incluso completa il set. Scegli il tuo colore e porta con te stile e praticità."
"luxury-leather-hobo-anti-theft-handbag-pouch","Luxury Hobo Anti-Theft Handbag + FREE Pouch Wallet","<p>Una hobo ligera, espaciosa y pensata per sentirti sicura ogni giorno. La Luxury Hobo Anti-Theft Handbag organizza tutto ciò che ti serve con più tasche e un design elegante, mentre il pouch wallet incluso completa il set. Scegli il tuo colore e porta con te stile e praticità.</p>","Libra Cases","Bolsos","Bolsos","Borse, Novità, Selezione Juanjo","TRUE","Colore","Grey","","","luxury-leather-hobo-anti-theft-handbag-pouch-grey","52.50","105.00","0","continue","assets/products/luxury-hobo-anti-theft-handbag-pouch/Brown/01-hero.png","1","Luxury Hobo Anti-Theft Handbag + FREE Pouch Wallet","Una hobo ligera, espaciosa y pensata per sentirti sicura ogni giorno. La Luxury Hobo Anti-Theft Handbag organizza tutto ciò che ti serve con più tasche e un design elegante, mentre il pouch wallet incluso completa il set. Scegli il tuo colore e porta con te stile e praticità."
"luxury-leather-hobo-anti-theft-handbag-pouch","Luxury Hobo Anti-Theft Handbag + FREE Pouch Wallet","<p>Una hobo ligera, espaciosa y pensata per sentirti sicura ogni giorno. La Luxury Hobo Anti-Theft Handbag organizza tutto ciò che ti serve con più tasche e un design elegante, mentre il pouch wallet incluso completa il set. Scegli il tuo colore e porta con te stile e praticità.</p>","Libra Cases","Bolsos","Bolsos","Borse, Novità, Selezione Juanjo","TRUE","Colore","Burgundy","","","luxury-leather-hobo-anti-theft-handbag-pouch-burgundy","52.50","105.00","0","continue","assets/products/luxury-hobo-anti-theft-handbag-pouch/Brown/01-hero.png","1","Luxury Hobo Anti-Theft Handbag + FREE Pouch Wallet","Una hobo ligera, espaciosa y pensata per sentirti sicura ogni giorno. La Luxury Hobo Anti-Theft Handbag organizza tutto ciò che ti serve con più tasche e un design elegante, mentre il pouch wallet incluso completa il set. Scegli il tuo colore e porta con te stile e praticità."
"luxury-leather-hobo-anti-theft-handbag-pouch","Luxury Hobo Anti-Theft Handbag + FREE Pouch Wallet","<p>Una hobo ligera, espaciosa y pensata per sentirti sicura ogni giorno. La Luxury Hobo Anti-Theft Handbag organizza tutto ciò che ti serve con più tasche e un design elegante, mentre il pouch wallet incluso completa il set. Scegli il tuo colore e porta con te stile e praticità.</p>","Libra Cases","Bolsos","Bolsos","Borse, Novità, Selezione Juanjo","TRUE","Colore","Red","","","luxury-leather-hobo-anti-theft-handbag-pouch-red","52.50","105.00","0","continue","assets/products/luxury-hobo-anti-theft-handbag-pouch/Brown/01-hero.png","1","Luxury Hobo Anti-Theft Handbag + FREE Pouch Wallet","Una hobo ligera, espaciosa y pensata per sentirti sicura ogni giorno. La Luxury Hobo Anti-Theft Handbag organizza tutto ciò che ti serve con più tasche e un design elegante, mentre il pouch wallet incluso completa il set. Scegli il tuo colore e porta con te stile e praticità."
"luxury-leather-hobo-anti-theft-handbag-2-0","Luxury Leather Hobo Anti-Theft Handbag 2.0 + FREE Pouch Wallet (6-Layer Security Edition)","<p>Eleganza quotidiana, protezione intelligente. La Luxury Hobo Anti-Theft Handbag 2.0 combina fodera RFID, cerniere bloccabili, tracolla anti-taglio, tasche nascoste e uno scomparto imbottito per laptop fino a 15 pollici. Una compagna femminile e raffinata per città, lavoro e viaggi.</p>","Libra Cases","Bolsos","Bolsos","Borse, Novità, Selezione Juanjo","TRUE","Colore","Black","","","luxury-leather-hobo-anti-theft-handbag-2-0-black","54.95","109.90","0","continue","assets/products/luxury-leather-hobo-anti-theft-handbag-2-0/Black/01-hero.png","1","Luxury Leather Hobo Anti-Theft Handbag 2.0 + FREE Pouch Wallet (6-Layer Security Edition)","Eleganza quotidiana, protezione intelligente. La Luxury Hobo Anti-Theft Handbag 2.0 combina fodera RFID, cerniere bloccabili, tracolla anti-taglio, tasche nascoste e uno scomparto imbottito per laptop fino a 15 pollici. Una compagna femminile e raffinata per città, lavoro e viaggi."
"luxury-leather-hobo-anti-theft-handbag-2-0","Luxury Leather Hobo Anti-Theft Handbag 2.0 + FREE Pouch Wallet (6-Layer Security Edition)","<p>Eleganza quotidiana, protezione intelligente. La Luxury Hobo Anti-Theft Handbag 2.0 combina fodera RFID, cerniere bloccabili, tracolla anti-taglio, tasche nascoste e uno scomparto imbottito per laptop fino a 15 pollici. Una compagna femminile e raffinata per città, lavoro e viaggi.</p>","Libra Cases","Bolsos","Bolsos","Borse, Novità, Selezione Juanjo","TRUE","Colore","Brown","","","luxury-leather-hobo-anti-theft-handbag-2-0-brown","54.95","109.90","0","continue","assets/products/luxury-leather-hobo-anti-theft-handbag-2-0/Black/01-hero.png","1","Luxury Leather Hobo Anti-Theft Handbag 2.0 + FREE Pouch Wallet (6-Layer Security Edition)","Eleganza quotidiana, protezione intelligente. La Luxury Hobo Anti-Theft Handbag 2.0 combina fodera RFID, cerniere bloccabili, tracolla anti-taglio, tasche nascoste e uno scomparto imbottito per laptop fino a 15 pollici. Una compagna femminile e raffinata per città, lavoro e viaggi."
"luxury-leather-hobo-anti-theft-handbag-2-0","Luxury Leather Hobo Anti-Theft Handbag 2.0 + FREE Pouch Wallet (6-Layer Security Edition)","<p>Eleganza quotidiana, protezione intelligente. La Luxury Hobo Anti-Theft Handbag 2.0 combina fodera RFID, cerniere bloccabili, tracolla anti-taglio, tasche nascoste e uno scomparto imbottito per laptop fino a 15 pollici. Una compagna femminile e raffinata per città, lavoro e viaggi.</p>","Libra Cases","Bolsos","Bolsos","Borse, Novità, Selezione Juanjo","TRUE","Colore","Beige","","","luxury-leather-hobo-anti-theft-handbag-2-0-beige","54.95","109.90","0","continue","assets/products/luxury-leather-hobo-anti-theft-handbag-2-0/Black/01-hero.png","1","Luxury Leather Hobo Anti-Theft Handbag 2.0 + FREE Pouch Wallet (6-Layer Security Edition)","Eleganza quotidiana, protezione intelligente. La Luxury Hobo Anti-Theft Handbag 2.0 combina fodera RFID, cerniere bloccabili, tracolla anti-taglio, tasche nascoste e uno scomparto imbottito per laptop fino a 15 pollici. Una compagna femminile e raffinata per città, lavoro e viaggi."
"overpackbag-mochila-compresion","OverPackBag (mochila compresion)","<p>La borsa che segue il tuo ritmo senza rinunciare allo stile. OverPackBag (mochila compresion) unisce una silhouette versatile e tutto lo spazio che serve per i tuoi indispensabili, dal lavoro al weekend.</p>","overpackbag.com","Bolsos","Bolsos","Borse, Novità, Selezione Juanjo","TRUE","Colore","Nero","Talla","Taglia unica","overpackbag-mochila-compresion-nero-taglia-unica","49.99","99.98","0","continue","assets/products/generated-bag-brown.png","1","OverPackBag (mochila compresion)","La borsa che segue il tuo ritmo senza rinunciare allo stile. OverPackBag (mochila compresion) unisce una silhouette versatile e tutto lo spazio che serve per i tuoi indispensabili, dal lavoro al weekend."
"overpackbag-mochila-compresion","OverPackBag (mochila compresion)","<p>La borsa che segue il tuo ritmo senza rinunciare allo stile. OverPackBag (mochila compresion) unisce una silhouette versatile e tutto lo spazio che serve per i tuoi indispensabili, dal lavoro al weekend.</p>","overpackbag.com","Bolsos","Bolsos","Borse, Novità, Selezione Juanjo","TRUE","Colore","Marrone","Talla","Taglia unica","overpackbag-mochila-compresion-marrone-taglia-unica","49.99","99.98","0","continue","assets/products/generated-bag-brown.png","1","OverPackBag (mochila compresion)","La borsa che segue il tuo ritmo senza rinunciare allo stile. OverPackBag (mochila compresion) unisce una silhouette versatile e tutto lo spazio che serve per i tuoi indispensabili, dal lavoro al weekend."
"overpackbag-mochila-compresion","OverPackBag (mochila compresion)","<p>La borsa che segue il tuo ritmo senza rinunciare allo stile. OverPackBag (mochila compresion) unisce una silhouette versatile e tutto lo spazio che serve per i tuoi indispensabili, dal lavoro al weekend.</p>","overpackbag.com","Bolsos","Bolsos","Borse, Novità, Selezione Juanjo","TRUE","Colore","Beige","Talla","Taglia unica","overpackbag-mochila-compresion-beige-taglia-unica","49.99","99.98","0","continue","assets/products/generated-bag-brown.png","1","OverPackBag (mochila compresion)","La borsa che segue il tuo ritmo senza rinunciare allo stile. OverPackBag (mochila compresion) unisce una silhouette versatile e tutto lo spazio che serve per i tuoi indispensabili, dal lavoro al weekend."
"overpackbag-mochila-compresion","OverPackBag (mochila compresion)","<p>La borsa che segue il tuo ritmo senza rinunciare allo stile. OverPackBag (mochila compresion) unisce una silhouette versatile e tutto lo spazio che serve per i tuoi indispensabili, dal lavoro al weekend.</p>","overpackbag.com","Bolsos","Bolsos","Borse, Novità, Selezione Juanjo","TRUE","Colore","Crema","Talla","Taglia unica","overpackbag-mochila-compresion-crema-taglia-unica","49.99","99.98","0","continue","assets/products/generated-bag-brown.png","1","OverPackBag (mochila compresion)","La borsa che segue il tuo ritmo senza rinunciare allo stile. OverPackBag (mochila compresion) unisce una silhouette versatile e tutto lo spazio che serve per i tuoi indispensabili, dal lavoro al weekend."
"ona-soft-bag","Ona Soft Bag","<p>La borsa che segue il tuo ritmo senza rinunciare allo stile. Ona Soft Bag unisce una silhouette versatile e tutto lo spazio che serve per i tuoi indispensabili, dal lavoro al weekend.</p>","olend.net","Bolsos","Bolsos","Borse, Novità, Selezione Juanjo","TRUE","Colore","Nero","Talla","Taglia unica","ona-soft-bag-nero-taglia-unica","82.00","","0","continue","assets/products/generated-bag-brown.png","1","Ona Soft Bag","La borsa che segue il tuo ritmo senza rinunciare allo stile. Ona Soft Bag unisce una silhouette versatile e tutto lo spazio che serve per i tuoi indispensabili, dal lavoro al weekend."
"ona-soft-bag","Ona Soft Bag","<p>La borsa che segue il tuo ritmo senza rinunciare allo stile. Ona Soft Bag unisce una silhouette versatile e tutto lo spazio che serve per i tuoi indispensabili, dal lavoro al weekend.</p>","olend.net","Bolsos","Bolsos","Borse, Novità, Selezione Juanjo","TRUE","Colore","Marrone","Talla","Taglia unica","ona-soft-bag-marrone-taglia-unica","82.00","","0","continue","assets/products/generated-bag-brown.png","1","Ona Soft Bag","La borsa che segue il tuo ritmo senza rinunciare allo stile. Ona Soft Bag unisce una silhouette versatile e tutto lo spazio che serve per i tuoi indispensabili, dal lavoro al weekend."
"ona-soft-bag","Ona Soft Bag","<p>La borsa che segue il tuo ritmo senza rinunciare allo stile. Ona Soft Bag unisce una silhouette versatile e tutto lo spazio che serve per i tuoi indispensabili, dal lavoro al weekend.</p>","olend.net","Bolsos","Bolsos","Borse, Novità, Selezione Juanjo","TRUE","Colore","Beige","Talla","Taglia unica","ona-soft-bag-beige-taglia-unica","82.00","","0","continue","assets/products/generated-bag-brown.png","1","Ona Soft Bag","La borsa che segue il tuo ritmo senza rinunciare allo stile. Ona Soft Bag unisce una silhouette versatile e tutto lo spazio che serve per i tuoi indispensabili, dal lavoro al weekend."
"ona-soft-bag","Ona Soft Bag","<p>La borsa che segue il tuo ritmo senza rinunciare allo stile. Ona Soft Bag unisce una silhouette versatile e tutto lo spazio che serve per i tuoi indispensabili, dal lavoro al weekend.</p>","olend.net","Bolsos","Bolsos","Borse, Novità, Selezione Juanjo","TRUE","Colore","Crema","Talla","Taglia unica","ona-soft-bag-crema-taglia-unica","82.00","","0","continue","assets/products/generated-bag-brown.png","1","Ona Soft Bag","La borsa che segue il tuo ritmo senza rinunciare allo stile. Ona Soft Bag unisce una silhouette versatile e tutto lo spazio che serve per i tuoi indispensabili, dal lavoro al weekend."
"the-maya-tote","The Maya","<p>La bolsa que hace que llevarlo todo siga viéndose elegante. The Maya está confeccionada en piel vegana premium de tacto suave, incorpora bolsillos bien pensados y espacio para un portátil de 15 pulgadas, libros y tus esenciales diarios. Elige cierre magnético o cremallera y llévala del trabajo al fin de semana.</p>","OOOMAY","Bolsos","Bolsos","Borse, Novità, Selezione Juanjo","TRUE","Colore","Black","Stile","Magnet","the-maya-tote-black-magnet","44.00","89.00","0","continue","assets/products/the-maya-tote/Black/01-hero.png","1","The Maya","La bolsa que hace que llevarlo todo siga viéndose elegante. The Maya está confeccionada en piel vegana premium de tacto suave, incorpora bolsillos bien pensados y espacio para un portátil de 15 pulgadas, libros y tus esenciales diarios. Elige cierre magnético o cremallera y llévala del trabajo al fin de semana."
"the-maya-tote","The Maya","<p>La bolsa que hace que llevarlo todo siga viéndose elegante. The Maya está confeccionada en piel vegana premium de tacto suave, incorpora bolsillos bien pensados y espacio para un portátil de 15 pulgadas, libros y tus esenciales diarios. Elige cierre magnético o cremallera y llévala del trabajo al fin de semana.</p>","OOOMAY","Bolsos","Bolsos","Borse, Novità, Selezione Juanjo","TRUE","Colore","Black","Stile","Zipper","the-maya-tote-black-zipper","44.00","89.00","0","continue","assets/products/the-maya-tote/Black/01-hero.png","1","The Maya","La bolsa que hace que llevarlo todo siga viéndose elegante. The Maya está confeccionada en piel vegana premium de tacto suave, incorpora bolsillos bien pensados y espacio para un portátil de 15 pulgadas, libros y tus esenciales diarios. Elige cierre magnético o cremallera y llévala del trabajo al fin de semana."
"the-maya-tote","The Maya","<p>La bolsa que hace que llevarlo todo siga viéndose elegante. The Maya está confeccionada en piel vegana premium de tacto suave, incorpora bolsillos bien pensados y espacio para un portátil de 15 pulgadas, libros y tus esenciales diarios. Elige cierre magnético o cremallera y llévala del trabajo al fin de semana.</p>","OOOMAY","Bolsos","Bolsos","Borse, Novità, Selezione Juanjo","TRUE","Colore","Chocolate","Stile","Magnet","the-maya-tote-chocolate-magnet","44.00","89.00","0","continue","assets/products/the-maya-tote/Black/01-hero.png","1","The Maya","La bolsa que hace que llevarlo todo siga viéndose elegante. The Maya está confeccionada en piel vegana premium de tacto suave, incorpora bolsillos bien pensados y espacio para un portátil de 15 pulgadas, libros y tus esenciales diarios. Elige cierre magnético o cremallera y llévala del trabajo al fin de semana."
"the-maya-tote","The Maya","<p>La bolsa que hace que llevarlo todo siga viéndose elegante. The Maya está confeccionada en piel vegana premium de tacto suave, incorpora bolsillos bien pensados y espacio para un portátil de 15 pulgadas, libros y tus esenciales diarios. Elige cierre magnético o cremallera y llévala del trabajo al fin de semana.</p>","OOOMAY","Bolsos","Bolsos","Borse, Novità, Selezione Juanjo","TRUE","Colore","Chocolate","Stile","Zipper","the-maya-tote-chocolate-zipper","44.00","89.00","0","continue","assets/products/the-maya-tote/Black/01-hero.png","1","The Maya","La bolsa que hace que llevarlo todo siga viéndose elegante. The Maya está confeccionada en piel vegana premium de tacto suave, incorpora bolsillos bien pensados y espacio para un portátil de 15 pulgadas, libros y tus esenciales diarios. Elige cierre magnético o cremallera y llévala del trabajo al fin de semana."
"the-maya-tote","The Maya","<p>La bolsa que hace que llevarlo todo siga viéndose elegante. The Maya está confeccionada en piel vegana premium de tacto suave, incorpora bolsillos bien pensados y espacio para un portátil de 15 pulgadas, libros y tus esenciales diarios. Elige cierre magnético o cremallera y llévala del trabajo al fin de semana.</p>","OOOMAY","Bolsos","Bolsos","Borse, Novità, Selezione Juanjo","TRUE","Colore","Brown","Stile","Magnet","the-maya-tote-brown-magnet","44.00","89.00","0","continue","assets/products/the-maya-tote/Black/01-hero.png","1","The Maya","La bolsa que hace que llevarlo todo siga viéndose elegante. The Maya está confeccionada en piel vegana premium de tacto suave, incorpora bolsillos bien pensados y espacio para un portátil de 15 pulgadas, libros y tus esenciales diarios. Elige cierre magnético o cremallera y llévala del trabajo al fin de semana."
"the-maya-tote","The Maya","<p>La bolsa que hace que llevarlo todo siga viéndose elegante. The Maya está confeccionada en piel vegana premium de tacto suave, incorpora bolsillos bien pensados y espacio para un portátil de 15 pulgadas, libros y tus esenciales diarios. Elige cierre magnético o cremallera y llévala del trabajo al fin de semana.</p>","OOOMAY","Bolsos","Bolsos","Borse, Novità, Selezione Juanjo","TRUE","Colore","Brown","Stile","Zipper","the-maya-tote-brown-zipper","44.00","89.00","0","continue","assets/products/the-maya-tote/Black/01-hero.png","1","The Maya","La bolsa que hace que llevarlo todo siga viéndose elegante. The Maya está confeccionada en piel vegana premium de tacto suave, incorpora bolsillos bien pensados y espacio para un portátil de 15 pulgadas, libros y tus esenciales diarios. Elige cierre magnético o cremallera y llévala del trabajo al fin de semana."
"the-maya-tote","The Maya","<p>La bolsa que hace que llevarlo todo siga viéndose elegante. The Maya está confeccionada en piel vegana premium de tacto suave, incorpora bolsillos bien pensados y espacio para un portátil de 15 pulgadas, libros y tus esenciales diarios. Elige cierre magnético o cremallera y llévala del trabajo al fin de semana.</p>","OOOMAY","Bolsos","Bolsos","Borse, Novità, Selezione Juanjo","TRUE","Colore","Burgundy","Stile","Magnet","the-maya-tote-burgundy-magnet","44.00","89.00","0","continue","assets/products/the-maya-tote/Black/01-hero.png","1","The Maya","La bolsa que hace que llevarlo todo siga viéndose elegante. The Maya está confeccionada en piel vegana premium de tacto suave, incorpora bolsillos bien pensados y espacio para un portátil de 15 pulgadas, libros y tus esenciales diarios. Elige cierre magnético o cremallera y llévala del trabajo al fin de semana."
"the-maya-tote","The Maya","<p>La bolsa que hace que llevarlo todo siga viéndose elegante. The Maya está confeccionada en piel vegana premium de tacto suave, incorpora bolsillos bien pensados y espacio para un portátil de 15 pulgadas, libros y tus esenciales diarios. Elige cierre magnético o cremallera y llévala del trabajo al fin de semana.</p>","OOOMAY","Bolsos","Bolsos","Borse, Novità, Selezione Juanjo","TRUE","Colore","Burgundy","Stile","Zipper","the-maya-tote-burgundy-zipper","44.00","89.00","0","continue","assets/products/the-maya-tote/Black/01-hero.png","1","The Maya","La bolsa que hace que llevarlo todo siga viéndose elegante. The Maya está confeccionada en piel vegana premium de tacto suave, incorpora bolsillos bien pensados y espacio para un portátil de 15 pulgadas, libros y tus esenciales diarios. Elige cierre magnético o cremallera y llévala del trabajo al fin de semana."
"the-maya-tote","The Maya","<p>La bolsa que hace que llevarlo todo siga viéndose elegante. The Maya está confeccionada en piel vegana premium de tacto suave, incorpora bolsillos bien pensados y espacio para un portátil de 15 pulgadas, libros y tus esenciales diarios. Elige cierre magnético o cremallera y llévala del trabajo al fin de semana.</p>","OOOMAY","Bolsos","Bolsos","Borse, Novità, Selezione Juanjo","TRUE","Colore","Stone","Stile","Magnet","the-maya-tote-stone-magnet","44.00","89.00","0","continue","assets/products/the-maya-tote/Black/01-hero.png","1","The Maya","La bolsa que hace que llevarlo todo siga viéndose elegante. The Maya está confeccionada en piel vegana premium de tacto suave, incorpora bolsillos bien pensados y espacio para un portátil de 15 pulgadas, libros y tus esenciales diarios. Elige cierre magnético o cremallera y llévala del trabajo al fin de semana."
"the-maya-tote","The Maya","<p>La bolsa que hace que llevarlo todo siga viéndose elegante. The Maya está confeccionada en piel vegana premium de tacto suave, incorpora bolsillos bien pensados y espacio para un portátil de 15 pulgadas, libros y tus esenciales diarios. Elige cierre magnético o cremallera y llévala del trabajo al fin de semana.</p>","OOOMAY","Bolsos","Bolsos","Borse, Novità, Selezione Juanjo","TRUE","Colore","Stone","Stile","Zipper","the-maya-tote-stone-zipper","44.00","89.00","0","continue","assets/products/the-maya-tote/Black/01-hero.png","1","The Maya","La bolsa que hace que llevarlo todo siga viéndose elegante. The Maya está confeccionada en piel vegana premium de tacto suave, incorpora bolsillos bien pensados y espacio para un portátil de 15 pulgadas, libros y tus esenciales diarios. Elige cierre magnético o cremallera y llévala del trabajo al fin de semana."
"the-maya-tote","The Maya","<p>La bolsa que hace que llevarlo todo siga viéndose elegante. The Maya está confeccionada en piel vegana premium de tacto suave, incorpora bolsillos bien pensados y espacio para un portátil de 15 pulgadas, libros y tus esenciales diarios. Elige cierre magnético o cremallera y llévala del trabajo al fin de semana.</p>","OOOMAY","Bolsos","Bolsos","Borse, Novità, Selezione Juanjo","TRUE","Colore","Pink","Stile","Magnet","the-maya-tote-pink-magnet","44.00","89.00","0","continue","assets/products/the-maya-tote/Black/01-hero.png","1","The Maya","La bolsa que hace que llevarlo todo siga viéndose elegante. The Maya está confeccionada en piel vegana premium de tacto suave, incorpora bolsillos bien pensados y espacio para un portátil de 15 pulgadas, libros y tus esenciales diarios. Elige cierre magnético o cremallera y llévala del trabajo al fin de semana."
"the-maya-tote","The Maya","<p>La bolsa que hace que llevarlo todo siga viéndose elegante. The Maya está confeccionada en piel vegana premium de tacto suave, incorpora bolsillos bien pensados y espacio para un portátil de 15 pulgadas, libros y tus esenciales diarios. Elige cierre magnético o cremallera y llévala del trabajo al fin de semana.</p>","OOOMAY","Bolsos","Bolsos","Borse, Novità, Selezione Juanjo","TRUE","Colore","Pink","Stile","Zipper","the-maya-tote-pink-zipper","44.00","89.00","0","continue","assets/products/the-maya-tote/Black/01-hero.png","1","The Maya","La bolsa que hace que llevarlo todo siga viéndose elegante. The Maya está confeccionada en piel vegana premium de tacto suave, incorpora bolsillos bien pensados y espacio para un portátil de 15 pulgadas, libros y tus esenciales diarios. Elige cierre magnético o cremallera y llévala del trabajo al fin de semana."
"the-maya-tote","The Maya","<p>La bolsa que hace que llevarlo todo siga viéndose elegante. The Maya está confeccionada en piel vegana premium de tacto suave, incorpora bolsillos bien pensados y espacio para un portátil de 15 pulgadas, libros y tus esenciales diarios. Elige cierre magnético o cremallera y llévala del trabajo al fin de semana.</p>","OOOMAY","Bolsos","Bolsos","Borse, Novità, Selezione Juanjo","TRUE","Colore","Sky","Stile","Magnet","the-maya-tote-sky-magnet","44.00","89.00","0","continue","assets/products/the-maya-tote/Black/01-hero.png","1","The Maya","La bolsa que hace que llevarlo todo siga viéndose elegante. The Maya está confeccionada en piel vegana premium de tacto suave, incorpora bolsillos bien pensados y espacio para un portátil de 15 pulgadas, libros y tus esenciales diarios. Elige cierre magnético o cremallera y llévala del trabajo al fin de semana."
"the-maya-tote","The Maya","<p>La bolsa que hace que llevarlo todo siga viéndose elegante. The Maya está confeccionada en piel vegana premium de tacto suave, incorpora bolsillos bien pensados y espacio para un portátil de 15 pulgadas, libros y tus esenciales diarios. Elige cierre magnético o cremallera y llévala del trabajo al fin de semana.</p>","OOOMAY","Bolsos","Bolsos","Borse, Novità, Selezione Juanjo","TRUE","Colore","Sky","Stile","Zipper","the-maya-tote-sky-zipper","44.00","89.00","0","continue","assets/products/the-maya-tote/Black/01-hero.png","1","The Maya","La bolsa que hace que llevarlo todo siga viéndose elegante. The Maya está confeccionada en piel vegana premium de tacto suave, incorpora bolsillos bien pensados y espacio para un portátil de 15 pulgadas, libros y tus esenciales diarios. Elige cierre magnético o cremallera y llévala del trabajo al fin de semana."
"nova-sling","Nova Sling","<p>La borsa che segue il tuo ritmo senza rinunciare allo stile. Nova Sling unisce una silhouette versatile e tutto lo spazio che serve per i tuoi indispensabili, dal lavoro al weekend.</p>","ayvaofficial.com","Bolsos","Bolsos","Borse, Novità, Selezione Juanjo","TRUE","Colore","Nero","Talla","Taglia unica","nova-sling-nero-taglia-unica","35.00","70.00","0","continue","assets/products/generated-bag-brown.png","1","Nova Sling","La borsa che segue il tuo ritmo senza rinunciare allo stile. Nova Sling unisce una silhouette versatile e tutto lo spazio che serve per i tuoi indispensabili, dal lavoro al weekend."
"nova-sling","Nova Sling","<p>La borsa che segue il tuo ritmo senza rinunciare allo stile. Nova Sling unisce una silhouette versatile e tutto lo spazio che serve per i tuoi indispensabili, dal lavoro al weekend.</p>","ayvaofficial.com","Bolsos","Bolsos","Borse, Novità, Selezione Juanjo","TRUE","Colore","Marrone","Talla","Taglia unica","nova-sling-marrone-taglia-unica","35.00","70.00","0","continue","assets/products/generated-bag-brown.png","1","Nova Sling","La borsa che segue il tuo ritmo senza rinunciare allo stile. Nova Sling unisce una silhouette versatile e tutto lo spazio che serve per i tuoi indispensabili, dal lavoro al weekend."
"nova-sling","Nova Sling","<p>La borsa che segue il tuo ritmo senza rinunciare allo stile. Nova Sling unisce una silhouette versatile e tutto lo spazio che serve per i tuoi indispensabili, dal lavoro al weekend.</p>","ayvaofficial.com","Bolsos","Bolsos","Borse, Novità, Selezione Juanjo","TRUE","Colore","Beige","Talla","Taglia unica","nova-sling-beige-taglia-unica","35.00","70.00","0","continue","assets/products/generated-bag-brown.png","1","Nova Sling","La borsa che segue il tuo ritmo senza rinunciare allo stile. Nova Sling unisce una silhouette versatile e tutto lo spazio che serve per i tuoi indispensabili, dal lavoro al weekend."
"nova-sling","Nova Sling","<p>La borsa che segue il tuo ritmo senza rinunciare allo stile. Nova Sling unisce una silhouette versatile e tutto lo spazio che serve per i tuoi indispensabili, dal lavoro al weekend.</p>","ayvaofficial.com","Bolsos","Bolsos","Borse, Novità, Selezione Juanjo","TRUE","Colore","Crema","Talla","Taglia unica","nova-sling-crema-taglia-unica","35.00","70.00","0","continue","assets/products/generated-bag-brown.png","1","Nova Sling","La borsa che segue il tuo ritmo senza rinunciare allo stile. Nova Sling unisce una silhouette versatile e tutto lo spazio che serve per i tuoi indispensabili, dal lavoro al weekend."
"florvane-leather-handbag","Florvane Leather Handbag","<p>La borsa che segue il tuo ritmo senza rinunciare allo stile. Florvane Leather Handbag unisce una silhouette versatile e tutto lo spazio che serve per i tuoi indispensabili, dal lavoro al weekend.</p>","chiccharm.group","Bolsos","Bolsos","Borse, Novità, Selezione Juanjo","TRUE","Colore","Nero","Talla","Taglia unica","florvane-leather-handbag-nero-taglia-unica","68.00","121.00","0","continue","assets/products/generated-bag-brown.png","1","Florvane Leather Handbag","La borsa che segue il tuo ritmo senza rinunciare allo stile. Florvane Leather Handbag unisce una silhouette versatile e tutto lo spazio che serve per i tuoi indispensabili, dal lavoro al weekend."
"florvane-leather-handbag","Florvane Leather Handbag","<p>La borsa che segue il tuo ritmo senza rinunciare allo stile. Florvane Leather Handbag unisce una silhouette versatile e tutto lo spazio che serve per i tuoi indispensabili, dal lavoro al weekend.</p>","chiccharm.group","Bolsos","Bolsos","Borse, Novità, Selezione Juanjo","TRUE","Colore","Marrone","Talla","Taglia unica","florvane-leather-handbag-marrone-taglia-unica","68.00","121.00","0","continue","assets/products/generated-bag-brown.png","1","Florvane Leather Handbag","La borsa che segue il tuo ritmo senza rinunciare allo stile. Florvane Leather Handbag unisce una silhouette versatile e tutto lo spazio che serve per i tuoi indispensabili, dal lavoro al weekend."
"florvane-leather-handbag","Florvane Leather Handbag","<p>La borsa che segue il tuo ritmo senza rinunciare allo stile. Florvane Leather Handbag unisce una silhouette versatile e tutto lo spazio che serve per i tuoi indispensabili, dal lavoro al weekend.</p>","chiccharm.group","Bolsos","Bolsos","Borse, Novità, Selezione Juanjo","TRUE","Colore","Beige","Talla","Taglia unica","florvane-leather-handbag-beige-taglia-unica","68.00","121.00","0","continue","assets/products/generated-bag-brown.png","1","Florvane Leather Handbag","La borsa che segue il tuo ritmo senza rinunciare allo stile. Florvane Leather Handbag unisce una silhouette versatile e tutto lo spazio che serve per i tuoi indispensabili, dal lavoro al weekend."
"florvane-leather-handbag","Florvane Leather Handbag","<p>La borsa che segue il tuo ritmo senza rinunciare allo stile. Florvane Leather Handbag unisce una silhouette versatile e tutto lo spazio che serve per i tuoi indispensabili, dal lavoro al weekend.</p>","chiccharm.group","Bolsos","Bolsos","Borse, Novità, Selezione Juanjo","TRUE","Colore","Crema","Talla","Taglia unica","florvane-leather-handbag-crema-taglia-unica","68.00","121.00","0","continue","assets/products/generated-bag-brown.png","1","Florvane Leather Handbag","La borsa che segue il tuo ritmo senza rinunciare allo stile. Florvane Leather Handbag unisce una silhouette versatile e tutto lo spazio che serve per i tuoi indispensabili, dal lavoro al weekend."
"wander-anti-theft-travel-bag","WANDER+ Anti-Theft Travel Bag","<p>La borsa che segue il tuo ritmo senza rinunciare allo stile. WANDER+ Anti-Theft Travel Bag unisce una silhouette versatile e tutto lo spazio che serve per i tuoi indispensabili, dal lavoro al weekend.</p>","wander-plus.com","Bolsos","Bolsos","Borse, Novità, Selezione Juanjo","TRUE","Colore","Nero","Talla","Taglia unica","wander-anti-theft-travel-bag-nero-taglia-unica","29.99","","0","continue","assets/products/generated-bag-brown.png","1","WANDER+ Anti-Theft Travel Bag","La borsa che segue il tuo ritmo senza rinunciare allo stile. WANDER+ Anti-Theft Travel Bag unisce una silhouette versatile e tutto lo spazio che serve per i tuoi indispensabili, dal lavoro al weekend."
"wander-anti-theft-travel-bag","WANDER+ Anti-Theft Travel Bag","<p>La borsa che segue il tuo ritmo senza rinunciare allo stile. WANDER+ Anti-Theft Travel Bag unisce una silhouette versatile e tutto lo spazio che serve per i tuoi indispensabili, dal lavoro al weekend.</p>","wander-plus.com","Bolsos","Bolsos","Borse, Novità, Selezione Juanjo","TRUE","Colore","Marrone","Talla","Taglia unica","wander-anti-theft-travel-bag-marrone-taglia-unica","29.99","","0","continue","assets/products/generated-bag-brown.png","1","WANDER+ Anti-Theft Travel Bag","La borsa che segue il tuo ritmo senza rinunciare allo stile. WANDER+ Anti-Theft Travel Bag unisce una silhouette versatile e tutto lo spazio che serve per i tuoi indispensabili, dal lavoro al weekend."
"wander-anti-theft-travel-bag","WANDER+ Anti-Theft Travel Bag","<p>La borsa che segue il tuo ritmo senza rinunciare allo stile. WANDER+ Anti-Theft Travel Bag unisce una silhouette versatile e tutto lo spazio che serve per i tuoi indispensabili, dal lavoro al weekend.</p>","wander-plus.com","Bolsos","Bolsos","Borse, Novità, Selezione Juanjo","TRUE","Colore","Beige","Talla","Taglia unica","wander-anti-theft-travel-bag-beige-taglia-unica","29.99","","0","continue","assets/products/generated-bag-brown.png","1","WANDER+ Anti-Theft Travel Bag","La borsa che segue il tuo ritmo senza rinunciare allo stile. WANDER+ Anti-Theft Travel Bag unisce una silhouette versatile e tutto lo spazio che serve per i tuoi indispensabili, dal lavoro al weekend."
"wander-anti-theft-travel-bag","WANDER+ Anti-Theft Travel Bag","<p>La borsa che segue il tuo ritmo senza rinunciare allo stile. WANDER+ Anti-Theft Travel Bag unisce una silhouette versatile e tutto lo spazio che serve per i tuoi indispensabili, dal lavoro al weekend.</p>","wander-plus.com","Bolsos","Bolsos","Borse, Novità, Selezione Juanjo","TRUE","Colore","Crema","Talla","Taglia unica","wander-anti-theft-travel-bag-crema-taglia-unica","29.99","","0","continue","assets/products/generated-bag-brown.png","1","WANDER+ Anti-Theft Travel Bag","La borsa che segue il tuo ritmo senza rinunciare allo stile. WANDER+ Anti-Theft Travel Bag unisce una silhouette versatile e tutto lo spazio che serve per i tuoi indispensabili, dal lavoro al weekend."
"aryna-bag","Aryna Bag","<p>La borsa che segue il tuo ritmo senza rinunciare allo stile. Aryna Bag unisce una silhouette versatile e tutto lo spazio che serve per i tuoi indispensabili, dal lavoro al weekend.</p>","maisonginza.com","Bolsos","Bolsos","Borse, Novità, Selezione Juanjo","TRUE","Colore","Nero","Talla","Taglia unica","aryna-bag-nero-taglia-unica","0.00","","0","continue","assets/products/generated-bag-brown.png","1","Aryna Bag","La borsa che segue il tuo ritmo senza rinunciare allo stile. Aryna Bag unisce una silhouette versatile e tutto lo spazio che serve per i tuoi indispensabili, dal lavoro al weekend."
"aryna-bag","Aryna Bag","<p>La borsa che segue il tuo ritmo senza rinunciare allo stile. Aryna Bag unisce una silhouette versatile e tutto lo spazio che serve per i tuoi indispensabili, dal lavoro al weekend.</p>","maisonginza.com","Bolsos","Bolsos","Borse, Novità, Selezione Juanjo","TRUE","Colore","Marrone","Talla","Taglia unica","aryna-bag-marrone-taglia-unica","0.00","","0","continue","assets/products/generated-bag-brown.png","1","Aryna Bag","La borsa che segue il tuo ritmo senza rinunciare allo stile. Aryna Bag unisce una silhouette versatile e tutto lo spazio che serve per i tuoi indispensabili, dal lavoro al weekend."
"aryna-bag","Aryna Bag","<p>La borsa che segue il tuo ritmo senza rinunciare allo stile. Aryna Bag unisce una silhouette versatile e tutto lo spazio che serve per i tuoi indispensabili, dal lavoro al weekend.</p>","maisonginza.com","Bolsos","Bolsos","Borse, Novità, Selezione Juanjo","TRUE","Colore","Beige","Talla","Taglia unica","aryna-bag-beige-taglia-unica","0.00","","0","continue","assets/products/generated-bag-brown.png","1","Aryna Bag","La borsa che segue il tuo ritmo senza rinunciare allo stile. Aryna Bag unisce una silhouette versatile e tutto lo spazio che serve per i tuoi indispensabili, dal lavoro al weekend."
"aryna-bag","Aryna Bag","<p>La borsa che segue il tuo ritmo senza rinunciare allo stile. Aryna Bag unisce una silhouette versatile e tutto lo spazio che serve per i tuoi indispensabili, dal lavoro al weekend.</p>","maisonginza.com","Bolsos","Bolsos","Borse, Novità, Selezione Juanjo","TRUE","Colore","Crema","Talla","Taglia unica","aryna-bag-crema-taglia-unica","0.00","","0","continue","assets/products/generated-bag-brown.png","1","Aryna Bag","La borsa che segue il tuo ritmo senza rinunciare allo stile. Aryna Bag unisce una silhouette versatile e tutto lo spazio che serve per i tuoi indispensabili, dal lavoro al weekend."
"dumpling-bag","Dumpling Bag","<p>La borsa che segue il tuo ritmo senza rinunciare allo stile. Dumpling Bag unisce una silhouette versatile e tutto lo spazio che serve per i tuoi indispensabili, dal lavoro al weekend.</p>","olend.net","Bolsos","Bolsos","Borse, Novità, Selezione Juanjo","TRUE","Colore","Nero","Talla","Taglia unica","dumpling-bag-nero-taglia-unica","87.00","","0","continue","assets/products/generated-bag-brown.png","1","Dumpling Bag","La borsa che segue il tuo ritmo senza rinunciare allo stile. Dumpling Bag unisce una silhouette versatile e tutto lo spazio che serve per i tuoi indispensabili, dal lavoro al weekend."
"dumpling-bag","Dumpling Bag","<p>La borsa che segue il tuo ritmo senza rinunciare allo stile. Dumpling Bag unisce una silhouette versatile e tutto lo spazio che serve per i tuoi indispensabili, dal lavoro al weekend.</p>","olend.net","Bolsos","Bolsos","Borse, Novità, Selezione Juanjo","TRUE","Colore","Marrone","Talla","Taglia unica","dumpling-bag-marrone-taglia-unica","87.00","","0","continue","assets/products/generated-bag-brown.png","1","Dumpling Bag","La borsa che segue il tuo ritmo senza rinunciare allo stile. Dumpling Bag unisce una silhouette versatile e tutto lo spazio che serve per i tuoi indispensabili, dal lavoro al weekend."
"dumpling-bag","Dumpling Bag","<p>La borsa che segue il tuo ritmo senza rinunciare allo stile. Dumpling Bag unisce una silhouette versatile e tutto lo spazio che serve per i tuoi indispensabili, dal lavoro al weekend.</p>","olend.net","Bolsos","Bolsos","Borse, Novità, Selezione Juanjo","TRUE","Colore","Beige","Talla","Taglia unica","dumpling-bag-beige-taglia-unica","87.00","","0","continue","assets/products/generated-bag-brown.png","1","Dumpling Bag","La borsa che segue il tuo ritmo senza rinunciare allo stile. Dumpling Bag unisce una silhouette versatile e tutto lo spazio che serve per i tuoi indispensabili, dal lavoro al weekend."
"dumpling-bag","Dumpling Bag","<p>La borsa che segue il tuo ritmo senza rinunciare allo stile. Dumpling Bag unisce una silhouette versatile e tutto lo spazio che serve per i tuoi indispensabili, dal lavoro al weekend.</p>","olend.net","Bolsos","Bolsos","Borse, Novità, Selezione Juanjo","TRUE","Colore","Crema","Talla","Taglia unica","dumpling-bag-crema-taglia-unica","87.00","","0","continue","assets/products/generated-bag-brown.png","1","Dumpling Bag","La borsa che segue il tuo ritmo senza rinunciare allo stile. Dumpling Bag unisce una silhouette versatile e tutto lo spazio che serve per i tuoi indispensabili, dal lavoro al weekend."
"the-blair-tote","The Blair (tote)","<p>La borsa che segue il tuo ritmo senza rinunciare allo stile. The Blair (tote) unisce una silhouette versatile e tutto lo spazio che serve per i tuoi indispensabili, dal lavoro al weekend.</p>","ooomay.com","Bolsos","Bolsos","Borse, Novità, Selezione Juanjo","TRUE","Colore","Nero","Talla","Taglia unica","the-blair-tote-nero-taglia-unica","69.00","119.00","0","continue","assets/products/generated-bag-brown.png","1","The Blair (tote)","La borsa che segue il tuo ritmo senza rinunciare allo stile. The Blair (tote) unisce una silhouette versatile e tutto lo spazio che serve per i tuoi indispensabili, dal lavoro al weekend."
"the-blair-tote","The Blair (tote)","<p>La borsa che segue il tuo ritmo senza rinunciare allo stile. The Blair (tote) unisce una silhouette versatile e tutto lo spazio che serve per i tuoi indispensabili, dal lavoro al weekend.</p>","ooomay.com","Bolsos","Bolsos","Borse, Novità, Selezione Juanjo","TRUE","Colore","Marrone","Talla","Taglia unica","the-blair-tote-marrone-taglia-unica","69.00","119.00","0","continue","assets/products/generated-bag-brown.png","1","The Blair (tote)","La borsa che segue il tuo ritmo senza rinunciare allo stile. The Blair (tote) unisce una silhouette versatile e tutto lo spazio che serve per i tuoi indispensabili, dal lavoro al weekend."
"the-blair-tote","The Blair (tote)","<p>La borsa che segue il tuo ritmo senza rinunciare allo stile. The Blair (tote) unisce una silhouette versatile e tutto lo spazio che serve per i tuoi indispensabili, dal lavoro al weekend.</p>","ooomay.com","Bolsos","Bolsos","Borse, Novità, Selezione Juanjo","TRUE","Colore","Beige","Talla","Taglia unica","the-blair-tote-beige-taglia-unica","69.00","119.00","0","continue","assets/products/generated-bag-brown.png","1","The Blair (tote)","La borsa che segue il tuo ritmo senza rinunciare allo stile. The Blair (tote) unisce una silhouette versatile e tutto lo spazio che serve per i tuoi indispensabili, dal lavoro al weekend."
"the-blair-tote","The Blair (tote)","<p>La borsa che segue il tuo ritmo senza rinunciare allo stile. The Blair (tote) unisce una silhouette versatile e tutto lo spazio che serve per i tuoi indispensabili, dal lavoro al weekend.</p>","ooomay.com","Bolsos","Bolsos","Borse, Novità, Selezione Juanjo","TRUE","Colore","Crema","Talla","Taglia unica","the-blair-tote-crema-taglia-unica","69.00","119.00","0","continue","assets/products/generated-bag-brown.png","1","The Blair (tote)","La borsa che segue il tuo ritmo senza rinunciare allo stile. The Blair (tote) unisce una silhouette versatile e tutto lo spazio che serve per i tuoi indispensabili, dal lavoro al weekend."
"lucia-woven-bag","Lucia Woven Bag","<p>La borsa che segue il tuo ritmo senza rinunciare allo stile. Lucia Woven Bag unisce una silhouette versatile e tutto lo spazio che serve per i tuoi indispensabili, dal lavoro al weekend.</p>","soera-store.com","Bolsos","Bolsos","Borse, Novità, Selezione Juanjo","TRUE","Colore","Nero","Talla","Taglia unica","lucia-woven-bag-nero-taglia-unica","74.00","136.00","0","continue","assets/products/generated-bag-brown.png","1","Lucia Woven Bag","La borsa che segue il tuo ritmo senza rinunciare allo stile. Lucia Woven Bag unisce una silhouette versatile e tutto lo spazio che serve per i tuoi indispensabili, dal lavoro al weekend."
"lucia-woven-bag","Lucia Woven Bag","<p>La borsa che segue il tuo ritmo senza rinunciare allo stile. Lucia Woven Bag unisce una silhouette versatile e tutto lo spazio che serve per i tuoi indispensabili, dal lavoro al weekend.</p>","soera-store.com","Bolsos","Bolsos","Borse, Novità, Selezione Juanjo","TRUE","Colore","Marrone","Talla","Taglia unica","lucia-woven-bag-marrone-taglia-unica","74.00","136.00","0","continue","assets/products/generated-bag-brown.png","1","Lucia Woven Bag","La borsa che segue il tuo ritmo senza rinunciare allo stile. Lucia Woven Bag unisce una silhouette versatile e tutto lo spazio che serve per i tuoi indispensabili, dal lavoro al weekend."
"lucia-woven-bag","Lucia Woven Bag","<p>La borsa che segue il tuo ritmo senza rinunciare allo stile. Lucia Woven Bag unisce una silhouette versatile e tutto lo spazio che serve per i tuoi indispensabili, dal lavoro al weekend.</p>","soera-store.com","Bolsos","Bolsos","Borse, Novità, Selezione Juanjo","TRUE","Colore","Beige","Talla","Taglia unica","lucia-woven-bag-beige-taglia-unica","74.00","136.00","0","continue","assets/products/generated-bag-brown.png","1","Lucia Woven Bag","La borsa che segue il tuo ritmo senza rinunciare allo stile. Lucia Woven Bag unisce una silhouette versatile e tutto lo spazio che serve per i tuoi indispensabili, dal lavoro al weekend."
"lucia-woven-bag","Lucia Woven Bag","<p>La borsa che segue il tuo ritmo senza rinunciare allo stile. Lucia Woven Bag unisce una silhouette versatile e tutto lo spazio che serve per i tuoi indispensabili, dal lavoro al weekend.</p>","soera-store.com","Bolsos","Bolsos","Borse, Novità, Selezione Juanjo","TRUE","Colore","Crema","Talla","Taglia unica","lucia-woven-bag-crema-taglia-unica","74.00","136.00","0","continue","assets/products/generated-bag-brown.png","1","Lucia Woven Bag","La borsa che segue il tuo ritmo senza rinunciare allo stile. Lucia Woven Bag unisce una silhouette versatile e tutto lo spazio che serve per i tuoi indispensabili, dal lavoro al weekend."
"gofree-the-roomiest-bum-bag","GoFree - The Roomiest Bum Bag","<p>La borsa che segue il tuo ritmo senza rinunciare allo stile. GoFree - The Roomiest Bum Bag unisce una silhouette versatile e tutto lo spazio che serve per i tuoi indispensabili, dal lavoro al weekend.</p>","emmafy.com","Bolsos","Bolsos","Borse, Novità, Selezione Juanjo","TRUE","Colore","Nero","Talla","Taglia unica","gofree-the-roomiest-bum-bag-nero-taglia-unica","69.97","","0","continue","assets/products/generated-bag-brown.png","1","GoFree - The Roomiest Bum Bag","La borsa che segue il tuo ritmo senza rinunciare allo stile. GoFree - The Roomiest Bum Bag unisce una silhouette versatile e tutto lo spazio che serve per i tuoi indispensabili, dal lavoro al weekend."
"gofree-the-roomiest-bum-bag","GoFree - The Roomiest Bum Bag","<p>La borsa che segue il tuo ritmo senza rinunciare allo stile. GoFree - The Roomiest Bum Bag unisce una silhouette versatile e tutto lo spazio che serve per i tuoi indispensabili, dal lavoro al weekend.</p>","emmafy.com","Bolsos","Bolsos","Borse, Novità, Selezione Juanjo","TRUE","Colore","Marrone","Talla","Taglia unica","gofree-the-roomiest-bum-bag-marrone-taglia-unica","69.97","","0","continue","assets/products/generated-bag-brown.png","1","GoFree - The Roomiest Bum Bag","La borsa che segue il tuo ritmo senza rinunciare allo stile. GoFree - The Roomiest Bum Bag unisce una silhouette versatile e tutto lo spazio che serve per i tuoi indispensabili, dal lavoro al weekend."
"gofree-the-roomiest-bum-bag","GoFree - The Roomiest Bum Bag","<p>La borsa che segue il tuo ritmo senza rinunciare allo stile. GoFree - The Roomiest Bum Bag unisce una silhouette versatile e tutto lo spazio che serve per i tuoi indispensabili, dal lavoro al weekend.</p>","emmafy.com","Bolsos","Bolsos","Borse, Novità, Selezione Juanjo","TRUE","Colore","Beige","Talla","Taglia unica","gofree-the-roomiest-bum-bag-beige-taglia-unica","69.97","","0","continue","assets/products/generated-bag-brown.png","1","GoFree - The Roomiest Bum Bag","La borsa che segue il tuo ritmo senza rinunciare allo stile. GoFree - The Roomiest Bum Bag unisce una silhouette versatile e tutto lo spazio che serve per i tuoi indispensabili, dal lavoro al weekend."
"gofree-the-roomiest-bum-bag","GoFree - The Roomiest Bum Bag","<p>La borsa che segue il tuo ritmo senza rinunciare allo stile. GoFree - The Roomiest Bum Bag unisce una silhouette versatile e tutto lo spazio che serve per i tuoi indispensabili, dal lavoro al weekend.</p>","emmafy.com","Bolsos","Bolsos","Borse, Novità, Selezione Juanjo","TRUE","Colore","Crema","Talla","Taglia unica","gofree-the-roomiest-bum-bag-crema-taglia-unica","69.97","","0","continue","assets/products/generated-bag-brown.png","1","GoFree - The Roomiest Bum Bag","La borsa che segue il tuo ritmo senza rinunciare allo stile. GoFree - The Roomiest Bum Bag unisce una silhouette versatile e tutto lo spazio che serve per i tuoi indispensabili, dal lavoro al weekend."
"siv-sling-bag","SIV Sling Bag","<p>La borsa che segue il tuo ritmo senza rinunciare allo stile. SIV Sling Bag unisce una silhouette versatile e tutto lo spazio che serve per i tuoi indispensabili, dal lavoro al weekend.</p>","totelabel.com","Bolsos","Bolsos","Borse, Novità, Selezione Juanjo","TRUE","Colore","Nero","Talla","Taglia unica","siv-sling-bag-nero-taglia-unica","51.00","69.00","0","continue","assets/products/generated-bag-brown.png","1","SIV Sling Bag","La borsa che segue il tuo ritmo senza rinunciare allo stile. SIV Sling Bag unisce una silhouette versatile e tutto lo spazio che serve per i tuoi indispensabili, dal lavoro al weekend."
"siv-sling-bag","SIV Sling Bag","<p>La borsa che segue il tuo ritmo senza rinunciare allo stile. SIV Sling Bag unisce una silhouette versatile e tutto lo spazio che serve per i tuoi indispensabili, dal lavoro al weekend.</p>","totelabel.com","Bolsos","Bolsos","Borse, Novità, Selezione Juanjo","TRUE","Colore","Marrone","Talla","Taglia unica","siv-sling-bag-marrone-taglia-unica","51.00","69.00","0","continue","assets/products/generated-bag-brown.png","1","SIV Sling Bag","La borsa che segue il tuo ritmo senza rinunciare allo stile. SIV Sling Bag unisce una silhouette versatile e tutto lo spazio che serve per i tuoi indispensabili, dal lavoro al weekend."
"siv-sling-bag","SIV Sling Bag","<p>La borsa che segue il tuo ritmo senza rinunciare allo stile. SIV Sling Bag unisce una silhouette versatile e tutto lo spazio che serve per i tuoi indispensabili, dal lavoro al weekend.</p>","totelabel.com","Bolsos","Bolsos","Borse, Novità, Selezione Juanjo","TRUE","Colore","Beige","Talla","Taglia unica","siv-sling-bag-beige-taglia-unica","51.00","69.00","0","continue","assets/products/generated-bag-brown.png","1","SIV Sling Bag","La borsa che segue il tuo ritmo senza rinunciare allo stile. SIV Sling Bag unisce una silhouette versatile e tutto lo spazio che serve per i tuoi indispensabili, dal lavoro al weekend."
"siv-sling-bag","SIV Sling Bag","<p>La borsa che segue il tuo ritmo senza rinunciare allo stile. SIV Sling Bag unisce una silhouette versatile e tutto lo spazio che serve per i tuoi indispensabili, dal lavoro al weekend.</p>","totelabel.com","Bolsos","Bolsos","Borse, Novità, Selezione Juanjo","TRUE","Colore","Crema","Talla","Taglia unica","siv-sling-bag-crema-taglia-unica","51.00","69.00","0","continue","assets/products/generated-bag-brown.png","1","SIV Sling Bag","La borsa che segue il tuo ritmo senza rinunciare allo stile. SIV Sling Bag unisce una silhouette versatile e tutto lo spazio che serve per i tuoi indispensabili, dal lavoro al weekend."
"ciara-essential","Ciara Essential","<p>La borsa che segue il tuo ritmo senza rinunciare allo stile. Ciara Essential unisce una silhouette versatile e tutto lo spazio che serve per i tuoi indispensabili, dal lavoro al weekend.</p>","voviabags.com","Bolsos","Bolsos","Borse, Novità, Selezione Juanjo","TRUE","Colore","Nero","Talla","Taglia unica","ciara-essential-nero-taglia-unica","78.00","109.00","0","continue","assets/products/generated-bag-brown.png","1","Ciara Essential","La borsa che segue il tuo ritmo senza rinunciare allo stile. Ciara Essential unisce una silhouette versatile e tutto lo spazio che serve per i tuoi indispensabili, dal lavoro al weekend."
"ciara-essential","Ciara Essential","<p>La borsa che segue il tuo ritmo senza rinunciare allo stile. Ciara Essential unisce una silhouette versatile e tutto lo spazio che serve per i tuoi indispensabili, dal lavoro al weekend.</p>","voviabags.com","Bolsos","Bolsos","Borse, Novità, Selezione Juanjo","TRUE","Colore","Marrone","Talla","Taglia unica","ciara-essential-marrone-taglia-unica","78.00","109.00","0","continue","assets/products/generated-bag-brown.png","1","Ciara Essential","La borsa che segue il tuo ritmo senza rinunciare allo stile. Ciara Essential unisce una silhouette versatile e tutto lo spazio che serve per i tuoi indispensabili, dal lavoro al weekend."
"ciara-essential","Ciara Essential","<p>La borsa che segue il tuo ritmo senza rinunciare allo stile. Ciara Essential unisce una silhouette versatile e tutto lo spazio che serve per i tuoi indispensabili, dal lavoro al weekend.</p>","voviabags.com","Bolsos","Bolsos","Borse, Novità, Selezione Juanjo","TRUE","Colore","Beige","Talla","Taglia unica","ciara-essential-beige-taglia-unica","78.00","109.00","0","continue","assets/products/generated-bag-brown.png","1","Ciara Essential","La borsa che segue il tuo ritmo senza rinunciare allo stile. Ciara Essential unisce una silhouette versatile e tutto lo spazio che serve per i tuoi indispensabili, dal lavoro al weekend."
"ciara-essential","Ciara Essential","<p>La borsa che segue il tuo ritmo senza rinunciare allo stile. Ciara Essential unisce una silhouette versatile e tutto lo spazio che serve per i tuoi indispensabili, dal lavoro al weekend.</p>","voviabags.com","Bolsos","Bolsos","Borse, Novità, Selezione Juanjo","TRUE","Colore","Crema","Talla","Taglia unica","ciara-essential-crema-taglia-unica","78.00","109.00","0","continue","assets/products/generated-bag-brown.png","1","Ciara Essential","La borsa che segue il tuo ritmo senza rinunciare allo stile. Ciara Essential unisce una silhouette versatile e tutto lo spazio che serve per i tuoi indispensabili, dal lavoro al weekend."
"the-marseille","The Marseille","<p>La borsa che segue il tuo ritmo senza rinunciare allo stile. The Marseille unisce una silhouette versatile e tutto lo spazio che serve per i tuoi indispensabili, dal lavoro al weekend.</p>","ayvaofficial.com","Bolsos","Bolsos","Borse, Novità, Selezione Juanjo","TRUE","Colore","Nero","Talla","Taglia unica","the-marseille-nero-taglia-unica","70.00","87.00","0","continue","assets/products/generated-bag-brown.png","1","The Marseille","La borsa che segue il tuo ritmo senza rinunciare allo stile. The Marseille unisce una silhouette versatile e tutto lo spazio che serve per i tuoi indispensabili, dal lavoro al weekend."
"the-marseille","The Marseille","<p>La borsa che segue il tuo ritmo senza rinunciare allo stile. The Marseille unisce una silhouette versatile e tutto lo spazio che serve per i tuoi indispensabili, dal lavoro al weekend.</p>","ayvaofficial.com","Bolsos","Bolsos","Borse, Novità, Selezione Juanjo","TRUE","Colore","Marrone","Talla","Taglia unica","the-marseille-marrone-taglia-unica","70.00","87.00","0","continue","assets/products/generated-bag-brown.png","1","The Marseille","La borsa che segue il tuo ritmo senza rinunciare allo stile. The Marseille unisce una silhouette versatile e tutto lo spazio che serve per i tuoi indispensabili, dal lavoro al weekend."
"the-marseille","The Marseille","<p>La borsa che segue il tuo ritmo senza rinunciare allo stile. The Marseille unisce una silhouette versatile e tutto lo spazio che serve per i tuoi indispensabili, dal lavoro al weekend.</p>","ayvaofficial.com","Bolsos","Bolsos","Borse, Novità, Selezione Juanjo","TRUE","Colore","Beige","Talla","Taglia unica","the-marseille-beige-taglia-unica","70.00","87.00","0","continue","assets/products/generated-bag-brown.png","1","The Marseille","La borsa che segue il tuo ritmo senza rinunciare allo stile. The Marseille unisce una silhouette versatile e tutto lo spazio che serve per i tuoi indispensabili, dal lavoro al weekend."
"the-marseille","The Marseille","<p>La borsa che segue il tuo ritmo senza rinunciare allo stile. The Marseille unisce una silhouette versatile e tutto lo spazio che serve per i tuoi indispensabili, dal lavoro al weekend.</p>","ayvaofficial.com","Bolsos","Bolsos","Borse, Novità, Selezione Juanjo","TRUE","Colore","Crema","Talla","Taglia unica","the-marseille-crema-taglia-unica","70.00","87.00","0","continue","assets/products/generated-bag-brown.png","1","The Marseille","La borsa che segue il tuo ritmo senza rinunciare allo stile. The Marseille unisce una silhouette versatile e tutto lo spazio che serve per i tuoi indispensabili, dal lavoro al weekend."
"vintage-bag","Vintage Bag","<p>La borsa che segue il tuo ritmo senza rinunciare allo stile. Vintage Bag unisce una silhouette versatile e tutto lo spazio che serve per i tuoi indispensabili, dal lavoro al weekend.</p>","libracases.com","Bolsos","Bolsos","Borse, Novità, Selezione Juanjo","TRUE","Colore","Nero","Talla","Taglia unica","vintage-bag-nero-taglia-unica","34.95","69.90","0","continue","assets/products/generated-bag-brown.png","1","Vintage Bag","La borsa che segue il tuo ritmo senza rinunciare allo stile. Vintage Bag unisce una silhouette versatile e tutto lo spazio che serve per i tuoi indispensabili, dal lavoro al weekend."
"vintage-bag","Vintage Bag","<p>La borsa che segue il tuo ritmo senza rinunciare allo stile. Vintage Bag unisce una silhouette versatile e tutto lo spazio che serve per i tuoi indispensabili, dal lavoro al weekend.</p>","libracases.com","Bolsos","Bolsos","Borse, Novità, Selezione Juanjo","TRUE","Colore","Marrone","Talla","Taglia unica","vintage-bag-marrone-taglia-unica","34.95","69.90","0","continue","assets/products/generated-bag-brown.png","1","Vintage Bag","La borsa che segue il tuo ritmo senza rinunciare allo stile. Vintage Bag unisce una silhouette versatile e tutto lo spazio che serve per i tuoi indispensabili, dal lavoro al weekend."
"vintage-bag","Vintage Bag","<p>La borsa che segue il tuo ritmo senza rinunciare allo stile. Vintage Bag unisce una silhouette versatile e tutto lo spazio che serve per i tuoi indispensabili, dal lavoro al weekend.</p>","libracases.com","Bolsos","Bolsos","Borse, Novità, Selezione Juanjo","TRUE","Colore","Beige","Talla","Taglia unica","vintage-bag-beige-taglia-unica","34.95","69.90","0","continue","assets/products/generated-bag-brown.png","1","Vintage Bag","La borsa che segue il tuo ritmo senza rinunciare allo stile. Vintage Bag unisce una silhouette versatile e tutto lo spazio che serve per i tuoi indispensabili, dal lavoro al weekend."
"vintage-bag","Vintage Bag","<p>La borsa che segue il tuo ritmo senza rinunciare allo stile. Vintage Bag unisce una silhouette versatile e tutto lo spazio che serve per i tuoi indispensabili, dal lavoro al weekend.</p>","libracases.com","Bolsos","Bolsos","Borse, Novità, Selezione Juanjo","TRUE","Colore","Crema","Talla","Taglia unica","vintage-bag-crema-taglia-unica","34.95","69.90","0","continue","assets/products/generated-bag-brown.png","1","Vintage Bag","La borsa che segue il tuo ritmo senza rinunciare allo stile. Vintage Bag unisce una silhouette versatile e tutto lo spazio che serve per i tuoi indispensabili, dal lavoro al weekend."
"crossbody-bag-2-0","Crossbody Bag 2.0","<p>La borsa che segue il tuo ritmo senza rinunciare allo stile. Crossbody Bag 2.0 unisce una silhouette versatile e tutto lo spazio che serve per i tuoi indispensabili, dal lavoro al weekend.</p>","conceptglobal.co","Bolsos","Bolsos","Borse, Novità, Selezione Juanjo","TRUE","Colore","Nero","Talla","Taglia unica","crossbody-bag-2-0-nero-taglia-unica","39.90","","0","continue","assets/products/generated-bag-brown.png","1","Crossbody Bag 2.0","La borsa che segue il tuo ritmo senza rinunciare allo stile. Crossbody Bag 2.0 unisce una silhouette versatile e tutto lo spazio che serve per i tuoi indispensabili, dal lavoro al weekend."
"crossbody-bag-2-0","Crossbody Bag 2.0","<p>La borsa che segue il tuo ritmo senza rinunciare allo stile. Crossbody Bag 2.0 unisce una silhouette versatile e tutto lo spazio che serve per i tuoi indispensabili, dal lavoro al weekend.</p>","conceptglobal.co","Bolsos","Bolsos","Borse, Novità, Selezione Juanjo","TRUE","Colore","Marrone","Talla","Taglia unica","crossbody-bag-2-0-marrone-taglia-unica","39.90","","0","continue","assets/products/generated-bag-brown.png","1","Crossbody Bag 2.0","La borsa che segue il tuo ritmo senza rinunciare allo stile. Crossbody Bag 2.0 unisce una silhouette versatile e tutto lo spazio che serve per i tuoi indispensabili, dal lavoro al weekend."
"crossbody-bag-2-0","Crossbody Bag 2.0","<p>La borsa che segue il tuo ritmo senza rinunciare allo stile. Crossbody Bag 2.0 unisce una silhouette versatile e tutto lo spazio che serve per i tuoi indispensabili, dal lavoro al weekend.</p>","conceptglobal.co","Bolsos","Bolsos","Borse, Novità, Selezione Juanjo","TRUE","Colore","Beige","Talla","Taglia unica","crossbody-bag-2-0-beige-taglia-unica","39.90","","0","continue","assets/products/generated-bag-brown.png","1","Crossbody Bag 2.0","La borsa che segue il tuo ritmo senza rinunciare allo stile. Crossbody Bag 2.0 unisce una silhouette versatile e tutto lo spazio che serve per i tuoi indispensabili, dal lavoro al weekend."
"crossbody-bag-2-0","Crossbody Bag 2.0","<p>La borsa che segue il tuo ritmo senza rinunciare allo stile. Crossbody Bag 2.0 unisce una silhouette versatile e tutto lo spazio che serve per i tuoi indispensabili, dal lavoro al weekend.</p>","conceptglobal.co","Bolsos","Bolsos","Borse, Novità, Selezione Juanjo","TRUE","Colore","Crema","Talla","Taglia unica","crossbody-bag-2-0-crema-taglia-unica","39.90","","0","continue","assets/products/generated-bag-brown.png","1","Crossbody Bag 2.0","La borsa che segue il tuo ritmo senza rinunciare allo stile. Crossbody Bag 2.0 unisce una silhouette versatile e tutto lo spazio che serve per i tuoi indispensabili, dal lavoro al weekend."
"the-julie-crossbody","The Julie (crossbody)","<p>La borsa che segue il tuo ritmo senza rinunciare allo stile. The Julie (crossbody) unisce una silhouette versatile e tutto lo spazio che serve per i tuoi indispensabili, dal lavoro al weekend.</p>","ooomay.com","Bolsos","Bolsos","Borse, Novità, Selezione Juanjo","TRUE","Colore","Nero","Talla","Taglia unica","the-julie-crossbody-nero-taglia-unica","49.00","90.00","0","continue","assets/products/generated-bag-brown.png","1","The Julie (crossbody)","La borsa che segue il tuo ritmo senza rinunciare allo stile. The Julie (crossbody) unisce una silhouette versatile e tutto lo spazio che serve per i tuoi indispensabili, dal lavoro al weekend."
"the-julie-crossbody","The Julie (crossbody)","<p>La borsa che segue il tuo ritmo senza rinunciare allo stile. The Julie (crossbody) unisce una silhouette versatile e tutto lo spazio che serve per i tuoi indispensabili, dal lavoro al weekend.</p>","ooomay.com","Bolsos","Bolsos","Borse, Novità, Selezione Juanjo","TRUE","Colore","Marrone","Talla","Taglia unica","the-julie-crossbody-marrone-taglia-unica","49.00","90.00","0","continue","assets/products/generated-bag-brown.png","1","The Julie (crossbody)","La borsa che segue il tuo ritmo senza rinunciare allo stile. The Julie (crossbody) unisce una silhouette versatile e tutto lo spazio che serve per i tuoi indispensabili, dal lavoro al weekend."
"the-julie-crossbody","The Julie (crossbody)","<p>La borsa che segue il tuo ritmo senza rinunciare allo stile. The Julie (crossbody) unisce una silhouette versatile e tutto lo spazio che serve per i tuoi indispensabili, dal lavoro al weekend.</p>","ooomay.com","Bolsos","Bolsos","Borse, Novità, Selezione Juanjo","TRUE","Colore","Beige","Talla","Taglia unica","the-julie-crossbody-beige-taglia-unica","49.00","90.00","0","continue","assets/products/generated-bag-brown.png","1","The Julie (crossbody)","La borsa che segue il tuo ritmo senza rinunciare allo stile. The Julie (crossbody) unisce una silhouette versatile e tutto lo spazio che serve per i tuoi indispensabili, dal lavoro al weekend."
"the-julie-crossbody","The Julie (crossbody)","<p>La borsa che segue il tuo ritmo senza rinunciare allo stile. The Julie (crossbody) unisce una silhouette versatile e tutto lo spazio che serve per i tuoi indispensabili, dal lavoro al weekend.</p>","ooomay.com","Bolsos","Bolsos","Borse, Novità, Selezione Juanjo","TRUE","Colore","Crema","Talla","Taglia unica","the-julie-crossbody-crema-taglia-unica","49.00","90.00","0","continue","assets/products/generated-bag-brown.png","1","The Julie (crossbody)","La borsa che segue il tuo ritmo senza rinunciare allo stile. The Julie (crossbody) unisce una silhouette versatile e tutto lo spazio che serve per i tuoi indispensabili, dal lavoro al weekend."
"gerda-shopper-bag","Gerda Shopper Bag","<p>La borsa che segue il tuo ritmo senza rinunciare allo stile. Gerda Shopper Bag unisce una silhouette versatile e tutto lo spazio che serve per i tuoi indispensabili, dal lavoro al weekend.</p>","soera-store.com","Bolsos","Bolsos","Borse, Novità, Selezione Juanjo","TRUE","Colore","Nero","Talla","Taglia unica","gerda-shopper-bag-nero-taglia-unica","74.00","","0","continue","assets/products/generated-bag-brown.png","1","Gerda Shopper Bag","La borsa che segue il tuo ritmo senza rinunciare allo stile. Gerda Shopper Bag unisce una silhouette versatile e tutto lo spazio che serve per i tuoi indispensabili, dal lavoro al weekend."
"gerda-shopper-bag","Gerda Shopper Bag","<p>La borsa che segue il tuo ritmo senza rinunciare allo stile. Gerda Shopper Bag unisce una silhouette versatile e tutto lo spazio che serve per i tuoi indispensabili, dal lavoro al weekend.</p>","soera-store.com","Bolsos","Bolsos","Borse, Novità, Selezione Juanjo","TRUE","Colore","Marrone","Talla","Taglia unica","gerda-shopper-bag-marrone-taglia-unica","74.00","","0","continue","assets/products/generated-bag-brown.png","1","Gerda Shopper Bag","La borsa che segue il tuo ritmo senza rinunciare allo stile. Gerda Shopper Bag unisce una silhouette versatile e tutto lo spazio che serve per i tuoi indispensabili, dal lavoro al weekend."
"gerda-shopper-bag","Gerda Shopper Bag","<p>La borsa che segue il tuo ritmo senza rinunciare allo stile. Gerda Shopper Bag unisce una silhouette versatile e tutto lo spazio che serve per i tuoi indispensabili, dal lavoro al weekend.</p>","soera-store.com","Bolsos","Bolsos","Borse, Novità, Selezione Juanjo","TRUE","Colore","Beige","Talla","Taglia unica","gerda-shopper-bag-beige-taglia-unica","74.00","","0","continue","assets/products/generated-bag-brown.png","1","Gerda Shopper Bag","La borsa che segue il tuo ritmo senza rinunciare allo stile. Gerda Shopper Bag unisce una silhouette versatile e tutto lo spazio che serve per i tuoi indispensabili, dal lavoro al weekend."
"gerda-shopper-bag","Gerda Shopper Bag","<p>La borsa che segue il tuo ritmo senza rinunciare allo stile. Gerda Shopper Bag unisce una silhouette versatile e tutto lo spazio che serve per i tuoi indispensabili, dal lavoro al weekend.</p>","soera-store.com","Bolsos","Bolsos","Borse, Novità, Selezione Juanjo","TRUE","Colore","Crema","Talla","Taglia unica","gerda-shopper-bag-crema-taglia-unica","74.00","","0","continue","assets/products/generated-bag-brown.png","1","Gerda Shopper Bag","La borsa che segue il tuo ritmo senza rinunciare allo stile. Gerda Shopper Bag unisce una silhouette versatile e tutto lo spazio che serve per i tuoi indispensabili, dal lavoro al weekend."
"miniona-soft-bag","MiniOna Soft Bag","<p>La borsa che segue il tuo ritmo senza rinunciare allo stile. MiniOna Soft Bag unisce una silhouette versatile e tutto lo spazio che serve per i tuoi indispensabili, dal lavoro al weekend.</p>","olend.net","Bolsos","Bolsos","Borse, Novità, Selezione Juanjo","TRUE","Colore","Nero","Talla","Taglia unica","miniona-soft-bag-nero-taglia-unica","77.00","","0","continue","assets/products/generated-bag-brown.png","1","MiniOna Soft Bag","La borsa che segue il tuo ritmo senza rinunciare allo stile. MiniOna Soft Bag unisce una silhouette versatile e tutto lo spazio che serve per i tuoi indispensabili, dal lavoro al weekend."
"miniona-soft-bag","MiniOna Soft Bag","<p>La borsa che segue il tuo ritmo senza rinunciare allo stile. MiniOna Soft Bag unisce una silhouette versatile e tutto lo spazio che serve per i tuoi indispensabili, dal lavoro al weekend.</p>","olend.net","Bolsos","Bolsos","Borse, Novità, Selezione Juanjo","TRUE","Colore","Marrone","Talla","Taglia unica","miniona-soft-bag-marrone-taglia-unica","77.00","","0","continue","assets/products/generated-bag-brown.png","1","MiniOna Soft Bag","La borsa che segue il tuo ritmo senza rinunciare allo stile. MiniOna Soft Bag unisce una silhouette versatile e tutto lo spazio che serve per i tuoi indispensabili, dal lavoro al weekend."
"miniona-soft-bag","MiniOna Soft Bag","<p>La borsa che segue il tuo ritmo senza rinunciare allo stile. MiniOna Soft Bag unisce una silhouette versatile e tutto lo spazio che serve per i tuoi indispensabili, dal lavoro al weekend.</p>","olend.net","Bolsos","Bolsos","Borse, Novità, Selezione Juanjo","TRUE","Colore","Beige","Talla","Taglia unica","miniona-soft-bag-beige-taglia-unica","77.00","","0","continue","assets/products/generated-bag-brown.png","1","MiniOna Soft Bag","La borsa che segue il tuo ritmo senza rinunciare allo stile. MiniOna Soft Bag unisce una silhouette versatile e tutto lo spazio che serve per i tuoi indispensabili, dal lavoro al weekend."
"miniona-soft-bag","MiniOna Soft Bag","<p>La borsa che segue il tuo ritmo senza rinunciare allo stile. MiniOna Soft Bag unisce una silhouette versatile e tutto lo spazio che serve per i tuoi indispensabili, dal lavoro al weekend.</p>","olend.net","Bolsos","Bolsos","Borse, Novità, Selezione Juanjo","TRUE","Colore","Crema","Talla","Taglia unica","miniona-soft-bag-crema-taglia-unica","77.00","","0","continue","assets/products/generated-bag-brown.png","1","MiniOna Soft Bag","La borsa che segue il tuo ritmo senza rinunciare allo stile. MiniOna Soft Bag unisce una silhouette versatile e tutto lo spazio che serve per i tuoi indispensabili, dal lavoro al weekend."
"ciara-suede","Ciara Suede","<p>La borsa che segue il tuo ritmo senza rinunciare allo stile. Ciara Suede unisce una silhouette versatile e tutto lo spazio che serve per i tuoi indispensabili, dal lavoro al weekend.</p>","voviabags.com","Bolsos","Bolsos","Borse, Novità, Selezione Juanjo","TRUE","Colore","Nero","Talla","Taglia unica","ciara-suede-nero-taglia-unica","65.00","86.00","0","continue","assets/products/generated-bag-brown.png","1","Ciara Suede","La borsa che segue il tuo ritmo senza rinunciare allo stile. Ciara Suede unisce una silhouette versatile e tutto lo spazio che serve per i tuoi indispensabili, dal lavoro al weekend."
"ciara-suede","Ciara Suede","<p>La borsa che segue il tuo ritmo senza rinunciare allo stile. Ciara Suede unisce una silhouette versatile e tutto lo spazio che serve per i tuoi indispensabili, dal lavoro al weekend.</p>","voviabags.com","Bolsos","Bolsos","Borse, Novità, Selezione Juanjo","TRUE","Colore","Marrone","Talla","Taglia unica","ciara-suede-marrone-taglia-unica","65.00","86.00","0","continue","assets/products/generated-bag-brown.png","1","Ciara Suede","La borsa che segue il tuo ritmo senza rinunciare allo stile. Ciara Suede unisce una silhouette versatile e tutto lo spazio che serve per i tuoi indispensabili, dal lavoro al weekend."
"ciara-suede","Ciara Suede","<p>La borsa che segue il tuo ritmo senza rinunciare allo stile. Ciara Suede unisce una silhouette versatile e tutto lo spazio che serve per i tuoi indispensabili, dal lavoro al weekend.</p>","voviabags.com","Bolsos","Bolsos","Borse, Novità, Selezione Juanjo","TRUE","Colore","Beige","Talla","Taglia unica","ciara-suede-beige-taglia-unica","65.00","86.00","0","continue","assets/products/generated-bag-brown.png","1","Ciara Suede","La borsa che segue il tuo ritmo senza rinunciare allo stile. Ciara Suede unisce una silhouette versatile e tutto lo spazio che serve per i tuoi indispensabili, dal lavoro al weekend."
"ciara-suede","Ciara Suede","<p>La borsa che segue il tuo ritmo senza rinunciare allo stile. Ciara Suede unisce una silhouette versatile e tutto lo spazio che serve per i tuoi indispensabili, dal lavoro al weekend.</p>","voviabags.com","Bolsos","Bolsos","Borse, Novità, Selezione Juanjo","TRUE","Colore","Crema","Talla","Taglia unica","ciara-suede-crema-taglia-unica","65.00","86.00","0","continue","assets/products/generated-bag-brown.png","1","Ciara Suede","La borsa che segue il tuo ritmo senza rinunciare allo stile. Ciara Suede unisce una silhouette versatile e tutto lo spazio che serve per i tuoi indispensabili, dal lavoro al weekend."
"woven-oversized","Woven Oversized","<p>La borsa che segue il tuo ritmo senza rinunciare allo stile. Woven Oversized unisce una silhouette versatile e tutto lo spazio che serve per i tuoi indispensabili, dal lavoro al weekend.</p>","voviabags.com","Bolsos","Bolsos","Borse, Novità, Selezione Juanjo","TRUE","Colore","Nero","Talla","Taglia unica","woven-oversized-nero-taglia-unica","60.00","82.00","0","continue","assets/products/generated-bag-brown.png","1","Woven Oversized","La borsa che segue il tuo ritmo senza rinunciare allo stile. Woven Oversized unisce una silhouette versatile e tutto lo spazio che serve per i tuoi indispensabili, dal lavoro al weekend."
"woven-oversized","Woven Oversized","<p>La borsa che segue il tuo ritmo senza rinunciare allo stile. Woven Oversized unisce una silhouette versatile e tutto lo spazio che serve per i tuoi indispensabili, dal lavoro al weekend.</p>","voviabags.com","Bolsos","Bolsos","Borse, Novità, Selezione Juanjo","TRUE","Colore","Marrone","Talla","Taglia unica","woven-oversized-marrone-taglia-unica","60.00","82.00","0","continue","assets/products/generated-bag-brown.png","1","Woven Oversized","La borsa che segue il tuo ritmo senza rinunciare allo stile. Woven Oversized unisce una silhouette versatile e tutto lo spazio che serve per i tuoi indispensabili, dal lavoro al weekend."
"woven-oversized","Woven Oversized","<p>La borsa che segue il tuo ritmo senza rinunciare allo stile. Woven Oversized unisce una silhouette versatile e tutto lo spazio che serve per i tuoi indispensabili, dal lavoro al weekend.</p>","voviabags.com","Bolsos","Bolsos","Borse, Novità, Selezione Juanjo","TRUE","Colore","Beige","Talla","Taglia unica","woven-oversized-beige-taglia-unica","60.00","82.00","0","continue","assets/products/generated-bag-brown.png","1","Woven Oversized","La borsa che segue il tuo ritmo senza rinunciare allo stile. Woven Oversized unisce una silhouette versatile e tutto lo spazio che serve per i tuoi indispensabili, dal lavoro al weekend."
"woven-oversized","Woven Oversized","<p>La borsa che segue il tuo ritmo senza rinunciare allo stile. Woven Oversized unisce una silhouette versatile e tutto lo spazio che serve per i tuoi indispensabili, dal lavoro al weekend.</p>","voviabags.com","Bolsos","Bolsos","Borse, Novità, Selezione Juanjo","TRUE","Colore","Crema","Talla","Taglia unica","woven-oversized-crema-taglia-unica","60.00","82.00","0","continue","assets/products/generated-bag-brown.png","1","Woven Oversized","La borsa che segue il tuo ritmo senza rinunciare allo stile. Woven Oversized unisce una silhouette versatile e tutto lo spazio che serve per i tuoi indispensabili, dal lavoro al weekend."
"ciara-vintage-limited-edition","Ciara Vintage - Limited Edition","<p>La borsa che segue il tuo ritmo senza rinunciare allo stile. Ciara Vintage - Limited Edition unisce una silhouette versatile e tutto lo spazio che serve per i tuoi indispensabili, dal lavoro al weekend.</p>","voviabags.com","Bolsos","Bolsos","Borse, Novità, Selezione Juanjo","TRUE","Colore","Nero","Talla","Taglia unica","ciara-vintage-limited-edition-nero-taglia-unica","76.00","109.00","0","continue","assets/products/generated-bag-brown.png","1","Ciara Vintage - Limited Edition","La borsa che segue il tuo ritmo senza rinunciare allo stile. Ciara Vintage - Limited Edition unisce una silhouette versatile e tutto lo spazio che serve per i tuoi indispensabili, dal lavoro al weekend."
"ciara-vintage-limited-edition","Ciara Vintage - Limited Edition","<p>La borsa che segue il tuo ritmo senza rinunciare allo stile. Ciara Vintage - Limited Edition unisce una silhouette versatile e tutto lo spazio che serve per i tuoi indispensabili, dal lavoro al weekend.</p>","voviabags.com","Bolsos","Bolsos","Borse, Novità, Selezione Juanjo","TRUE","Colore","Marrone","Talla","Taglia unica","ciara-vintage-limited-edition-marrone-taglia-unica","76.00","109.00","0","continue","assets/products/generated-bag-brown.png","1","Ciara Vintage - Limited Edition","La borsa che segue il tuo ritmo senza rinunciare allo stile. Ciara Vintage - Limited Edition unisce una silhouette versatile e tutto lo spazio che serve per i tuoi indispensabili, dal lavoro al weekend."
"ciara-vintage-limited-edition","Ciara Vintage - Limited Edition","<p>La borsa che segue il tuo ritmo senza rinunciare allo stile. Ciara Vintage - Limited Edition unisce una silhouette versatile e tutto lo spazio che serve per i tuoi indispensabili, dal lavoro al weekend.</p>","voviabags.com","Bolsos","Bolsos","Borse, Novità, Selezione Juanjo","TRUE","Colore","Beige","Talla","Taglia unica","ciara-vintage-limited-edition-beige-taglia-unica","76.00","109.00","0","continue","assets/products/generated-bag-brown.png","1","Ciara Vintage - Limited Edition","La borsa che segue il tuo ritmo senza rinunciare allo stile. Ciara Vintage - Limited Edition unisce una silhouette versatile e tutto lo spazio che serve per i tuoi indispensabili, dal lavoro al weekend."
"ciara-vintage-limited-edition","Ciara Vintage - Limited Edition","<p>La borsa che segue il tuo ritmo senza rinunciare allo stile. Ciara Vintage - Limited Edition unisce una silhouette versatile e tutto lo spazio che serve per i tuoi indispensabili, dal lavoro al weekend.</p>","voviabags.com","Bolsos","Bolsos","Borse, Novità, Selezione Juanjo","TRUE","Colore","Crema","Talla","Taglia unica","ciara-vintage-limited-edition-crema-taglia-unica","76.00","109.00","0","continue","assets/products/generated-bag-brown.png","1","Ciara Vintage - Limited Edition","La borsa che segue il tuo ritmo senza rinunciare allo stile. Ciara Vintage - Limited Edition unisce una silhouette versatile e tutto lo spazio che serve per i tuoi indispensabili, dal lavoro al weekend."
"ciara-genuine-leather","Ciara Genuine Leather","<p>La borsa che segue il tuo ritmo senza rinunciare allo stile. Ciara Genuine Leather unisce una silhouette versatile e tutto lo spazio che serve per i tuoi indispensabili, dal lavoro al weekend.</p>","voviabags.com","Bolsos","Bolsos","Borse, Novità, Selezione Juanjo","TRUE","Colore","Nero","Talla","Taglia unica","ciara-genuine-leather-nero-taglia-unica","82.00","121.00","0","continue","assets/products/generated-bag-brown.png","1","Ciara Genuine Leather","La borsa che segue il tuo ritmo senza rinunciare allo stile. Ciara Genuine Leather unisce una silhouette versatile e tutto lo spazio che serve per i tuoi indispensabili, dal lavoro al weekend."
"ciara-genuine-leather","Ciara Genuine Leather","<p>La borsa che segue il tuo ritmo senza rinunciare allo stile. Ciara Genuine Leather unisce una silhouette versatile e tutto lo spazio che serve per i tuoi indispensabili, dal lavoro al weekend.</p>","voviabags.com","Bolsos","Bolsos","Borse, Novità, Selezione Juanjo","TRUE","Colore","Marrone","Talla","Taglia unica","ciara-genuine-leather-marrone-taglia-unica","82.00","121.00","0","continue","assets/products/generated-bag-brown.png","1","Ciara Genuine Leather","La borsa che segue il tuo ritmo senza rinunciare allo stile. Ciara Genuine Leather unisce una silhouette versatile e tutto lo spazio che serve per i tuoi indispensabili, dal lavoro al weekend."
"ciara-genuine-leather","Ciara Genuine Leather","<p>La borsa che segue il tuo ritmo senza rinunciare allo stile. Ciara Genuine Leather unisce una silhouette versatile e tutto lo spazio che serve per i tuoi indispensabili, dal lavoro al weekend.</p>","voviabags.com","Bolsos","Bolsos","Borse, Novità, Selezione Juanjo","TRUE","Colore","Beige","Talla","Taglia unica","ciara-genuine-leather-beige-taglia-unica","82.00","121.00","0","continue","assets/products/generated-bag-brown.png","1","Ciara Genuine Leather","La borsa che segue il tuo ritmo senza rinunciare allo stile. Ciara Genuine Leather unisce una silhouette versatile e tutto lo spazio che serve per i tuoi indispensabili, dal lavoro al weekend."
"ciara-genuine-leather","Ciara Genuine Leather","<p>La borsa che segue il tuo ritmo senza rinunciare allo stile. Ciara Genuine Leather unisce una silhouette versatile e tutto lo spazio che serve per i tuoi indispensabili, dal lavoro al weekend.</p>","voviabags.com","Bolsos","Bolsos","Borse, Novità, Selezione Juanjo","TRUE","Colore","Crema","Talla","Taglia unica","ciara-genuine-leather-crema-taglia-unica","82.00","121.00","0","continue","assets/products/generated-bag-brown.png","1","Ciara Genuine Leather","La borsa che segue il tuo ritmo senza rinunciare allo stile. Ciara Genuine Leather unisce una silhouette versatile e tutto lo spazio che serve per i tuoi indispensabili, dal lavoro al weekend."
"ciara-mini","Ciara Mini","<p>La borsa che segue il tuo ritmo senza rinunciare allo stile. Ciara Mini unisce una silhouette versatile e tutto lo spazio che serve per i tuoi indispensabili, dal lavoro al weekend.</p>","voviabags.com","Bolsos","Bolsos","Borse, Novità, Selezione Juanjo","TRUE","Colore","Nero","Talla","Taglia unica","ciara-mini-nero-taglia-unica","60.00","","0","continue","assets/products/generated-bag-brown.png","1","Ciara Mini","La borsa che segue il tuo ritmo senza rinunciare allo stile. Ciara Mini unisce una silhouette versatile e tutto lo spazio che serve per i tuoi indispensabili, dal lavoro al weekend."
"ciara-mini","Ciara Mini","<p>La borsa che segue il tuo ritmo senza rinunciare allo stile. Ciara Mini unisce una silhouette versatile e tutto lo spazio che serve per i tuoi indispensabili, dal lavoro al weekend.</p>","voviabags.com","Bolsos","Bolsos","Borse, Novità, Selezione Juanjo","TRUE","Colore","Marrone","Talla","Taglia unica","ciara-mini-marrone-taglia-unica","60.00","","0","continue","assets/products/generated-bag-brown.png","1","Ciara Mini","La borsa che segue il tuo ritmo senza rinunciare allo stile. Ciara Mini unisce una silhouette versatile e tutto lo spazio che serve per i tuoi indispensabili, dal lavoro al weekend."
"ciara-mini","Ciara Mini","<p>La borsa che segue il tuo ritmo senza rinunciare allo stile. Ciara Mini unisce una silhouette versatile e tutto lo spazio che serve per i tuoi indispensabili, dal lavoro al weekend.</p>","voviabags.com","Bolsos","Bolsos","Borse, Novità, Selezione Juanjo","TRUE","Colore","Beige","Talla","Taglia unica","ciara-mini-beige-taglia-unica","60.00","","0","continue","assets/products/generated-bag-brown.png","1","Ciara Mini","La borsa che segue il tuo ritmo senza rinunciare allo stile. Ciara Mini unisce una silhouette versatile e tutto lo spazio che serve per i tuoi indispensabili, dal lavoro al weekend."
"ciara-mini","Ciara Mini","<p>La borsa che segue il tuo ritmo senza rinunciare allo stile. Ciara Mini unisce una silhouette versatile e tutto lo spazio che serve per i tuoi indispensabili, dal lavoro al weekend.</p>","voviabags.com","Bolsos","Bolsos","Borse, Novità, Selezione Juanjo","TRUE","Colore","Crema","Talla","Taglia unica","ciara-mini-crema-taglia-unica","60.00","","0","continue","assets/products/generated-bag-brown.png","1","Ciara Mini","La borsa che segue il tuo ritmo senza rinunciare allo stile. Ciara Mini unisce una silhouette versatile e tutto lo spazio che serve per i tuoi indispensabili, dal lavoro al weekend."
"ciara-nova","Ciara Nova","<p>La borsa che segue il tuo ritmo senza rinunciare allo stile. Ciara Nova unisce una silhouette versatile e tutto lo spazio che serve per i tuoi indispensabili, dal lavoro al weekend.</p>","voviabags.com","Bolsos","Bolsos","Borse, Novità, Selezione Juanjo","TRUE","Colore","Nero","Talla","Taglia unica","ciara-nova-nero-taglia-unica","51.00","","0","continue","assets/products/generated-bag-brown.png","1","Ciara Nova","La borsa che segue il tuo ritmo senza rinunciare allo stile. Ciara Nova unisce una silhouette versatile e tutto lo spazio che serve per i tuoi indispensabili, dal lavoro al weekend."
"ciara-nova","Ciara Nova","<p>La borsa che segue il tuo ritmo senza rinunciare allo stile. Ciara Nova unisce una silhouette versatile e tutto lo spazio che serve per i tuoi indispensabili, dal lavoro al weekend.</p>","voviabags.com","Bolsos","Bolsos","Borse, Novità, Selezione Juanjo","TRUE","Colore","Marrone","Talla","Taglia unica","ciara-nova-marrone-taglia-unica","51.00","","0","continue","assets/products/generated-bag-brown.png","1","Ciara Nova","La borsa che segue il tuo ritmo senza rinunciare allo stile. Ciara Nova unisce una silhouette versatile e tutto lo spazio che serve per i tuoi indispensabili, dal lavoro al weekend."
"ciara-nova","Ciara Nova","<p>La borsa che segue il tuo ritmo senza rinunciare allo stile. Ciara Nova unisce una silhouette versatile e tutto lo spazio che serve per i tuoi indispensabili, dal lavoro al weekend.</p>","voviabags.com","Bolsos","Bolsos","Borse, Novità, Selezione Juanjo","TRUE","Colore","Beige","Talla","Taglia unica","ciara-nova-beige-taglia-unica","51.00","","0","continue","assets/products/generated-bag-brown.png","1","Ciara Nova","La borsa che segue il tuo ritmo senza rinunciare allo stile. Ciara Nova unisce una silhouette versatile e tutto lo spazio che serve per i tuoi indispensabili, dal lavoro al weekend."
"ciara-nova","Ciara Nova","<p>La borsa che segue il tuo ritmo senza rinunciare allo stile. Ciara Nova unisce una silhouette versatile e tutto lo spazio che serve per i tuoi indispensabili, dal lavoro al weekend.</p>","voviabags.com","Bolsos","Bolsos","Borse, Novità, Selezione Juanjo","TRUE","Colore","Crema","Talla","Taglia unica","ciara-nova-crema-taglia-unica","51.00","","0","continue","assets/products/generated-bag-brown.png","1","Ciara Nova","La borsa che segue il tuo ritmo senza rinunciare allo stile. Ciara Nova unisce una silhouette versatile e tutto lo spazio che serve per i tuoi indispensabili, dal lavoro al weekend."
"vintage-tote","Vintage Tote","<p>La borsa che segue il tuo ritmo senza rinunciare allo stile. Vintage Tote unisce una silhouette versatile e tutto lo spazio che serve per i tuoi indispensabili, dal lavoro al weekend.</p>","voviabags.com","Bolsos","Bolsos","Borse, Novità, Selezione Juanjo","TRUE","Colore","Nero","Talla","Taglia unica","vintage-tote-nero-taglia-unica","42.00","60.00","0","continue","assets/products/generated-bag-brown.png","1","Vintage Tote","La borsa che segue il tuo ritmo senza rinunciare allo stile. Vintage Tote unisce una silhouette versatile e tutto lo spazio che serve per i tuoi indispensabili, dal lavoro al weekend."
"vintage-tote","Vintage Tote","<p>La borsa che segue il tuo ritmo senza rinunciare allo stile. Vintage Tote unisce una silhouette versatile e tutto lo spazio che serve per i tuoi indispensabili, dal lavoro al weekend.</p>","voviabags.com","Bolsos","Bolsos","Borse, Novità, Selezione Juanjo","TRUE","Colore","Marrone","Talla","Taglia unica","vintage-tote-marrone-taglia-unica","42.00","60.00","0","continue","assets/products/generated-bag-brown.png","1","Vintage Tote","La borsa che segue il tuo ritmo senza rinunciare allo stile. Vintage Tote unisce una silhouette versatile e tutto lo spazio che serve per i tuoi indispensabili, dal lavoro al weekend."
"vintage-tote","Vintage Tote","<p>La borsa che segue il tuo ritmo senza rinunciare allo stile. Vintage Tote unisce una silhouette versatile e tutto lo spazio che serve per i tuoi indispensabili, dal lavoro al weekend.</p>","voviabags.com","Bolsos","Bolsos","Borse, Novità, Selezione Juanjo","TRUE","Colore","Beige","Talla","Taglia unica","vintage-tote-beige-taglia-unica","42.00","60.00","0","continue","assets/products/generated-bag-brown.png","1","Vintage Tote","La borsa che segue il tuo ritmo senza rinunciare allo stile. Vintage Tote unisce una silhouette versatile e tutto lo spazio che serve per i tuoi indispensabili, dal lavoro al weekend."
"vintage-tote","Vintage Tote","<p>La borsa che segue il tuo ritmo senza rinunciare allo stile. Vintage Tote unisce una silhouette versatile e tutto lo spazio che serve per i tuoi indispensabili, dal lavoro al weekend.</p>","voviabags.com","Bolsos","Bolsos","Borse, Novità, Selezione Juanjo","TRUE","Colore","Crema","Talla","Taglia unica","vintage-tote-crema-taglia-unica","42.00","60.00","0","continue","assets/products/generated-bag-brown.png","1","Vintage Tote","La borsa che segue il tuo ritmo senza rinunciare allo stile. Vintage Tote unisce una silhouette versatile e tutto lo spazio che serve per i tuoi indispensabili, dal lavoro al weekend."
"hailey-woven","Hailey Woven","<p>La borsa che segue il tuo ritmo senza rinunciare allo stile. Hailey Woven unisce una silhouette versatile e tutto lo spazio che serve per i tuoi indispensabili, dal lavoro al weekend.</p>","voviabags.com","Bolsos","Bolsos","Borse, Novità, Selezione Juanjo","TRUE","Colore","Nero","Talla","Taglia unica","hailey-woven-nero-taglia-unica","65.00","86.00","0","continue","assets/products/generated-bag-brown.png","1","Hailey Woven","La borsa che segue il tuo ritmo senza rinunciare allo stile. Hailey Woven unisce una silhouette versatile e tutto lo spazio che serve per i tuoi indispensabili, dal lavoro al weekend."
"hailey-woven","Hailey Woven","<p>La borsa che segue il tuo ritmo senza rinunciare allo stile. Hailey Woven unisce una silhouette versatile e tutto lo spazio che serve per i tuoi indispensabili, dal lavoro al weekend.</p>","voviabags.com","Bolsos","Bolsos","Borse, Novità, Selezione Juanjo","TRUE","Colore","Marrone","Talla","Taglia unica","hailey-woven-marrone-taglia-unica","65.00","86.00","0","continue","assets/products/generated-bag-brown.png","1","Hailey Woven","La borsa che segue il tuo ritmo senza rinunciare allo stile. Hailey Woven unisce una silhouette versatile e tutto lo spazio che serve per i tuoi indispensabili, dal lavoro al weekend."
"hailey-woven","Hailey Woven","<p>La borsa che segue il tuo ritmo senza rinunciare allo stile. Hailey Woven unisce una silhouette versatile e tutto lo spazio che serve per i tuoi indispensabili, dal lavoro al weekend.</p>","voviabags.com","Bolsos","Bolsos","Borse, Novità, Selezione Juanjo","TRUE","Colore","Beige","Talla","Taglia unica","hailey-woven-beige-taglia-unica","65.00","86.00","0","continue","assets/products/generated-bag-brown.png","1","Hailey Woven","La borsa che segue il tuo ritmo senza rinunciare allo stile. Hailey Woven unisce una silhouette versatile e tutto lo spazio che serve per i tuoi indispensabili, dal lavoro al weekend."
"hailey-woven","Hailey Woven","<p>La borsa che segue il tuo ritmo senza rinunciare allo stile. Hailey Woven unisce una silhouette versatile e tutto lo spazio che serve per i tuoi indispensabili, dal lavoro al weekend.</p>","voviabags.com","Bolsos","Bolsos","Borse, Novità, Selezione Juanjo","TRUE","Colore","Crema","Talla","Taglia unica","hailey-woven-crema-taglia-unica","65.00","86.00","0","continue","assets/products/generated-bag-brown.png","1","Hailey Woven","La borsa che segue il tuo ritmo senza rinunciare allo stile. Hailey Woven unisce una silhouette versatile e tutto lo spazio che serve per i tuoi indispensabili, dal lavoro al weekend."
"lara-suede","Lara Suede","<p>La borsa che segue il tuo ritmo senza rinunciare allo stile. Lara Suede unisce una silhouette versatile e tutto lo spazio che serve per i tuoi indispensabili, dal lavoro al weekend.</p>","voviabags.com","Bolsos","Bolsos","Borse, Novità, Selezione Juanjo","TRUE","Colore","Nero","Talla","Taglia unica","lara-suede-nero-taglia-unica","69.00","100.00","0","continue","assets/products/generated-bag-brown.png","1","Lara Suede","La borsa che segue il tuo ritmo senza rinunciare allo stile. Lara Suede unisce una silhouette versatile e tutto lo spazio che serve per i tuoi indispensabili, dal lavoro al weekend."
"lara-suede","Lara Suede","<p>La borsa che segue il tuo ritmo senza rinunciare allo stile. Lara Suede unisce una silhouette versatile e tutto lo spazio che serve per i tuoi indispensabili, dal lavoro al weekend.</p>","voviabags.com","Bolsos","Bolsos","Borse, Novità, Selezione Juanjo","TRUE","Colore","Marrone","Talla","Taglia unica","lara-suede-marrone-taglia-unica","69.00","100.00","0","continue","assets/products/generated-bag-brown.png","1","Lara Suede","La borsa che segue il tuo ritmo senza rinunciare allo stile. Lara Suede unisce una silhouette versatile e tutto lo spazio che serve per i tuoi indispensabili, dal lavoro al weekend."
"lara-suede","Lara Suede","<p>La borsa che segue il tuo ritmo senza rinunciare allo stile. Lara Suede unisce una silhouette versatile e tutto lo spazio che serve per i tuoi indispensabili, dal lavoro al weekend.</p>","voviabags.com","Bolsos","Bolsos","Borse, Novità, Selezione Juanjo","TRUE","Colore","Beige","Talla","Taglia unica","lara-suede-beige-taglia-unica","69.00","100.00","0","continue","assets/products/generated-bag-brown.png","1","Lara Suede","La borsa che segue il tuo ritmo senza rinunciare allo stile. Lara Suede unisce una silhouette versatile e tutto lo spazio che serve per i tuoi indispensabili, dal lavoro al weekend."
"lara-suede","Lara Suede","<p>La borsa che segue il tuo ritmo senza rinunciare allo stile. Lara Suede unisce una silhouette versatile e tutto lo spazio che serve per i tuoi indispensabili, dal lavoro al weekend.</p>","voviabags.com","Bolsos","Bolsos","Borse, Novità, Selezione Juanjo","TRUE","Colore","Crema","Talla","Taglia unica","lara-suede-crema-taglia-unica","69.00","100.00","0","continue","assets/products/generated-bag-brown.png","1","Lara Suede","La borsa che segue il tuo ritmo senza rinunciare allo stile. Lara Suede unisce una silhouette versatile e tutto lo spazio che serve per i tuoi indispensabili, dal lavoro al weekend."
"rhea-oversized","Rhea Oversized","<p>La borsa che segue il tuo ritmo senza rinunciare allo stile. Rhea Oversized unisce una silhouette versatile e tutto lo spazio che serve per i tuoi indispensabili, dal lavoro al weekend.</p>","voviabags.com","Bolsos","Bolsos","Borse, Novità, Selezione Juanjo","TRUE","Colore","Nero","Talla","Taglia unica","rhea-oversized-nero-taglia-unica","78.00","101.00","0","continue","assets/products/generated-bag-brown.png","1","Rhea Oversized","La borsa che segue il tuo ritmo senza rinunciare allo stile. Rhea Oversized unisce una silhouette versatile e tutto lo spazio che serve per i tuoi indispensabili, dal lavoro al weekend."
"rhea-oversized","Rhea Oversized","<p>La borsa che segue il tuo ritmo senza rinunciare allo stile. Rhea Oversized unisce una silhouette versatile e tutto lo spazio che serve per i tuoi indispensabili, dal lavoro al weekend.</p>","voviabags.com","Bolsos","Bolsos","Borse, Novità, Selezione Juanjo","TRUE","Colore","Marrone","Talla","Taglia unica","rhea-oversized-marrone-taglia-unica","78.00","101.00","0","continue","assets/products/generated-bag-brown.png","1","Rhea Oversized","La borsa che segue il tuo ritmo senza rinunciare allo stile. Rhea Oversized unisce una silhouette versatile e tutto lo spazio che serve per i tuoi indispensabili, dal lavoro al weekend."
"rhea-oversized","Rhea Oversized","<p>La borsa che segue il tuo ritmo senza rinunciare allo stile. Rhea Oversized unisce una silhouette versatile e tutto lo spazio che serve per i tuoi indispensabili, dal lavoro al weekend.</p>","voviabags.com","Bolsos","Bolsos","Borse, Novità, Selezione Juanjo","TRUE","Colore","Beige","Talla","Taglia unica","rhea-oversized-beige-taglia-unica","78.00","101.00","0","continue","assets/products/generated-bag-brown.png","1","Rhea Oversized","La borsa che segue il tuo ritmo senza rinunciare allo stile. Rhea Oversized unisce una silhouette versatile e tutto lo spazio che serve per i tuoi indispensabili, dal lavoro al weekend."
"rhea-oversized","Rhea Oversized","<p>La borsa che segue il tuo ritmo senza rinunciare allo stile. Rhea Oversized unisce una silhouette versatile e tutto lo spazio che serve per i tuoi indispensabili, dal lavoro al weekend.</p>","voviabags.com","Bolsos","Bolsos","Borse, Novità, Selezione Juanjo","TRUE","Colore","Crema","Talla","Taglia unica","rhea-oversized-crema-taglia-unica","78.00","101.00","0","continue","assets/products/generated-bag-brown.png","1","Rhea Oversized","La borsa che segue il tuo ritmo senza rinunciare allo stile. Rhea Oversized unisce una silhouette versatile e tutto lo spazio che serve per i tuoi indispensabili, dal lavoro al weekend."
"baggy-vegan-leather","Baggy Vegan Leather","<p>La borsa che segue il tuo ritmo senza rinunciare allo stile. Baggy Vegan Leather unisce una silhouette versatile e tutto lo spazio che serve per i tuoi indispensabili, dal lavoro al weekend.</p>","voviabags.com","Bolsos","Bolsos","Borse, Novità, Selezione Juanjo","TRUE","Colore","Nero","Talla","Taglia unica","baggy-vegan-leather-nero-taglia-unica","54.00","","0","continue","assets/products/generated-bag-brown.png","1","Baggy Vegan Leather","La borsa che segue il tuo ritmo senza rinunciare allo stile. Baggy Vegan Leather unisce una silhouette versatile e tutto lo spazio che serve per i tuoi indispensabili, dal lavoro al weekend."
"baggy-vegan-leather","Baggy Vegan Leather","<p>La borsa che segue il tuo ritmo senza rinunciare allo stile. Baggy Vegan Leather unisce una silhouette versatile e tutto lo spazio che serve per i tuoi indispensabili, dal lavoro al weekend.</p>","voviabags.com","Bolsos","Bolsos","Borse, Novità, Selezione Juanjo","TRUE","Colore","Marrone","Talla","Taglia unica","baggy-vegan-leather-marrone-taglia-unica","54.00","","0","continue","assets/products/generated-bag-brown.png","1","Baggy Vegan Leather","La borsa che segue il tuo ritmo senza rinunciare allo stile. Baggy Vegan Leather unisce una silhouette versatile e tutto lo spazio che serve per i tuoi indispensabili, dal lavoro al weekend."
"baggy-vegan-leather","Baggy Vegan Leather","<p>La borsa che segue il tuo ritmo senza rinunciare allo stile. Baggy Vegan Leather unisce una silhouette versatile e tutto lo spazio che serve per i tuoi indispensabili, dal lavoro al weekend.</p>","voviabags.com","Bolsos","Bolsos","Borse, Novità, Selezione Juanjo","TRUE","Colore","Beige","Talla","Taglia unica","baggy-vegan-leather-beige-taglia-unica","54.00","","0","continue","assets/products/generated-bag-brown.png","1","Baggy Vegan Leather","La borsa che segue il tuo ritmo senza rinunciare allo stile. Baggy Vegan Leather unisce una silhouette versatile e tutto lo spazio che serve per i tuoi indispensabili, dal lavoro al weekend."
"baggy-vegan-leather","Baggy Vegan Leather","<p>La borsa che segue il tuo ritmo senza rinunciare allo stile. Baggy Vegan Leather unisce una silhouette versatile e tutto lo spazio che serve per i tuoi indispensabili, dal lavoro al weekend.</p>","voviabags.com","Bolsos","Bolsos","Borse, Novità, Selezione Juanjo","TRUE","Colore","Crema","Talla","Taglia unica","baggy-vegan-leather-crema-taglia-unica","54.00","","0","continue","assets/products/generated-bag-brown.png","1","Baggy Vegan Leather","La borsa che segue il tuo ritmo senza rinunciare allo stile. Baggy Vegan Leather unisce una silhouette versatile e tutto lo spazio che serve per i tuoi indispensabili, dal lavoro al weekend."
"valentina-tote","Valentina Tote","<p>La borsa che segue il tuo ritmo senza rinunciare allo stile. Valentina Tote unisce una silhouette versatile e tutto lo spazio che serve per i tuoi indispensabili, dal lavoro al weekend.</p>","voviabags.com","Bolsos","Bolsos","Borse, Novità, Selezione Juanjo","TRUE","Colore","Nero","Talla","Taglia unica","valentina-tote-nero-taglia-unica","56.00","78.00","0","continue","assets/products/generated-bag-brown.png","1","Valentina Tote","La borsa che segue il tuo ritmo senza rinunciare allo stile. Valentina Tote unisce una silhouette versatile e tutto lo spazio che serve per i tuoi indispensabili, dal lavoro al weekend."
"valentina-tote","Valentina Tote","<p>La borsa che segue il tuo ritmo senza rinunciare allo stile. Valentina Tote unisce una silhouette versatile e tutto lo spazio che serve per i tuoi indispensabili, dal lavoro al weekend.</p>","voviabags.com","Bolsos","Bolsos","Borse, Novità, Selezione Juanjo","TRUE","Colore","Marrone","Talla","Taglia unica","valentina-tote-marrone-taglia-unica","56.00","78.00","0","continue","assets/products/generated-bag-brown.png","1","Valentina Tote","La borsa che segue il tuo ritmo senza rinunciare allo stile. Valentina Tote unisce una silhouette versatile e tutto lo spazio che serve per i tuoi indispensabili, dal lavoro al weekend."
"valentina-tote","Valentina Tote","<p>La borsa che segue il tuo ritmo senza rinunciare allo stile. Valentina Tote unisce una silhouette versatile e tutto lo spazio che serve per i tuoi indispensabili, dal lavoro al weekend.</p>","voviabags.com","Bolsos","Bolsos","Borse, Novità, Selezione Juanjo","TRUE","Colore","Beige","Talla","Taglia unica","valentina-tote-beige-taglia-unica","56.00","78.00","0","continue","assets/products/generated-bag-brown.png","1","Valentina Tote","La borsa che segue il tuo ritmo senza rinunciare allo stile. Valentina Tote unisce una silhouette versatile e tutto lo spazio che serve per i tuoi indispensabili, dal lavoro al weekend."
"valentina-tote","Valentina Tote","<p>La borsa che segue il tuo ritmo senza rinunciare allo stile. Valentina Tote unisce una silhouette versatile e tutto lo spazio che serve per i tuoi indispensabili, dal lavoro al weekend.</p>","voviabags.com","Bolsos","Bolsos","Borse, Novità, Selezione Juanjo","TRUE","Colore","Crema","Talla","Taglia unica","valentina-tote-crema-taglia-unica","56.00","78.00","0","continue","assets/products/generated-bag-brown.png","1","Valentina Tote","La borsa che segue il tuo ritmo senza rinunciare allo stile. Valentina Tote unisce una silhouette versatile e tutto lo spazio che serve per i tuoi indispensabili, dal lavoro al weekend."
"moire-suede","Moiré Suede","<p>La borsa che segue il tuo ritmo senza rinunciare allo stile. Moiré Suede unisce una silhouette versatile e tutto lo spazio che serve per i tuoi indispensabili, dal lavoro al weekend.</p>","voviabags.com","Bolsos","Bolsos","Borse, Novità, Selezione Juanjo","TRUE","Colore","Nero","Talla","Taglia unica","moire-suede-nero-taglia-unica","55.00","","0","continue","assets/products/generated-bag-brown.png","1","Moiré Suede","La borsa che segue il tuo ritmo senza rinunciare allo stile. Moiré Suede unisce una silhouette versatile e tutto lo spazio che serve per i tuoi indispensabili, dal lavoro al weekend."
"moire-suede","Moiré Suede","<p>La borsa che segue il tuo ritmo senza rinunciare allo stile. Moiré Suede unisce una silhouette versatile e tutto lo spazio che serve per i tuoi indispensabili, dal lavoro al weekend.</p>","voviabags.com","Bolsos","Bolsos","Borse, Novità, Selezione Juanjo","TRUE","Colore","Marrone","Talla","Taglia unica","moire-suede-marrone-taglia-unica","55.00","","0","continue","assets/products/generated-bag-brown.png","1","Moiré Suede","La borsa che segue il tuo ritmo senza rinunciare allo stile. Moiré Suede unisce una silhouette versatile e tutto lo spazio che serve per i tuoi indispensabili, dal lavoro al weekend."
"moire-suede","Moiré Suede","<p>La borsa che segue il tuo ritmo senza rinunciare allo stile. Moiré Suede unisce una silhouette versatile e tutto lo spazio che serve per i tuoi indispensabili, dal lavoro al weekend.</p>","voviabags.com","Bolsos","Bolsos","Borse, Novità, Selezione Juanjo","TRUE","Colore","Beige","Talla","Taglia unica","moire-suede-beige-taglia-unica","55.00","","0","continue","assets/products/generated-bag-brown.png","1","Moiré Suede","La borsa che segue il tuo ritmo senza rinunciare allo stile. Moiré Suede unisce una silhouette versatile e tutto lo spazio che serve per i tuoi indispensabili, dal lavoro al weekend."
"moire-suede","Moiré Suede","<p>La borsa che segue il tuo ritmo senza rinunciare allo stile. Moiré Suede unisce una silhouette versatile e tutto lo spazio che serve per i tuoi indispensabili, dal lavoro al weekend.</p>","voviabags.com","Bolsos","Bolsos","Borse, Novità, Selezione Juanjo","TRUE","Colore","Crema","Talla","Taglia unica","moire-suede-crema-taglia-unica","55.00","","0","continue","assets/products/generated-bag-brown.png","1","Moiré Suede","La borsa che segue il tuo ritmo senza rinunciare allo stile. Moiré Suede unisce una silhouette versatile e tutto lo spazio che serve per i tuoi indispensabili, dal lavoro al weekend."
"vintage-work","Vintage Work","<p>La borsa che segue il tuo ritmo senza rinunciare allo stile. Vintage Work unisce una silhouette versatile e tutto lo spazio che serve per i tuoi indispensabili, dal lavoro al weekend.</p>","voviabags.com","Bolsos","Bolsos","Borse, Novità, Selezione Juanjo","TRUE","Colore","Nero","Talla","Taglia unica","vintage-work-nero-taglia-unica","68.00","","0","continue","assets/products/generated-bag-brown.png","1","Vintage Work","La borsa che segue il tuo ritmo senza rinunciare allo stile. Vintage Work unisce una silhouette versatile e tutto lo spazio che serve per i tuoi indispensabili, dal lavoro al weekend."
"vintage-work","Vintage Work","<p>La borsa che segue il tuo ritmo senza rinunciare allo stile. Vintage Work unisce una silhouette versatile e tutto lo spazio che serve per i tuoi indispensabili, dal lavoro al weekend.</p>","voviabags.com","Bolsos","Bolsos","Borse, Novità, Selezione Juanjo","TRUE","Colore","Marrone","Talla","Taglia unica","vintage-work-marrone-taglia-unica","68.00","","0","continue","assets/products/generated-bag-brown.png","1","Vintage Work","La borsa che segue il tuo ritmo senza rinunciare allo stile. Vintage Work unisce una silhouette versatile e tutto lo spazio che serve per i tuoi indispensabili, dal lavoro al weekend."
"vintage-work","Vintage Work","<p>La borsa che segue il tuo ritmo senza rinunciare allo stile. Vintage Work unisce una silhouette versatile e tutto lo spazio che serve per i tuoi indispensabili, dal lavoro al weekend.</p>","voviabags.com","Bolsos","Bolsos","Borse, Novità, Selezione Juanjo","TRUE","Colore","Beige","Talla","Taglia unica","vintage-work-beige-taglia-unica","68.00","","0","continue","assets/products/generated-bag-brown.png","1","Vintage Work","La borsa che segue il tuo ritmo senza rinunciare allo stile. Vintage Work unisce una silhouette versatile e tutto lo spazio che serve per i tuoi indispensabili, dal lavoro al weekend."
"vintage-work","Vintage Work","<p>La borsa che segue il tuo ritmo senza rinunciare allo stile. Vintage Work unisce una silhouette versatile e tutto lo spazio che serve per i tuoi indispensabili, dal lavoro al weekend.</p>","voviabags.com","Bolsos","Bolsos","Borse, Novità, Selezione Juanjo","TRUE","Colore","Crema","Talla","Taglia unica","vintage-work-crema-taglia-unica","68.00","","0","continue","assets/products/generated-bag-brown.png","1","Vintage Work","La borsa che segue il tuo ritmo senza rinunciare allo stile. Vintage Work unisce una silhouette versatile e tutto lo spazio che serve per i tuoi indispensabili, dal lavoro al weekend."
"ciara-beauty-bag","Ciara Beauty Bag","<p>La borsa che segue il tuo ritmo senza rinunciare allo stile. Ciara Beauty Bag unisce una silhouette versatile e tutto lo spazio che serve per i tuoi indispensabili, dal lavoro al weekend.</p>","voviabags.com","Bolsos","Bolsos","Borse, Novità, Selezione Juanjo","TRUE","Colore","Nero","Talla","Taglia unica","ciara-beauty-bag-nero-taglia-unica","40.00","","0","continue","assets/products/generated-bag-brown.png","1","Ciara Beauty Bag","La borsa che segue il tuo ritmo senza rinunciare allo stile. Ciara Beauty Bag unisce una silhouette versatile e tutto lo spazio che serve per i tuoi indispensabili, dal lavoro al weekend."
"ciara-beauty-bag","Ciara Beauty Bag","<p>La borsa che segue il tuo ritmo senza rinunciare allo stile. Ciara Beauty Bag unisce una silhouette versatile e tutto lo spazio che serve per i tuoi indispensabili, dal lavoro al weekend.</p>","voviabags.com","Bolsos","Bolsos","Borse, Novità, Selezione Juanjo","TRUE","Colore","Marrone","Talla","Taglia unica","ciara-beauty-bag-marrone-taglia-unica","40.00","","0","continue","assets/products/generated-bag-brown.png","1","Ciara Beauty Bag","La borsa che segue il tuo ritmo senza rinunciare allo stile. Ciara Beauty Bag unisce una silhouette versatile e tutto lo spazio che serve per i tuoi indispensabili, dal lavoro al weekend."
"ciara-beauty-bag","Ciara Beauty Bag","<p>La borsa che segue il tuo ritmo senza rinunciare allo stile. Ciara Beauty Bag unisce una silhouette versatile e tutto lo spazio che serve per i tuoi indispensabili, dal lavoro al weekend.</p>","voviabags.com","Bolsos","Bolsos","Borse, Novità, Selezione Juanjo","TRUE","Colore","Beige","Talla","Taglia unica","ciara-beauty-bag-beige-taglia-unica","40.00","","0","continue","assets/products/generated-bag-brown.png","1","Ciara Beauty Bag","La borsa che segue il tuo ritmo senza rinunciare allo stile. Ciara Beauty Bag unisce una silhouette versatile e tutto lo spazio che serve per i tuoi indispensabili, dal lavoro al weekend."
"ciara-beauty-bag","Ciara Beauty Bag","<p>La borsa che segue il tuo ritmo senza rinunciare allo stile. Ciara Beauty Bag unisce una silhouette versatile e tutto lo spazio che serve per i tuoi indispensabili, dal lavoro al weekend.</p>","voviabags.com","Bolsos","Bolsos","Borse, Novità, Selezione Juanjo","TRUE","Colore","Crema","Talla","Taglia unica","ciara-beauty-bag-crema-taglia-unica","40.00","","0","continue","assets/products/generated-bag-brown.png","1","Ciara Beauty Bag","La borsa che segue il tuo ritmo senza rinunciare allo stile. Ciara Beauty Bag unisce una silhouette versatile e tutto lo spazio che serve per i tuoi indispensabili, dal lavoro al weekend."
"wallet-vintage","Wallet Vintage","<p>La borsa che segue il tuo ritmo senza rinunciare allo stile. Wallet Vintage unisce una silhouette versatile e tutto lo spazio che serve per i tuoi indispensabili, dal lavoro al weekend.</p>","voviabags.com","Bolsos","Bolsos","Borse, Novità, Selezione Juanjo","TRUE","Colore","Nero","Talla","Taglia unica","wallet-vintage-nero-taglia-unica","21.00","28.00","0","continue","assets/products/generated-bag-brown.png","1","Wallet Vintage","La borsa che segue il tuo ritmo senza rinunciare allo stile. Wallet Vintage unisce una silhouette versatile e tutto lo spazio che serve per i tuoi indispensabili, dal lavoro al weekend."
"wallet-vintage","Wallet Vintage","<p>La borsa che segue il tuo ritmo senza rinunciare allo stile. Wallet Vintage unisce una silhouette versatile e tutto lo spazio che serve per i tuoi indispensabili, dal lavoro al weekend.</p>","voviabags.com","Bolsos","Bolsos","Borse, Novità, Selezione Juanjo","TRUE","Colore","Marrone","Talla","Taglia unica","wallet-vintage-marrone-taglia-unica","21.00","28.00","0","continue","assets/products/generated-bag-brown.png","1","Wallet Vintage","La borsa che segue il tuo ritmo senza rinunciare allo stile. Wallet Vintage unisce una silhouette versatile e tutto lo spazio che serve per i tuoi indispensabili, dal lavoro al weekend."
"wallet-vintage","Wallet Vintage","<p>La borsa che segue il tuo ritmo senza rinunciare allo stile. Wallet Vintage unisce una silhouette versatile e tutto lo spazio che serve per i tuoi indispensabili, dal lavoro al weekend.</p>","voviabags.com","Bolsos","Bolsos","Borse, Novità, Selezione Juanjo","TRUE","Colore","Beige","Talla","Taglia unica","wallet-vintage-beige-taglia-unica","21.00","28.00","0","continue","assets/products/generated-bag-brown.png","1","Wallet Vintage","La borsa che segue il tuo ritmo senza rinunciare allo stile. Wallet Vintage unisce una silhouette versatile e tutto lo spazio che serve per i tuoi indispensabili, dal lavoro al weekend."
"wallet-vintage","Wallet Vintage","<p>La borsa che segue il tuo ritmo senza rinunciare allo stile. Wallet Vintage unisce una silhouette versatile e tutto lo spazio che serve per i tuoi indispensabili, dal lavoro al weekend.</p>","voviabags.com","Bolsos","Bolsos","Borse, Novità, Selezione Juanjo","TRUE","Colore","Crema","Talla","Taglia unica","wallet-vintage-crema-taglia-unica","21.00","28.00","0","continue","assets/products/generated-bag-brown.png","1","Wallet Vintage","La borsa che segue il tuo ritmo senza rinunciare allo stile. Wallet Vintage unisce una silhouette versatile e tutto lo spazio che serve per i tuoi indispensabili, dal lavoro al weekend."
"ciara-vintage-pouch","Ciara Vintage Pouch","<p>La borsa che segue il tuo ritmo senza rinunciare allo stile. Ciara Vintage Pouch unisce una silhouette versatile e tutto lo spazio che serve per i tuoi indispensabili, dal lavoro al weekend.</p>","voviabags.com","Bolsos","Bolsos","Borse, Novità, Selezione Juanjo","TRUE","Colore","Nero","Talla","Taglia unica","ciara-vintage-pouch-nero-taglia-unica","15.00","28.00","0","continue","assets/products/generated-bag-brown.png","1","Ciara Vintage Pouch","La borsa che segue il tuo ritmo senza rinunciare allo stile. Ciara Vintage Pouch unisce una silhouette versatile e tutto lo spazio che serve per i tuoi indispensabili, dal lavoro al weekend."
"ciara-vintage-pouch","Ciara Vintage Pouch","<p>La borsa che segue il tuo ritmo senza rinunciare allo stile. Ciara Vintage Pouch unisce una silhouette versatile e tutto lo spazio che serve per i tuoi indispensabili, dal lavoro al weekend.</p>","voviabags.com","Bolsos","Bolsos","Borse, Novità, Selezione Juanjo","TRUE","Colore","Marrone","Talla","Taglia unica","ciara-vintage-pouch-marrone-taglia-unica","15.00","28.00","0","continue","assets/products/generated-bag-brown.png","1","Ciara Vintage Pouch","La borsa che segue il tuo ritmo senza rinunciare allo stile. Ciara Vintage Pouch unisce una silhouette versatile e tutto lo spazio che serve per i tuoi indispensabili, dal lavoro al weekend."
"ciara-vintage-pouch","Ciara Vintage Pouch","<p>La borsa che segue il tuo ritmo senza rinunciare allo stile. Ciara Vintage Pouch unisce una silhouette versatile e tutto lo spazio che serve per i tuoi indispensabili, dal lavoro al weekend.</p>","voviabags.com","Bolsos","Bolsos","Borse, Novità, Selezione Juanjo","TRUE","Colore","Beige","Talla","Taglia unica","ciara-vintage-pouch-beige-taglia-unica","15.00","28.00","0","continue","assets/products/generated-bag-brown.png","1","Ciara Vintage Pouch","La borsa che segue il tuo ritmo senza rinunciare allo stile. Ciara Vintage Pouch unisce una silhouette versatile e tutto lo spazio che serve per i tuoi indispensabili, dal lavoro al weekend."
"ciara-vintage-pouch","Ciara Vintage Pouch","<p>La borsa che segue il tuo ritmo senza rinunciare allo stile. Ciara Vintage Pouch unisce una silhouette versatile e tutto lo spazio che serve per i tuoi indispensabili, dal lavoro al weekend.</p>","voviabags.com","Bolsos","Bolsos","Borse, Novità, Selezione Juanjo","TRUE","Colore","Crema","Talla","Taglia unica","ciara-vintage-pouch-crema-taglia-unica","15.00","28.00","0","continue","assets/products/generated-bag-brown.png","1","Ciara Vintage Pouch","La borsa che segue il tuo ritmo senza rinunciare allo stile. Ciara Vintage Pouch unisce una silhouette versatile e tutto lo spazio che serve per i tuoi indispensabili, dal lavoro al weekend."
"wallet-suede","Wallet Suede","<p>La borsa che segue il tuo ritmo senza rinunciare allo stile. Wallet Suede unisce una silhouette versatile e tutto lo spazio che serve per i tuoi indispensabili, dal lavoro al weekend.</p>","voviabags.com","Bolsos","Bolsos","Borse, Novità, Selezione Juanjo","TRUE","Colore","Nero","Talla","Taglia unica","wallet-suede-nero-taglia-unica","23.00","28.00","0","continue","assets/products/generated-bag-brown.png","1","Wallet Suede","La borsa che segue il tuo ritmo senza rinunciare allo stile. Wallet Suede unisce una silhouette versatile e tutto lo spazio che serve per i tuoi indispensabili, dal lavoro al weekend."
"wallet-suede","Wallet Suede","<p>La borsa che segue il tuo ritmo senza rinunciare allo stile. Wallet Suede unisce una silhouette versatile e tutto lo spazio che serve per i tuoi indispensabili, dal lavoro al weekend.</p>","voviabags.com","Bolsos","Bolsos","Borse, Novità, Selezione Juanjo","TRUE","Colore","Marrone","Talla","Taglia unica","wallet-suede-marrone-taglia-unica","23.00","28.00","0","continue","assets/products/generated-bag-brown.png","1","Wallet Suede","La borsa che segue il tuo ritmo senza rinunciare allo stile. Wallet Suede unisce una silhouette versatile e tutto lo spazio che serve per i tuoi indispensabili, dal lavoro al weekend."
"wallet-suede","Wallet Suede","<p>La borsa che segue il tuo ritmo senza rinunciare allo stile. Wallet Suede unisce una silhouette versatile e tutto lo spazio che serve per i tuoi indispensabili, dal lavoro al weekend.</p>","voviabags.com","Bolsos","Bolsos","Borse, Novità, Selezione Juanjo","TRUE","Colore","Beige","Talla","Taglia unica","wallet-suede-beige-taglia-unica","23.00","28.00","0","continue","assets/products/generated-bag-brown.png","1","Wallet Suede","La borsa che segue il tuo ritmo senza rinunciare allo stile. Wallet Suede unisce una silhouette versatile e tutto lo spazio che serve per i tuoi indispensabili, dal lavoro al weekend."
"wallet-suede","Wallet Suede","<p>La borsa che segue il tuo ritmo senza rinunciare allo stile. Wallet Suede unisce una silhouette versatile e tutto lo spazio che serve per i tuoi indispensabili, dal lavoro al weekend.</p>","voviabags.com","Bolsos","Bolsos","Borse, Novità, Selezione Juanjo","TRUE","Colore","Crema","Talla","Taglia unica","wallet-suede-crema-taglia-unica","23.00","28.00","0","continue","assets/products/generated-bag-brown.png","1","Wallet Suede","La borsa che segue il tuo ritmo senza rinunciare allo stile. Wallet Suede unisce una silhouette versatile e tutto lo spazio che serve per i tuoi indispensabili, dal lavoro al weekend."
"ciara-suede-pouch","Ciara Suede Pouch","<p>La borsa che segue il tuo ritmo senza rinunciare allo stile. Ciara Suede Pouch unisce una silhouette versatile e tutto lo spazio che serve per i tuoi indispensabili, dal lavoro al weekend.</p>","voviabags.com","Bolsos","Bolsos","Borse, Novità, Selezione Juanjo","TRUE","Colore","Nero","Talla","Taglia unica","ciara-suede-pouch-nero-taglia-unica","17.00","28.00","0","continue","assets/products/generated-bag-brown.png","1","Ciara Suede Pouch","La borsa che segue il tuo ritmo senza rinunciare allo stile. Ciara Suede Pouch unisce una silhouette versatile e tutto lo spazio che serve per i tuoi indispensabili, dal lavoro al weekend."
"ciara-suede-pouch","Ciara Suede Pouch","<p>La borsa che segue il tuo ritmo senza rinunciare allo stile. Ciara Suede Pouch unisce una silhouette versatile e tutto lo spazio che serve per i tuoi indispensabili, dal lavoro al weekend.</p>","voviabags.com","Bolsos","Bolsos","Borse, Novità, Selezione Juanjo","TRUE","Colore","Marrone","Talla","Taglia unica","ciara-suede-pouch-marrone-taglia-unica","17.00","28.00","0","continue","assets/products/generated-bag-brown.png","1","Ciara Suede Pouch","La borsa che segue il tuo ritmo senza rinunciare allo stile. Ciara Suede Pouch unisce una silhouette versatile e tutto lo spazio che serve per i tuoi indispensabili, dal lavoro al weekend."
"ciara-suede-pouch","Ciara Suede Pouch","<p>La borsa che segue il tuo ritmo senza rinunciare allo stile. Ciara Suede Pouch unisce una silhouette versatile e tutto lo spazio che serve per i tuoi indispensabili, dal lavoro al weekend.</p>","voviabags.com","Bolsos","Bolsos","Borse, Novità, Selezione Juanjo","TRUE","Colore","Beige","Talla","Taglia unica","ciara-suede-pouch-beige-taglia-unica","17.00","28.00","0","continue","assets/products/generated-bag-brown.png","1","Ciara Suede Pouch","La borsa che segue il tuo ritmo senza rinunciare allo stile. Ciara Suede Pouch unisce una silhouette versatile e tutto lo spazio che serve per i tuoi indispensabili, dal lavoro al weekend."
"ciara-suede-pouch","Ciara Suede Pouch","<p>La borsa che segue il tuo ritmo senza rinunciare allo stile. Ciara Suede Pouch unisce una silhouette versatile e tutto lo spazio che serve per i tuoi indispensabili, dal lavoro al weekend.</p>","voviabags.com","Bolsos","Bolsos","Borse, Novità, Selezione Juanjo","TRUE","Colore","Crema","Talla","Taglia unica","ciara-suede-pouch-crema-taglia-unica","17.00","28.00","0","continue","assets/products/generated-bag-brown.png","1","Ciara Suede Pouch","La borsa che segue il tuo ritmo senza rinunciare allo stile. Ciara Suede Pouch unisce una silhouette versatile e tutto lo spazio che serve per i tuoi indispensabili, dal lavoro al weekend."
"ciara-wallet","Ciara Wallet","<p>La borsa che segue il tuo ritmo senza rinunciare allo stile. Ciara Wallet unisce una silhouette versatile e tutto lo spazio che serve per i tuoi indispensabili, dal lavoro al weekend.</p>","voviabags.com","Bolsos","Bolsos","Borse, Novità, Selezione Juanjo","TRUE","Colore","Nero","Talla","Taglia unica","ciara-wallet-nero-taglia-unica","34.00","","0","continue","assets/products/generated-bag-brown.png","1","Ciara Wallet","La borsa che segue il tuo ritmo senza rinunciare allo stile. Ciara Wallet unisce una silhouette versatile e tutto lo spazio che serve per i tuoi indispensabili, dal lavoro al weekend."
"ciara-wallet","Ciara Wallet","<p>La borsa che segue il tuo ritmo senza rinunciare allo stile. Ciara Wallet unisce una silhouette versatile e tutto lo spazio che serve per i tuoi indispensabili, dal lavoro al weekend.</p>","voviabags.com","Bolsos","Bolsos","Borse, Novità, Selezione Juanjo","TRUE","Colore","Marrone","Talla","Taglia unica","ciara-wallet-marrone-taglia-unica","34.00","","0","continue","assets/products/generated-bag-brown.png","1","Ciara Wallet","La borsa che segue il tuo ritmo senza rinunciare allo stile. Ciara Wallet unisce una silhouette versatile e tutto lo spazio che serve per i tuoi indispensabili, dal lavoro al weekend."
"ciara-wallet","Ciara Wallet","<p>La borsa che segue il tuo ritmo senza rinunciare allo stile. Ciara Wallet unisce una silhouette versatile e tutto lo spazio che serve per i tuoi indispensabili, dal lavoro al weekend.</p>","voviabags.com","Bolsos","Bolsos","Borse, Novità, Selezione Juanjo","TRUE","Colore","Beige","Talla","Taglia unica","ciara-wallet-beige-taglia-unica","34.00","","0","continue","assets/products/generated-bag-brown.png","1","Ciara Wallet","La borsa che segue il tuo ritmo senza rinunciare allo stile. Ciara Wallet unisce una silhouette versatile e tutto lo spazio che serve per i tuoi indispensabili, dal lavoro al weekend."
"ciara-wallet","Ciara Wallet","<p>La borsa che segue il tuo ritmo senza rinunciare allo stile. Ciara Wallet unisce una silhouette versatile e tutto lo spazio che serve per i tuoi indispensabili, dal lavoro al weekend.</p>","voviabags.com","Bolsos","Bolsos","Borse, Novità, Selezione Juanjo","TRUE","Colore","Crema","Talla","Taglia unica","ciara-wallet-crema-taglia-unica","34.00","","0","continue","assets/products/generated-bag-brown.png","1","Ciara Wallet","La borsa che segue il tuo ritmo senza rinunciare allo stile. Ciara Wallet unisce una silhouette versatile e tutto lo spazio che serve per i tuoi indispensabili, dal lavoro al weekend."
"sculpt-brief-braguita-moldeadora","Sculpt Brief (braguita moldeadora)","<p>Il tuo nuovo capo essenziale, semplice da indossare e facile da valorizzare. Sculpt Brief (braguita moldeadora) aggiunge un tocco speciale al look e ti fa sentire sempre a tuo agio, in ogni occasione.</p>","saybeam.com","Ropa","Ropa","Abbigliamento, Novità, Selezione Juanjo","TRUE","Colore","Nero","Talla","S","sculpt-brief-braguita-moldeadora-nero-s","30.57","","0","continue","assets/products/generated-clothing-camel.png","1","Sculpt Brief (braguita moldeadora)","Il tuo nuovo capo essenziale, semplice da indossare e facile da valorizzare. Sculpt Brief (braguita moldeadora) aggiunge un tocco speciale al look e ti fa sentire sempre a tuo agio, in ogni occasione."
"sculpt-brief-braguita-moldeadora","Sculpt Brief (braguita moldeadora)","<p>Il tuo nuovo capo essenziale, semplice da indossare e facile da valorizzare. Sculpt Brief (braguita moldeadora) aggiunge un tocco speciale al look e ti fa sentire sempre a tuo agio, in ogni occasione.</p>","saybeam.com","Ropa","Ropa","Abbigliamento, Novità, Selezione Juanjo","TRUE","Colore","Nero","Talla","M","sculpt-brief-braguita-moldeadora-nero-m","30.57","","0","continue","assets/products/generated-clothing-camel.png","1","Sculpt Brief (braguita moldeadora)","Il tuo nuovo capo essenziale, semplice da indossare e facile da valorizzare. Sculpt Brief (braguita moldeadora) aggiunge un tocco speciale al look e ti fa sentire sempre a tuo agio, in ogni occasione."
"sculpt-brief-braguita-moldeadora","Sculpt Brief (braguita moldeadora)","<p>Il tuo nuovo capo essenziale, semplice da indossare e facile da valorizzare. Sculpt Brief (braguita moldeadora) aggiunge un tocco speciale al look e ti fa sentire sempre a tuo agio, in ogni occasione.</p>","saybeam.com","Ropa","Ropa","Abbigliamento, Novità, Selezione Juanjo","TRUE","Colore","Nero","Talla","L","sculpt-brief-braguita-moldeadora-nero-l","30.57","","0","continue","assets/products/generated-clothing-camel.png","1","Sculpt Brief (braguita moldeadora)","Il tuo nuovo capo essenziale, semplice da indossare e facile da valorizzare. Sculpt Brief (braguita moldeadora) aggiunge un tocco speciale al look e ti fa sentire sempre a tuo agio, in ogni occasione."
"sculpt-brief-braguita-moldeadora","Sculpt Brief (braguita moldeadora)","<p>Il tuo nuovo capo essenziale, semplice da indossare e facile da valorizzare. Sculpt Brief (braguita moldeadora) aggiunge un tocco speciale al look e ti fa sentire sempre a tuo agio, in ogni occasione.</p>","saybeam.com","Ropa","Ropa","Abbigliamento, Novità, Selezione Juanjo","TRUE","Colore","Nero","Talla","XL","sculpt-brief-braguita-moldeadora-nero-xl","30.57","","0","continue","assets/products/generated-clothing-camel.png","1","Sculpt Brief (braguita moldeadora)","Il tuo nuovo capo essenziale, semplice da indossare e facile da valorizzare. Sculpt Brief (braguita moldeadora) aggiunge un tocco speciale al look e ti fa sentire sempre a tuo agio, in ogni occasione."
"sculpt-brief-braguita-moldeadora","Sculpt Brief (braguita moldeadora)","<p>Il tuo nuovo capo essenziale, semplice da indossare e facile da valorizzare. Sculpt Brief (braguita moldeadora) aggiunge un tocco speciale al look e ti fa sentire sempre a tuo agio, in ogni occasione.</p>","saybeam.com","Ropa","Ropa","Abbigliamento, Novità, Selezione Juanjo","TRUE","Colore","Beige","Talla","S","sculpt-brief-braguita-moldeadora-beige-s","30.57","","0","continue","assets/products/generated-clothing-camel.png","1","Sculpt Brief (braguita moldeadora)","Il tuo nuovo capo essenziale, semplice da indossare e facile da valorizzare. Sculpt Brief (braguita moldeadora) aggiunge un tocco speciale al look e ti fa sentire sempre a tuo agio, in ogni occasione."
"sculpt-brief-braguita-moldeadora","Sculpt Brief (braguita moldeadora)","<p>Il tuo nuovo capo essenziale, semplice da indossare e facile da valorizzare. Sculpt Brief (braguita moldeadora) aggiunge un tocco speciale al look e ti fa sentire sempre a tuo agio, in ogni occasione.</p>","saybeam.com","Ropa","Ropa","Abbigliamento, Novità, Selezione Juanjo","TRUE","Colore","Beige","Talla","M","sculpt-brief-braguita-moldeadora-beige-m","30.57","","0","continue","assets/products/generated-clothing-camel.png","1","Sculpt Brief (braguita moldeadora)","Il tuo nuovo capo essenziale, semplice da indossare e facile da valorizzare. Sculpt Brief (braguita moldeadora) aggiunge un tocco speciale al look e ti fa sentire sempre a tuo agio, in ogni occasione."
"sculpt-brief-braguita-moldeadora","Sculpt Brief (braguita moldeadora)","<p>Il tuo nuovo capo essenziale, semplice da indossare e facile da valorizzare. Sculpt Brief (braguita moldeadora) aggiunge un tocco speciale al look e ti fa sentire sempre a tuo agio, in ogni occasione.</p>","saybeam.com","Ropa","Ropa","Abbigliamento, Novità, Selezione Juanjo","TRUE","Colore","Beige","Talla","L","sculpt-brief-braguita-moldeadora-beige-l","30.57","","0","continue","assets/products/generated-clothing-camel.png","1","Sculpt Brief (braguita moldeadora)","Il tuo nuovo capo essenziale, semplice da indossare e facile da valorizzare. Sculpt Brief (braguita moldeadora) aggiunge un tocco speciale al look e ti fa sentire sempre a tuo agio, in ogni occasione."
"sculpt-brief-braguita-moldeadora","Sculpt Brief (braguita moldeadora)","<p>Il tuo nuovo capo essenziale, semplice da indossare e facile da valorizzare. Sculpt Brief (braguita moldeadora) aggiunge un tocco speciale al look e ti fa sentire sempre a tuo agio, in ogni occasione.</p>","saybeam.com","Ropa","Ropa","Abbigliamento, Novità, Selezione Juanjo","TRUE","Colore","Beige","Talla","XL","sculpt-brief-braguita-moldeadora-beige-xl","30.57","","0","continue","assets/products/generated-clothing-camel.png","1","Sculpt Brief (braguita moldeadora)","Il tuo nuovo capo essenziale, semplice da indossare e facile da valorizzare. Sculpt Brief (braguita moldeadora) aggiunge un tocco speciale al look e ti fa sentire sempre a tuo agio, in ogni occasione."
"sculpt-brief-braguita-moldeadora","Sculpt Brief (braguita moldeadora)","<p>Il tuo nuovo capo essenziale, semplice da indossare e facile da valorizzare. Sculpt Brief (braguita moldeadora) aggiunge un tocco speciale al look e ti fa sentire sempre a tuo agio, in ogni occasione.</p>","saybeam.com","Ropa","Ropa","Abbigliamento, Novità, Selezione Juanjo","TRUE","Colore","Bianco","Talla","S","sculpt-brief-braguita-moldeadora-bianco-s","30.57","","0","continue","assets/products/generated-clothing-camel.png","1","Sculpt Brief (braguita moldeadora)","Il tuo nuovo capo essenziale, semplice da indossare e facile da valorizzare. Sculpt Brief (braguita moldeadora) aggiunge un tocco speciale al look e ti fa sentire sempre a tuo agio, in ogni occasione."
"sculpt-brief-braguita-moldeadora","Sculpt Brief (braguita moldeadora)","<p>Il tuo nuovo capo essenziale, semplice da indossare e facile da valorizzare. Sculpt Brief (braguita moldeadora) aggiunge un tocco speciale al look e ti fa sentire sempre a tuo agio, in ogni occasione.</p>","saybeam.com","Ropa","Ropa","Abbigliamento, Novità, Selezione Juanjo","TRUE","Colore","Bianco","Talla","M","sculpt-brief-braguita-moldeadora-bianco-m","30.57","","0","continue","assets/products/generated-clothing-camel.png","1","Sculpt Brief (braguita moldeadora)","Il tuo nuovo capo essenziale, semplice da indossare e facile da valorizzare. Sculpt Brief (braguita moldeadora) aggiunge un tocco speciale al look e ti fa sentire sempre a tuo agio, in ogni occasione."
"sculpt-brief-braguita-moldeadora","Sculpt Brief (braguita moldeadora)","<p>Il tuo nuovo capo essenziale, semplice da indossare e facile da valorizzare. Sculpt Brief (braguita moldeadora) aggiunge un tocco speciale al look e ti fa sentire sempre a tuo agio, in ogni occasione.</p>","saybeam.com","Ropa","Ropa","Abbigliamento, Novità, Selezione Juanjo","TRUE","Colore","Bianco","Talla","L","sculpt-brief-braguita-moldeadora-bianco-l","30.57","","0","continue","assets/products/generated-clothing-camel.png","1","Sculpt Brief (braguita moldeadora)","Il tuo nuovo capo essenziale, semplice da indossare e facile da valorizzare. Sculpt Brief (braguita moldeadora) aggiunge un tocco speciale al look e ti fa sentire sempre a tuo agio, in ogni occasione."
"sculpt-brief-braguita-moldeadora","Sculpt Brief (braguita moldeadora)","<p>Il tuo nuovo capo essenziale, semplice da indossare e facile da valorizzare. Sculpt Brief (braguita moldeadora) aggiunge un tocco speciale al look e ti fa sentire sempre a tuo agio, in ogni occasione.</p>","saybeam.com","Ropa","Ropa","Abbigliamento, Novità, Selezione Juanjo","TRUE","Colore","Bianco","Talla","XL","sculpt-brief-braguita-moldeadora-bianco-xl","30.57","","0","continue","assets/products/generated-clothing-camel.png","1","Sculpt Brief (braguita moldeadora)","Il tuo nuovo capo essenziale, semplice da indossare e facile da valorizzare. Sculpt Brief (braguita moldeadora) aggiunge un tocco speciale al look e ti fa sentire sempre a tuo agio, in ogni occasione."
"sculpt-brief-braguita-moldeadora","Sculpt Brief (braguita moldeadora)","<p>Il tuo nuovo capo essenziale, semplice da indossare e facile da valorizzare. Sculpt Brief (braguita moldeadora) aggiunge un tocco speciale al look e ti fa sentire sempre a tuo agio, in ogni occasione.</p>","saybeam.com","Ropa","Ropa","Abbigliamento, Novità, Selezione Juanjo","TRUE","Colore","Verde","Talla","S","sculpt-brief-braguita-moldeadora-verde-s","30.57","","0","continue","assets/products/generated-clothing-camel.png","1","Sculpt Brief (braguita moldeadora)","Il tuo nuovo capo essenziale, semplice da indossare e facile da valorizzare. Sculpt Brief (braguita moldeadora) aggiunge un tocco speciale al look e ti fa sentire sempre a tuo agio, in ogni occasione."
"sculpt-brief-braguita-moldeadora","Sculpt Brief (braguita moldeadora)","<p>Il tuo nuovo capo essenziale, semplice da indossare e facile da valorizzare. Sculpt Brief (braguita moldeadora) aggiunge un tocco speciale al look e ti fa sentire sempre a tuo agio, in ogni occasione.</p>","saybeam.com","Ropa","Ropa","Abbigliamento, Novità, Selezione Juanjo","TRUE","Colore","Verde","Talla","M","sculpt-brief-braguita-moldeadora-verde-m","30.57","","0","continue","assets/products/generated-clothing-camel.png","1","Sculpt Brief (braguita moldeadora)","Il tuo nuovo capo essenziale, semplice da indossare e facile da valorizzare. Sculpt Brief (braguita moldeadora) aggiunge un tocco speciale al look e ti fa sentire sempre a tuo agio, in ogni occasione."
"sculpt-brief-braguita-moldeadora","Sculpt Brief (braguita moldeadora)","<p>Il tuo nuovo capo essenziale, semplice da indossare e facile da valorizzare. Sculpt Brief (braguita moldeadora) aggiunge un tocco speciale al look e ti fa sentire sempre a tuo agio, in ogni occasione.</p>","saybeam.com","Ropa","Ropa","Abbigliamento, Novità, Selezione Juanjo","TRUE","Colore","Verde","Talla","L","sculpt-brief-braguita-moldeadora-verde-l","30.57","","0","continue","assets/products/generated-clothing-camel.png","1","Sculpt Brief (braguita moldeadora)","Il tuo nuovo capo essenziale, semplice da indossare e facile da valorizzare. Sculpt Brief (braguita moldeadora) aggiunge un tocco speciale al look e ti fa sentire sempre a tuo agio, in ogni occasione."
"sculpt-brief-braguita-moldeadora","Sculpt Brief (braguita moldeadora)","<p>Il tuo nuovo capo essenziale, semplice da indossare e facile da valorizzare. Sculpt Brief (braguita moldeadora) aggiunge un tocco speciale al look e ti fa sentire sempre a tuo agio, in ogni occasione.</p>","saybeam.com","Ropa","Ropa","Abbigliamento, Novità, Selezione Juanjo","TRUE","Colore","Verde","Talla","XL","sculpt-brief-braguita-moldeadora-verde-xl","30.57","","0","continue","assets/products/generated-clothing-camel.png","1","Sculpt Brief (braguita moldeadora)","Il tuo nuovo capo essenziale, semplice da indossare e facile da valorizzare. Sculpt Brief (braguita moldeadora) aggiunge un tocco speciale al look e ti fa sentire sempre a tuo agio, in ogni occasione."
"stm-tex-short-oversized-rain-jacket","STM-TEX Short Oversized Rain Jacket","<p>Il tuo nuovo capo essenziale, semplice da indossare e facile da valorizzare. STM-TEX Short Oversized Rain Jacket aggiunge un tocco speciale al look e ti fa sentire sempre a tuo agio, in ogni occasione.</p>","puffit.com","Ropa","Ropa","Abbigliamento, Novità, Selezione Juanjo","TRUE","Colore","Nero","Talla","S","stm-tex-short-oversized-rain-jacket-nero-s","54.99","79.99","0","continue","assets/products/generated-clothing-camel.png","1","STM-TEX Short Oversized Rain Jacket","Il tuo nuovo capo essenziale, semplice da indossare e facile da valorizzare. STM-TEX Short Oversized Rain Jacket aggiunge un tocco speciale al look e ti fa sentire sempre a tuo agio, in ogni occasione."
"stm-tex-short-oversized-rain-jacket","STM-TEX Short Oversized Rain Jacket","<p>Il tuo nuovo capo essenziale, semplice da indossare e facile da valorizzare. STM-TEX Short Oversized Rain Jacket aggiunge un tocco speciale al look e ti fa sentire sempre a tuo agio, in ogni occasione.</p>","puffit.com","Ropa","Ropa","Abbigliamento, Novità, Selezione Juanjo","TRUE","Colore","Nero","Talla","M","stm-tex-short-oversized-rain-jacket-nero-m","54.99","79.99","0","continue","assets/products/generated-clothing-camel.png","1","STM-TEX Short Oversized Rain Jacket","Il tuo nuovo capo essenziale, semplice da indossare e facile da valorizzare. STM-TEX Short Oversized Rain Jacket aggiunge un tocco speciale al look e ti fa sentire sempre a tuo agio, in ogni occasione."
"stm-tex-short-oversized-rain-jacket","STM-TEX Short Oversized Rain Jacket","<p>Il tuo nuovo capo essenziale, semplice da indossare e facile da valorizzare. STM-TEX Short Oversized Rain Jacket aggiunge un tocco speciale al look e ti fa sentire sempre a tuo agio, in ogni occasione.</p>","puffit.com","Ropa","Ropa","Abbigliamento, Novità, Selezione Juanjo","TRUE","Colore","Nero","Talla","L","stm-tex-short-oversized-rain-jacket-nero-l","54.99","79.99","0","continue","assets/products/generated-clothing-camel.png","1","STM-TEX Short Oversized Rain Jacket","Il tuo nuovo capo essenziale, semplice da indossare e facile da valorizzare. STM-TEX Short Oversized Rain Jacket aggiunge un tocco speciale al look e ti fa sentire sempre a tuo agio, in ogni occasione."
"stm-tex-short-oversized-rain-jacket","STM-TEX Short Oversized Rain Jacket","<p>Il tuo nuovo capo essenziale, semplice da indossare e facile da valorizzare. STM-TEX Short Oversized Rain Jacket aggiunge un tocco speciale al look e ti fa sentire sempre a tuo agio, in ogni occasione.</p>","puffit.com","Ropa","Ropa","Abbigliamento, Novità, Selezione Juanjo","TRUE","Colore","Nero","Talla","XL","stm-tex-short-oversized-rain-jacket-nero-xl","54.99","79.99","0","continue","assets/products/generated-clothing-camel.png","1","STM-TEX Short Oversized Rain Jacket","Il tuo nuovo capo essenziale, semplice da indossare e facile da valorizzare. STM-TEX Short Oversized Rain Jacket aggiunge un tocco speciale al look e ti fa sentire sempre a tuo agio, in ogni occasione."
"stm-tex-short-oversized-rain-jacket","STM-TEX Short Oversized Rain Jacket","<p>Il tuo nuovo capo essenziale, semplice da indossare e facile da valorizzare. STM-TEX Short Oversized Rain Jacket aggiunge un tocco speciale al look e ti fa sentire sempre a tuo agio, in ogni occasione.</p>","puffit.com","Ropa","Ropa","Abbigliamento, Novità, Selezione Juanjo","TRUE","Colore","Beige","Talla","S","stm-tex-short-oversized-rain-jacket-beige-s","54.99","79.99","0","continue","assets/products/generated-clothing-camel.png","1","STM-TEX Short Oversized Rain Jacket","Il tuo nuovo capo essenziale, semplice da indossare e facile da valorizzare. STM-TEX Short Oversized Rain Jacket aggiunge un tocco speciale al look e ti fa sentire sempre a tuo agio, in ogni occasione."
"stm-tex-short-oversized-rain-jacket","STM-TEX Short Oversized Rain Jacket","<p>Il tuo nuovo capo essenziale, semplice da indossare e facile da valorizzare. STM-TEX Short Oversized Rain Jacket aggiunge un tocco speciale al look e ti fa sentire sempre a tuo agio, in ogni occasione.</p>","puffit.com","Ropa","Ropa","Abbigliamento, Novità, Selezione Juanjo","TRUE","Colore","Beige","Talla","M","stm-tex-short-oversized-rain-jacket-beige-m","54.99","79.99","0","continue","assets/products/generated-clothing-camel.png","1","STM-TEX Short Oversized Rain Jacket","Il tuo nuovo capo essenziale, semplice da indossare e facile da valorizzare. STM-TEX Short Oversized Rain Jacket aggiunge un tocco speciale al look e ti fa sentire sempre a tuo agio, in ogni occasione."
"stm-tex-short-oversized-rain-jacket","STM-TEX Short Oversized Rain Jacket","<p>Il tuo nuovo capo essenziale, semplice da indossare e facile da valorizzare. STM-TEX Short Oversized Rain Jacket aggiunge un tocco speciale al look e ti fa sentire sempre a tuo agio, in ogni occasione.</p>","puffit.com","Ropa","Ropa","Abbigliamento, Novità, Selezione Juanjo","TRUE","Colore","Beige","Talla","L","stm-tex-short-oversized-rain-jacket-beige-l","54.99","79.99","0","continue","assets/products/generated-clothing-camel.png","1","STM-TEX Short Oversized Rain Jacket","Il tuo nuovo capo essenziale, semplice da indossare e facile da valorizzare. STM-TEX Short Oversized Rain Jacket aggiunge un tocco speciale al look e ti fa sentire sempre a tuo agio, in ogni occasione."
"stm-tex-short-oversized-rain-jacket","STM-TEX Short Oversized Rain Jacket","<p>Il tuo nuovo capo essenziale, semplice da indossare e facile da valorizzare. STM-TEX Short Oversized Rain Jacket aggiunge un tocco speciale al look e ti fa sentire sempre a tuo agio, in ogni occasione.</p>","puffit.com","Ropa","Ropa","Abbigliamento, Novità, Selezione Juanjo","TRUE","Colore","Beige","Talla","XL","stm-tex-short-oversized-rain-jacket-beige-xl","54.99","79.99","0","continue","assets/products/generated-clothing-camel.png","1","STM-TEX Short Oversized Rain Jacket","Il tuo nuovo capo essenziale, semplice da indossare e facile da valorizzare. STM-TEX Short Oversized Rain Jacket aggiunge un tocco speciale al look e ti fa sentire sempre a tuo agio, in ogni occasione."
"stm-tex-short-oversized-rain-jacket","STM-TEX Short Oversized Rain Jacket","<p>Il tuo nuovo capo essenziale, semplice da indossare e facile da valorizzare. STM-TEX Short Oversized Rain Jacket aggiunge un tocco speciale al look e ti fa sentire sempre a tuo agio, in ogni occasione.</p>","puffit.com","Ropa","Ropa","Abbigliamento, Novità, Selezione Juanjo","TRUE","Colore","Bianco","Talla","S","stm-tex-short-oversized-rain-jacket-bianco-s","54.99","79.99","0","continue","assets/products/generated-clothing-camel.png","1","STM-TEX Short Oversized Rain Jacket","Il tuo nuovo capo essenziale, semplice da indossare e facile da valorizzare. STM-TEX Short Oversized Rain Jacket aggiunge un tocco speciale al look e ti fa sentire sempre a tuo agio, in ogni occasione."
"stm-tex-short-oversized-rain-jacket","STM-TEX Short Oversized Rain Jacket","<p>Il tuo nuovo capo essenziale, semplice da indossare e facile da valorizzare. STM-TEX Short Oversized Rain Jacket aggiunge un tocco speciale al look e ti fa sentire sempre a tuo agio, in ogni occasione.</p>","puffit.com","Ropa","Ropa","Abbigliamento, Novità, Selezione Juanjo","TRUE","Colore","Bianco","Talla","M","stm-tex-short-oversized-rain-jacket-bianco-m","54.99","79.99","0","continue","assets/products/generated-clothing-camel.png","1","STM-TEX Short Oversized Rain Jacket","Il tuo nuovo capo essenziale, semplice da indossare e facile da valorizzare. STM-TEX Short Oversized Rain Jacket aggiunge un tocco speciale al look e ti fa sentire sempre a tuo agio, in ogni occasione."
"stm-tex-short-oversized-rain-jacket","STM-TEX Short Oversized Rain Jacket","<p>Il tuo nuovo capo essenziale, semplice da indossare e facile da valorizzare. STM-TEX Short Oversized Rain Jacket aggiunge un tocco speciale al look e ti fa sentire sempre a tuo agio, in ogni occasione.</p>","puffit.com","Ropa","Ropa","Abbigliamento, Novità, Selezione Juanjo","TRUE","Colore","Bianco","Talla","L","stm-tex-short-oversized-rain-jacket-bianco-l","54.99","79.99","0","continue","assets/products/generated-clothing-camel.png","1","STM-TEX Short Oversized Rain Jacket","Il tuo nuovo capo essenziale, semplice da indossare e facile da valorizzare. STM-TEX Short Oversized Rain Jacket aggiunge un tocco speciale al look e ti fa sentire sempre a tuo agio, in ogni occasione."
"stm-tex-short-oversized-rain-jacket","STM-TEX Short Oversized Rain Jacket","<p>Il tuo nuovo capo essenziale, semplice da indossare e facile da valorizzare. STM-TEX Short Oversized Rain Jacket aggiunge un tocco speciale al look e ti fa sentire sempre a tuo agio, in ogni occasione.</p>","puffit.com","Ropa","Ropa","Abbigliamento, Novità, Selezione Juanjo","TRUE","Colore","Bianco","Talla","XL","stm-tex-short-oversized-rain-jacket-bianco-xl","54.99","79.99","0","continue","assets/products/generated-clothing-camel.png","1","STM-TEX Short Oversized Rain Jacket","Il tuo nuovo capo essenziale, semplice da indossare e facile da valorizzare. STM-TEX Short Oversized Rain Jacket aggiunge un tocco speciale al look e ti fa sentire sempre a tuo agio, in ogni occasione."
"stm-tex-short-oversized-rain-jacket","STM-TEX Short Oversized Rain Jacket","<p>Il tuo nuovo capo essenziale, semplice da indossare e facile da valorizzare. STM-TEX Short Oversized Rain Jacket aggiunge un tocco speciale al look e ti fa sentire sempre a tuo agio, in ogni occasione.</p>","puffit.com","Ropa","Ropa","Abbigliamento, Novità, Selezione Juanjo","TRUE","Colore","Verde","Talla","S","stm-tex-short-oversized-rain-jacket-verde-s","54.99","79.99","0","continue","assets/products/generated-clothing-camel.png","1","STM-TEX Short Oversized Rain Jacket","Il tuo nuovo capo essenziale, semplice da indossare e facile da valorizzare. STM-TEX Short Oversized Rain Jacket aggiunge un tocco speciale al look e ti fa sentire sempre a tuo agio, in ogni occasione."
"stm-tex-short-oversized-rain-jacket","STM-TEX Short Oversized Rain Jacket","<p>Il tuo nuovo capo essenziale, semplice da indossare e facile da valorizzare. STM-TEX Short Oversized Rain Jacket aggiunge un tocco speciale al look e ti fa sentire sempre a tuo agio, in ogni occasione.</p>","puffit.com","Ropa","Ropa","Abbigliamento, Novità, Selezione Juanjo","TRUE","Colore","Verde","Talla","M","stm-tex-short-oversized-rain-jacket-verde-m","54.99","79.99","0","continue","assets/products/generated-clothing-camel.png","1","STM-TEX Short Oversized Rain Jacket","Il tuo nuovo capo essenziale, semplice da indossare e facile da valorizzare. STM-TEX Short Oversized Rain Jacket aggiunge un tocco speciale al look e ti fa sentire sempre a tuo agio, in ogni occasione."
"stm-tex-short-oversized-rain-jacket","STM-TEX Short Oversized Rain Jacket","<p>Il tuo nuovo capo essenziale, semplice da indossare e facile da valorizzare. STM-TEX Short Oversized Rain Jacket aggiunge un tocco speciale al look e ti fa sentire sempre a tuo agio, in ogni occasione.</p>","puffit.com","Ropa","Ropa","Abbigliamento, Novità, Selezione Juanjo","TRUE","Colore","Verde","Talla","L","stm-tex-short-oversized-rain-jacket-verde-l","54.99","79.99","0","continue","assets/products/generated-clothing-camel.png","1","STM-TEX Short Oversized Rain Jacket","Il tuo nuovo capo essenziale, semplice da indossare e facile da valorizzare. STM-TEX Short Oversized Rain Jacket aggiunge un tocco speciale al look e ti fa sentire sempre a tuo agio, in ogni occasione."
"stm-tex-short-oversized-rain-jacket","STM-TEX Short Oversized Rain Jacket","<p>Il tuo nuovo capo essenziale, semplice da indossare e facile da valorizzare. STM-TEX Short Oversized Rain Jacket aggiunge un tocco speciale al look e ti fa sentire sempre a tuo agio, in ogni occasione.</p>","puffit.com","Ropa","Ropa","Abbigliamento, Novità, Selezione Juanjo","TRUE","Colore","Verde","Talla","XL","stm-tex-short-oversized-rain-jacket-verde-xl","54.99","79.99","0","continue","assets/products/generated-clothing-camel.png","1","STM-TEX Short Oversized Rain Jacket","Il tuo nuovo capo essenziale, semplice da indossare e facile da valorizzare. STM-TEX Short Oversized Rain Jacket aggiunge un tocco speciale al look e ti fa sentire sempre a tuo agio, in ogni occasione."
"anti-roll-shaper-shorts","Anti-Roll Shaper Shorts","<p>Il tuo nuovo capo essenziale, semplice da indossare e facile da valorizzare. Anti-Roll Shaper Shorts aggiunge un tocco speciale al look e ti fa sentire sempre a tuo agio, in ogni occasione.</p>","tryfemlush.com","Ropa","Ropa","Abbigliamento, Novità, Selezione Juanjo","TRUE","Colore","Nero","Talla","S","anti-roll-shaper-shorts-nero-s","0.00","","0","continue","assets/products/generated-clothing-camel.png","1","Anti-Roll Shaper Shorts","Il tuo nuovo capo essenziale, semplice da indossare e facile da valorizzare. Anti-Roll Shaper Shorts aggiunge un tocco speciale al look e ti fa sentire sempre a tuo agio, in ogni occasione."
"anti-roll-shaper-shorts","Anti-Roll Shaper Shorts","<p>Il tuo nuovo capo essenziale, semplice da indossare e facile da valorizzare. Anti-Roll Shaper Shorts aggiunge un tocco speciale al look e ti fa sentire sempre a tuo agio, in ogni occasione.</p>","tryfemlush.com","Ropa","Ropa","Abbigliamento, Novità, Selezione Juanjo","TRUE","Colore","Nero","Talla","M","anti-roll-shaper-shorts-nero-m","0.00","","0","continue","assets/products/generated-clothing-camel.png","1","Anti-Roll Shaper Shorts","Il tuo nuovo capo essenziale, semplice da indossare e facile da valorizzare. Anti-Roll Shaper Shorts aggiunge un tocco speciale al look e ti fa sentire sempre a tuo agio, in ogni occasione."
"anti-roll-shaper-shorts","Anti-Roll Shaper Shorts","<p>Il tuo nuovo capo essenziale, semplice da indossare e facile da valorizzare. Anti-Roll Shaper Shorts aggiunge un tocco speciale al look e ti fa sentire sempre a tuo agio, in ogni occasione.</p>","tryfemlush.com","Ropa","Ropa","Abbigliamento, Novità, Selezione Juanjo","TRUE","Colore","Nero","Talla","L","anti-roll-shaper-shorts-nero-l","0.00","","0","continue","assets/products/generated-clothing-camel.png","1","Anti-Roll Shaper Shorts","Il tuo nuovo capo essenziale, semplice da indossare e facile da valorizzare. Anti-Roll Shaper Shorts aggiunge un tocco speciale al look e ti fa sentire sempre a tuo agio, in ogni occasione."
"anti-roll-shaper-shorts","Anti-Roll Shaper Shorts","<p>Il tuo nuovo capo essenziale, semplice da indossare e facile da valorizzare. Anti-Roll Shaper Shorts aggiunge un tocco speciale al look e ti fa sentire sempre a tuo agio, in ogni occasione.</p>","tryfemlush.com","Ropa","Ropa","Abbigliamento, Novità, Selezione Juanjo","TRUE","Colore","Nero","Talla","XL","anti-roll-shaper-shorts-nero-xl","0.00","","0","continue","assets/products/generated-clothing-camel.png","1","Anti-Roll Shaper Shorts","Il tuo nuovo capo essenziale, semplice da indossare e facile da valorizzare. Anti-Roll Shaper Shorts aggiunge un tocco speciale al look e ti fa sentire sempre a tuo agio, in ogni occasione."
"anti-roll-shaper-shorts","Anti-Roll Shaper Shorts","<p>Il tuo nuovo capo essenziale, semplice da indossare e facile da valorizzare. Anti-Roll Shaper Shorts aggiunge un tocco speciale al look e ti fa sentire sempre a tuo agio, in ogni occasione.</p>","tryfemlush.com","Ropa","Ropa","Abbigliamento, Novità, Selezione Juanjo","TRUE","Colore","Beige","Talla","S","anti-roll-shaper-shorts-beige-s","0.00","","0","continue","assets/products/generated-clothing-camel.png","1","Anti-Roll Shaper Shorts","Il tuo nuovo capo essenziale, semplice da indossare e facile da valorizzare. Anti-Roll Shaper Shorts aggiunge un tocco speciale al look e ti fa sentire sempre a tuo agio, in ogni occasione."
"anti-roll-shaper-shorts","Anti-Roll Shaper Shorts","<p>Il tuo nuovo capo essenziale, semplice da indossare e facile da valorizzare. Anti-Roll Shaper Shorts aggiunge un tocco speciale al look e ti fa sentire sempre a tuo agio, in ogni occasione.</p>","tryfemlush.com","Ropa","Ropa","Abbigliamento, Novità, Selezione Juanjo","TRUE","Colore","Beige","Talla","M","anti-roll-shaper-shorts-beige-m","0.00","","0","continue","assets/products/generated-clothing-camel.png","1","Anti-Roll Shaper Shorts","Il tuo nuovo capo essenziale, semplice da indossare e facile da valorizzare. Anti-Roll Shaper Shorts aggiunge un tocco speciale al look e ti fa sentire sempre a tuo agio, in ogni occasione."
"anti-roll-shaper-shorts","Anti-Roll Shaper Shorts","<p>Il tuo nuovo capo essenziale, semplice da indossare e facile da valorizzare. Anti-Roll Shaper Shorts aggiunge un tocco speciale al look e ti fa sentire sempre a tuo agio, in ogni occasione.</p>","tryfemlush.com","Ropa","Ropa","Abbigliamento, Novità, Selezione Juanjo","TRUE","Colore","Beige","Talla","L","anti-roll-shaper-shorts-beige-l","0.00","","0","continue","assets/products/generated-clothing-camel.png","1","Anti-Roll Shaper Shorts","Il tuo nuovo capo essenziale, semplice da indossare e facile da valorizzare. Anti-Roll Shaper Shorts aggiunge un tocco speciale al look e ti fa sentire sempre a tuo agio, in ogni occasione."
"anti-roll-shaper-shorts","Anti-Roll Shaper Shorts","<p>Il tuo nuovo capo essenziale, semplice da indossare e facile da valorizzare. Anti-Roll Shaper Shorts aggiunge un tocco speciale al look e ti fa sentire sempre a tuo agio, in ogni occasione.</p>","tryfemlush.com","Ropa","Ropa","Abbigliamento, Novità, Selezione Juanjo","TRUE","Colore","Beige","Talla","XL","anti-roll-shaper-shorts-beige-xl","0.00","","0","continue","assets/products/generated-clothing-camel.png","1","Anti-Roll Shaper Shorts","Il tuo nuovo capo essenziale, semplice da indossare e facile da valorizzare. Anti-Roll Shaper Shorts aggiunge un tocco speciale al look e ti fa sentire sempre a tuo agio, in ogni occasione."
"anti-roll-shaper-shorts","Anti-Roll Shaper Shorts","<p>Il tuo nuovo capo essenziale, semplice da indossare e facile da valorizzare. Anti-Roll Shaper Shorts aggiunge un tocco speciale al look e ti fa sentire sempre a tuo agio, in ogni occasione.</p>","tryfemlush.com","Ropa","Ropa","Abbigliamento, Novità, Selezione Juanjo","TRUE","Colore","Bianco","Talla","S","anti-roll-shaper-shorts-bianco-s","0.00","","0","continue","assets/products/generated-clothing-camel.png","1","Anti-Roll Shaper Shorts","Il tuo nuovo capo essenziale, semplice da indossare e facile da valorizzare. Anti-Roll Shaper Shorts aggiunge un tocco speciale al look e ti fa sentire sempre a tuo agio, in ogni occasione."
"anti-roll-shaper-shorts","Anti-Roll Shaper Shorts","<p>Il tuo nuovo capo essenziale, semplice da indossare e facile da valorizzare. Anti-Roll Shaper Shorts aggiunge un tocco speciale al look e ti fa sentire sempre a tuo agio, in ogni occasione.</p>","tryfemlush.com","Ropa","Ropa","Abbigliamento, Novità, Selezione Juanjo","TRUE","Colore","Bianco","Talla","M","anti-roll-shaper-shorts-bianco-m","0.00","","0","continue","assets/products/generated-clothing-camel.png","1","Anti-Roll Shaper Shorts","Il tuo nuovo capo essenziale, semplice da indossare e facile da valorizzare. Anti-Roll Shaper Shorts aggiunge un tocco speciale al look e ti fa sentire sempre a tuo agio, in ogni occasione."
"anti-roll-shaper-shorts","Anti-Roll Shaper Shorts","<p>Il tuo nuovo capo essenziale, semplice da indossare e facile da valorizzare. Anti-Roll Shaper Shorts aggiunge un tocco speciale al look e ti fa sentire sempre a tuo agio, in ogni occasione.</p>","tryfemlush.com","Ropa","Ropa","Abbigliamento, Novità, Selezione Juanjo","TRUE","Colore","Bianco","Talla","L","anti-roll-shaper-shorts-bianco-l","0.00","","0","continue","assets/products/generated-clothing-camel.png","1","Anti-Roll Shaper Shorts","Il tuo nuovo capo essenziale, semplice da indossare e facile da valorizzare. Anti-Roll Shaper Shorts aggiunge un tocco speciale al look e ti fa sentire sempre a tuo agio, in ogni occasione."
"anti-roll-shaper-shorts","Anti-Roll Shaper Shorts","<p>Il tuo nuovo capo essenziale, semplice da indossare e facile da valorizzare. Anti-Roll Shaper Shorts aggiunge un tocco speciale al look e ti fa sentire sempre a tuo agio, in ogni occasione.</p>","tryfemlush.com","Ropa","Ropa","Abbigliamento, Novità, Selezione Juanjo","TRUE","Colore","Bianco","Talla","XL","anti-roll-shaper-shorts-bianco-xl","0.00","","0","continue","assets/products/generated-clothing-camel.png","1","Anti-Roll Shaper Shorts","Il tuo nuovo capo essenziale, semplice da indossare e facile da valorizzare. Anti-Roll Shaper Shorts aggiunge un tocco speciale al look e ti fa sentire sempre a tuo agio, in ogni occasione."
"anti-roll-shaper-shorts","Anti-Roll Shaper Shorts","<p>Il tuo nuovo capo essenziale, semplice da indossare e facile da valorizzare. Anti-Roll Shaper Shorts aggiunge un tocco speciale al look e ti fa sentire sempre a tuo agio, in ogni occasione.</p>","tryfemlush.com","Ropa","Ropa","Abbigliamento, Novità, Selezione Juanjo","TRUE","Colore","Verde","Talla","S","anti-roll-shaper-shorts-verde-s","0.00","","0","continue","assets/products/generated-clothing-camel.png","1","Anti-Roll Shaper Shorts","Il tuo nuovo capo essenziale, semplice da indossare e facile da valorizzare. Anti-Roll Shaper Shorts aggiunge un tocco speciale al look e ti fa sentire sempre a tuo agio, in ogni occasione."
"anti-roll-shaper-shorts","Anti-Roll Shaper Shorts","<p>Il tuo nuovo capo essenziale, semplice da indossare e facile da valorizzare. Anti-Roll Shaper Shorts aggiunge un tocco speciale al look e ti fa sentire sempre a tuo agio, in ogni occasione.</p>","tryfemlush.com","Ropa","Ropa","Abbigliamento, Novità, Selezione Juanjo","TRUE","Colore","Verde","Talla","M","anti-roll-shaper-shorts-verde-m","0.00","","0","continue","assets/products/generated-clothing-camel.png","1","Anti-Roll Shaper Shorts","Il tuo nuovo capo essenziale, semplice da indossare e facile da valorizzare. Anti-Roll Shaper Shorts aggiunge un tocco speciale al look e ti fa sentire sempre a tuo agio, in ogni occasione."
"anti-roll-shaper-shorts","Anti-Roll Shaper Shorts","<p>Il tuo nuovo capo essenziale, semplice da indossare e facile da valorizzare. Anti-Roll Shaper Shorts aggiunge un tocco speciale al look e ti fa sentire sempre a tuo agio, in ogni occasione.</p>","tryfemlush.com","Ropa","Ropa","Abbigliamento, Novità, Selezione Juanjo","TRUE","Colore","Verde","Talla","L","anti-roll-shaper-shorts-verde-l","0.00","","0","continue","assets/products/generated-clothing-camel.png","1","Anti-Roll Shaper Shorts","Il tuo nuovo capo essenziale, semplice da indossare e facile da valorizzare. Anti-Roll Shaper Shorts aggiunge un tocco speciale al look e ti fa sentire sempre a tuo agio, in ogni occasione."
"anti-roll-shaper-shorts","Anti-Roll Shaper Shorts","<p>Il tuo nuovo capo essenziale, semplice da indossare e facile da valorizzare. Anti-Roll Shaper Shorts aggiunge un tocco speciale al look e ti fa sentire sempre a tuo agio, in ogni occasione.</p>","tryfemlush.com","Ropa","Ropa","Abbigliamento, Novità, Selezione Juanjo","TRUE","Colore","Verde","Talla","XL","anti-roll-shaper-shorts-verde-xl","0.00","","0","continue","assets/products/generated-clothing-camel.png","1","Anti-Roll Shaper Shorts","Il tuo nuovo capo essenziale, semplice da indossare e facile da valorizzare. Anti-Roll Shaper Shorts aggiunge un tocco speciale al look e ti fa sentire sempre a tuo agio, in ogni occasione."
"sheer-illusion-fleece-lined-tights","Sheer Illusion Fleece-Lined Tights","<p>Il tuo nuovo capo essenziale, semplice da indossare e facile da valorizzare. Sheer Illusion Fleece-Lined Tights aggiunge un tocco speciale al look e ti fa sentire sempre a tuo agio, in ogni occasione.</p>","irazia.com","Ropa","Ropa","Abbigliamento, Novità, Selezione Juanjo","TRUE","Colore","Nero","Talla","S","sheer-illusion-fleece-lined-tights-nero-s","27.00","46.00","0","continue","assets/products/generated-clothing-camel.png","1","Sheer Illusion Fleece-Lined Tights","Il tuo nuovo capo essenziale, semplice da indossare e facile da valorizzare. Sheer Illusion Fleece-Lined Tights aggiunge un tocco speciale al look e ti fa sentire sempre a tuo agio, in ogni occasione."
"sheer-illusion-fleece-lined-tights","Sheer Illusion Fleece-Lined Tights","<p>Il tuo nuovo capo essenziale, semplice da indossare e facile da valorizzare. Sheer Illusion Fleece-Lined Tights aggiunge un tocco speciale al look e ti fa sentire sempre a tuo agio, in ogni occasione.</p>","irazia.com","Ropa","Ropa","Abbigliamento, Novità, Selezione Juanjo","TRUE","Colore","Nero","Talla","M","sheer-illusion-fleece-lined-tights-nero-m","27.00","46.00","0","continue","assets/products/generated-clothing-camel.png","1","Sheer Illusion Fleece-Lined Tights","Il tuo nuovo capo essenziale, semplice da indossare e facile da valorizzare. Sheer Illusion Fleece-Lined Tights aggiunge un tocco speciale al look e ti fa sentire sempre a tuo agio, in ogni occasione."
"sheer-illusion-fleece-lined-tights","Sheer Illusion Fleece-Lined Tights","<p>Il tuo nuovo capo essenziale, semplice da indossare e facile da valorizzare. Sheer Illusion Fleece-Lined Tights aggiunge un tocco speciale al look e ti fa sentire sempre a tuo agio, in ogni occasione.</p>","irazia.com","Ropa","Ropa","Abbigliamento, Novità, Selezione Juanjo","TRUE","Colore","Nero","Talla","L","sheer-illusion-fleece-lined-tights-nero-l","27.00","46.00","0","continue","assets/products/generated-clothing-camel.png","1","Sheer Illusion Fleece-Lined Tights","Il tuo nuovo capo essenziale, semplice da indossare e facile da valorizzare. Sheer Illusion Fleece-Lined Tights aggiunge un tocco speciale al look e ti fa sentire sempre a tuo agio, in ogni occasione."
"sheer-illusion-fleece-lined-tights","Sheer Illusion Fleece-Lined Tights","<p>Il tuo nuovo capo essenziale, semplice da indossare e facile da valorizzare. Sheer Illusion Fleece-Lined Tights aggiunge un tocco speciale al look e ti fa sentire sempre a tuo agio, in ogni occasione.</p>","irazia.com","Ropa","Ropa","Abbigliamento, Novità, Selezione Juanjo","TRUE","Colore","Nero","Talla","XL","sheer-illusion-fleece-lined-tights-nero-xl","27.00","46.00","0","continue","assets/products/generated-clothing-camel.png","1","Sheer Illusion Fleece-Lined Tights","Il tuo nuovo capo essenziale, semplice da indossare e facile da valorizzare. Sheer Illusion Fleece-Lined Tights aggiunge un tocco speciale al look e ti fa sentire sempre a tuo agio, in ogni occasione."
"sheer-illusion-fleece-lined-tights","Sheer Illusion Fleece-Lined Tights","<p>Il tuo nuovo capo essenziale, semplice da indossare e facile da valorizzare. Sheer Illusion Fleece-Lined Tights aggiunge un tocco speciale al look e ti fa sentire sempre a tuo agio, in ogni occasione.</p>","irazia.com","Ropa","Ropa","Abbigliamento, Novità, Selezione Juanjo","TRUE","Colore","Beige","Talla","S","sheer-illusion-fleece-lined-tights-beige-s","27.00","46.00","0","continue","assets/products/generated-clothing-camel.png","1","Sheer Illusion Fleece-Lined Tights","Il tuo nuovo capo essenziale, semplice da indossare e facile da valorizzare. Sheer Illusion Fleece-Lined Tights aggiunge un tocco speciale al look e ti fa sentire sempre a tuo agio, in ogni occasione."
"sheer-illusion-fleece-lined-tights","Sheer Illusion Fleece-Lined Tights","<p>Il tuo nuovo capo essenziale, semplice da indossare e facile da valorizzare. Sheer Illusion Fleece-Lined Tights aggiunge un tocco speciale al look e ti fa sentire sempre a tuo agio, in ogni occasione.</p>","irazia.com","Ropa","Ropa","Abbigliamento, Novità, Selezione Juanjo","TRUE","Colore","Beige","Talla","M","sheer-illusion-fleece-lined-tights-beige-m","27.00","46.00","0","continue","assets/products/generated-clothing-camel.png","1","Sheer Illusion Fleece-Lined Tights","Il tuo nuovo capo essenziale, semplice da indossare e facile da valorizzare. Sheer Illusion Fleece-Lined Tights aggiunge un tocco speciale al look e ti fa sentire sempre a tuo agio, in ogni occasione."
"sheer-illusion-fleece-lined-tights","Sheer Illusion Fleece-Lined Tights","<p>Il tuo nuovo capo essenziale, semplice da indossare e facile da valorizzare. Sheer Illusion Fleece-Lined Tights aggiunge un tocco speciale al look e ti fa sentire sempre a tuo agio, in ogni occasione.</p>","irazia.com","Ropa","Ropa","Abbigliamento, Novità, Selezione Juanjo","TRUE","Colore","Beige","Talla","L","sheer-illusion-fleece-lined-tights-beige-l","27.00","46.00","0","continue","assets/products/generated-clothing-camel.png","1","Sheer Illusion Fleece-Lined Tights","Il tuo nuovo capo essenziale, semplice da indossare e facile da valorizzare. Sheer Illusion Fleece-Lined Tights aggiunge un tocco speciale al look e ti fa sentire sempre a tuo agio, in ogni occasione."
"sheer-illusion-fleece-lined-tights","Sheer Illusion Fleece-Lined Tights","<p>Il tuo nuovo capo essenziale, semplice da indossare e facile da valorizzare. Sheer Illusion Fleece-Lined Tights aggiunge un tocco speciale al look e ti fa sentire sempre a tuo agio, in ogni occasione.</p>","irazia.com","Ropa","Ropa","Abbigliamento, Novità, Selezione Juanjo","TRUE","Colore","Beige","Talla","XL","sheer-illusion-fleece-lined-tights-beige-xl","27.00","46.00","0","continue","assets/products/generated-clothing-camel.png","1","Sheer Illusion Fleece-Lined Tights","Il tuo nuovo capo essenziale, semplice da indossare e facile da valorizzare. Sheer Illusion Fleece-Lined Tights aggiunge un tocco speciale al look e ti fa sentire sempre a tuo agio, in ogni occasione."
"sheer-illusion-fleece-lined-tights","Sheer Illusion Fleece-Lined Tights","<p>Il tuo nuovo capo essenziale, semplice da indossare e facile da valorizzare. Sheer Illusion Fleece-Lined Tights aggiunge un tocco speciale al look e ti fa sentire sempre a tuo agio, in ogni occasione.</p>","irazia.com","Ropa","Ropa","Abbigliamento, Novità, Selezione Juanjo","TRUE","Colore","Bianco","Talla","S","sheer-illusion-fleece-lined-tights-bianco-s","27.00","46.00","0","continue","assets/products/generated-clothing-camel.png","1","Sheer Illusion Fleece-Lined Tights","Il tuo nuovo capo essenziale, semplice da indossare e facile da valorizzare. Sheer Illusion Fleece-Lined Tights aggiunge un tocco speciale al look e ti fa sentire sempre a tuo agio, in ogni occasione."
"sheer-illusion-fleece-lined-tights","Sheer Illusion Fleece-Lined Tights","<p>Il tuo nuovo capo essenziale, semplice da indossare e facile da valorizzare. Sheer Illusion Fleece-Lined Tights aggiunge un tocco speciale al look e ti fa sentire sempre a tuo agio, in ogni occasione.</p>","irazia.com","Ropa","Ropa","Abbigliamento, Novità, Selezione Juanjo","TRUE","Colore","Bianco","Talla","M","sheer-illusion-fleece-lined-tights-bianco-m","27.00","46.00","0","continue","assets/products/generated-clothing-camel.png","1","Sheer Illusion Fleece-Lined Tights","Il tuo nuovo capo essenziale, semplice da indossare e facile da valorizzare. Sheer Illusion Fleece-Lined Tights aggiunge un tocco speciale al look e ti fa sentire sempre a tuo agio, in ogni occasione."
"sheer-illusion-fleece-lined-tights","Sheer Illusion Fleece-Lined Tights","<p>Il tuo nuovo capo essenziale, semplice da indossare e facile da valorizzare. Sheer Illusion Fleece-Lined Tights aggiunge un tocco speciale al look e ti fa sentire sempre a tuo agio, in ogni occasione.</p>","irazia.com","Ropa","Ropa","Abbigliamento, Novità, Selezione Juanjo","TRUE","Colore","Bianco","Talla","L","sheer-illusion-fleece-lined-tights-bianco-l","27.00","46.00","0","continue","assets/products/generated-clothing-camel.png","1","Sheer Illusion Fleece-Lined Tights","Il tuo nuovo capo essenziale, semplice da indossare e facile da valorizzare. Sheer Illusion Fleece-Lined Tights aggiunge un tocco speciale al look e ti fa sentire sempre a tuo agio, in ogni occasione."
"sheer-illusion-fleece-lined-tights","Sheer Illusion Fleece-Lined Tights","<p>Il tuo nuovo capo essenziale, semplice da indossare e facile da valorizzare. Sheer Illusion Fleece-Lined Tights aggiunge un tocco speciale al look e ti fa sentire sempre a tuo agio, in ogni occasione.</p>","irazia.com","Ropa","Ropa","Abbigliamento, Novità, Selezione Juanjo","TRUE","Colore","Bianco","Talla","XL","sheer-illusion-fleece-lined-tights-bianco-xl","27.00","46.00","0","continue","assets/products/generated-clothing-camel.png","1","Sheer Illusion Fleece-Lined Tights","Il tuo nuovo capo essenziale, semplice da indossare e facile da valorizzare. Sheer Illusion Fleece-Lined Tights aggiunge un tocco speciale al look e ti fa sentire sempre a tuo agio, in ogni occasione."
"sheer-illusion-fleece-lined-tights","Sheer Illusion Fleece-Lined Tights","<p>Il tuo nuovo capo essenziale, semplice da indossare e facile da valorizzare. Sheer Illusion Fleece-Lined Tights aggiunge un tocco speciale al look e ti fa sentire sempre a tuo agio, in ogni occasione.</p>","irazia.com","Ropa","Ropa","Abbigliamento, Novità, Selezione Juanjo","TRUE","Colore","Verde","Talla","S","sheer-illusion-fleece-lined-tights-verde-s","27.00","46.00","0","continue","assets/products/generated-clothing-camel.png","1","Sheer Illusion Fleece-Lined Tights","Il tuo nuovo capo essenziale, semplice da indossare e facile da valorizzare. Sheer Illusion Fleece-Lined Tights aggiunge un tocco speciale al look e ti fa sentire sempre a tuo agio, in ogni occasione."
"sheer-illusion-fleece-lined-tights","Sheer Illusion Fleece-Lined Tights","<p>Il tuo nuovo capo essenziale, semplice da indossare e facile da valorizzare. Sheer Illusion Fleece-Lined Tights aggiunge un tocco speciale al look e ti fa sentire sempre a tuo agio, in ogni occasione.</p>","irazia.com","Ropa","Ropa","Abbigliamento, Novità, Selezione Juanjo","TRUE","Colore","Verde","Talla","M","sheer-illusion-fleece-lined-tights-verde-m","27.00","46.00","0","continue","assets/products/generated-clothing-camel.png","1","Sheer Illusion Fleece-Lined Tights","Il tuo nuovo capo essenziale, semplice da indossare e facile da valorizzare. Sheer Illusion Fleece-Lined Tights aggiunge un tocco speciale al look e ti fa sentire sempre a tuo agio, in ogni occasione."
"sheer-illusion-fleece-lined-tights","Sheer Illusion Fleece-Lined Tights","<p>Il tuo nuovo capo essenziale, semplice da indossare e facile da valorizzare. Sheer Illusion Fleece-Lined Tights aggiunge un tocco speciale al look e ti fa sentire sempre a tuo agio, in ogni occasione.</p>","irazia.com","Ropa","Ropa","Abbigliamento, Novità, Selezione Juanjo","TRUE","Colore","Verde","Talla","L","sheer-illusion-fleece-lined-tights-verde-l","27.00","46.00","0","continue","assets/products/generated-clothing-camel.png","1","Sheer Illusion Fleece-Lined Tights","Il tuo nuovo capo essenziale, semplice da indossare e facile da valorizzare. Sheer Illusion Fleece-Lined Tights aggiunge un tocco speciale al look e ti fa sentire sempre a tuo agio, in ogni occasione."
"sheer-illusion-fleece-lined-tights","Sheer Illusion Fleece-Lined Tights","<p>Il tuo nuovo capo essenziale, semplice da indossare e facile da valorizzare. Sheer Illusion Fleece-Lined Tights aggiunge un tocco speciale al look e ti fa sentire sempre a tuo agio, in ogni occasione.</p>","irazia.com","Ropa","Ropa","Abbigliamento, Novità, Selezione Juanjo","TRUE","Colore","Verde","Talla","XL","sheer-illusion-fleece-lined-tights-verde-xl","27.00","46.00","0","continue","assets/products/generated-clothing-camel.png","1","Sheer Illusion Fleece-Lined Tights","Il tuo nuovo capo essenziale, semplice da indossare e facile da valorizzare. Sheer Illusion Fleece-Lined Tights aggiunge un tocco speciale al look e ti fa sentire sempre a tuo agio, in ogni occasione."
"tuck-n-lift-seamless-slip-short","Tuck-N-Lift Seamless Slip Short","<p>Il tuo nuovo capo essenziale, semplice da indossare e facile da valorizzare. Tuck-N-Lift Seamless Slip Short aggiunge un tocco speciale al look e ti fa sentire sempre a tuo agio, in ogni occasione.</p>","bellashapewear.com","Ropa","Ropa","Abbigliamento, Novità, Selezione Juanjo","TRUE","Colore","Nero","Talla","S","tuck-n-lift-seamless-slip-short-nero-s","35.00","","0","continue","assets/products/generated-clothing-camel.png","1","Tuck-N-Lift Seamless Slip Short","Il tuo nuovo capo essenziale, semplice da indossare e facile da valorizzare. Tuck-N-Lift Seamless Slip Short aggiunge un tocco speciale al look e ti fa sentire sempre a tuo agio, in ogni occasione."
"tuck-n-lift-seamless-slip-short","Tuck-N-Lift Seamless Slip Short","<p>Il tuo nuovo capo essenziale, semplice da indossare e facile da valorizzare. Tuck-N-Lift Seamless Slip Short aggiunge un tocco speciale al look e ti fa sentire sempre a tuo agio, in ogni occasione.</p>","bellashapewear.com","Ropa","Ropa","Abbigliamento, Novità, Selezione Juanjo","TRUE","Colore","Nero","Talla","M","tuck-n-lift-seamless-slip-short-nero-m","35.00","","0","continue","assets/products/generated-clothing-camel.png","1","Tuck-N-Lift Seamless Slip Short","Il tuo nuovo capo essenziale, semplice da indossare e facile da valorizzare. Tuck-N-Lift Seamless Slip Short aggiunge un tocco speciale al look e ti fa sentire sempre a tuo agio, in ogni occasione."
"tuck-n-lift-seamless-slip-short","Tuck-N-Lift Seamless Slip Short","<p>Il tuo nuovo capo essenziale, semplice da indossare e facile da valorizzare. Tuck-N-Lift Seamless Slip Short aggiunge un tocco speciale al look e ti fa sentire sempre a tuo agio, in ogni occasione.</p>","bellashapewear.com","Ropa","Ropa","Abbigliamento, Novità, Selezione Juanjo","TRUE","Colore","Nero","Talla","L","tuck-n-lift-seamless-slip-short-nero-l","35.00","","0","continue","assets/products/generated-clothing-camel.png","1","Tuck-N-Lift Seamless Slip Short","Il tuo nuovo capo essenziale, semplice da indossare e facile da valorizzare. Tuck-N-Lift Seamless Slip Short aggiunge un tocco speciale al look e ti fa sentire sempre a tuo agio, in ogni occasione."
"tuck-n-lift-seamless-slip-short","Tuck-N-Lift Seamless Slip Short","<p>Il tuo nuovo capo essenziale, semplice da indossare e facile da valorizzare. Tuck-N-Lift Seamless Slip Short aggiunge un tocco speciale al look e ti fa sentire sempre a tuo agio, in ogni occasione.</p>","bellashapewear.com","Ropa","Ropa","Abbigliamento, Novità, Selezione Juanjo","TRUE","Colore","Nero","Talla","XL","tuck-n-lift-seamless-slip-short-nero-xl","35.00","","0","continue","assets/products/generated-clothing-camel.png","1","Tuck-N-Lift Seamless Slip Short","Il tuo nuovo capo essenziale, semplice da indossare e facile da valorizzare. Tuck-N-Lift Seamless Slip Short aggiunge un tocco speciale al look e ti fa sentire sempre a tuo agio, in ogni occasione."
"tuck-n-lift-seamless-slip-short","Tuck-N-Lift Seamless Slip Short","<p>Il tuo nuovo capo essenziale, semplice da indossare e facile da valorizzare. Tuck-N-Lift Seamless Slip Short aggiunge un tocco speciale al look e ti fa sentire sempre a tuo agio, in ogni occasione.</p>","bellashapewear.com","Ropa","Ropa","Abbigliamento, Novità, Selezione Juanjo","TRUE","Colore","Beige","Talla","S","tuck-n-lift-seamless-slip-short-beige-s","35.00","","0","continue","assets/products/generated-clothing-camel.png","1","Tuck-N-Lift Seamless Slip Short","Il tuo nuovo capo essenziale, semplice da indossare e facile da valorizzare. Tuck-N-Lift Seamless Slip Short aggiunge un tocco speciale al look e ti fa sentire sempre a tuo agio, in ogni occasione."
"tuck-n-lift-seamless-slip-short","Tuck-N-Lift Seamless Slip Short","<p>Il tuo nuovo capo essenziale, semplice da indossare e facile da valorizzare. Tuck-N-Lift Seamless Slip Short aggiunge un tocco speciale al look e ti fa sentire sempre a tuo agio, in ogni occasione.</p>","bellashapewear.com","Ropa","Ropa","Abbigliamento, Novità, Selezione Juanjo","TRUE","Colore","Beige","Talla","M","tuck-n-lift-seamless-slip-short-beige-m","35.00","","0","continue","assets/products/generated-clothing-camel.png","1","Tuck-N-Lift Seamless Slip Short","Il tuo nuovo capo essenziale, semplice da indossare e facile da valorizzare. Tuck-N-Lift Seamless Slip Short aggiunge un tocco speciale al look e ti fa sentire sempre a tuo agio, in ogni occasione."
"tuck-n-lift-seamless-slip-short","Tuck-N-Lift Seamless Slip Short","<p>Il tuo nuovo capo essenziale, semplice da indossare e facile da valorizzare. Tuck-N-Lift Seamless Slip Short aggiunge un tocco speciale al look e ti fa sentire sempre a tuo agio, in ogni occasione.</p>","bellashapewear.com","Ropa","Ropa","Abbigliamento, Novità, Selezione Juanjo","TRUE","Colore","Beige","Talla","L","tuck-n-lift-seamless-slip-short-beige-l","35.00","","0","continue","assets/products/generated-clothing-camel.png","1","Tuck-N-Lift Seamless Slip Short","Il tuo nuovo capo essenziale, semplice da indossare e facile da valorizzare. Tuck-N-Lift Seamless Slip Short aggiunge un tocco speciale al look e ti fa sentire sempre a tuo agio, in ogni occasione."
"tuck-n-lift-seamless-slip-short","Tuck-N-Lift Seamless Slip Short","<p>Il tuo nuovo capo essenziale, semplice da indossare e facile da valorizzare. Tuck-N-Lift Seamless Slip Short aggiunge un tocco speciale al look e ti fa sentire sempre a tuo agio, in ogni occasione.</p>","bellashapewear.com","Ropa","Ropa","Abbigliamento, Novità, Selezione Juanjo","TRUE","Colore","Beige","Talla","XL","tuck-n-lift-seamless-slip-short-beige-xl","35.00","","0","continue","assets/products/generated-clothing-camel.png","1","Tuck-N-Lift Seamless Slip Short","Il tuo nuovo capo essenziale, semplice da indossare e facile da valorizzare. Tuck-N-Lift Seamless Slip Short aggiunge un tocco speciale al look e ti fa sentire sempre a tuo agio, in ogni occasione."
"tuck-n-lift-seamless-slip-short","Tuck-N-Lift Seamless Slip Short","<p>Il tuo nuovo capo essenziale, semplice da indossare e facile da valorizzare. Tuck-N-Lift Seamless Slip Short aggiunge un tocco speciale al look e ti fa sentire sempre a tuo agio, in ogni occasione.</p>","bellashapewear.com","Ropa","Ropa","Abbigliamento, Novità, Selezione Juanjo","TRUE","Colore","Bianco","Talla","S","tuck-n-lift-seamless-slip-short-bianco-s","35.00","","0","continue","assets/products/generated-clothing-camel.png","1","Tuck-N-Lift Seamless Slip Short","Il tuo nuovo capo essenziale, semplice da indossare e facile da valorizzare. Tuck-N-Lift Seamless Slip Short aggiunge un tocco speciale al look e ti fa sentire sempre a tuo agio, in ogni occasione."
"tuck-n-lift-seamless-slip-short","Tuck-N-Lift Seamless Slip Short","<p>Il tuo nuovo capo essenziale, semplice da indossare e facile da valorizzare. Tuck-N-Lift Seamless Slip Short aggiunge un tocco speciale al look e ti fa sentire sempre a tuo agio, in ogni occasione.</p>","bellashapewear.com","Ropa","Ropa","Abbigliamento, Novità, Selezione Juanjo","TRUE","Colore","Bianco","Talla","M","tuck-n-lift-seamless-slip-short-bianco-m","35.00","","0","continue","assets/products/generated-clothing-camel.png","1","Tuck-N-Lift Seamless Slip Short","Il tuo nuovo capo essenziale, semplice da indossare e facile da valorizzare. Tuck-N-Lift Seamless Slip Short aggiunge un tocco speciale al look e ti fa sentire sempre a tuo agio, in ogni occasione."
"tuck-n-lift-seamless-slip-short","Tuck-N-Lift Seamless Slip Short","<p>Il tuo nuovo capo essenziale, semplice da indossare e facile da valorizzare. Tuck-N-Lift Seamless Slip Short aggiunge un tocco speciale al look e ti fa sentire sempre a tuo agio, in ogni occasione.</p>","bellashapewear.com","Ropa","Ropa","Abbigliamento, Novità, Selezione Juanjo","TRUE","Colore","Bianco","Talla","L","tuck-n-lift-seamless-slip-short-bianco-l","35.00","","0","continue","assets/products/generated-clothing-camel.png","1","Tuck-N-Lift Seamless Slip Short","Il tuo nuovo capo essenziale, semplice da indossare e facile da valorizzare. Tuck-N-Lift Seamless Slip Short aggiunge un tocco speciale al look e ti fa sentire sempre a tuo agio, in ogni occasione."
"tuck-n-lift-seamless-slip-short","Tuck-N-Lift Seamless Slip Short","<p>Il tuo nuovo capo essenziale, semplice da indossare e facile da valorizzare. Tuck-N-Lift Seamless Slip Short aggiunge un tocco speciale al look e ti fa sentire sempre a tuo agio, in ogni occasione.</p>","bellashapewear.com","Ropa","Ropa","Abbigliamento, Novità, Selezione Juanjo","TRUE","Colore","Bianco","Talla","XL","tuck-n-lift-seamless-slip-short-bianco-xl","35.00","","0","continue","assets/products/generated-clothing-camel.png","1","Tuck-N-Lift Seamless Slip Short","Il tuo nuovo capo essenziale, semplice da indossare e facile da valorizzare. Tuck-N-Lift Seamless Slip Short aggiunge un tocco speciale al look e ti fa sentire sempre a tuo agio, in ogni occasione."
"tuck-n-lift-seamless-slip-short","Tuck-N-Lift Seamless Slip Short","<p>Il tuo nuovo capo essenziale, semplice da indossare e facile da valorizzare. Tuck-N-Lift Seamless Slip Short aggiunge un tocco speciale al look e ti fa sentire sempre a tuo agio, in ogni occasione.</p>","bellashapewear.com","Ropa","Ropa","Abbigliamento, Novità, Selezione Juanjo","TRUE","Colore","Verde","Talla","S","tuck-n-lift-seamless-slip-short-verde-s","35.00","","0","continue","assets/products/generated-clothing-camel.png","1","Tuck-N-Lift Seamless Slip Short","Il tuo nuovo capo essenziale, semplice da indossare e facile da valorizzare. Tuck-N-Lift Seamless Slip Short aggiunge un tocco speciale al look e ti fa sentire sempre a tuo agio, in ogni occasione."
"tuck-n-lift-seamless-slip-short","Tuck-N-Lift Seamless Slip Short","<p>Il tuo nuovo capo essenziale, semplice da indossare e facile da valorizzare. Tuck-N-Lift Seamless Slip Short aggiunge un tocco speciale al look e ti fa sentire sempre a tuo agio, in ogni occasione.</p>","bellashapewear.com","Ropa","Ropa","Abbigliamento, Novità, Selezione Juanjo","TRUE","Colore","Verde","Talla","M","tuck-n-lift-seamless-slip-short-verde-m","35.00","","0","continue","assets/products/generated-clothing-camel.png","1","Tuck-N-Lift Seamless Slip Short","Il tuo nuovo capo essenziale, semplice da indossare e facile da valorizzare. Tuck-N-Lift Seamless Slip Short aggiunge un tocco speciale al look e ti fa sentire sempre a tuo agio, in ogni occasione."
"tuck-n-lift-seamless-slip-short","Tuck-N-Lift Seamless Slip Short","<p>Il tuo nuovo capo essenziale, semplice da indossare e facile da valorizzare. Tuck-N-Lift Seamless Slip Short aggiunge un tocco speciale al look e ti fa sentire sempre a tuo agio, in ogni occasione.</p>","bellashapewear.com","Ropa","Ropa","Abbigliamento, Novità, Selezione Juanjo","TRUE","Colore","Verde","Talla","L","tuck-n-lift-seamless-slip-short-verde-l","35.00","","0","continue","assets/products/generated-clothing-camel.png","1","Tuck-N-Lift Seamless Slip Short","Il tuo nuovo capo essenziale, semplice da indossare e facile da valorizzare. Tuck-N-Lift Seamless Slip Short aggiunge un tocco speciale al look e ti fa sentire sempre a tuo agio, in ogni occasione."
"tuck-n-lift-seamless-slip-short","Tuck-N-Lift Seamless Slip Short","<p>Il tuo nuovo capo essenziale, semplice da indossare e facile da valorizzare. Tuck-N-Lift Seamless Slip Short aggiunge un tocco speciale al look e ti fa sentire sempre a tuo agio, in ogni occasione.</p>","bellashapewear.com","Ropa","Ropa","Abbigliamento, Novità, Selezione Juanjo","TRUE","Colore","Verde","Talla","XL","tuck-n-lift-seamless-slip-short-verde-xl","35.00","","0","continue","assets/products/generated-clothing-camel.png","1","Tuck-N-Lift Seamless Slip Short","Il tuo nuovo capo essenziale, semplice da indossare e facile da valorizzare. Tuck-N-Lift Seamless Slip Short aggiunge un tocco speciale al look e ti fa sentire sempre a tuo agio, in ogni occasione."
"wireless-lifting-jelly-bra","Wireless Lifting Jelly Bra","<p>Il tuo nuovo capo essenziale, semplice da indossare e facile da valorizzare. Wireless Lifting Jelly Bra aggiunge un tocco speciale al look e ti fa sentire sempre a tuo agio, in ogni occasione.</p>","madammuse.co","Ropa","Ropa","Abbigliamento, Novità, Selezione Juanjo","TRUE","Colore","Nero","Talla","S","wireless-lifting-jelly-bra-nero-s","19.95","39.90","0","continue","assets/products/generated-clothing-camel.png","1","Wireless Lifting Jelly Bra","Il tuo nuovo capo essenziale, semplice da indossare e facile da valorizzare. Wireless Lifting Jelly Bra aggiunge un tocco speciale al look e ti fa sentire sempre a tuo agio, in ogni occasione."
"wireless-lifting-jelly-bra","Wireless Lifting Jelly Bra","<p>Il tuo nuovo capo essenziale, semplice da indossare e facile da valorizzare. Wireless Lifting Jelly Bra aggiunge un tocco speciale al look e ti fa sentire sempre a tuo agio, in ogni occasione.</p>","madammuse.co","Ropa","Ropa","Abbigliamento, Novità, Selezione Juanjo","TRUE","Colore","Nero","Talla","M","wireless-lifting-jelly-bra-nero-m","19.95","39.90","0","continue","assets/products/generated-clothing-camel.png","1","Wireless Lifting Jelly Bra","Il tuo nuovo capo essenziale, semplice da indossare e facile da valorizzare. Wireless Lifting Jelly Bra aggiunge un tocco speciale al look e ti fa sentire sempre a tuo agio, in ogni occasione."
"wireless-lifting-jelly-bra","Wireless Lifting Jelly Bra","<p>Il tuo nuovo capo essenziale, semplice da indossare e facile da valorizzare. Wireless Lifting Jelly Bra aggiunge un tocco speciale al look e ti fa sentire sempre a tuo agio, in ogni occasione.</p>","madammuse.co","Ropa","Ropa","Abbigliamento, Novità, Selezione Juanjo","TRUE","Colore","Nero","Talla","L","wireless-lifting-jelly-bra-nero-l","19.95","39.90","0","continue","assets/products/generated-clothing-camel.png","1","Wireless Lifting Jelly Bra","Il tuo nuovo capo essenziale, semplice da indossare e facile da valorizzare. Wireless Lifting Jelly Bra aggiunge un tocco speciale al look e ti fa sentire sempre a tuo agio, in ogni occasione."
"wireless-lifting-jelly-bra","Wireless Lifting Jelly Bra","<p>Il tuo nuovo capo essenziale, semplice da indossare e facile da valorizzare. Wireless Lifting Jelly Bra aggiunge un tocco speciale al look e ti fa sentire sempre a tuo agio, in ogni occasione.</p>","madammuse.co","Ropa","Ropa","Abbigliamento, Novità, Selezione Juanjo","TRUE","Colore","Nero","Talla","XL","wireless-lifting-jelly-bra-nero-xl","19.95","39.90","0","continue","assets/products/generated-clothing-camel.png","1","Wireless Lifting Jelly Bra","Il tuo nuovo capo essenziale, semplice da indossare e facile da valorizzare. Wireless Lifting Jelly Bra aggiunge un tocco speciale al look e ti fa sentire sempre a tuo agio, in ogni occasione."
"wireless-lifting-jelly-bra","Wireless Lifting Jelly Bra","<p>Il tuo nuovo capo essenziale, semplice da indossare e facile da valorizzare. Wireless Lifting Jelly Bra aggiunge un tocco speciale al look e ti fa sentire sempre a tuo agio, in ogni occasione.</p>","madammuse.co","Ropa","Ropa","Abbigliamento, Novità, Selezione Juanjo","TRUE","Colore","Beige","Talla","S","wireless-lifting-jelly-bra-beige-s","19.95","39.90","0","continue","assets/products/generated-clothing-camel.png","1","Wireless Lifting Jelly Bra","Il tuo nuovo capo essenziale, semplice da indossare e facile da valorizzare. Wireless Lifting Jelly Bra aggiunge un tocco speciale al look e ti fa sentire sempre a tuo agio, in ogni occasione."
"wireless-lifting-jelly-bra","Wireless Lifting Jelly Bra","<p>Il tuo nuovo capo essenziale, semplice da indossare e facile da valorizzare. Wireless Lifting Jelly Bra aggiunge un tocco speciale al look e ti fa sentire sempre a tuo agio, in ogni occasione.</p>","madammuse.co","Ropa","Ropa","Abbigliamento, Novità, Selezione Juanjo","TRUE","Colore","Beige","Talla","M","wireless-lifting-jelly-bra-beige-m","19.95","39.90","0","continue","assets/products/generated-clothing-camel.png","1","Wireless Lifting Jelly Bra","Il tuo nuovo capo essenziale, semplice da indossare e facile da valorizzare. Wireless Lifting Jelly Bra aggiunge un tocco speciale al look e ti fa sentire sempre a tuo agio, in ogni occasione."
"wireless-lifting-jelly-bra","Wireless Lifting Jelly Bra","<p>Il tuo nuovo capo essenziale, semplice da indossare e facile da valorizzare. Wireless Lifting Jelly Bra aggiunge un tocco speciale al look e ti fa sentire sempre a tuo agio, in ogni occasione.</p>","madammuse.co","Ropa","Ropa","Abbigliamento, Novità, Selezione Juanjo","TRUE","Colore","Beige","Talla","L","wireless-lifting-jelly-bra-beige-l","19.95","39.90","0","continue","assets/products/generated-clothing-camel.png","1","Wireless Lifting Jelly Bra","Il tuo nuovo capo essenziale, semplice da indossare e facile da valorizzare. Wireless Lifting Jelly Bra aggiunge un tocco speciale al look e ti fa sentire sempre a tuo agio, in ogni occasione."
"wireless-lifting-jelly-bra","Wireless Lifting Jelly Bra","<p>Il tuo nuovo capo essenziale, semplice da indossare e facile da valorizzare. Wireless Lifting Jelly Bra aggiunge un tocco speciale al look e ti fa sentire sempre a tuo agio, in ogni occasione.</p>","madammuse.co","Ropa","Ropa","Abbigliamento, Novità, Selezione Juanjo","TRUE","Colore","Beige","Talla","XL","wireless-lifting-jelly-bra-beige-xl","19.95","39.90","0","continue","assets/products/generated-clothing-camel.png","1","Wireless Lifting Jelly Bra","Il tuo nuovo capo essenziale, semplice da indossare e facile da valorizzare. Wireless Lifting Jelly Bra aggiunge un tocco speciale al look e ti fa sentire sempre a tuo agio, in ogni occasione."
"wireless-lifting-jelly-bra","Wireless Lifting Jelly Bra","<p>Il tuo nuovo capo essenziale, semplice da indossare e facile da valorizzare. Wireless Lifting Jelly Bra aggiunge un tocco speciale al look e ti fa sentire sempre a tuo agio, in ogni occasione.</p>","madammuse.co","Ropa","Ropa","Abbigliamento, Novità, Selezione Juanjo","TRUE","Colore","Bianco","Talla","S","wireless-lifting-jelly-bra-bianco-s","19.95","39.90","0","continue","assets/products/generated-clothing-camel.png","1","Wireless Lifting Jelly Bra","Il tuo nuovo capo essenziale, semplice da indossare e facile da valorizzare. Wireless Lifting Jelly Bra aggiunge un tocco speciale al look e ti fa sentire sempre a tuo agio, in ogni occasione."
"wireless-lifting-jelly-bra","Wireless Lifting Jelly Bra","<p>Il tuo nuovo capo essenziale, semplice da indossare e facile da valorizzare. Wireless Lifting Jelly Bra aggiunge un tocco speciale al look e ti fa sentire sempre a tuo agio, in ogni occasione.</p>","madammuse.co","Ropa","Ropa","Abbigliamento, Novità, Selezione Juanjo","TRUE","Colore","Bianco","Talla","M","wireless-lifting-jelly-bra-bianco-m","19.95","39.90","0","continue","assets/products/generated-clothing-camel.png","1","Wireless Lifting Jelly Bra","Il tuo nuovo capo essenziale, semplice da indossare e facile da valorizzare. Wireless Lifting Jelly Bra aggiunge un tocco speciale al look e ti fa sentire sempre a tuo agio, in ogni occasione."
"wireless-lifting-jelly-bra","Wireless Lifting Jelly Bra","<p>Il tuo nuovo capo essenziale, semplice da indossare e facile da valorizzare. Wireless Lifting Jelly Bra aggiunge un tocco speciale al look e ti fa sentire sempre a tuo agio, in ogni occasione.</p>","madammuse.co","Ropa","Ropa","Abbigliamento, Novità, Selezione Juanjo","TRUE","Colore","Bianco","Talla","L","wireless-lifting-jelly-bra-bianco-l","19.95","39.90","0","continue","assets/products/generated-clothing-camel.png","1","Wireless Lifting Jelly Bra","Il tuo nuovo capo essenziale, semplice da indossare e facile da valorizzare. Wireless Lifting Jelly Bra aggiunge un tocco speciale al look e ti fa sentire sempre a tuo agio, in ogni occasione."
"wireless-lifting-jelly-bra","Wireless Lifting Jelly Bra","<p>Il tuo nuovo capo essenziale, semplice da indossare e facile da valorizzare. Wireless Lifting Jelly Bra aggiunge un tocco speciale al look e ti fa sentire sempre a tuo agio, in ogni occasione.</p>","madammuse.co","Ropa","Ropa","Abbigliamento, Novità, Selezione Juanjo","TRUE","Colore","Bianco","Talla","XL","wireless-lifting-jelly-bra-bianco-xl","19.95","39.90","0","continue","assets/products/generated-clothing-camel.png","1","Wireless Lifting Jelly Bra","Il tuo nuovo capo essenziale, semplice da indossare e facile da valorizzare. Wireless Lifting Jelly Bra aggiunge un tocco speciale al look e ti fa sentire sempre a tuo agio, in ogni occasione."
"wireless-lifting-jelly-bra","Wireless Lifting Jelly Bra","<p>Il tuo nuovo capo essenziale, semplice da indossare e facile da valorizzare. Wireless Lifting Jelly Bra aggiunge un tocco speciale al look e ti fa sentire sempre a tuo agio, in ogni occasione.</p>","madammuse.co","Ropa","Ropa","Abbigliamento, Novità, Selezione Juanjo","TRUE","Colore","Verde","Talla","S","wireless-lifting-jelly-bra-verde-s","19.95","39.90","0","continue","assets/products/generated-clothing-camel.png","1","Wireless Lifting Jelly Bra","Il tuo nuovo capo essenziale, semplice da indossare e facile da valorizzare. Wireless Lifting Jelly Bra aggiunge un tocco speciale al look e ti fa sentire sempre a tuo agio, in ogni occasione."
"wireless-lifting-jelly-bra","Wireless Lifting Jelly Bra","<p>Il tuo nuovo capo essenziale, semplice da indossare e facile da valorizzare. Wireless Lifting Jelly Bra aggiunge un tocco speciale al look e ti fa sentire sempre a tuo agio, in ogni occasione.</p>","madammuse.co","Ropa","Ropa","Abbigliamento, Novità, Selezione Juanjo","TRUE","Colore","Verde","Talla","M","wireless-lifting-jelly-bra-verde-m","19.95","39.90","0","continue","assets/products/generated-clothing-camel.png","1","Wireless Lifting Jelly Bra","Il tuo nuovo capo essenziale, semplice da indossare e facile da valorizzare. Wireless Lifting Jelly Bra aggiunge un tocco speciale al look e ti fa sentire sempre a tuo agio, in ogni occasione."
"wireless-lifting-jelly-bra","Wireless Lifting Jelly Bra","<p>Il tuo nuovo capo essenziale, semplice da indossare e facile da valorizzare. Wireless Lifting Jelly Bra aggiunge un tocco speciale al look e ti fa sentire sempre a tuo agio, in ogni occasione.</p>","madammuse.co","Ropa","Ropa","Abbigliamento, Novità, Selezione Juanjo","TRUE","Colore","Verde","Talla","L","wireless-lifting-jelly-bra-verde-l","19.95","39.90","0","continue","assets/products/generated-clothing-camel.png","1","Wireless Lifting Jelly Bra","Il tuo nuovo capo essenziale, semplice da indossare e facile da valorizzare. Wireless Lifting Jelly Bra aggiunge un tocco speciale al look e ti fa sentire sempre a tuo agio, in ogni occasione."
"wireless-lifting-jelly-bra","Wireless Lifting Jelly Bra","<p>Il tuo nuovo capo essenziale, semplice da indossare e facile da valorizzare. Wireless Lifting Jelly Bra aggiunge un tocco speciale al look e ti fa sentire sempre a tuo agio, in ogni occasione.</p>","madammuse.co","Ropa","Ropa","Abbigliamento, Novità, Selezione Juanjo","TRUE","Colore","Verde","Talla","XL","wireless-lifting-jelly-bra-verde-xl","19.95","39.90","0","continue","assets/products/generated-clothing-camel.png","1","Wireless Lifting Jelly Bra","Il tuo nuovo capo essenziale, semplice da indossare e facile da valorizzare. Wireless Lifting Jelly Bra aggiunge un tocco speciale al look e ti fa sentire sempre a tuo agio, in ogni occasione."
"stm-tex-classic-relaxed-fit-rain-hoodie","STM-TEX Classic Relaxed Fit Rain Hoodie","<p>Il tuo nuovo capo essenziale, semplice da indossare e facile da valorizzare. STM-TEX Classic Relaxed Fit Rain Hoodie aggiunge un tocco speciale al look e ti fa sentire sempre a tuo agio, in ogni occasione.</p>","puffit.com","Ropa","Ropa","Abbigliamento, Novità, Selezione Juanjo","TRUE","Colore","Nero","Talla","S","stm-tex-classic-relaxed-fit-rain-hoodie-nero-s","49.99","79.99","0","continue","assets/products/generated-clothing-camel.png","1","STM-TEX Classic Relaxed Fit Rain Hoodie","Il tuo nuovo capo essenziale, semplice da indossare e facile da valorizzare. STM-TEX Classic Relaxed Fit Rain Hoodie aggiunge un tocco speciale al look e ti fa sentire sempre a tuo agio, in ogni occasione."
"stm-tex-classic-relaxed-fit-rain-hoodie","STM-TEX Classic Relaxed Fit Rain Hoodie","<p>Il tuo nuovo capo essenziale, semplice da indossare e facile da valorizzare. STM-TEX Classic Relaxed Fit Rain Hoodie aggiunge un tocco speciale al look e ti fa sentire sempre a tuo agio, in ogni occasione.</p>","puffit.com","Ropa","Ropa","Abbigliamento, Novità, Selezione Juanjo","TRUE","Colore","Nero","Talla","M","stm-tex-classic-relaxed-fit-rain-hoodie-nero-m","49.99","79.99","0","continue","assets/products/generated-clothing-camel.png","1","STM-TEX Classic Relaxed Fit Rain Hoodie","Il tuo nuovo capo essenziale, semplice da indossare e facile da valorizzare. STM-TEX Classic Relaxed Fit Rain Hoodie aggiunge un tocco speciale al look e ti fa sentire sempre a tuo agio, in ogni occasione."
"stm-tex-classic-relaxed-fit-rain-hoodie","STM-TEX Classic Relaxed Fit Rain Hoodie","<p>Il tuo nuovo capo essenziale, semplice da indossare e facile da valorizzare. STM-TEX Classic Relaxed Fit Rain Hoodie aggiunge un tocco speciale al look e ti fa sentire sempre a tuo agio, in ogni occasione.</p>","puffit.com","Ropa","Ropa","Abbigliamento, Novità, Selezione Juanjo","TRUE","Colore","Nero","Talla","L","stm-tex-classic-relaxed-fit-rain-hoodie-nero-l","49.99","79.99","0","continue","assets/products/generated-clothing-camel.png","1","STM-TEX Classic Relaxed Fit Rain Hoodie","Il tuo nuovo capo essenziale, semplice da indossare e facile da valorizzare. STM-TEX Classic Relaxed Fit Rain Hoodie aggiunge un tocco speciale al look e ti fa sentire sempre a tuo agio, in ogni occasione."
"stm-tex-classic-relaxed-fit-rain-hoodie","STM-TEX Classic Relaxed Fit Rain Hoodie","<p>Il tuo nuovo capo essenziale, semplice da indossare e facile da valorizzare. STM-TEX Classic Relaxed Fit Rain Hoodie aggiunge un tocco speciale al look e ti fa sentire sempre a tuo agio, in ogni occasione.</p>","puffit.com","Ropa","Ropa","Abbigliamento, Novità, Selezione Juanjo","TRUE","Colore","Nero","Talla","XL","stm-tex-classic-relaxed-fit-rain-hoodie-nero-xl","49.99","79.99","0","continue","assets/products/generated-clothing-camel.png","1","STM-TEX Classic Relaxed Fit Rain Hoodie","Il tuo nuovo capo essenziale, semplice da indossare e facile da valorizzare. STM-TEX Classic Relaxed Fit Rain Hoodie aggiunge un tocco speciale al look e ti fa sentire sempre a tuo agio, in ogni occasione."
"stm-tex-classic-relaxed-fit-rain-hoodie","STM-TEX Classic Relaxed Fit Rain Hoodie","<p>Il tuo nuovo capo essenziale, semplice da indossare e facile da valorizzare. STM-TEX Classic Relaxed Fit Rain Hoodie aggiunge un tocco speciale al look e ti fa sentire sempre a tuo agio, in ogni occasione.</p>","puffit.com","Ropa","Ropa","Abbigliamento, Novità, Selezione Juanjo","TRUE","Colore","Beige","Talla","S","stm-tex-classic-relaxed-fit-rain-hoodie-beige-s","49.99","79.99","0","continue","assets/products/generated-clothing-camel.png","1","STM-TEX Classic Relaxed Fit Rain Hoodie","Il tuo nuovo capo essenziale, semplice da indossare e facile da valorizzare. STM-TEX Classic Relaxed Fit Rain Hoodie aggiunge un tocco speciale al look e ti fa sentire sempre a tuo agio, in ogni occasione."
"stm-tex-classic-relaxed-fit-rain-hoodie","STM-TEX Classic Relaxed Fit Rain Hoodie","<p>Il tuo nuovo capo essenziale, semplice da indossare e facile da valorizzare. STM-TEX Classic Relaxed Fit Rain Hoodie aggiunge un tocco speciale al look e ti fa sentire sempre a tuo agio, in ogni occasione.</p>","puffit.com","Ropa","Ropa","Abbigliamento, Novità, Selezione Juanjo","TRUE","Colore","Beige","Talla","M","stm-tex-classic-relaxed-fit-rain-hoodie-beige-m","49.99","79.99","0","continue","assets/products/generated-clothing-camel.png","1","STM-TEX Classic Relaxed Fit Rain Hoodie","Il tuo nuovo capo essenziale, semplice da indossare e facile da valorizzare. STM-TEX Classic Relaxed Fit Rain Hoodie aggiunge un tocco speciale al look e ti fa sentire sempre a tuo agio, in ogni occasione."
"stm-tex-classic-relaxed-fit-rain-hoodie","STM-TEX Classic Relaxed Fit Rain Hoodie","<p>Il tuo nuovo capo essenziale, semplice da indossare e facile da valorizzare. STM-TEX Classic Relaxed Fit Rain Hoodie aggiunge un tocco speciale al look e ti fa sentire sempre a tuo agio, in ogni occasione.</p>","puffit.com","Ropa","Ropa","Abbigliamento, Novità, Selezione Juanjo","TRUE","Colore","Beige","Talla","L","stm-tex-classic-relaxed-fit-rain-hoodie-beige-l","49.99","79.99","0","continue","assets/products/generated-clothing-camel.png","1","STM-TEX Classic Relaxed Fit Rain Hoodie","Il tuo nuovo capo essenziale, semplice da indossare e facile da valorizzare. STM-TEX Classic Relaxed Fit Rain Hoodie aggiunge un tocco speciale al look e ti fa sentire sempre a tuo agio, in ogni occasione."
"stm-tex-classic-relaxed-fit-rain-hoodie","STM-TEX Classic Relaxed Fit Rain Hoodie","<p>Il tuo nuovo capo essenziale, semplice da indossare e facile da valorizzare. STM-TEX Classic Relaxed Fit Rain Hoodie aggiunge un tocco speciale al look e ti fa sentire sempre a tuo agio, in ogni occasione.</p>","puffit.com","Ropa","Ropa","Abbigliamento, Novità, Selezione Juanjo","TRUE","Colore","Beige","Talla","XL","stm-tex-classic-relaxed-fit-rain-hoodie-beige-xl","49.99","79.99","0","continue","assets/products/generated-clothing-camel.png","1","STM-TEX Classic Relaxed Fit Rain Hoodie","Il tuo nuovo capo essenziale, semplice da indossare e facile da valorizzare. STM-TEX Classic Relaxed Fit Rain Hoodie aggiunge un tocco speciale al look e ti fa sentire sempre a tuo agio, in ogni occasione."
"stm-tex-classic-relaxed-fit-rain-hoodie","STM-TEX Classic Relaxed Fit Rain Hoodie","<p>Il tuo nuovo capo essenziale, semplice da indossare e facile da valorizzare. STM-TEX Classic Relaxed Fit Rain Hoodie aggiunge un tocco speciale al look e ti fa sentire sempre a tuo agio, in ogni occasione.</p>","puffit.com","Ropa","Ropa","Abbigliamento, Novità, Selezione Juanjo","TRUE","Colore","Bianco","Talla","S","stm-tex-classic-relaxed-fit-rain-hoodie-bianco-s","49.99","79.99","0","continue","assets/products/generated-clothing-camel.png","1","STM-TEX Classic Relaxed Fit Rain Hoodie","Il tuo nuovo capo essenziale, semplice da indossare e facile da valorizzare. STM-TEX Classic Relaxed Fit Rain Hoodie aggiunge un tocco speciale al look e ti fa sentire sempre a tuo agio, in ogni occasione."
"stm-tex-classic-relaxed-fit-rain-hoodie","STM-TEX Classic Relaxed Fit Rain Hoodie","<p>Il tuo nuovo capo essenziale, semplice da indossare e facile da valorizzare. STM-TEX Classic Relaxed Fit Rain Hoodie aggiunge un tocco speciale al look e ti fa sentire sempre a tuo agio, in ogni occasione.</p>","puffit.com","Ropa","Ropa","Abbigliamento, Novità, Selezione Juanjo","TRUE","Colore","Bianco","Talla","M","stm-tex-classic-relaxed-fit-rain-hoodie-bianco-m","49.99","79.99","0","continue","assets/products/generated-clothing-camel.png","1","STM-TEX Classic Relaxed Fit Rain Hoodie","Il tuo nuovo capo essenziale, semplice da indossare e facile da valorizzare. STM-TEX Classic Relaxed Fit Rain Hoodie aggiunge un tocco speciale al look e ti fa sentire sempre a tuo agio, in ogni occasione."
"stm-tex-classic-relaxed-fit-rain-hoodie","STM-TEX Classic Relaxed Fit Rain Hoodie","<p>Il tuo nuovo capo essenziale, semplice da indossare e facile da valorizzare. STM-TEX Classic Relaxed Fit Rain Hoodie aggiunge un tocco speciale al look e ti fa sentire sempre a tuo agio, in ogni occasione.</p>","puffit.com","Ropa","Ropa","Abbigliamento, Novità, Selezione Juanjo","TRUE","Colore","Bianco","Talla","L","stm-tex-classic-relaxed-fit-rain-hoodie-bianco-l","49.99","79.99","0","continue","assets/products/generated-clothing-camel.png","1","STM-TEX Classic Relaxed Fit Rain Hoodie","Il tuo nuovo capo essenziale, semplice da indossare e facile da valorizzare. STM-TEX Classic Relaxed Fit Rain Hoodie aggiunge un tocco speciale al look e ti fa sentire sempre a tuo agio, in ogni occasione."
"stm-tex-classic-relaxed-fit-rain-hoodie","STM-TEX Classic Relaxed Fit Rain Hoodie","<p>Il tuo nuovo capo essenziale, semplice da indossare e facile da valorizzare. STM-TEX Classic Relaxed Fit Rain Hoodie aggiunge un tocco speciale al look e ti fa sentire sempre a tuo agio, in ogni occasione.</p>","puffit.com","Ropa","Ropa","Abbigliamento, Novità, Selezione Juanjo","TRUE","Colore","Bianco","Talla","XL","stm-tex-classic-relaxed-fit-rain-hoodie-bianco-xl","49.99","79.99","0","continue","assets/products/generated-clothing-camel.png","1","STM-TEX Classic Relaxed Fit Rain Hoodie","Il tuo nuovo capo essenziale, semplice da indossare e facile da valorizzare. STM-TEX Classic Relaxed Fit Rain Hoodie aggiunge un tocco speciale al look e ti fa sentire sempre a tuo agio, in ogni occasione."
"stm-tex-classic-relaxed-fit-rain-hoodie","STM-TEX Classic Relaxed Fit Rain Hoodie","<p>Il tuo nuovo capo essenziale, semplice da indossare e facile da valorizzare. STM-TEX Classic Relaxed Fit Rain Hoodie aggiunge un tocco speciale al look e ti fa sentire sempre a tuo agio, in ogni occasione.</p>","puffit.com","Ropa","Ropa","Abbigliamento, Novità, Selezione Juanjo","TRUE","Colore","Verde","Talla","S","stm-tex-classic-relaxed-fit-rain-hoodie-verde-s","49.99","79.99","0","continue","assets/products/generated-clothing-camel.png","1","STM-TEX Classic Relaxed Fit Rain Hoodie","Il tuo nuovo capo essenziale, semplice da indossare e facile da valorizzare. STM-TEX Classic Relaxed Fit Rain Hoodie aggiunge un tocco speciale al look e ti fa sentire sempre a tuo agio, in ogni occasione."
"stm-tex-classic-relaxed-fit-rain-hoodie","STM-TEX Classic Relaxed Fit Rain Hoodie","<p>Il tuo nuovo capo essenziale, semplice da indossare e facile da valorizzare. STM-TEX Classic Relaxed Fit Rain Hoodie aggiunge un tocco speciale al look e ti fa sentire sempre a tuo agio, in ogni occasione.</p>","puffit.com","Ropa","Ropa","Abbigliamento, Novità, Selezione Juanjo","TRUE","Colore","Verde","Talla","M","stm-tex-classic-relaxed-fit-rain-hoodie-verde-m","49.99","79.99","0","continue","assets/products/generated-clothing-camel.png","1","STM-TEX Classic Relaxed Fit Rain Hoodie","Il tuo nuovo capo essenziale, semplice da indossare e facile da valorizzare. STM-TEX Classic Relaxed Fit Rain Hoodie aggiunge un tocco speciale al look e ti fa sentire sempre a tuo agio, in ogni occasione."
"stm-tex-classic-relaxed-fit-rain-hoodie","STM-TEX Classic Relaxed Fit Rain Hoodie","<p>Il tuo nuovo capo essenziale, semplice da indossare e facile da valorizzare. STM-TEX Classic Relaxed Fit Rain Hoodie aggiunge un tocco speciale al look e ti fa sentire sempre a tuo agio, in ogni occasione.</p>","puffit.com","Ropa","Ropa","Abbigliamento, Novità, Selezione Juanjo","TRUE","Colore","Verde","Talla","L","stm-tex-classic-relaxed-fit-rain-hoodie-verde-l","49.99","79.99","0","continue","assets/products/generated-clothing-camel.png","1","STM-TEX Classic Relaxed Fit Rain Hoodie","Il tuo nuovo capo essenziale, semplice da indossare e facile da valorizzare. STM-TEX Classic Relaxed Fit Rain Hoodie aggiunge un tocco speciale al look e ti fa sentire sempre a tuo agio, in ogni occasione."
"stm-tex-classic-relaxed-fit-rain-hoodie","STM-TEX Classic Relaxed Fit Rain Hoodie","<p>Il tuo nuovo capo essenziale, semplice da indossare e facile da valorizzare. STM-TEX Classic Relaxed Fit Rain Hoodie aggiunge un tocco speciale al look e ti fa sentire sempre a tuo agio, in ogni occasione.</p>","puffit.com","Ropa","Ropa","Abbigliamento, Novità, Selezione Juanjo","TRUE","Colore","Verde","Talla","XL","stm-tex-classic-relaxed-fit-rain-hoodie-verde-xl","49.99","79.99","0","continue","assets/products/generated-clothing-camel.png","1","STM-TEX Classic Relaxed Fit Rain Hoodie","Il tuo nuovo capo essenziale, semplice da indossare e facile da valorizzare. STM-TEX Classic Relaxed Fit Rain Hoodie aggiunge un tocco speciale al look e ti fa sentire sempre a tuo agio, in ogni occasione."
"elevate-sculpting-flare-leggings","Elevate Sculpting Flare Leggings","<p>Il tuo nuovo capo essenziale, semplice da indossare e facile da valorizzare. Elevate Sculpting Flare Leggings aggiunge un tocco speciale al look e ti fa sentire sempre a tuo agio, in ogni occasione.</p>","thrivin.com","Ropa","Ropa","Abbigliamento, Novità, Selezione Juanjo","TRUE","Colore","Nero","Talla","S","elevate-sculpting-flare-leggings-nero-s","48.00","61.00","0","continue","assets/products/generated-clothing-camel.png","1","Elevate Sculpting Flare Leggings","Il tuo nuovo capo essenziale, semplice da indossare e facile da valorizzare. Elevate Sculpting Flare Leggings aggiunge un tocco speciale al look e ti fa sentire sempre a tuo agio, in ogni occasione."
"elevate-sculpting-flare-leggings","Elevate Sculpting Flare Leggings","<p>Il tuo nuovo capo essenziale, semplice da indossare e facile da valorizzare. Elevate Sculpting Flare Leggings aggiunge un tocco speciale al look e ti fa sentire sempre a tuo agio, in ogni occasione.</p>","thrivin.com","Ropa","Ropa","Abbigliamento, Novità, Selezione Juanjo","TRUE","Colore","Nero","Talla","M","elevate-sculpting-flare-leggings-nero-m","48.00","61.00","0","continue","assets/products/generated-clothing-camel.png","1","Elevate Sculpting Flare Leggings","Il tuo nuovo capo essenziale, semplice da indossare e facile da valorizzare. Elevate Sculpting Flare Leggings aggiunge un tocco speciale al look e ti fa sentire sempre a tuo agio, in ogni occasione."
"elevate-sculpting-flare-leggings","Elevate Sculpting Flare Leggings","<p>Il tuo nuovo capo essenziale, semplice da indossare e facile da valorizzare. Elevate Sculpting Flare Leggings aggiunge un tocco speciale al look e ti fa sentire sempre a tuo agio, in ogni occasione.</p>","thrivin.com","Ropa","Ropa","Abbigliamento, Novità, Selezione Juanjo","TRUE","Colore","Nero","Talla","L","elevate-sculpting-flare-leggings-nero-l","48.00","61.00","0","continue","assets/products/generated-clothing-camel.png","1","Elevate Sculpting Flare Leggings","Il tuo nuovo capo essenziale, semplice da indossare e facile da valorizzare. Elevate Sculpting Flare Leggings aggiunge un tocco speciale al look e ti fa sentire sempre a tuo agio, in ogni occasione."
"elevate-sculpting-flare-leggings","Elevate Sculpting Flare Leggings","<p>Il tuo nuovo capo essenziale, semplice da indossare e facile da valorizzare. Elevate Sculpting Flare Leggings aggiunge un tocco speciale al look e ti fa sentire sempre a tuo agio, in ogni occasione.</p>","thrivin.com","Ropa","Ropa","Abbigliamento, Novità, Selezione Juanjo","TRUE","Colore","Nero","Talla","XL","elevate-sculpting-flare-leggings-nero-xl","48.00","61.00","0","continue","assets/products/generated-clothing-camel.png","1","Elevate Sculpting Flare Leggings","Il tuo nuovo capo essenziale, semplice da indossare e facile da valorizzare. Elevate Sculpting Flare Leggings aggiunge un tocco speciale al look e ti fa sentire sempre a tuo agio, in ogni occasione."
"elevate-sculpting-flare-leggings","Elevate Sculpting Flare Leggings","<p>Il tuo nuovo capo essenziale, semplice da indossare e facile da valorizzare. Elevate Sculpting Flare Leggings aggiunge un tocco speciale al look e ti fa sentire sempre a tuo agio, in ogni occasione.</p>","thrivin.com","Ropa","Ropa","Abbigliamento, Novità, Selezione Juanjo","TRUE","Colore","Beige","Talla","S","elevate-sculpting-flare-leggings-beige-s","48.00","61.00","0","continue","assets/products/generated-clothing-camel.png","1","Elevate Sculpting Flare Leggings","Il tuo nuovo capo essenziale, semplice da indossare e facile da valorizzare. Elevate Sculpting Flare Leggings aggiunge un tocco speciale al look e ti fa sentire sempre a tuo agio, in ogni occasione."
"elevate-sculpting-flare-leggings","Elevate Sculpting Flare Leggings","<p>Il tuo nuovo capo essenziale, semplice da indossare e facile da valorizzare. Elevate Sculpting Flare Leggings aggiunge un tocco speciale al look e ti fa sentire sempre a tuo agio, in ogni occasione.</p>","thrivin.com","Ropa","Ropa","Abbigliamento, Novità, Selezione Juanjo","TRUE","Colore","Beige","Talla","M","elevate-sculpting-flare-leggings-beige-m","48.00","61.00","0","continue","assets/products/generated-clothing-camel.png","1","Elevate Sculpting Flare Leggings","Il tuo nuovo capo essenziale, semplice da indossare e facile da valorizzare. Elevate Sculpting Flare Leggings aggiunge un tocco speciale al look e ti fa sentire sempre a tuo agio, in ogni occasione."
"elevate-sculpting-flare-leggings","Elevate Sculpting Flare Leggings","<p>Il tuo nuovo capo essenziale, semplice da indossare e facile da valorizzare. Elevate Sculpting Flare Leggings aggiunge un tocco speciale al look e ti fa sentire sempre a tuo agio, in ogni occasione.</p>","thrivin.com","Ropa","Ropa","Abbigliamento, Novità, Selezione Juanjo","TRUE","Colore","Beige","Talla","L","elevate-sculpting-flare-leggings-beige-l","48.00","61.00","0","continue","assets/products/generated-clothing-camel.png","1","Elevate Sculpting Flare Leggings","Il tuo nuovo capo essenziale, semplice da indossare e facile da valorizzare. Elevate Sculpting Flare Leggings aggiunge un tocco speciale al look e ti fa sentire sempre a tuo agio, in ogni occasione."
"elevate-sculpting-flare-leggings","Elevate Sculpting Flare Leggings","<p>Il tuo nuovo capo essenziale, semplice da indossare e facile da valorizzare. Elevate Sculpting Flare Leggings aggiunge un tocco speciale al look e ti fa sentire sempre a tuo agio, in ogni occasione.</p>","thrivin.com","Ropa","Ropa","Abbigliamento, Novità, Selezione Juanjo","TRUE","Colore","Beige","Talla","XL","elevate-sculpting-flare-leggings-beige-xl","48.00","61.00","0","continue","assets/products/generated-clothing-camel.png","1","Elevate Sculpting Flare Leggings","Il tuo nuovo capo essenziale, semplice da indossare e facile da valorizzare. Elevate Sculpting Flare Leggings aggiunge un tocco speciale al look e ti fa sentire sempre a tuo agio, in ogni occasione."
"elevate-sculpting-flare-leggings","Elevate Sculpting Flare Leggings","<p>Il tuo nuovo capo essenziale, semplice da indossare e facile da valorizzare. Elevate Sculpting Flare Leggings aggiunge un tocco speciale al look e ti fa sentire sempre a tuo agio, in ogni occasione.</p>","thrivin.com","Ropa","Ropa","Abbigliamento, Novità, Selezione Juanjo","TRUE","Colore","Bianco","Talla","S","elevate-sculpting-flare-leggings-bianco-s","48.00","61.00","0","continue","assets/products/generated-clothing-camel.png","1","Elevate Sculpting Flare Leggings","Il tuo nuovo capo essenziale, semplice da indossare e facile da valorizzare. Elevate Sculpting Flare Leggings aggiunge un tocco speciale al look e ti fa sentire sempre a tuo agio, in ogni occasione."
"elevate-sculpting-flare-leggings","Elevate Sculpting Flare Leggings","<p>Il tuo nuovo capo essenziale, semplice da indossare e facile da valorizzare. Elevate Sculpting Flare Leggings aggiunge un tocco speciale al look e ti fa sentire sempre a tuo agio, in ogni occasione.</p>","thrivin.com","Ropa","Ropa","Abbigliamento, Novità, Selezione Juanjo","TRUE","Colore","Bianco","Talla","M","elevate-sculpting-flare-leggings-bianco-m","48.00","61.00","0","continue","assets/products/generated-clothing-camel.png","1","Elevate Sculpting Flare Leggings","Il tuo nuovo capo essenziale, semplice da indossare e facile da valorizzare. Elevate Sculpting Flare Leggings aggiunge un tocco speciale al look e ti fa sentire sempre a tuo agio, in ogni occasione."
"elevate-sculpting-flare-leggings","Elevate Sculpting Flare Leggings","<p>Il tuo nuovo capo essenziale, semplice da indossare e facile da valorizzare. Elevate Sculpting Flare Leggings aggiunge un tocco speciale al look e ti fa sentire sempre a tuo agio, in ogni occasione.</p>","thrivin.com","Ropa","Ropa","Abbigliamento, Novità, Selezione Juanjo","TRUE","Colore","Bianco","Talla","L","elevate-sculpting-flare-leggings-bianco-l","48.00","61.00","0","continue","assets/products/generated-clothing-camel.png","1","Elevate Sculpting Flare Leggings","Il tuo nuovo capo essenziale, semplice da indossare e facile da valorizzare. Elevate Sculpting Flare Leggings aggiunge un tocco speciale al look e ti fa sentire sempre a tuo agio, in ogni occasione."
"elevate-sculpting-flare-leggings","Elevate Sculpting Flare Leggings","<p>Il tuo nuovo capo essenziale, semplice da indossare e facile da valorizzare. Elevate Sculpting Flare Leggings aggiunge un tocco speciale al look e ti fa sentire sempre a tuo agio, in ogni occasione.</p>","thrivin.com","Ropa","Ropa","Abbigliamento, Novità, Selezione Juanjo","TRUE","Colore","Bianco","Talla","XL","elevate-sculpting-flare-leggings-bianco-xl","48.00","61.00","0","continue","assets/products/generated-clothing-camel.png","1","Elevate Sculpting Flare Leggings","Il tuo nuovo capo essenziale, semplice da indossare e facile da valorizzare. Elevate Sculpting Flare Leggings aggiunge un tocco speciale al look e ti fa sentire sempre a tuo agio, in ogni occasione."
"elevate-sculpting-flare-leggings","Elevate Sculpting Flare Leggings","<p>Il tuo nuovo capo essenziale, semplice da indossare e facile da valorizzare. Elevate Sculpting Flare Leggings aggiunge un tocco speciale al look e ti fa sentire sempre a tuo agio, in ogni occasione.</p>","thrivin.com","Ropa","Ropa","Abbigliamento, Novità, Selezione Juanjo","TRUE","Colore","Verde","Talla","S","elevate-sculpting-flare-leggings-verde-s","48.00","61.00","0","continue","assets/products/generated-clothing-camel.png","1","Elevate Sculpting Flare Leggings","Il tuo nuovo capo essenziale, semplice da indossare e facile da valorizzare. Elevate Sculpting Flare Leggings aggiunge un tocco speciale al look e ti fa sentire sempre a tuo agio, in ogni occasione."
"elevate-sculpting-flare-leggings","Elevate Sculpting Flare Leggings","<p>Il tuo nuovo capo essenziale, semplice da indossare e facile da valorizzare. Elevate Sculpting Flare Leggings aggiunge un tocco speciale al look e ti fa sentire sempre a tuo agio, in ogni occasione.</p>","thrivin.com","Ropa","Ropa","Abbigliamento, Novità, Selezione Juanjo","TRUE","Colore","Verde","Talla","M","elevate-sculpting-flare-leggings-verde-m","48.00","61.00","0","continue","assets/products/generated-clothing-camel.png","1","Elevate Sculpting Flare Leggings","Il tuo nuovo capo essenziale, semplice da indossare e facile da valorizzare. Elevate Sculpting Flare Leggings aggiunge un tocco speciale al look e ti fa sentire sempre a tuo agio, in ogni occasione."
"elevate-sculpting-flare-leggings","Elevate Sculpting Flare Leggings","<p>Il tuo nuovo capo essenziale, semplice da indossare e facile da valorizzare. Elevate Sculpting Flare Leggings aggiunge un tocco speciale al look e ti fa sentire sempre a tuo agio, in ogni occasione.</p>","thrivin.com","Ropa","Ropa","Abbigliamento, Novità, Selezione Juanjo","TRUE","Colore","Verde","Talla","L","elevate-sculpting-flare-leggings-verde-l","48.00","61.00","0","continue","assets/products/generated-clothing-camel.png","1","Elevate Sculpting Flare Leggings","Il tuo nuovo capo essenziale, semplice da indossare e facile da valorizzare. Elevate Sculpting Flare Leggings aggiunge un tocco speciale al look e ti fa sentire sempre a tuo agio, in ogni occasione."
"elevate-sculpting-flare-leggings","Elevate Sculpting Flare Leggings","<p>Il tuo nuovo capo essenziale, semplice da indossare e facile da valorizzare. Elevate Sculpting Flare Leggings aggiunge un tocco speciale al look e ti fa sentire sempre a tuo agio, in ogni occasione.</p>","thrivin.com","Ropa","Ropa","Abbigliamento, Novità, Selezione Juanjo","TRUE","Colore","Verde","Talla","XL","elevate-sculpting-flare-leggings-verde-xl","48.00","61.00","0","continue","assets/products/generated-clothing-camel.png","1","Elevate Sculpting Flare Leggings","Il tuo nuovo capo essenziale, semplice da indossare e facile da valorizzare. Elevate Sculpting Flare Leggings aggiunge un tocco speciale al look e ti fa sentire sempre a tuo agio, in ogni occasione."
"women-s-relaxed-fit-denim-coverall-jumpsuit","Women's Relaxed Fit Denim Coverall Jumpsuit","<p>Il tuo nuovo capo essenziale, semplice da indossare e facile da valorizzare. Women's Relaxed Fit Denim Coverall Jumpsuit aggiunge un tocco speciale al look e ti fa sentire sempre a tuo agio, in ogni occasione.</p>","madepants.com","Ropa","Ropa","Abbigliamento, Novità, Selezione Juanjo","TRUE","Colore","Nero","Talla","S","women-s-relaxed-fit-denim-coverall-jumpsuit-nero-s","0.00","","0","continue","assets/products/generated-clothing-camel.png","1","Women's Relaxed Fit Denim Coverall Jumpsuit","Il tuo nuovo capo essenziale, semplice da indossare e facile da valorizzare. Women's Relaxed Fit Denim Coverall Jumpsuit aggiunge un tocco speciale al look e ti fa sentire sempre a tuo agio, in ogni occasione."
"women-s-relaxed-fit-denim-coverall-jumpsuit","Women's Relaxed Fit Denim Coverall Jumpsuit","<p>Il tuo nuovo capo essenziale, semplice da indossare e facile da valorizzare. Women's Relaxed Fit Denim Coverall Jumpsuit aggiunge un tocco speciale al look e ti fa sentire sempre a tuo agio, in ogni occasione.</p>","madepants.com","Ropa","Ropa","Abbigliamento, Novità, Selezione Juanjo","TRUE","Colore","Nero","Talla","M","women-s-relaxed-fit-denim-coverall-jumpsuit-nero-m","0.00","","0","continue","assets/products/generated-clothing-camel.png","1","Women's Relaxed Fit Denim Coverall Jumpsuit","Il tuo nuovo capo essenziale, semplice da indossare e facile da valorizzare. Women's Relaxed Fit Denim Coverall Jumpsuit aggiunge un tocco speciale al look e ti fa sentire sempre a tuo agio, in ogni occasione."
"women-s-relaxed-fit-denim-coverall-jumpsuit","Women's Relaxed Fit Denim Coverall Jumpsuit","<p>Il tuo nuovo capo essenziale, semplice da indossare e facile da valorizzare. Women's Relaxed Fit Denim Coverall Jumpsuit aggiunge un tocco speciale al look e ti fa sentire sempre a tuo agio, in ogni occasione.</p>","madepants.com","Ropa","Ropa","Abbigliamento, Novità, Selezione Juanjo","TRUE","Colore","Nero","Talla","L","women-s-relaxed-fit-denim-coverall-jumpsuit-nero-l","0.00","","0","continue","assets/products/generated-clothing-camel.png","1","Women's Relaxed Fit Denim Coverall Jumpsuit","Il tuo nuovo capo essenziale, semplice da indossare e facile da valorizzare. Women's Relaxed Fit Denim Coverall Jumpsuit aggiunge un tocco speciale al look e ti fa sentire sempre a tuo agio, in ogni occasione."
"women-s-relaxed-fit-denim-coverall-jumpsuit","Women's Relaxed Fit Denim Coverall Jumpsuit","<p>Il tuo nuovo capo essenziale, semplice da indossare e facile da valorizzare. Women's Relaxed Fit Denim Coverall Jumpsuit aggiunge un tocco speciale al look e ti fa sentire sempre a tuo agio, in ogni occasione.</p>","madepants.com","Ropa","Ropa","Abbigliamento, Novità, Selezione Juanjo","TRUE","Colore","Nero","Talla","XL","women-s-relaxed-fit-denim-coverall-jumpsuit-nero-xl","0.00","","0","continue","assets/products/generated-clothing-camel.png","1","Women's Relaxed Fit Denim Coverall Jumpsuit","Il tuo nuovo capo essenziale, semplice da indossare e facile da valorizzare. Women's Relaxed Fit Denim Coverall Jumpsuit aggiunge un tocco speciale al look e ti fa sentire sempre a tuo agio, in ogni occasione."
"women-s-relaxed-fit-denim-coverall-jumpsuit","Women's Relaxed Fit Denim Coverall Jumpsuit","<p>Il tuo nuovo capo essenziale, semplice da indossare e facile da valorizzare. Women's Relaxed Fit Denim Coverall Jumpsuit aggiunge un tocco speciale al look e ti fa sentire sempre a tuo agio, in ogni occasione.</p>","madepants.com","Ropa","Ropa","Abbigliamento, Novità, Selezione Juanjo","TRUE","Colore","Beige","Talla","S","women-s-relaxed-fit-denim-coverall-jumpsuit-beige-s","0.00","","0","continue","assets/products/generated-clothing-camel.png","1","Women's Relaxed Fit Denim Coverall Jumpsuit","Il tuo nuovo capo essenziale, semplice da indossare e facile da valorizzare. Women's Relaxed Fit Denim Coverall Jumpsuit aggiunge un tocco speciale al look e ti fa sentire sempre a tuo agio, in ogni occasione."
"women-s-relaxed-fit-denim-coverall-jumpsuit","Women's Relaxed Fit Denim Coverall Jumpsuit","<p>Il tuo nuovo capo essenziale, semplice da indossare e facile da valorizzare. Women's Relaxed Fit Denim Coverall Jumpsuit aggiunge un tocco speciale al look e ti fa sentire sempre a tuo agio, in ogni occasione.</p>","madepants.com","Ropa","Ropa","Abbigliamento, Novità, Selezione Juanjo","TRUE","Colore","Beige","Talla","M","women-s-relaxed-fit-denim-coverall-jumpsuit-beige-m","0.00","","0","continue","assets/products/generated-clothing-camel.png","1","Women's Relaxed Fit Denim Coverall Jumpsuit","Il tuo nuovo capo essenziale, semplice da indossare e facile da valorizzare. Women's Relaxed Fit Denim Coverall Jumpsuit aggiunge un tocco speciale al look e ti fa sentire sempre a tuo agio, in ogni occasione."
"women-s-relaxed-fit-denim-coverall-jumpsuit","Women's Relaxed Fit Denim Coverall Jumpsuit","<p>Il tuo nuovo capo essenziale, semplice da indossare e facile da valorizzare. Women's Relaxed Fit Denim Coverall Jumpsuit aggiunge un tocco speciale al look e ti fa sentire sempre a tuo agio, in ogni occasione.</p>","madepants.com","Ropa","Ropa","Abbigliamento, Novità, Selezione Juanjo","TRUE","Colore","Beige","Talla","L","women-s-relaxed-fit-denim-coverall-jumpsuit-beige-l","0.00","","0","continue","assets/products/generated-clothing-camel.png","1","Women's Relaxed Fit Denim Coverall Jumpsuit","Il tuo nuovo capo essenziale, semplice da indossare e facile da valorizzare. Women's Relaxed Fit Denim Coverall Jumpsuit aggiunge un tocco speciale al look e ti fa sentire sempre a tuo agio, in ogni occasione."
"women-s-relaxed-fit-denim-coverall-jumpsuit","Women's Relaxed Fit Denim Coverall Jumpsuit","<p>Il tuo nuovo capo essenziale, semplice da indossare e facile da valorizzare. Women's Relaxed Fit Denim Coverall Jumpsuit aggiunge un tocco speciale al look e ti fa sentire sempre a tuo agio, in ogni occasione.</p>","madepants.com","Ropa","Ropa","Abbigliamento, Novità, Selezione Juanjo","TRUE","Colore","Beige","Talla","XL","women-s-relaxed-fit-denim-coverall-jumpsuit-beige-xl","0.00","","0","continue","assets/products/generated-clothing-camel.png","1","Women's Relaxed Fit Denim Coverall Jumpsuit","Il tuo nuovo capo essenziale, semplice da indossare e facile da valorizzare. Women's Relaxed Fit Denim Coverall Jumpsuit aggiunge un tocco speciale al look e ti fa sentire sempre a tuo agio, in ogni occasione."
"women-s-relaxed-fit-denim-coverall-jumpsuit","Women's Relaxed Fit Denim Coverall Jumpsuit","<p>Il tuo nuovo capo essenziale, semplice da indossare e facile da valorizzare. Women's Relaxed Fit Denim Coverall Jumpsuit aggiunge un tocco speciale al look e ti fa sentire sempre a tuo agio, in ogni occasione.</p>","madepants.com","Ropa","Ropa","Abbigliamento, Novità, Selezione Juanjo","TRUE","Colore","Bianco","Talla","S","women-s-relaxed-fit-denim-coverall-jumpsuit-bianco-s","0.00","","0","continue","assets/products/generated-clothing-camel.png","1","Women's Relaxed Fit Denim Coverall Jumpsuit","Il tuo nuovo capo essenziale, semplice da indossare e facile da valorizzare. Women's Relaxed Fit Denim Coverall Jumpsuit aggiunge un tocco speciale al look e ti fa sentire sempre a tuo agio, in ogni occasione."
"women-s-relaxed-fit-denim-coverall-jumpsuit","Women's Relaxed Fit Denim Coverall Jumpsuit","<p>Il tuo nuovo capo essenziale, semplice da indossare e facile da valorizzare. Women's Relaxed Fit Denim Coverall Jumpsuit aggiunge un tocco speciale al look e ti fa sentire sempre a tuo agio, in ogni occasione.</p>","madepants.com","Ropa","Ropa","Abbigliamento, Novità, Selezione Juanjo","TRUE","Colore","Bianco","Talla","M","women-s-relaxed-fit-denim-coverall-jumpsuit-bianco-m","0.00","","0","continue","assets/products/generated-clothing-camel.png","1","Women's Relaxed Fit Denim Coverall Jumpsuit","Il tuo nuovo capo essenziale, semplice da indossare e facile da valorizzare. Women's Relaxed Fit Denim Coverall Jumpsuit aggiunge un tocco speciale al look e ti fa sentire sempre a tuo agio, in ogni occasione."
"women-s-relaxed-fit-denim-coverall-jumpsuit","Women's Relaxed Fit Denim Coverall Jumpsuit","<p>Il tuo nuovo capo essenziale, semplice da indossare e facile da valorizzare. Women's Relaxed Fit Denim Coverall Jumpsuit aggiunge un tocco speciale al look e ti fa sentire sempre a tuo agio, in ogni occasione.</p>","madepants.com","Ropa","Ropa","Abbigliamento, Novità, Selezione Juanjo","TRUE","Colore","Bianco","Talla","L","women-s-relaxed-fit-denim-coverall-jumpsuit-bianco-l","0.00","","0","continue","assets/products/generated-clothing-camel.png","1","Women's Relaxed Fit Denim Coverall Jumpsuit","Il tuo nuovo capo essenziale, semplice da indossare e facile da valorizzare. Women's Relaxed Fit Denim Coverall Jumpsuit aggiunge un tocco speciale al look e ti fa sentire sempre a tuo agio, in ogni occasione."
"women-s-relaxed-fit-denim-coverall-jumpsuit","Women's Relaxed Fit Denim Coverall Jumpsuit","<p>Il tuo nuovo capo essenziale, semplice da indossare e facile da valorizzare. Women's Relaxed Fit Denim Coverall Jumpsuit aggiunge un tocco speciale al look e ti fa sentire sempre a tuo agio, in ogni occasione.</p>","madepants.com","Ropa","Ropa","Abbigliamento, Novità, Selezione Juanjo","TRUE","Colore","Bianco","Talla","XL","women-s-relaxed-fit-denim-coverall-jumpsuit-bianco-xl","0.00","","0","continue","assets/products/generated-clothing-camel.png","1","Women's Relaxed Fit Denim Coverall Jumpsuit","Il tuo nuovo capo essenziale, semplice da indossare e facile da valorizzare. Women's Relaxed Fit Denim Coverall Jumpsuit aggiunge un tocco speciale al look e ti fa sentire sempre a tuo agio, in ogni occasione."
"women-s-relaxed-fit-denim-coverall-jumpsuit","Women's Relaxed Fit Denim Coverall Jumpsuit","<p>Il tuo nuovo capo essenziale, semplice da indossare e facile da valorizzare. Women's Relaxed Fit Denim Coverall Jumpsuit aggiunge un tocco speciale al look e ti fa sentire sempre a tuo agio, in ogni occasione.</p>","madepants.com","Ropa","Ropa","Abbigliamento, Novità, Selezione Juanjo","TRUE","Colore","Verde","Talla","S","women-s-relaxed-fit-denim-coverall-jumpsuit-verde-s","0.00","","0","continue","assets/products/generated-clothing-camel.png","1","Women's Relaxed Fit Denim Coverall Jumpsuit","Il tuo nuovo capo essenziale, semplice da indossare e facile da valorizzare. Women's Relaxed Fit Denim Coverall Jumpsuit aggiunge un tocco speciale al look e ti fa sentire sempre a tuo agio, in ogni occasione."
"women-s-relaxed-fit-denim-coverall-jumpsuit","Women's Relaxed Fit Denim Coverall Jumpsuit","<p>Il tuo nuovo capo essenziale, semplice da indossare e facile da valorizzare. Women's Relaxed Fit Denim Coverall Jumpsuit aggiunge un tocco speciale al look e ti fa sentire sempre a tuo agio, in ogni occasione.</p>","madepants.com","Ropa","Ropa","Abbigliamento, Novità, Selezione Juanjo","TRUE","Colore","Verde","Talla","M","women-s-relaxed-fit-denim-coverall-jumpsuit-verde-m","0.00","","0","continue","assets/products/generated-clothing-camel.png","1","Women's Relaxed Fit Denim Coverall Jumpsuit","Il tuo nuovo capo essenziale, semplice da indossare e facile da valorizzare. Women's Relaxed Fit Denim Coverall Jumpsuit aggiunge un tocco speciale al look e ti fa sentire sempre a tuo agio, in ogni occasione."
"women-s-relaxed-fit-denim-coverall-jumpsuit","Women's Relaxed Fit Denim Coverall Jumpsuit","<p>Il tuo nuovo capo essenziale, semplice da indossare e facile da valorizzare. Women's Relaxed Fit Denim Coverall Jumpsuit aggiunge un tocco speciale al look e ti fa sentire sempre a tuo agio, in ogni occasione.</p>","madepants.com","Ropa","Ropa","Abbigliamento, Novità, Selezione Juanjo","TRUE","Colore","Verde","Talla","L","women-s-relaxed-fit-denim-coverall-jumpsuit-verde-l","0.00","","0","continue","assets/products/generated-clothing-camel.png","1","Women's Relaxed Fit Denim Coverall Jumpsuit","Il tuo nuovo capo essenziale, semplice da indossare e facile da valorizzare. Women's Relaxed Fit Denim Coverall Jumpsuit aggiunge un tocco speciale al look e ti fa sentire sempre a tuo agio, in ogni occasione."
"women-s-relaxed-fit-denim-coverall-jumpsuit","Women's Relaxed Fit Denim Coverall Jumpsuit","<p>Il tuo nuovo capo essenziale, semplice da indossare e facile da valorizzare. Women's Relaxed Fit Denim Coverall Jumpsuit aggiunge un tocco speciale al look e ti fa sentire sempre a tuo agio, in ogni occasione.</p>","madepants.com","Ropa","Ropa","Abbigliamento, Novità, Selezione Juanjo","TRUE","Colore","Verde","Talla","XL","women-s-relaxed-fit-denim-coverall-jumpsuit-verde-xl","0.00","","0","continue","assets/products/generated-clothing-camel.png","1","Women's Relaxed Fit Denim Coverall Jumpsuit","Il tuo nuovo capo essenziale, semplice da indossare e facile da valorizzare. Women's Relaxed Fit Denim Coverall Jumpsuit aggiunge un tocco speciale al look e ti fa sentire sempre a tuo agio, in ogni occasione."
"women-s-plaid-wide-leg-overalls","Women's Plaid Wide-Leg Overalls","<p>Il tuo nuovo capo essenziale, semplice da indossare e facile da valorizzare. Women's Plaid Wide-Leg Overalls aggiunge un tocco speciale al look e ti fa sentire sempre a tuo agio, in ogni occasione.</p>","madepants.com","Ropa","Ropa","Abbigliamento, Novità, Selezione Juanjo","TRUE","Colore","Nero","Talla","S","women-s-plaid-wide-leg-overalls-nero-s","0.00","","0","continue","assets/products/generated-clothing-camel.png","1","Women's Plaid Wide-Leg Overalls","Il tuo nuovo capo essenziale, semplice da indossare e facile da valorizzare. Women's Plaid Wide-Leg Overalls aggiunge un tocco speciale al look e ti fa sentire sempre a tuo agio, in ogni occasione."
"women-s-plaid-wide-leg-overalls","Women's Plaid Wide-Leg Overalls","<p>Il tuo nuovo capo essenziale, semplice da indossare e facile da valorizzare. Women's Plaid Wide-Leg Overalls aggiunge un tocco speciale al look e ti fa sentire sempre a tuo agio, in ogni occasione.</p>","madepants.com","Ropa","Ropa","Abbigliamento, Novità, Selezione Juanjo","TRUE","Colore","Nero","Talla","M","women-s-plaid-wide-leg-overalls-nero-m","0.00","","0","continue","assets/products/generated-clothing-camel.png","1","Women's Plaid Wide-Leg Overalls","Il tuo nuovo capo essenziale, semplice da indossare e facile da valorizzare. Women's Plaid Wide-Leg Overalls aggiunge un tocco speciale al look e ti fa sentire sempre a tuo agio, in ogni occasione."
"women-s-plaid-wide-leg-overalls","Women's Plaid Wide-Leg Overalls","<p>Il tuo nuovo capo essenziale, semplice da indossare e facile da valorizzare. Women's Plaid Wide-Leg Overalls aggiunge un tocco speciale al look e ti fa sentire sempre a tuo agio, in ogni occasione.</p>","madepants.com","Ropa","Ropa","Abbigliamento, Novità, Selezione Juanjo","TRUE","Colore","Nero","Talla","L","women-s-plaid-wide-leg-overalls-nero-l","0.00","","0","continue","assets/products/generated-clothing-camel.png","1","Women's Plaid Wide-Leg Overalls","Il tuo nuovo capo essenziale, semplice da indossare e facile da valorizzare. Women's Plaid Wide-Leg Overalls aggiunge un tocco speciale al look e ti fa sentire sempre a tuo agio, in ogni occasione."
"women-s-plaid-wide-leg-overalls","Women's Plaid Wide-Leg Overalls","<p>Il tuo nuovo capo essenziale, semplice da indossare e facile da valorizzare. Women's Plaid Wide-Leg Overalls aggiunge un tocco speciale al look e ti fa sentire sempre a tuo agio, in ogni occasione.</p>","madepants.com","Ropa","Ropa","Abbigliamento, Novità, Selezione Juanjo","TRUE","Colore","Nero","Talla","XL","women-s-plaid-wide-leg-overalls-nero-xl","0.00","","0","continue","assets/products/generated-clothing-camel.png","1","Women's Plaid Wide-Leg Overalls","Il tuo nuovo capo essenziale, semplice da indossare e facile da valorizzare. Women's Plaid Wide-Leg Overalls aggiunge un tocco speciale al look e ti fa sentire sempre a tuo agio, in ogni occasione."
"women-s-plaid-wide-leg-overalls","Women's Plaid Wide-Leg Overalls","<p>Il tuo nuovo capo essenziale, semplice da indossare e facile da valorizzare. Women's Plaid Wide-Leg Overalls aggiunge un tocco speciale al look e ti fa sentire sempre a tuo agio, in ogni occasione.</p>","madepants.com","Ropa","Ropa","Abbigliamento, Novità, Selezione Juanjo","TRUE","Colore","Beige","Talla","S","women-s-plaid-wide-leg-overalls-beige-s","0.00","","0","continue","assets/products/generated-clothing-camel.png","1","Women's Plaid Wide-Leg Overalls","Il tuo nuovo capo essenziale, semplice da indossare e facile da valorizzare. Women's Plaid Wide-Leg Overalls aggiunge un tocco speciale al look e ti fa sentire sempre a tuo agio, in ogni occasione."
"women-s-plaid-wide-leg-overalls","Women's Plaid Wide-Leg Overalls","<p>Il tuo nuovo capo essenziale, semplice da indossare e facile da valorizzare. Women's Plaid Wide-Leg Overalls aggiunge un tocco speciale al look e ti fa sentire sempre a tuo agio, in ogni occasione.</p>","madepants.com","Ropa","Ropa","Abbigliamento, Novità, Selezione Juanjo","TRUE","Colore","Beige","Talla","M","women-s-plaid-wide-leg-overalls-beige-m","0.00","","0","continue","assets/products/generated-clothing-camel.png","1","Women's Plaid Wide-Leg Overalls","Il tuo nuovo capo essenziale, semplice da indossare e facile da valorizzare. Women's Plaid Wide-Leg Overalls aggiunge un tocco speciale al look e ti fa sentire sempre a tuo agio, in ogni occasione."
"women-s-plaid-wide-leg-overalls","Women's Plaid Wide-Leg Overalls","<p>Il tuo nuovo capo essenziale, semplice da indossare e facile da valorizzare. Women's Plaid Wide-Leg Overalls aggiunge un tocco speciale al look e ti fa sentire sempre a tuo agio, in ogni occasione.</p>","madepants.com","Ropa","Ropa","Abbigliamento, Novità, Selezione Juanjo","TRUE","Colore","Beige","Talla","L","women-s-plaid-wide-leg-overalls-beige-l","0.00","","0","continue","assets/products/generated-clothing-camel.png","1","Women's Plaid Wide-Leg Overalls","Il tuo nuovo capo essenziale, semplice da indossare e facile da valorizzare. Women's Plaid Wide-Leg Overalls aggiunge un tocco speciale al look e ti fa sentire sempre a tuo agio, in ogni occasione."
"women-s-plaid-wide-leg-overalls","Women's Plaid Wide-Leg Overalls","<p>Il tuo nuovo capo essenziale, semplice da indossare e facile da valorizzare. Women's Plaid Wide-Leg Overalls aggiunge un tocco speciale al look e ti fa sentire sempre a tuo agio, in ogni occasione.</p>","madepants.com","Ropa","Ropa","Abbigliamento, Novità, Selezione Juanjo","TRUE","Colore","Beige","Talla","XL","women-s-plaid-wide-leg-overalls-beige-xl","0.00","","0","continue","assets/products/generated-clothing-camel.png","1","Women's Plaid Wide-Leg Overalls","Il tuo nuovo capo essenziale, semplice da indossare e facile da valorizzare. Women's Plaid Wide-Leg Overalls aggiunge un tocco speciale al look e ti fa sentire sempre a tuo agio, in ogni occasione."
"women-s-plaid-wide-leg-overalls","Women's Plaid Wide-Leg Overalls","<p>Il tuo nuovo capo essenziale, semplice da indossare e facile da valorizzare. Women's Plaid Wide-Leg Overalls aggiunge un tocco speciale al look e ti fa sentire sempre a tuo agio, in ogni occasione.</p>","madepants.com","Ropa","Ropa","Abbigliamento, Novità, Selezione Juanjo","TRUE","Colore","Bianco","Talla","S","women-s-plaid-wide-leg-overalls-bianco-s","0.00","","0","continue","assets/products/generated-clothing-camel.png","1","Women's Plaid Wide-Leg Overalls","Il tuo nuovo capo essenziale, semplice da indossare e facile da valorizzare. Women's Plaid Wide-Leg Overalls aggiunge un tocco speciale al look e ti fa sentire sempre a tuo agio, in ogni occasione."
"women-s-plaid-wide-leg-overalls","Women's Plaid Wide-Leg Overalls","<p>Il tuo nuovo capo essenziale, semplice da indossare e facile da valorizzare. Women's Plaid Wide-Leg Overalls aggiunge un tocco speciale al look e ti fa sentire sempre a tuo agio, in ogni occasione.</p>","madepants.com","Ropa","Ropa","Abbigliamento, Novità, Selezione Juanjo","TRUE","Colore","Bianco","Talla","M","women-s-plaid-wide-leg-overalls-bianco-m","0.00","","0","continue","assets/products/generated-clothing-camel.png","1","Women's Plaid Wide-Leg Overalls","Il tuo nuovo capo essenziale, semplice da indossare e facile da valorizzare. Women's Plaid Wide-Leg Overalls aggiunge un tocco speciale al look e ti fa sentire sempre a tuo agio, in ogni occasione."
"women-s-plaid-wide-leg-overalls","Women's Plaid Wide-Leg Overalls","<p>Il tuo nuovo capo essenziale, semplice da indossare e facile da valorizzare. Women's Plaid Wide-Leg Overalls aggiunge un tocco speciale al look e ti fa sentire sempre a tuo agio, in ogni occasione.</p>","madepants.com","Ropa","Ropa","Abbigliamento, Novità, Selezione Juanjo","TRUE","Colore","Bianco","Talla","L","women-s-plaid-wide-leg-overalls-bianco-l","0.00","","0","continue","assets/products/generated-clothing-camel.png","1","Women's Plaid Wide-Leg Overalls","Il tuo nuovo capo essenziale, semplice da indossare e facile da valorizzare. Women's Plaid Wide-Leg Overalls aggiunge un tocco speciale al look e ti fa sentire sempre a tuo agio, in ogni occasione."
"women-s-plaid-wide-leg-overalls","Women's Plaid Wide-Leg Overalls","<p>Il tuo nuovo capo essenziale, semplice da indossare e facile da valorizzare. Women's Plaid Wide-Leg Overalls aggiunge un tocco speciale al look e ti fa sentire sempre a tuo agio, in ogni occasione.</p>","madepants.com","Ropa","Ropa","Abbigliamento, Novità, Selezione Juanjo","TRUE","Colore","Bianco","Talla","XL","women-s-plaid-wide-leg-overalls-bianco-xl","0.00","","0","continue","assets/products/generated-clothing-camel.png","1","Women's Plaid Wide-Leg Overalls","Il tuo nuovo capo essenziale, semplice da indossare e facile da valorizzare. Women's Plaid Wide-Leg Overalls aggiunge un tocco speciale al look e ti fa sentire sempre a tuo agio, in ogni occasione."
"women-s-plaid-wide-leg-overalls","Women's Plaid Wide-Leg Overalls","<p>Il tuo nuovo capo essenziale, semplice da indossare e facile da valorizzare. Women's Plaid Wide-Leg Overalls aggiunge un tocco speciale al look e ti fa sentire sempre a tuo agio, in ogni occasione.</p>","madepants.com","Ropa","Ropa","Abbigliamento, Novità, Selezione Juanjo","TRUE","Colore","Verde","Talla","S","women-s-plaid-wide-leg-overalls-verde-s","0.00","","0","continue","assets/products/generated-clothing-camel.png","1","Women's Plaid Wide-Leg Overalls","Il tuo nuovo capo essenziale, semplice da indossare e facile da valorizzare. Women's Plaid Wide-Leg Overalls aggiunge un tocco speciale al look e ti fa sentire sempre a tuo agio, in ogni occasione."
"women-s-plaid-wide-leg-overalls","Women's Plaid Wide-Leg Overalls","<p>Il tuo nuovo capo essenziale, semplice da indossare e facile da valorizzare. Women's Plaid Wide-Leg Overalls aggiunge un tocco speciale al look e ti fa sentire sempre a tuo agio, in ogni occasione.</p>","madepants.com","Ropa","Ropa","Abbigliamento, Novità, Selezione Juanjo","TRUE","Colore","Verde","Talla","M","women-s-plaid-wide-leg-overalls-verde-m","0.00","","0","continue","assets/products/generated-clothing-camel.png","1","Women's Plaid Wide-Leg Overalls","Il tuo nuovo capo essenziale, semplice da indossare e facile da valorizzare. Women's Plaid Wide-Leg Overalls aggiunge un tocco speciale al look e ti fa sentire sempre a tuo agio, in ogni occasione."
"women-s-plaid-wide-leg-overalls","Women's Plaid Wide-Leg Overalls","<p>Il tuo nuovo capo essenziale, semplice da indossare e facile da valorizzare. Women's Plaid Wide-Leg Overalls aggiunge un tocco speciale al look e ti fa sentire sempre a tuo agio, in ogni occasione.</p>","madepants.com","Ropa","Ropa","Abbigliamento, Novità, Selezione Juanjo","TRUE","Colore","Verde","Talla","L","women-s-plaid-wide-leg-overalls-verde-l","0.00","","0","continue","assets/products/generated-clothing-camel.png","1","Women's Plaid Wide-Leg Overalls","Il tuo nuovo capo essenziale, semplice da indossare e facile da valorizzare. Women's Plaid Wide-Leg Overalls aggiunge un tocco speciale al look e ti fa sentire sempre a tuo agio, in ogni occasione."
"women-s-plaid-wide-leg-overalls","Women's Plaid Wide-Leg Overalls","<p>Il tuo nuovo capo essenziale, semplice da indossare e facile da valorizzare. Women's Plaid Wide-Leg Overalls aggiunge un tocco speciale al look e ti fa sentire sempre a tuo agio, in ogni occasione.</p>","madepants.com","Ropa","Ropa","Abbigliamento, Novità, Selezione Juanjo","TRUE","Colore","Verde","Talla","XL","women-s-plaid-wide-leg-overalls-verde-xl","0.00","","0","continue","assets/products/generated-clothing-camel.png","1","Women's Plaid Wide-Leg Overalls","Il tuo nuovo capo essenziale, semplice da indossare e facile da valorizzare. Women's Plaid Wide-Leg Overalls aggiunge un tocco speciale al look e ti fa sentire sempre a tuo agio, in ogni occasione."
"stm-tex-fleece-lined-short-oversized-rain-jacket","STM-TEX Fleece Lined Short Oversized Rain Jacket","<p>Il tuo nuovo capo essenziale, semplice da indossare e facile da valorizzare. STM-TEX Fleece Lined Short Oversized Rain Jacket aggiunge un tocco speciale al look e ti fa sentire sempre a tuo agio, in ogni occasione.</p>","puffit.com","Ropa","Ropa","Abbigliamento, Novità, Selezione Juanjo","TRUE","Colore","Nero","Talla","S","stm-tex-fleece-lined-short-oversized-rain-jacket-nero-s","69.99","109.99","0","continue","assets/products/generated-clothing-camel.png","1","STM-TEX Fleece Lined Short Oversized Rain Jacket","Il tuo nuovo capo essenziale, semplice da indossare e facile da valorizzare. STM-TEX Fleece Lined Short Oversized Rain Jacket aggiunge un tocco speciale al look e ti fa sentire sempre a tuo agio, in ogni occasione."
"stm-tex-fleece-lined-short-oversized-rain-jacket","STM-TEX Fleece Lined Short Oversized Rain Jacket","<p>Il tuo nuovo capo essenziale, semplice da indossare e facile da valorizzare. STM-TEX Fleece Lined Short Oversized Rain Jacket aggiunge un tocco speciale al look e ti fa sentire sempre a tuo agio, in ogni occasione.</p>","puffit.com","Ropa","Ropa","Abbigliamento, Novità, Selezione Juanjo","TRUE","Colore","Nero","Talla","M","stm-tex-fleece-lined-short-oversized-rain-jacket-nero-m","69.99","109.99","0","continue","assets/products/generated-clothing-camel.png","1","STM-TEX Fleece Lined Short Oversized Rain Jacket","Il tuo nuovo capo essenziale, semplice da indossare e facile da valorizzare. STM-TEX Fleece Lined Short Oversized Rain Jacket aggiunge un tocco speciale al look e ti fa sentire sempre a tuo agio, in ogni occasione."
"stm-tex-fleece-lined-short-oversized-rain-jacket","STM-TEX Fleece Lined Short Oversized Rain Jacket","<p>Il tuo nuovo capo essenziale, semplice da indossare e facile da valorizzare. STM-TEX Fleece Lined Short Oversized Rain Jacket aggiunge un tocco speciale al look e ti fa sentire sempre a tuo agio, in ogni occasione.</p>","puffit.com","Ropa","Ropa","Abbigliamento, Novità, Selezione Juanjo","TRUE","Colore","Nero","Talla","L","stm-tex-fleece-lined-short-oversized-rain-jacket-nero-l","69.99","109.99","0","continue","assets/products/generated-clothing-camel.png","1","STM-TEX Fleece Lined Short Oversized Rain Jacket","Il tuo nuovo capo essenziale, semplice da indossare e facile da valorizzare. STM-TEX Fleece Lined Short Oversized Rain Jacket aggiunge un tocco speciale al look e ti fa sentire sempre a tuo agio, in ogni occasione."
"stm-tex-fleece-lined-short-oversized-rain-jacket","STM-TEX Fleece Lined Short Oversized Rain Jacket","<p>Il tuo nuovo capo essenziale, semplice da indossare e facile da valorizzare. STM-TEX Fleece Lined Short Oversized Rain Jacket aggiunge un tocco speciale al look e ti fa sentire sempre a tuo agio, in ogni occasione.</p>","puffit.com","Ropa","Ropa","Abbigliamento, Novità, Selezione Juanjo","TRUE","Colore","Nero","Talla","XL","stm-tex-fleece-lined-short-oversized-rain-jacket-nero-xl","69.99","109.99","0","continue","assets/products/generated-clothing-camel.png","1","STM-TEX Fleece Lined Short Oversized Rain Jacket","Il tuo nuovo capo essenziale, semplice da indossare e facile da valorizzare. STM-TEX Fleece Lined Short Oversized Rain Jacket aggiunge un tocco speciale al look e ti fa sentire sempre a tuo agio, in ogni occasione."
"stm-tex-fleece-lined-short-oversized-rain-jacket","STM-TEX Fleece Lined Short Oversized Rain Jacket","<p>Il tuo nuovo capo essenziale, semplice da indossare e facile da valorizzare. STM-TEX Fleece Lined Short Oversized Rain Jacket aggiunge un tocco speciale al look e ti fa sentire sempre a tuo agio, in ogni occasione.</p>","puffit.com","Ropa","Ropa","Abbigliamento, Novità, Selezione Juanjo","TRUE","Colore","Beige","Talla","S","stm-tex-fleece-lined-short-oversized-rain-jacket-beige-s","69.99","109.99","0","continue","assets/products/generated-clothing-camel.png","1","STM-TEX Fleece Lined Short Oversized Rain Jacket","Il tuo nuovo capo essenziale, semplice da indossare e facile da valorizzare. STM-TEX Fleece Lined Short Oversized Rain Jacket aggiunge un tocco speciale al look e ti fa sentire sempre a tuo agio, in ogni occasione."
"stm-tex-fleece-lined-short-oversized-rain-jacket","STM-TEX Fleece Lined Short Oversized Rain Jacket","<p>Il tuo nuovo capo essenziale, semplice da indossare e facile da valorizzare. STM-TEX Fleece Lined Short Oversized Rain Jacket aggiunge un tocco speciale al look e ti fa sentire sempre a tuo agio, in ogni occasione.</p>","puffit.com","Ropa","Ropa","Abbigliamento, Novità, Selezione Juanjo","TRUE","Colore","Beige","Talla","M","stm-tex-fleece-lined-short-oversized-rain-jacket-beige-m","69.99","109.99","0","continue","assets/products/generated-clothing-camel.png","1","STM-TEX Fleece Lined Short Oversized Rain Jacket","Il tuo nuovo capo essenziale, semplice da indossare e facile da valorizzare. STM-TEX Fleece Lined Short Oversized Rain Jacket aggiunge un tocco speciale al look e ti fa sentire sempre a tuo agio, in ogni occasione."
"stm-tex-fleece-lined-short-oversized-rain-jacket","STM-TEX Fleece Lined Short Oversized Rain Jacket","<p>Il tuo nuovo capo essenziale, semplice da indossare e facile da valorizzare. STM-TEX Fleece Lined Short Oversized Rain Jacket aggiunge un tocco speciale al look e ti fa sentire sempre a tuo agio, in ogni occasione.</p>","puffit.com","Ropa","Ropa","Abbigliamento, Novità, Selezione Juanjo","TRUE","Colore","Beige","Talla","L","stm-tex-fleece-lined-short-oversized-rain-jacket-beige-l","69.99","109.99","0","continue","assets/products/generated-clothing-camel.png","1","STM-TEX Fleece Lined Short Oversized Rain Jacket","Il tuo nuovo capo essenziale, semplice da indossare e facile da valorizzare. STM-TEX Fleece Lined Short Oversized Rain Jacket aggiunge un tocco speciale al look e ti fa sentire sempre a tuo agio, in ogni occasione."
"stm-tex-fleece-lined-short-oversized-rain-jacket","STM-TEX Fleece Lined Short Oversized Rain Jacket","<p>Il tuo nuovo capo essenziale, semplice da indossare e facile da valorizzare. STM-TEX Fleece Lined Short Oversized Rain Jacket aggiunge un tocco speciale al look e ti fa sentire sempre a tuo agio, in ogni occasione.</p>","puffit.com","Ropa","Ropa","Abbigliamento, Novità, Selezione Juanjo","TRUE","Colore","Beige","Talla","XL","stm-tex-fleece-lined-short-oversized-rain-jacket-beige-xl","69.99","109.99","0","continue","assets/products/generated-clothing-camel.png","1","STM-TEX Fleece Lined Short Oversized Rain Jacket","Il tuo nuovo capo essenziale, semplice da indossare e facile da valorizzare. STM-TEX Fleece Lined Short Oversized Rain Jacket aggiunge un tocco speciale al look e ti fa sentire sempre a tuo agio, in ogni occasione."
"stm-tex-fleece-lined-short-oversized-rain-jacket","STM-TEX Fleece Lined Short Oversized Rain Jacket","<p>Il tuo nuovo capo essenziale, semplice da indossare e facile da valorizzare. STM-TEX Fleece Lined Short Oversized Rain Jacket aggiunge un tocco speciale al look e ti fa sentire sempre a tuo agio, in ogni occasione.</p>","puffit.com","Ropa","Ropa","Abbigliamento, Novità, Selezione Juanjo","TRUE","Colore","Bianco","Talla","S","stm-tex-fleece-lined-short-oversized-rain-jacket-bianco-s","69.99","109.99","0","continue","assets/products/generated-clothing-camel.png","1","STM-TEX Fleece Lined Short Oversized Rain Jacket","Il tuo nuovo capo essenziale, semplice da indossare e facile da valorizzare. STM-TEX Fleece Lined Short Oversized Rain Jacket aggiunge un tocco speciale al look e ti fa sentire sempre a tuo agio, in ogni occasione."
"stm-tex-fleece-lined-short-oversized-rain-jacket","STM-TEX Fleece Lined Short Oversized Rain Jacket","<p>Il tuo nuovo capo essenziale, semplice da indossare e facile da valorizzare. STM-TEX Fleece Lined Short Oversized Rain Jacket aggiunge un tocco speciale al look e ti fa sentire sempre a tuo agio, in ogni occasione.</p>","puffit.com","Ropa","Ropa","Abbigliamento, Novità, Selezione Juanjo","TRUE","Colore","Bianco","Talla","M","stm-tex-fleece-lined-short-oversized-rain-jacket-bianco-m","69.99","109.99","0","continue","assets/products/generated-clothing-camel.png","1","STM-TEX Fleece Lined Short Oversized Rain Jacket","Il tuo nuovo capo essenziale, semplice da indossare e facile da valorizzare. STM-TEX Fleece Lined Short Oversized Rain Jacket aggiunge un tocco speciale al look e ti fa sentire sempre a tuo agio, in ogni occasione."
"stm-tex-fleece-lined-short-oversized-rain-jacket","STM-TEX Fleece Lined Short Oversized Rain Jacket","<p>Il tuo nuovo capo essenziale, semplice da indossare e facile da valorizzare. STM-TEX Fleece Lined Short Oversized Rain Jacket aggiunge un tocco speciale al look e ti fa sentire sempre a tuo agio, in ogni occasione.</p>","puffit.com","Ropa","Ropa","Abbigliamento, Novità, Selezione Juanjo","TRUE","Colore","Bianco","Talla","L","stm-tex-fleece-lined-short-oversized-rain-jacket-bianco-l","69.99","109.99","0","continue","assets/products/generated-clothing-camel.png","1","STM-TEX Fleece Lined Short Oversized Rain Jacket","Il tuo nuovo capo essenziale, semplice da indossare e facile da valorizzare. STM-TEX Fleece Lined Short Oversized Rain Jacket aggiunge un tocco speciale al look e ti fa sentire sempre a tuo agio, in ogni occasione."
"stm-tex-fleece-lined-short-oversized-rain-jacket","STM-TEX Fleece Lined Short Oversized Rain Jacket","<p>Il tuo nuovo capo essenziale, semplice da indossare e facile da valorizzare. STM-TEX Fleece Lined Short Oversized Rain Jacket aggiunge un tocco speciale al look e ti fa sentire sempre a tuo agio, in ogni occasione.</p>","puffit.com","Ropa","Ropa","Abbigliamento, Novità, Selezione Juanjo","TRUE","Colore","Bianco","Talla","XL","stm-tex-fleece-lined-short-oversized-rain-jacket-bianco-xl","69.99","109.99","0","continue","assets/products/generated-clothing-camel.png","1","STM-TEX Fleece Lined Short Oversized Rain Jacket","Il tuo nuovo capo essenziale, semplice da indossare e facile da valorizzare. STM-TEX Fleece Lined Short Oversized Rain Jacket aggiunge un tocco speciale al look e ti fa sentire sempre a tuo agio, in ogni occasione."
"stm-tex-fleece-lined-short-oversized-rain-jacket","STM-TEX Fleece Lined Short Oversized Rain Jacket","<p>Il tuo nuovo capo essenziale, semplice da indossare e facile da valorizzare. STM-TEX Fleece Lined Short Oversized Rain Jacket aggiunge un tocco speciale al look e ti fa sentire sempre a tuo agio, in ogni occasione.</p>","puffit.com","Ropa","Ropa","Abbigliamento, Novità, Selezione Juanjo","TRUE","Colore","Verde","Talla","S","stm-tex-fleece-lined-short-oversized-rain-jacket-verde-s","69.99","109.99","0","continue","assets/products/generated-clothing-camel.png","1","STM-TEX Fleece Lined Short Oversized Rain Jacket","Il tuo nuovo capo essenziale, semplice da indossare e facile da valorizzare. STM-TEX Fleece Lined Short Oversized Rain Jacket aggiunge un tocco speciale al look e ti fa sentire sempre a tuo agio, in ogni occasione."
"stm-tex-fleece-lined-short-oversized-rain-jacket","STM-TEX Fleece Lined Short Oversized Rain Jacket","<p>Il tuo nuovo capo essenziale, semplice da indossare e facile da valorizzare. STM-TEX Fleece Lined Short Oversized Rain Jacket aggiunge un tocco speciale al look e ti fa sentire sempre a tuo agio, in ogni occasione.</p>","puffit.com","Ropa","Ropa","Abbigliamento, Novità, Selezione Juanjo","TRUE","Colore","Verde","Talla","M","stm-tex-fleece-lined-short-oversized-rain-jacket-verde-m","69.99","109.99","0","continue","assets/products/generated-clothing-camel.png","1","STM-TEX Fleece Lined Short Oversized Rain Jacket","Il tuo nuovo capo essenziale, semplice da indossare e facile da valorizzare. STM-TEX Fleece Lined Short Oversized Rain Jacket aggiunge un tocco speciale al look e ti fa sentire sempre a tuo agio, in ogni occasione."
"stm-tex-fleece-lined-short-oversized-rain-jacket","STM-TEX Fleece Lined Short Oversized Rain Jacket","<p>Il tuo nuovo capo essenziale, semplice da indossare e facile da valorizzare. STM-TEX Fleece Lined Short Oversized Rain Jacket aggiunge un tocco speciale al look e ti fa sentire sempre a tuo agio, in ogni occasione.</p>","puffit.com","Ropa","Ropa","Abbigliamento, Novità, Selezione Juanjo","TRUE","Colore","Verde","Talla","L","stm-tex-fleece-lined-short-oversized-rain-jacket-verde-l","69.99","109.99","0","continue","assets/products/generated-clothing-camel.png","1","STM-TEX Fleece Lined Short Oversized Rain Jacket","Il tuo nuovo capo essenziale, semplice da indossare e facile da valorizzare. STM-TEX Fleece Lined Short Oversized Rain Jacket aggiunge un tocco speciale al look e ti fa sentire sempre a tuo agio, in ogni occasione."
"stm-tex-fleece-lined-short-oversized-rain-jacket","STM-TEX Fleece Lined Short Oversized Rain Jacket","<p>Il tuo nuovo capo essenziale, semplice da indossare e facile da valorizzare. STM-TEX Fleece Lined Short Oversized Rain Jacket aggiunge un tocco speciale al look e ti fa sentire sempre a tuo agio, in ogni occasione.</p>","puffit.com","Ropa","Ropa","Abbigliamento, Novità, Selezione Juanjo","TRUE","Colore","Verde","Talla","XL","stm-tex-fleece-lined-short-oversized-rain-jacket-verde-xl","69.99","109.99","0","continue","assets/products/generated-clothing-camel.png","1","STM-TEX Fleece Lined Short Oversized Rain Jacket","Il tuo nuovo capo essenziale, semplice da indossare e facile da valorizzare. STM-TEX Fleece Lined Short Oversized Rain Jacket aggiunge un tocco speciale al look e ti fa sentire sempre a tuo agio, in ogni occasione."
"warmcore-faux-fur-lined-hooded-short-puffer","WarmCore Faux Fur Lined Hooded Short Puffer","<p>Il tuo nuovo capo essenziale, semplice da indossare e facile da valorizzare. WarmCore Faux Fur Lined Hooded Short Puffer aggiunge un tocco speciale al look e ti fa sentire sempre a tuo agio, in ogni occasione.</p>","puffit.com","Ropa","Ropa","Abbigliamento, Novità, Selezione Juanjo","TRUE","Colore","Nero","Talla","S","warmcore-faux-fur-lined-hooded-short-puffer-nero-s","79.99","129.99","0","continue","assets/products/generated-clothing-camel.png","1","WarmCore Faux Fur Lined Hooded Short Puffer","Il tuo nuovo capo essenziale, semplice da indossare e facile da valorizzare. WarmCore Faux Fur Lined Hooded Short Puffer aggiunge un tocco speciale al look e ti fa sentire sempre a tuo agio, in ogni occasione."
"warmcore-faux-fur-lined-hooded-short-puffer","WarmCore Faux Fur Lined Hooded Short Puffer","<p>Il tuo nuovo capo essenziale, semplice da indossare e facile da valorizzare. WarmCore Faux Fur Lined Hooded Short Puffer aggiunge un tocco speciale al look e ti fa sentire sempre a tuo agio, in ogni occasione.</p>","puffit.com","Ropa","Ropa","Abbigliamento, Novità, Selezione Juanjo","TRUE","Colore","Nero","Talla","M","warmcore-faux-fur-lined-hooded-short-puffer-nero-m","79.99","129.99","0","continue","assets/products/generated-clothing-camel.png","1","WarmCore Faux Fur Lined Hooded Short Puffer","Il tuo nuovo capo essenziale, semplice da indossare e facile da valorizzare. WarmCore Faux Fur Lined Hooded Short Puffer aggiunge un tocco speciale al look e ti fa sentire sempre a tuo agio, in ogni occasione."
"warmcore-faux-fur-lined-hooded-short-puffer","WarmCore Faux Fur Lined Hooded Short Puffer","<p>Il tuo nuovo capo essenziale, semplice da indossare e facile da valorizzare. WarmCore Faux Fur Lined Hooded Short Puffer aggiunge un tocco speciale al look e ti fa sentire sempre a tuo agio, in ogni occasione.</p>","puffit.com","Ropa","Ropa","Abbigliamento, Novità, Selezione Juanjo","TRUE","Colore","Nero","Talla","L","warmcore-faux-fur-lined-hooded-short-puffer-nero-l","79.99","129.99","0","continue","assets/products/generated-clothing-camel.png","1","WarmCore Faux Fur Lined Hooded Short Puffer","Il tuo nuovo capo essenziale, semplice da indossare e facile da valorizzare. WarmCore Faux Fur Lined Hooded Short Puffer aggiunge un tocco speciale al look e ti fa sentire sempre a tuo agio, in ogni occasione."
"warmcore-faux-fur-lined-hooded-short-puffer","WarmCore Faux Fur Lined Hooded Short Puffer","<p>Il tuo nuovo capo essenziale, semplice da indossare e facile da valorizzare. WarmCore Faux Fur Lined Hooded Short Puffer aggiunge un tocco speciale al look e ti fa sentire sempre a tuo agio, in ogni occasione.</p>","puffit.com","Ropa","Ropa","Abbigliamento, Novità, Selezione Juanjo","TRUE","Colore","Nero","Talla","XL","warmcore-faux-fur-lined-hooded-short-puffer-nero-xl","79.99","129.99","0","continue","assets/products/generated-clothing-camel.png","1","WarmCore Faux Fur Lined Hooded Short Puffer","Il tuo nuovo capo essenziale, semplice da indossare e facile da valorizzare. WarmCore Faux Fur Lined Hooded Short Puffer aggiunge un tocco speciale al look e ti fa sentire sempre a tuo agio, in ogni occasione."
"warmcore-faux-fur-lined-hooded-short-puffer","WarmCore Faux Fur Lined Hooded Short Puffer","<p>Il tuo nuovo capo essenziale, semplice da indossare e facile da valorizzare. WarmCore Faux Fur Lined Hooded Short Puffer aggiunge un tocco speciale al look e ti fa sentire sempre a tuo agio, in ogni occasione.</p>","puffit.com","Ropa","Ropa","Abbigliamento, Novità, Selezione Juanjo","TRUE","Colore","Beige","Talla","S","warmcore-faux-fur-lined-hooded-short-puffer-beige-s","79.99","129.99","0","continue","assets/products/generated-clothing-camel.png","1","WarmCore Faux Fur Lined Hooded Short Puffer","Il tuo nuovo capo essenziale, semplice da indossare e facile da valorizzare. WarmCore Faux Fur Lined Hooded Short Puffer aggiunge un tocco speciale al look e ti fa sentire sempre a tuo agio, in ogni occasione."
"warmcore-faux-fur-lined-hooded-short-puffer","WarmCore Faux Fur Lined Hooded Short Puffer","<p>Il tuo nuovo capo essenziale, semplice da indossare e facile da valorizzare. WarmCore Faux Fur Lined Hooded Short Puffer aggiunge un tocco speciale al look e ti fa sentire sempre a tuo agio, in ogni occasione.</p>","puffit.com","Ropa","Ropa","Abbigliamento, Novità, Selezione Juanjo","TRUE","Colore","Beige","Talla","M","warmcore-faux-fur-lined-hooded-short-puffer-beige-m","79.99","129.99","0","continue","assets/products/generated-clothing-camel.png","1","WarmCore Faux Fur Lined Hooded Short Puffer","Il tuo nuovo capo essenziale, semplice da indossare e facile da valorizzare. WarmCore Faux Fur Lined Hooded Short Puffer aggiunge un tocco speciale al look e ti fa sentire sempre a tuo agio, in ogni occasione."
"warmcore-faux-fur-lined-hooded-short-puffer","WarmCore Faux Fur Lined Hooded Short Puffer","<p>Il tuo nuovo capo essenziale, semplice da indossare e facile da valorizzare. WarmCore Faux Fur Lined Hooded Short Puffer aggiunge un tocco speciale al look e ti fa sentire sempre a tuo agio, in ogni occasione.</p>","puffit.com","Ropa","Ropa","Abbigliamento, Novità, Selezione Juanjo","TRUE","Colore","Beige","Talla","L","warmcore-faux-fur-lined-hooded-short-puffer-beige-l","79.99","129.99","0","continue","assets/products/generated-clothing-camel.png","1","WarmCore Faux Fur Lined Hooded Short Puffer","Il tuo nuovo capo essenziale, semplice da indossare e facile da valorizzare. WarmCore Faux Fur Lined Hooded Short Puffer aggiunge un tocco speciale al look e ti fa sentire sempre a tuo agio, in ogni occasione."
"warmcore-faux-fur-lined-hooded-short-puffer","WarmCore Faux Fur Lined Hooded Short Puffer","<p>Il tuo nuovo capo essenziale, semplice da indossare e facile da valorizzare. WarmCore Faux Fur Lined Hooded Short Puffer aggiunge un tocco speciale al look e ti fa sentire sempre a tuo agio, in ogni occasione.</p>","puffit.com","Ropa","Ropa","Abbigliamento, Novità, Selezione Juanjo","TRUE","Colore","Beige","Talla","XL","warmcore-faux-fur-lined-hooded-short-puffer-beige-xl","79.99","129.99","0","continue","assets/products/generated-clothing-camel.png","1","WarmCore Faux Fur Lined Hooded Short Puffer","Il tuo nuovo capo essenziale, semplice da indossare e facile da valorizzare. WarmCore Faux Fur Lined Hooded Short Puffer aggiunge un tocco speciale al look e ti fa sentire sempre a tuo agio, in ogni occasione."
"warmcore-faux-fur-lined-hooded-short-puffer","WarmCore Faux Fur Lined Hooded Short Puffer","<p>Il tuo nuovo capo essenziale, semplice da indossare e facile da valorizzare. WarmCore Faux Fur Lined Hooded Short Puffer aggiunge un tocco speciale al look e ti fa sentire sempre a tuo agio, in ogni occasione.</p>","puffit.com","Ropa","Ropa","Abbigliamento, Novità, Selezione Juanjo","TRUE","Colore","Bianco","Talla","S","warmcore-faux-fur-lined-hooded-short-puffer-bianco-s","79.99","129.99","0","continue","assets/products/generated-clothing-camel.png","1","WarmCore Faux Fur Lined Hooded Short Puffer","Il tuo nuovo capo essenziale, semplice da indossare e facile da valorizzare. WarmCore Faux Fur Lined Hooded Short Puffer aggiunge un tocco speciale al look e ti fa sentire sempre a tuo agio, in ogni occasione."
"warmcore-faux-fur-lined-hooded-short-puffer","WarmCore Faux Fur Lined Hooded Short Puffer","<p>Il tuo nuovo capo essenziale, semplice da indossare e facile da valorizzare. WarmCore Faux Fur Lined Hooded Short Puffer aggiunge un tocco speciale al look e ti fa sentire sempre a tuo agio, in ogni occasione.</p>","puffit.com","Ropa","Ropa","Abbigliamento, Novità, Selezione Juanjo","TRUE","Colore","Bianco","Talla","M","warmcore-faux-fur-lined-hooded-short-puffer-bianco-m","79.99","129.99","0","continue","assets/products/generated-clothing-camel.png","1","WarmCore Faux Fur Lined Hooded Short Puffer","Il tuo nuovo capo essenziale, semplice da indossare e facile da valorizzare. WarmCore Faux Fur Lined Hooded Short Puffer aggiunge un tocco speciale al look e ti fa sentire sempre a tuo agio, in ogni occasione."
"warmcore-faux-fur-lined-hooded-short-puffer","WarmCore Faux Fur Lined Hooded Short Puffer","<p>Il tuo nuovo capo essenziale, semplice da indossare e facile da valorizzare. WarmCore Faux Fur Lined Hooded Short Puffer aggiunge un tocco speciale al look e ti fa sentire sempre a tuo agio, in ogni occasione.</p>","puffit.com","Ropa","Ropa","Abbigliamento, Novità, Selezione Juanjo","TRUE","Colore","Bianco","Talla","L","warmcore-faux-fur-lined-hooded-short-puffer-bianco-l","79.99","129.99","0","continue","assets/products/generated-clothing-camel.png","1","WarmCore Faux Fur Lined Hooded Short Puffer","Il tuo nuovo capo essenziale, semplice da indossare e facile da valorizzare. WarmCore Faux Fur Lined Hooded Short Puffer aggiunge un tocco speciale al look e ti fa sentire sempre a tuo agio, in ogni occasione."
"warmcore-faux-fur-lined-hooded-short-puffer","WarmCore Faux Fur Lined Hooded Short Puffer","<p>Il tuo nuovo capo essenziale, semplice da indossare e facile da valorizzare. WarmCore Faux Fur Lined Hooded Short Puffer aggiunge un tocco speciale al look e ti fa sentire sempre a tuo agio, in ogni occasione.</p>","puffit.com","Ropa","Ropa","Abbigliamento, Novità, Selezione Juanjo","TRUE","Colore","Bianco","Talla","XL","warmcore-faux-fur-lined-hooded-short-puffer-bianco-xl","79.99","129.99","0","continue","assets/products/generated-clothing-camel.png","1","WarmCore Faux Fur Lined Hooded Short Puffer","Il tuo nuovo capo essenziale, semplice da indossare e facile da valorizzare. WarmCore Faux Fur Lined Hooded Short Puffer aggiunge un tocco speciale al look e ti fa sentire sempre a tuo agio, in ogni occasione."
"warmcore-faux-fur-lined-hooded-short-puffer","WarmCore Faux Fur Lined Hooded Short Puffer","<p>Il tuo nuovo capo essenziale, semplice da indossare e facile da valorizzare. WarmCore Faux Fur Lined Hooded Short Puffer aggiunge un tocco speciale al look e ti fa sentire sempre a tuo agio, in ogni occasione.</p>","puffit.com","Ropa","Ropa","Abbigliamento, Novità, Selezione Juanjo","TRUE","Colore","Verde","Talla","S","warmcore-faux-fur-lined-hooded-short-puffer-verde-s","79.99","129.99","0","continue","assets/products/generated-clothing-camel.png","1","WarmCore Faux Fur Lined Hooded Short Puffer","Il tuo nuovo capo essenziale, semplice da indossare e facile da valorizzare. WarmCore Faux Fur Lined Hooded Short Puffer aggiunge un tocco speciale al look e ti fa sentire sempre a tuo agio, in ogni occasione."
"warmcore-faux-fur-lined-hooded-short-puffer","WarmCore Faux Fur Lined Hooded Short Puffer","<p>Il tuo nuovo capo essenziale, semplice da indossare e facile da valorizzare. WarmCore Faux Fur Lined Hooded Short Puffer aggiunge un tocco speciale al look e ti fa sentire sempre a tuo agio, in ogni occasione.</p>","puffit.com","Ropa","Ropa","Abbigliamento, Novità, Selezione Juanjo","TRUE","Colore","Verde","Talla","M","warmcore-faux-fur-lined-hooded-short-puffer-verde-m","79.99","129.99","0","continue","assets/products/generated-clothing-camel.png","1","WarmCore Faux Fur Lined Hooded Short Puffer","Il tuo nuovo capo essenziale, semplice da indossare e facile da valorizzare. WarmCore Faux Fur Lined Hooded Short Puffer aggiunge un tocco speciale al look e ti fa sentire sempre a tuo agio, in ogni occasione."
"warmcore-faux-fur-lined-hooded-short-puffer","WarmCore Faux Fur Lined Hooded Short Puffer","<p>Il tuo nuovo capo essenziale, semplice da indossare e facile da valorizzare. WarmCore Faux Fur Lined Hooded Short Puffer aggiunge un tocco speciale al look e ti fa sentire sempre a tuo agio, in ogni occasione.</p>","puffit.com","Ropa","Ropa","Abbigliamento, Novità, Selezione Juanjo","TRUE","Colore","Verde","Talla","L","warmcore-faux-fur-lined-hooded-short-puffer-verde-l","79.99","129.99","0","continue","assets/products/generated-clothing-camel.png","1","WarmCore Faux Fur Lined Hooded Short Puffer","Il tuo nuovo capo essenziale, semplice da indossare e facile da valorizzare. WarmCore Faux Fur Lined Hooded Short Puffer aggiunge un tocco speciale al look e ti fa sentire sempre a tuo agio, in ogni occasione."
"warmcore-faux-fur-lined-hooded-short-puffer","WarmCore Faux Fur Lined Hooded Short Puffer","<p>Il tuo nuovo capo essenziale, semplice da indossare e facile da valorizzare. WarmCore Faux Fur Lined Hooded Short Puffer aggiunge un tocco speciale al look e ti fa sentire sempre a tuo agio, in ogni occasione.</p>","puffit.com","Ropa","Ropa","Abbigliamento, Novità, Selezione Juanjo","TRUE","Colore","Verde","Talla","XL","warmcore-faux-fur-lined-hooded-short-puffer-verde-xl","79.99","129.99","0","continue","assets/products/generated-clothing-camel.png","1","WarmCore Faux Fur Lined Hooded Short Puffer","Il tuo nuovo capo essenziale, semplice da indossare e facile da valorizzare. WarmCore Faux Fur Lined Hooded Short Puffer aggiunge un tocco speciale al look e ti fa sentire sempre a tuo agio, in ogni occasione."
"warmcore-classic-short-detachable-hooded-puffer","WarmCore Classic Short Detachable Hooded Puffer","<p>Il tuo nuovo capo essenziale, semplice da indossare e facile da valorizzare. WarmCore Classic Short Detachable Hooded Puffer aggiunge un tocco speciale al look e ti fa sentire sempre a tuo agio, in ogni occasione.</p>","puffit.com","Ropa","Ropa","Abbigliamento, Novità, Selezione Juanjo","TRUE","Colore","Nero","Talla","S","warmcore-classic-short-detachable-hooded-puffer-nero-s","59.99","69.99","0","continue","assets/products/generated-clothing-camel.png","1","WarmCore Classic Short Detachable Hooded Puffer","Il tuo nuovo capo essenziale, semplice da indossare e facile da valorizzare. WarmCore Classic Short Detachable Hooded Puffer aggiunge un tocco speciale al look e ti fa sentire sempre a tuo agio, in ogni occasione."
"warmcore-classic-short-detachable-hooded-puffer","WarmCore Classic Short Detachable Hooded Puffer","<p>Il tuo nuovo capo essenziale, semplice da indossare e facile da valorizzare. WarmCore Classic Short Detachable Hooded Puffer aggiunge un tocco speciale al look e ti fa sentire sempre a tuo agio, in ogni occasione.</p>","puffit.com","Ropa","Ropa","Abbigliamento, Novità, Selezione Juanjo","TRUE","Colore","Nero","Talla","M","warmcore-classic-short-detachable-hooded-puffer-nero-m","59.99","69.99","0","continue","assets/products/generated-clothing-camel.png","1","WarmCore Classic Short Detachable Hooded Puffer","Il tuo nuovo capo essenziale, semplice da indossare e facile da valorizzare. WarmCore Classic Short Detachable Hooded Puffer aggiunge un tocco speciale al look e ti fa sentire sempre a tuo agio, in ogni occasione."
"warmcore-classic-short-detachable-hooded-puffer","WarmCore Classic Short Detachable Hooded Puffer","<p>Il tuo nuovo capo essenziale, semplice da indossare e facile da valorizzare. WarmCore Classic Short Detachable Hooded Puffer aggiunge un tocco speciale al look e ti fa sentire sempre a tuo agio, in ogni occasione.</p>","puffit.com","Ropa","Ropa","Abbigliamento, Novità, Selezione Juanjo","TRUE","Colore","Nero","Talla","L","warmcore-classic-short-detachable-hooded-puffer-nero-l","59.99","69.99","0","continue","assets/products/generated-clothing-camel.png","1","WarmCore Classic Short Detachable Hooded Puffer","Il tuo nuovo capo essenziale, semplice da indossare e facile da valorizzare. WarmCore Classic Short Detachable Hooded Puffer aggiunge un tocco speciale al look e ti fa sentire sempre a tuo agio, in ogni occasione."
"warmcore-classic-short-detachable-hooded-puffer","WarmCore Classic Short Detachable Hooded Puffer","<p>Il tuo nuovo capo essenziale, semplice da indossare e facile da valorizzare. WarmCore Classic Short Detachable Hooded Puffer aggiunge un tocco speciale al look e ti fa sentire sempre a tuo agio, in ogni occasione.</p>","puffit.com","Ropa","Ropa","Abbigliamento, Novità, Selezione Juanjo","TRUE","Colore","Nero","Talla","XL","warmcore-classic-short-detachable-hooded-puffer-nero-xl","59.99","69.99","0","continue","assets/products/generated-clothing-camel.png","1","WarmCore Classic Short Detachable Hooded Puffer","Il tuo nuovo capo essenziale, semplice da indossare e facile da valorizzare. WarmCore Classic Short Detachable Hooded Puffer aggiunge un tocco speciale al look e ti fa sentire sempre a tuo agio, in ogni occasione."
"warmcore-classic-short-detachable-hooded-puffer","WarmCore Classic Short Detachable Hooded Puffer","<p>Il tuo nuovo capo essenziale, semplice da indossare e facile da valorizzare. WarmCore Classic Short Detachable Hooded Puffer aggiunge un tocco speciale al look e ti fa sentire sempre a tuo agio, in ogni occasione.</p>","puffit.com","Ropa","Ropa","Abbigliamento, Novità, Selezione Juanjo","TRUE","Colore","Beige","Talla","S","warmcore-classic-short-detachable-hooded-puffer-beige-s","59.99","69.99","0","continue","assets/products/generated-clothing-camel.png","1","WarmCore Classic Short Detachable Hooded Puffer","Il tuo nuovo capo essenziale, semplice da indossare e facile da valorizzare. WarmCore Classic Short Detachable Hooded Puffer aggiunge un tocco speciale al look e ti fa sentire sempre a tuo agio, in ogni occasione."
"warmcore-classic-short-detachable-hooded-puffer","WarmCore Classic Short Detachable Hooded Puffer","<p>Il tuo nuovo capo essenziale, semplice da indossare e facile da valorizzare. WarmCore Classic Short Detachable Hooded Puffer aggiunge un tocco speciale al look e ti fa sentire sempre a tuo agio, in ogni occasione.</p>","puffit.com","Ropa","Ropa","Abbigliamento, Novità, Selezione Juanjo","TRUE","Colore","Beige","Talla","M","warmcore-classic-short-detachable-hooded-puffer-beige-m","59.99","69.99","0","continue","assets/products/generated-clothing-camel.png","1","WarmCore Classic Short Detachable Hooded Puffer","Il tuo nuovo capo essenziale, semplice da indossare e facile da valorizzare. WarmCore Classic Short Detachable Hooded Puffer aggiunge un tocco speciale al look e ti fa sentire sempre a tuo agio, in ogni occasione."
"warmcore-classic-short-detachable-hooded-puffer","WarmCore Classic Short Detachable Hooded Puffer","<p>Il tuo nuovo capo essenziale, semplice da indossare e facile da valorizzare. WarmCore Classic Short Detachable Hooded Puffer aggiunge un tocco speciale al look e ti fa sentire sempre a tuo agio, in ogni occasione.</p>","puffit.com","Ropa","Ropa","Abbigliamento, Novità, Selezione Juanjo","TRUE","Colore","Beige","Talla","L","warmcore-classic-short-detachable-hooded-puffer-beige-l","59.99","69.99","0","continue","assets/products/generated-clothing-camel.png","1","WarmCore Classic Short Detachable Hooded Puffer","Il tuo nuovo capo essenziale, semplice da indossare e facile da valorizzare. WarmCore Classic Short Detachable Hooded Puffer aggiunge un tocco speciale al look e ti fa sentire sempre a tuo agio, in ogni occasione."
"warmcore-classic-short-detachable-hooded-puffer","WarmCore Classic Short Detachable Hooded Puffer","<p>Il tuo nuovo capo essenziale, semplice da indossare e facile da valorizzare. WarmCore Classic Short Detachable Hooded Puffer aggiunge un tocco speciale al look e ti fa sentire sempre a tuo agio, in ogni occasione.</p>","puffit.com","Ropa","Ropa","Abbigliamento, Novità, Selezione Juanjo","TRUE","Colore","Beige","Talla","XL","warmcore-classic-short-detachable-hooded-puffer-beige-xl","59.99","69.99","0","continue","assets/products/generated-clothing-camel.png","1","WarmCore Classic Short Detachable Hooded Puffer","Il tuo nuovo capo essenziale, semplice da indossare e facile da valorizzare. WarmCore Classic Short Detachable Hooded Puffer aggiunge un tocco speciale al look e ti fa sentire sempre a tuo agio, in ogni occasione."
"warmcore-classic-short-detachable-hooded-puffer","WarmCore Classic Short Detachable Hooded Puffer","<p>Il tuo nuovo capo essenziale, semplice da indossare e facile da valorizzare. WarmCore Classic Short Detachable Hooded Puffer aggiunge un tocco speciale al look e ti fa sentire sempre a tuo agio, in ogni occasione.</p>","puffit.com","Ropa","Ropa","Abbigliamento, Novità, Selezione Juanjo","TRUE","Colore","Bianco","Talla","S","warmcore-classic-short-detachable-hooded-puffer-bianco-s","59.99","69.99","0","continue","assets/products/generated-clothing-camel.png","1","WarmCore Classic Short Detachable Hooded Puffer","Il tuo nuovo capo essenziale, semplice da indossare e facile da valorizzare. WarmCore Classic Short Detachable Hooded Puffer aggiunge un tocco speciale al look e ti fa sentire sempre a tuo agio, in ogni occasione."
"warmcore-classic-short-detachable-hooded-puffer","WarmCore Classic Short Detachable Hooded Puffer","<p>Il tuo nuovo capo essenziale, semplice da indossare e facile da valorizzare. WarmCore Classic Short Detachable Hooded Puffer aggiunge un tocco speciale al look e ti fa sentire sempre a tuo agio, in ogni occasione.</p>","puffit.com","Ropa","Ropa","Abbigliamento, Novità, Selezione Juanjo","TRUE","Colore","Bianco","Talla","M","warmcore-classic-short-detachable-hooded-puffer-bianco-m","59.99","69.99","0","continue","assets/products/generated-clothing-camel.png","1","WarmCore Classic Short Detachable Hooded Puffer","Il tuo nuovo capo essenziale, semplice da indossare e facile da valorizzare. WarmCore Classic Short Detachable Hooded Puffer aggiunge un tocco speciale al look e ti fa sentire sempre a tuo agio, in ogni occasione."
"warmcore-classic-short-detachable-hooded-puffer","WarmCore Classic Short Detachable Hooded Puffer","<p>Il tuo nuovo capo essenziale, semplice da indossare e facile da valorizzare. WarmCore Classic Short Detachable Hooded Puffer aggiunge un tocco speciale al look e ti fa sentire sempre a tuo agio, in ogni occasione.</p>","puffit.com","Ropa","Ropa","Abbigliamento, Novità, Selezione Juanjo","TRUE","Colore","Bianco","Talla","L","warmcore-classic-short-detachable-hooded-puffer-bianco-l","59.99","69.99","0","continue","assets/products/generated-clothing-camel.png","1","WarmCore Classic Short Detachable Hooded Puffer","Il tuo nuovo capo essenziale, semplice da indossare e facile da valorizzare. WarmCore Classic Short Detachable Hooded Puffer aggiunge un tocco speciale al look e ti fa sentire sempre a tuo agio, in ogni occasione."
"warmcore-classic-short-detachable-hooded-puffer","WarmCore Classic Short Detachable Hooded Puffer","<p>Il tuo nuovo capo essenziale, semplice da indossare e facile da valorizzare. WarmCore Classic Short Detachable Hooded Puffer aggiunge un tocco speciale al look e ti fa sentire sempre a tuo agio, in ogni occasione.</p>","puffit.com","Ropa","Ropa","Abbigliamento, Novità, Selezione Juanjo","TRUE","Colore","Bianco","Talla","XL","warmcore-classic-short-detachable-hooded-puffer-bianco-xl","59.99","69.99","0","continue","assets/products/generated-clothing-camel.png","1","WarmCore Classic Short Detachable Hooded Puffer","Il tuo nuovo capo essenziale, semplice da indossare e facile da valorizzare. WarmCore Classic Short Detachable Hooded Puffer aggiunge un tocco speciale al look e ti fa sentire sempre a tuo agio, in ogni occasione."
"warmcore-classic-short-detachable-hooded-puffer","WarmCore Classic Short Detachable Hooded Puffer","<p>Il tuo nuovo capo essenziale, semplice da indossare e facile da valorizzare. WarmCore Classic Short Detachable Hooded Puffer aggiunge un tocco speciale al look e ti fa sentire sempre a tuo agio, in ogni occasione.</p>","puffit.com","Ropa","Ropa","Abbigliamento, Novità, Selezione Juanjo","TRUE","Colore","Verde","Talla","S","warmcore-classic-short-detachable-hooded-puffer-verde-s","59.99","69.99","0","continue","assets/products/generated-clothing-camel.png","1","WarmCore Classic Short Detachable Hooded Puffer","Il tuo nuovo capo essenziale, semplice da indossare e facile da valorizzare. WarmCore Classic Short Detachable Hooded Puffer aggiunge un tocco speciale al look e ti fa sentire sempre a tuo agio, in ogni occasione."
"warmcore-classic-short-detachable-hooded-puffer","WarmCore Classic Short Detachable Hooded Puffer","<p>Il tuo nuovo capo essenziale, semplice da indossare e facile da valorizzare. WarmCore Classic Short Detachable Hooded Puffer aggiunge un tocco speciale al look e ti fa sentire sempre a tuo agio, in ogni occasione.</p>","puffit.com","Ropa","Ropa","Abbigliamento, Novità, Selezione Juanjo","TRUE","Colore","Verde","Talla","M","warmcore-classic-short-detachable-hooded-puffer-verde-m","59.99","69.99","0","continue","assets/products/generated-clothing-camel.png","1","WarmCore Classic Short Detachable Hooded Puffer","Il tuo nuovo capo essenziale, semplice da indossare e facile da valorizzare. WarmCore Classic Short Detachable Hooded Puffer aggiunge un tocco speciale al look e ti fa sentire sempre a tuo agio, in ogni occasione."
"warmcore-classic-short-detachable-hooded-puffer","WarmCore Classic Short Detachable Hooded Puffer","<p>Il tuo nuovo capo essenziale, semplice da indossare e facile da valorizzare. WarmCore Classic Short Detachable Hooded Puffer aggiunge un tocco speciale al look e ti fa sentire sempre a tuo agio, in ogni occasione.</p>","puffit.com","Ropa","Ropa","Abbigliamento, Novità, Selezione Juanjo","TRUE","Colore","Verde","Talla","L","warmcore-classic-short-detachable-hooded-puffer-verde-l","59.99","69.99","0","continue","assets/products/generated-clothing-camel.png","1","WarmCore Classic Short Detachable Hooded Puffer","Il tuo nuovo capo essenziale, semplice da indossare e facile da valorizzare. WarmCore Classic Short Detachable Hooded Puffer aggiunge un tocco speciale al look e ti fa sentire sempre a tuo agio, in ogni occasione."
"warmcore-classic-short-detachable-hooded-puffer","WarmCore Classic Short Detachable Hooded Puffer","<p>Il tuo nuovo capo essenziale, semplice da indossare e facile da valorizzare. WarmCore Classic Short Detachable Hooded Puffer aggiunge un tocco speciale al look e ti fa sentire sempre a tuo agio, in ogni occasione.</p>","puffit.com","Ropa","Ropa","Abbigliamento, Novità, Selezione Juanjo","TRUE","Colore","Verde","Talla","XL","warmcore-classic-short-detachable-hooded-puffer-verde-xl","59.99","69.99","0","continue","assets/products/generated-clothing-camel.png","1","WarmCore Classic Short Detachable Hooded Puffer","Il tuo nuovo capo essenziale, semplice da indossare e facile da valorizzare. WarmCore Classic Short Detachable Hooded Puffer aggiunge un tocco speciale al look e ti fa sentire sempre a tuo agio, in ogni occasione."
"stm-tex-fleece-lined-relaxed-fit-rain-hoodie","STM-TEX Fleece Lined Relaxed Fit Rain Hoodie","<p>Il tuo nuovo capo essenziale, semplice da indossare e facile da valorizzare. STM-TEX Fleece Lined Relaxed Fit Rain Hoodie aggiunge un tocco speciale al look e ti fa sentire sempre a tuo agio, in ogni occasione.</p>","puffit.com","Ropa","Ropa","Abbigliamento, Novità, Selezione Juanjo","TRUE","Colore","Nero","Talla","S","stm-tex-fleece-lined-relaxed-fit-rain-hoodie-nero-s","64.99","99.99","0","continue","assets/products/generated-clothing-camel.png","1","STM-TEX Fleece Lined Relaxed Fit Rain Hoodie","Il tuo nuovo capo essenziale, semplice da indossare e facile da valorizzare. STM-TEX Fleece Lined Relaxed Fit Rain Hoodie aggiunge un tocco speciale al look e ti fa sentire sempre a tuo agio, in ogni occasione."
"stm-tex-fleece-lined-relaxed-fit-rain-hoodie","STM-TEX Fleece Lined Relaxed Fit Rain Hoodie","<p>Il tuo nuovo capo essenziale, semplice da indossare e facile da valorizzare. STM-TEX Fleece Lined Relaxed Fit Rain Hoodie aggiunge un tocco speciale al look e ti fa sentire sempre a tuo agio, in ogni occasione.</p>","puffit.com","Ropa","Ropa","Abbigliamento, Novità, Selezione Juanjo","TRUE","Colore","Nero","Talla","M","stm-tex-fleece-lined-relaxed-fit-rain-hoodie-nero-m","64.99","99.99","0","continue","assets/products/generated-clothing-camel.png","1","STM-TEX Fleece Lined Relaxed Fit Rain Hoodie","Il tuo nuovo capo essenziale, semplice da indossare e facile da valorizzare. STM-TEX Fleece Lined Relaxed Fit Rain Hoodie aggiunge un tocco speciale al look e ti fa sentire sempre a tuo agio, in ogni occasione."
"stm-tex-fleece-lined-relaxed-fit-rain-hoodie","STM-TEX Fleece Lined Relaxed Fit Rain Hoodie","<p>Il tuo nuovo capo essenziale, semplice da indossare e facile da valorizzare. STM-TEX Fleece Lined Relaxed Fit Rain Hoodie aggiunge un tocco speciale al look e ti fa sentire sempre a tuo agio, in ogni occasione.</p>","puffit.com","Ropa","Ropa","Abbigliamento, Novità, Selezione Juanjo","TRUE","Colore","Nero","Talla","L","stm-tex-fleece-lined-relaxed-fit-rain-hoodie-nero-l","64.99","99.99","0","continue","assets/products/generated-clothing-camel.png","1","STM-TEX Fleece Lined Relaxed Fit Rain Hoodie","Il tuo nuovo capo essenziale, semplice da indossare e facile da valorizzare. STM-TEX Fleece Lined Relaxed Fit Rain Hoodie aggiunge un tocco speciale al look e ti fa sentire sempre a tuo agio, in ogni occasione."
"stm-tex-fleece-lined-relaxed-fit-rain-hoodie","STM-TEX Fleece Lined Relaxed Fit Rain Hoodie","<p>Il tuo nuovo capo essenziale, semplice da indossare e facile da valorizzare. STM-TEX Fleece Lined Relaxed Fit Rain Hoodie aggiunge un tocco speciale al look e ti fa sentire sempre a tuo agio, in ogni occasione.</p>","puffit.com","Ropa","Ropa","Abbigliamento, Novità, Selezione Juanjo","TRUE","Colore","Nero","Talla","XL","stm-tex-fleece-lined-relaxed-fit-rain-hoodie-nero-xl","64.99","99.99","0","continue","assets/products/generated-clothing-camel.png","1","STM-TEX Fleece Lined Relaxed Fit Rain Hoodie","Il tuo nuovo capo essenziale, semplice da indossare e facile da valorizzare. STM-TEX Fleece Lined Relaxed Fit Rain Hoodie aggiunge un tocco speciale al look e ti fa sentire sempre a tuo agio, in ogni occasione."
"stm-tex-fleece-lined-relaxed-fit-rain-hoodie","STM-TEX Fleece Lined Relaxed Fit Rain Hoodie","<p>Il tuo nuovo capo essenziale, semplice da indossare e facile da valorizzare. STM-TEX Fleece Lined Relaxed Fit Rain Hoodie aggiunge un tocco speciale al look e ti fa sentire sempre a tuo agio, in ogni occasione.</p>","puffit.com","Ropa","Ropa","Abbigliamento, Novità, Selezione Juanjo","TRUE","Colore","Beige","Talla","S","stm-tex-fleece-lined-relaxed-fit-rain-hoodie-beige-s","64.99","99.99","0","continue","assets/products/generated-clothing-camel.png","1","STM-TEX Fleece Lined Relaxed Fit Rain Hoodie","Il tuo nuovo capo essenziale, semplice da indossare e facile da valorizzare. STM-TEX Fleece Lined Relaxed Fit Rain Hoodie aggiunge un tocco speciale al look e ti fa sentire sempre a tuo agio, in ogni occasione."
"stm-tex-fleece-lined-relaxed-fit-rain-hoodie","STM-TEX Fleece Lined Relaxed Fit Rain Hoodie","<p>Il tuo nuovo capo essenziale, semplice da indossare e facile da valorizzare. STM-TEX Fleece Lined Relaxed Fit Rain Hoodie aggiunge un tocco speciale al look e ti fa sentire sempre a tuo agio, in ogni occasione.</p>","puffit.com","Ropa","Ropa","Abbigliamento, Novità, Selezione Juanjo","TRUE","Colore","Beige","Talla","M","stm-tex-fleece-lined-relaxed-fit-rain-hoodie-beige-m","64.99","99.99","0","continue","assets/products/generated-clothing-camel.png","1","STM-TEX Fleece Lined Relaxed Fit Rain Hoodie","Il tuo nuovo capo essenziale, semplice da indossare e facile da valorizzare. STM-TEX Fleece Lined Relaxed Fit Rain Hoodie aggiunge un tocco speciale al look e ti fa sentire sempre a tuo agio, in ogni occasione."
"stm-tex-fleece-lined-relaxed-fit-rain-hoodie","STM-TEX Fleece Lined Relaxed Fit Rain Hoodie","<p>Il tuo nuovo capo essenziale, semplice da indossare e facile da valorizzare. STM-TEX Fleece Lined Relaxed Fit Rain Hoodie aggiunge un tocco speciale al look e ti fa sentire sempre a tuo agio, in ogni occasione.</p>","puffit.com","Ropa","Ropa","Abbigliamento, Novità, Selezione Juanjo","TRUE","Colore","Beige","Talla","L","stm-tex-fleece-lined-relaxed-fit-rain-hoodie-beige-l","64.99","99.99","0","continue","assets/products/generated-clothing-camel.png","1","STM-TEX Fleece Lined Relaxed Fit Rain Hoodie","Il tuo nuovo capo essenziale, semplice da indossare e facile da valorizzare. STM-TEX Fleece Lined Relaxed Fit Rain Hoodie aggiunge un tocco speciale al look e ti fa sentire sempre a tuo agio, in ogni occasione."
"stm-tex-fleece-lined-relaxed-fit-rain-hoodie","STM-TEX Fleece Lined Relaxed Fit Rain Hoodie","<p>Il tuo nuovo capo essenziale, semplice da indossare e facile da valorizzare. STM-TEX Fleece Lined Relaxed Fit Rain Hoodie aggiunge un tocco speciale al look e ti fa sentire sempre a tuo agio, in ogni occasione.</p>","puffit.com","Ropa","Ropa","Abbigliamento, Novità, Selezione Juanjo","TRUE","Colore","Beige","Talla","XL","stm-tex-fleece-lined-relaxed-fit-rain-hoodie-beige-xl","64.99","99.99","0","continue","assets/products/generated-clothing-camel.png","1","STM-TEX Fleece Lined Relaxed Fit Rain Hoodie","Il tuo nuovo capo essenziale, semplice da indossare e facile da valorizzare. STM-TEX Fleece Lined Relaxed Fit Rain Hoodie aggiunge un tocco speciale al look e ti fa sentire sempre a tuo agio, in ogni occasione."
"stm-tex-fleece-lined-relaxed-fit-rain-hoodie","STM-TEX Fleece Lined Relaxed Fit Rain Hoodie","<p>Il tuo nuovo capo essenziale, semplice da indossare e facile da valorizzare. STM-TEX Fleece Lined Relaxed Fit Rain Hoodie aggiunge un tocco speciale al look e ti fa sentire sempre a tuo agio, in ogni occasione.</p>","puffit.com","Ropa","Ropa","Abbigliamento, Novità, Selezione Juanjo","TRUE","Colore","Bianco","Talla","S","stm-tex-fleece-lined-relaxed-fit-rain-hoodie-bianco-s","64.99","99.99","0","continue","assets/products/generated-clothing-camel.png","1","STM-TEX Fleece Lined Relaxed Fit Rain Hoodie","Il tuo nuovo capo essenziale, semplice da indossare e facile da valorizzare. STM-TEX Fleece Lined Relaxed Fit Rain Hoodie aggiunge un tocco speciale al look e ti fa sentire sempre a tuo agio, in ogni occasione."
"stm-tex-fleece-lined-relaxed-fit-rain-hoodie","STM-TEX Fleece Lined Relaxed Fit Rain Hoodie","<p>Il tuo nuovo capo essenziale, semplice da indossare e facile da valorizzare. STM-TEX Fleece Lined Relaxed Fit Rain Hoodie aggiunge un tocco speciale al look e ti fa sentire sempre a tuo agio, in ogni occasione.</p>","puffit.com","Ropa","Ropa","Abbigliamento, Novità, Selezione Juanjo","TRUE","Colore","Bianco","Talla","M","stm-tex-fleece-lined-relaxed-fit-rain-hoodie-bianco-m","64.99","99.99","0","continue","assets/products/generated-clothing-camel.png","1","STM-TEX Fleece Lined Relaxed Fit Rain Hoodie","Il tuo nuovo capo essenziale, semplice da indossare e facile da valorizzare. STM-TEX Fleece Lined Relaxed Fit Rain Hoodie aggiunge un tocco speciale al look e ti fa sentire sempre a tuo agio, in ogni occasione."
"stm-tex-fleece-lined-relaxed-fit-rain-hoodie","STM-TEX Fleece Lined Relaxed Fit Rain Hoodie","<p>Il tuo nuovo capo essenziale, semplice da indossare e facile da valorizzare. STM-TEX Fleece Lined Relaxed Fit Rain Hoodie aggiunge un tocco speciale al look e ti fa sentire sempre a tuo agio, in ogni occasione.</p>","puffit.com","Ropa","Ropa","Abbigliamento, Novità, Selezione Juanjo","TRUE","Colore","Bianco","Talla","L","stm-tex-fleece-lined-relaxed-fit-rain-hoodie-bianco-l","64.99","99.99","0","continue","assets/products/generated-clothing-camel.png","1","STM-TEX Fleece Lined Relaxed Fit Rain Hoodie","Il tuo nuovo capo essenziale, semplice da indossare e facile da valorizzare. STM-TEX Fleece Lined Relaxed Fit Rain Hoodie aggiunge un tocco speciale al look e ti fa sentire sempre a tuo agio, in ogni occasione."
"stm-tex-fleece-lined-relaxed-fit-rain-hoodie","STM-TEX Fleece Lined Relaxed Fit Rain Hoodie","<p>Il tuo nuovo capo essenziale, semplice da indossare e facile da valorizzare. STM-TEX Fleece Lined Relaxed Fit Rain Hoodie aggiunge un tocco speciale al look e ti fa sentire sempre a tuo agio, in ogni occasione.</p>","puffit.com","Ropa","Ropa","Abbigliamento, Novità, Selezione Juanjo","TRUE","Colore","Bianco","Talla","XL","stm-tex-fleece-lined-relaxed-fit-rain-hoodie-bianco-xl","64.99","99.99","0","continue","assets/products/generated-clothing-camel.png","1","STM-TEX Fleece Lined Relaxed Fit Rain Hoodie","Il tuo nuovo capo essenziale, semplice da indossare e facile da valorizzare. STM-TEX Fleece Lined Relaxed Fit Rain Hoodie aggiunge un tocco speciale al look e ti fa sentire sempre a tuo agio, in ogni occasione."
"stm-tex-fleece-lined-relaxed-fit-rain-hoodie","STM-TEX Fleece Lined Relaxed Fit Rain Hoodie","<p>Il tuo nuovo capo essenziale, semplice da indossare e facile da valorizzare. STM-TEX Fleece Lined Relaxed Fit Rain Hoodie aggiunge un tocco speciale al look e ti fa sentire sempre a tuo agio, in ogni occasione.</p>","puffit.com","Ropa","Ropa","Abbigliamento, Novità, Selezione Juanjo","TRUE","Colore","Verde","Talla","S","stm-tex-fleece-lined-relaxed-fit-rain-hoodie-verde-s","64.99","99.99","0","continue","assets/products/generated-clothing-camel.png","1","STM-TEX Fleece Lined Relaxed Fit Rain Hoodie","Il tuo nuovo capo essenziale, semplice da indossare e facile da valorizzare. STM-TEX Fleece Lined Relaxed Fit Rain Hoodie aggiunge un tocco speciale al look e ti fa sentire sempre a tuo agio, in ogni occasione."
"stm-tex-fleece-lined-relaxed-fit-rain-hoodie","STM-TEX Fleece Lined Relaxed Fit Rain Hoodie","<p>Il tuo nuovo capo essenziale, semplice da indossare e facile da valorizzare. STM-TEX Fleece Lined Relaxed Fit Rain Hoodie aggiunge un tocco speciale al look e ti fa sentire sempre a tuo agio, in ogni occasione.</p>","puffit.com","Ropa","Ropa","Abbigliamento, Novità, Selezione Juanjo","TRUE","Colore","Verde","Talla","M","stm-tex-fleece-lined-relaxed-fit-rain-hoodie-verde-m","64.99","99.99","0","continue","assets/products/generated-clothing-camel.png","1","STM-TEX Fleece Lined Relaxed Fit Rain Hoodie","Il tuo nuovo capo essenziale, semplice da indossare e facile da valorizzare. STM-TEX Fleece Lined Relaxed Fit Rain Hoodie aggiunge un tocco speciale al look e ti fa sentire sempre a tuo agio, in ogni occasione."
"stm-tex-fleece-lined-relaxed-fit-rain-hoodie","STM-TEX Fleece Lined Relaxed Fit Rain Hoodie","<p>Il tuo nuovo capo essenziale, semplice da indossare e facile da valorizzare. STM-TEX Fleece Lined Relaxed Fit Rain Hoodie aggiunge un tocco speciale al look e ti fa sentire sempre a tuo agio, in ogni occasione.</p>","puffit.com","Ropa","Ropa","Abbigliamento, Novità, Selezione Juanjo","TRUE","Colore","Verde","Talla","L","stm-tex-fleece-lined-relaxed-fit-rain-hoodie-verde-l","64.99","99.99","0","continue","assets/products/generated-clothing-camel.png","1","STM-TEX Fleece Lined Relaxed Fit Rain Hoodie","Il tuo nuovo capo essenziale, semplice da indossare e facile da valorizzare. STM-TEX Fleece Lined Relaxed Fit Rain Hoodie aggiunge un tocco speciale al look e ti fa sentire sempre a tuo agio, in ogni occasione."
"stm-tex-fleece-lined-relaxed-fit-rain-hoodie","STM-TEX Fleece Lined Relaxed Fit Rain Hoodie","<p>Il tuo nuovo capo essenziale, semplice da indossare e facile da valorizzare. STM-TEX Fleece Lined Relaxed Fit Rain Hoodie aggiunge un tocco speciale al look e ti fa sentire sempre a tuo agio, in ogni occasione.</p>","puffit.com","Ropa","Ropa","Abbigliamento, Novità, Selezione Juanjo","TRUE","Colore","Verde","Talla","XL","stm-tex-fleece-lined-relaxed-fit-rain-hoodie-verde-xl","64.99","99.99","0","continue","assets/products/generated-clothing-camel.png","1","STM-TEX Fleece Lined Relaxed Fit Rain Hoodie","Il tuo nuovo capo essenziale, semplice da indossare e facile da valorizzare. STM-TEX Fleece Lined Relaxed Fit Rain Hoodie aggiunge un tocco speciale al look e ti fa sentire sempre a tuo agio, in ogni occasione."
"feathra-ultralight-down-jacket","Feathra Ultralight Down Jacket","<p>Il tuo nuovo capo essenziale, semplice da indossare e facile da valorizzare. Feathra Ultralight Down Jacket aggiunge un tocco speciale al look e ti fa sentire sempre a tuo agio, in ogni occasione.</p>","olyndralondon.com","Ropa","Ropa","Abbigliamento, Novità, Selezione Juanjo","TRUE","Colore","Nero","Talla","S","feathra-ultralight-down-jacket-nero-s","28.00","50.00","0","continue","assets/products/generated-clothing-camel.png","1","Feathra Ultralight Down Jacket","Il tuo nuovo capo essenziale, semplice da indossare e facile da valorizzare. Feathra Ultralight Down Jacket aggiunge un tocco speciale al look e ti fa sentire sempre a tuo agio, in ogni occasione."
"feathra-ultralight-down-jacket","Feathra Ultralight Down Jacket","<p>Il tuo nuovo capo essenziale, semplice da indossare e facile da valorizzare. Feathra Ultralight Down Jacket aggiunge un tocco speciale al look e ti fa sentire sempre a tuo agio, in ogni occasione.</p>","olyndralondon.com","Ropa","Ropa","Abbigliamento, Novità, Selezione Juanjo","TRUE","Colore","Nero","Talla","M","feathra-ultralight-down-jacket-nero-m","28.00","50.00","0","continue","assets/products/generated-clothing-camel.png","1","Feathra Ultralight Down Jacket","Il tuo nuovo capo essenziale, semplice da indossare e facile da valorizzare. Feathra Ultralight Down Jacket aggiunge un tocco speciale al look e ti fa sentire sempre a tuo agio, in ogni occasione."
"feathra-ultralight-down-jacket","Feathra Ultralight Down Jacket","<p>Il tuo nuovo capo essenziale, semplice da indossare e facile da valorizzare. Feathra Ultralight Down Jacket aggiunge un tocco speciale al look e ti fa sentire sempre a tuo agio, in ogni occasione.</p>","olyndralondon.com","Ropa","Ropa","Abbigliamento, Novità, Selezione Juanjo","TRUE","Colore","Nero","Talla","L","feathra-ultralight-down-jacket-nero-l","28.00","50.00","0","continue","assets/products/generated-clothing-camel.png","1","Feathra Ultralight Down Jacket","Il tuo nuovo capo essenziale, semplice da indossare e facile da valorizzare. Feathra Ultralight Down Jacket aggiunge un tocco speciale al look e ti fa sentire sempre a tuo agio, in ogni occasione."
"feathra-ultralight-down-jacket","Feathra Ultralight Down Jacket","<p>Il tuo nuovo capo essenziale, semplice da indossare e facile da valorizzare. Feathra Ultralight Down Jacket aggiunge un tocco speciale al look e ti fa sentire sempre a tuo agio, in ogni occasione.</p>","olyndralondon.com","Ropa","Ropa","Abbigliamento, Novità, Selezione Juanjo","TRUE","Colore","Nero","Talla","XL","feathra-ultralight-down-jacket-nero-xl","28.00","50.00","0","continue","assets/products/generated-clothing-camel.png","1","Feathra Ultralight Down Jacket","Il tuo nuovo capo essenziale, semplice da indossare e facile da valorizzare. Feathra Ultralight Down Jacket aggiunge un tocco speciale al look e ti fa sentire sempre a tuo agio, in ogni occasione."
"feathra-ultralight-down-jacket","Feathra Ultralight Down Jacket","<p>Il tuo nuovo capo essenziale, semplice da indossare e facile da valorizzare. Feathra Ultralight Down Jacket aggiunge un tocco speciale al look e ti fa sentire sempre a tuo agio, in ogni occasione.</p>","olyndralondon.com","Ropa","Ropa","Abbigliamento, Novità, Selezione Juanjo","TRUE","Colore","Beige","Talla","S","feathra-ultralight-down-jacket-beige-s","28.00","50.00","0","continue","assets/products/generated-clothing-camel.png","1","Feathra Ultralight Down Jacket","Il tuo nuovo capo essenziale, semplice da indossare e facile da valorizzare. Feathra Ultralight Down Jacket aggiunge un tocco speciale al look e ti fa sentire sempre a tuo agio, in ogni occasione."
"feathra-ultralight-down-jacket","Feathra Ultralight Down Jacket","<p>Il tuo nuovo capo essenziale, semplice da indossare e facile da valorizzare. Feathra Ultralight Down Jacket aggiunge un tocco speciale al look e ti fa sentire sempre a tuo agio, in ogni occasione.</p>","olyndralondon.com","Ropa","Ropa","Abbigliamento, Novità, Selezione Juanjo","TRUE","Colore","Beige","Talla","M","feathra-ultralight-down-jacket-beige-m","28.00","50.00","0","continue","assets/products/generated-clothing-camel.png","1","Feathra Ultralight Down Jacket","Il tuo nuovo capo essenziale, semplice da indossare e facile da valorizzare. Feathra Ultralight Down Jacket aggiunge un tocco speciale al look e ti fa sentire sempre a tuo agio, in ogni occasione."
"feathra-ultralight-down-jacket","Feathra Ultralight Down Jacket","<p>Il tuo nuovo capo essenziale, semplice da indossare e facile da valorizzare. Feathra Ultralight Down Jacket aggiunge un tocco speciale al look e ti fa sentire sempre a tuo agio, in ogni occasione.</p>","olyndralondon.com","Ropa","Ropa","Abbigliamento, Novità, Selezione Juanjo","TRUE","Colore","Beige","Talla","L","feathra-ultralight-down-jacket-beige-l","28.00","50.00","0","continue","assets/products/generated-clothing-camel.png","1","Feathra Ultralight Down Jacket","Il tuo nuovo capo essenziale, semplice da indossare e facile da valorizzare. Feathra Ultralight Down Jacket aggiunge un tocco speciale al look e ti fa sentire sempre a tuo agio, in ogni occasione."
"feathra-ultralight-down-jacket","Feathra Ultralight Down Jacket","<p>Il tuo nuovo capo essenziale, semplice da indossare e facile da valorizzare. Feathra Ultralight Down Jacket aggiunge un tocco speciale al look e ti fa sentire sempre a tuo agio, in ogni occasione.</p>","olyndralondon.com","Ropa","Ropa","Abbigliamento, Novità, Selezione Juanjo","TRUE","Colore","Beige","Talla","XL","feathra-ultralight-down-jacket-beige-xl","28.00","50.00","0","continue","assets/products/generated-clothing-camel.png","1","Feathra Ultralight Down Jacket","Il tuo nuovo capo essenziale, semplice da indossare e facile da valorizzare. Feathra Ultralight Down Jacket aggiunge un tocco speciale al look e ti fa sentire sempre a tuo agio, in ogni occasione."
"feathra-ultralight-down-jacket","Feathra Ultralight Down Jacket","<p>Il tuo nuovo capo essenziale, semplice da indossare e facile da valorizzare. Feathra Ultralight Down Jacket aggiunge un tocco speciale al look e ti fa sentire sempre a tuo agio, in ogni occasione.</p>","olyndralondon.com","Ropa","Ropa","Abbigliamento, Novità, Selezione Juanjo","TRUE","Colore","Bianco","Talla","S","feathra-ultralight-down-jacket-bianco-s","28.00","50.00","0","continue","assets/products/generated-clothing-camel.png","1","Feathra Ultralight Down Jacket","Il tuo nuovo capo essenziale, semplice da indossare e facile da valorizzare. Feathra Ultralight Down Jacket aggiunge un tocco speciale al look e ti fa sentire sempre a tuo agio, in ogni occasione."
"feathra-ultralight-down-jacket","Feathra Ultralight Down Jacket","<p>Il tuo nuovo capo essenziale, semplice da indossare e facile da valorizzare. Feathra Ultralight Down Jacket aggiunge un tocco speciale al look e ti fa sentire sempre a tuo agio, in ogni occasione.</p>","olyndralondon.com","Ropa","Ropa","Abbigliamento, Novità, Selezione Juanjo","TRUE","Colore","Bianco","Talla","M","feathra-ultralight-down-jacket-bianco-m","28.00","50.00","0","continue","assets/products/generated-clothing-camel.png","1","Feathra Ultralight Down Jacket","Il tuo nuovo capo essenziale, semplice da indossare e facile da valorizzare. Feathra Ultralight Down Jacket aggiunge un tocco speciale al look e ti fa sentire sempre a tuo agio, in ogni occasione."
"feathra-ultralight-down-jacket","Feathra Ultralight Down Jacket","<p>Il tuo nuovo capo essenziale, semplice da indossare e facile da valorizzare. Feathra Ultralight Down Jacket aggiunge un tocco speciale al look e ti fa sentire sempre a tuo agio, in ogni occasione.</p>","olyndralondon.com","Ropa","Ropa","Abbigliamento, Novità, Selezione Juanjo","TRUE","Colore","Bianco","Talla","L","feathra-ultralight-down-jacket-bianco-l","28.00","50.00","0","continue","assets/products/generated-clothing-camel.png","1","Feathra Ultralight Down Jacket","Il tuo nuovo capo essenziale, semplice da indossare e facile da valorizzare. Feathra Ultralight Down Jacket aggiunge un tocco speciale al look e ti fa sentire sempre a tuo agio, in ogni occasione."
"feathra-ultralight-down-jacket","Feathra Ultralight Down Jacket","<p>Il tuo nuovo capo essenziale, semplice da indossare e facile da valorizzare. Feathra Ultralight Down Jacket aggiunge un tocco speciale al look e ti fa sentire sempre a tuo agio, in ogni occasione.</p>","olyndralondon.com","Ropa","Ropa","Abbigliamento, Novità, Selezione Juanjo","TRUE","Colore","Bianco","Talla","XL","feathra-ultralight-down-jacket-bianco-xl","28.00","50.00","0","continue","assets/products/generated-clothing-camel.png","1","Feathra Ultralight Down Jacket","Il tuo nuovo capo essenziale, semplice da indossare e facile da valorizzare. Feathra Ultralight Down Jacket aggiunge un tocco speciale al look e ti fa sentire sempre a tuo agio, in ogni occasione."
"feathra-ultralight-down-jacket","Feathra Ultralight Down Jacket","<p>Il tuo nuovo capo essenziale, semplice da indossare e facile da valorizzare. Feathra Ultralight Down Jacket aggiunge un tocco speciale al look e ti fa sentire sempre a tuo agio, in ogni occasione.</p>","olyndralondon.com","Ropa","Ropa","Abbigliamento, Novità, Selezione Juanjo","TRUE","Colore","Verde","Talla","S","feathra-ultralight-down-jacket-verde-s","28.00","50.00","0","continue","assets/products/generated-clothing-camel.png","1","Feathra Ultralight Down Jacket","Il tuo nuovo capo essenziale, semplice da indossare e facile da valorizzare. Feathra Ultralight Down Jacket aggiunge un tocco speciale al look e ti fa sentire sempre a tuo agio, in ogni occasione."
"feathra-ultralight-down-jacket","Feathra Ultralight Down Jacket","<p>Il tuo nuovo capo essenziale, semplice da indossare e facile da valorizzare. Feathra Ultralight Down Jacket aggiunge un tocco speciale al look e ti fa sentire sempre a tuo agio, in ogni occasione.</p>","olyndralondon.com","Ropa","Ropa","Abbigliamento, Novità, Selezione Juanjo","TRUE","Colore","Verde","Talla","M","feathra-ultralight-down-jacket-verde-m","28.00","50.00","0","continue","assets/products/generated-clothing-camel.png","1","Feathra Ultralight Down Jacket","Il tuo nuovo capo essenziale, semplice da indossare e facile da valorizzare. Feathra Ultralight Down Jacket aggiunge un tocco speciale al look e ti fa sentire sempre a tuo agio, in ogni occasione."
"feathra-ultralight-down-jacket","Feathra Ultralight Down Jacket","<p>Il tuo nuovo capo essenziale, semplice da indossare e facile da valorizzare. Feathra Ultralight Down Jacket aggiunge un tocco speciale al look e ti fa sentire sempre a tuo agio, in ogni occasione.</p>","olyndralondon.com","Ropa","Ropa","Abbigliamento, Novità, Selezione Juanjo","TRUE","Colore","Verde","Talla","L","feathra-ultralight-down-jacket-verde-l","28.00","50.00","0","continue","assets/products/generated-clothing-camel.png","1","Feathra Ultralight Down Jacket","Il tuo nuovo capo essenziale, semplice da indossare e facile da valorizzare. Feathra Ultralight Down Jacket aggiunge un tocco speciale al look e ti fa sentire sempre a tuo agio, in ogni occasione."
"feathra-ultralight-down-jacket","Feathra Ultralight Down Jacket","<p>Il tuo nuovo capo essenziale, semplice da indossare e facile da valorizzare. Feathra Ultralight Down Jacket aggiunge un tocco speciale al look e ti fa sentire sempre a tuo agio, in ogni occasione.</p>","olyndralondon.com","Ropa","Ropa","Abbigliamento, Novità, Selezione Juanjo","TRUE","Colore","Verde","Talla","XL","feathra-ultralight-down-jacket-verde-xl","28.00","50.00","0","continue","assets/products/generated-clothing-camel.png","1","Feathra Ultralight Down Jacket","Il tuo nuovo capo essenziale, semplice da indossare e facile da valorizzare. Feathra Ultralight Down Jacket aggiunge un tocco speciale al look e ti fa sentire sempre a tuo agio, in ogni occasione."
"satin-scoop-neck-camisole-maxi-dress","Satin Scoop Neck Camisole Maxi Dress","<p>Il tuo nuovo capo essenziale, semplice da indossare e facile da valorizzare. Satin Scoop Neck Camisole Maxi Dress aggiunge un tocco speciale al look e ti fa sentire sempre a tuo agio, in ogni occasione.</p>","becauseofalice.com","Ropa","Ropa","Abbigliamento, Novità, Selezione Juanjo","TRUE","Colore","Nero","Talla","S","satin-scoop-neck-camisole-maxi-dress-nero-s","100.00","","0","continue","assets/products/generated-clothing-camel.png","1","Satin Scoop Neck Camisole Maxi Dress","Il tuo nuovo capo essenziale, semplice da indossare e facile da valorizzare. Satin Scoop Neck Camisole Maxi Dress aggiunge un tocco speciale al look e ti fa sentire sempre a tuo agio, in ogni occasione."
"satin-scoop-neck-camisole-maxi-dress","Satin Scoop Neck Camisole Maxi Dress","<p>Il tuo nuovo capo essenziale, semplice da indossare e facile da valorizzare. Satin Scoop Neck Camisole Maxi Dress aggiunge un tocco speciale al look e ti fa sentire sempre a tuo agio, in ogni occasione.</p>","becauseofalice.com","Ropa","Ropa","Abbigliamento, Novità, Selezione Juanjo","TRUE","Colore","Nero","Talla","M","satin-scoop-neck-camisole-maxi-dress-nero-m","100.00","","0","continue","assets/products/generated-clothing-camel.png","1","Satin Scoop Neck Camisole Maxi Dress","Il tuo nuovo capo essenziale, semplice da indossare e facile da valorizzare. Satin Scoop Neck Camisole Maxi Dress aggiunge un tocco speciale al look e ti fa sentire sempre a tuo agio, in ogni occasione."
"satin-scoop-neck-camisole-maxi-dress","Satin Scoop Neck Camisole Maxi Dress","<p>Il tuo nuovo capo essenziale, semplice da indossare e facile da valorizzare. Satin Scoop Neck Camisole Maxi Dress aggiunge un tocco speciale al look e ti fa sentire sempre a tuo agio, in ogni occasione.</p>","becauseofalice.com","Ropa","Ropa","Abbigliamento, Novità, Selezione Juanjo","TRUE","Colore","Nero","Talla","L","satin-scoop-neck-camisole-maxi-dress-nero-l","100.00","","0","continue","assets/products/generated-clothing-camel.png","1","Satin Scoop Neck Camisole Maxi Dress","Il tuo nuovo capo essenziale, semplice da indossare e facile da valorizzare. Satin Scoop Neck Camisole Maxi Dress aggiunge un tocco speciale al look e ti fa sentire sempre a tuo agio, in ogni occasione."
"satin-scoop-neck-camisole-maxi-dress","Satin Scoop Neck Camisole Maxi Dress","<p>Il tuo nuovo capo essenziale, semplice da indossare e facile da valorizzare. Satin Scoop Neck Camisole Maxi Dress aggiunge un tocco speciale al look e ti fa sentire sempre a tuo agio, in ogni occasione.</p>","becauseofalice.com","Ropa","Ropa","Abbigliamento, Novità, Selezione Juanjo","TRUE","Colore","Nero","Talla","XL","satin-scoop-neck-camisole-maxi-dress-nero-xl","100.00","","0","continue","assets/products/generated-clothing-camel.png","1","Satin Scoop Neck Camisole Maxi Dress","Il tuo nuovo capo essenziale, semplice da indossare e facile da valorizzare. Satin Scoop Neck Camisole Maxi Dress aggiunge un tocco speciale al look e ti fa sentire sempre a tuo agio, in ogni occasione."
"satin-scoop-neck-camisole-maxi-dress","Satin Scoop Neck Camisole Maxi Dress","<p>Il tuo nuovo capo essenziale, semplice da indossare e facile da valorizzare. Satin Scoop Neck Camisole Maxi Dress aggiunge un tocco speciale al look e ti fa sentire sempre a tuo agio, in ogni occasione.</p>","becauseofalice.com","Ropa","Ropa","Abbigliamento, Novità, Selezione Juanjo","TRUE","Colore","Beige","Talla","S","satin-scoop-neck-camisole-maxi-dress-beige-s","100.00","","0","continue","assets/products/generated-clothing-camel.png","1","Satin Scoop Neck Camisole Maxi Dress","Il tuo nuovo capo essenziale, semplice da indossare e facile da valorizzare. Satin Scoop Neck Camisole Maxi Dress aggiunge un tocco speciale al look e ti fa sentire sempre a tuo agio, in ogni occasione."
"satin-scoop-neck-camisole-maxi-dress","Satin Scoop Neck Camisole Maxi Dress","<p>Il tuo nuovo capo essenziale, semplice da indossare e facile da valorizzare. Satin Scoop Neck Camisole Maxi Dress aggiunge un tocco speciale al look e ti fa sentire sempre a tuo agio, in ogni occasione.</p>","becauseofalice.com","Ropa","Ropa","Abbigliamento, Novità, Selezione Juanjo","TRUE","Colore","Beige","Talla","M","satin-scoop-neck-camisole-maxi-dress-beige-m","100.00","","0","continue","assets/products/generated-clothing-camel.png","1","Satin Scoop Neck Camisole Maxi Dress","Il tuo nuovo capo essenziale, semplice da indossare e facile da valorizzare. Satin Scoop Neck Camisole Maxi Dress aggiunge un tocco speciale al look e ti fa sentire sempre a tuo agio, in ogni occasione."
"satin-scoop-neck-camisole-maxi-dress","Satin Scoop Neck Camisole Maxi Dress","<p>Il tuo nuovo capo essenziale, semplice da indossare e facile da valorizzare. Satin Scoop Neck Camisole Maxi Dress aggiunge un tocco speciale al look e ti fa sentire sempre a tuo agio, in ogni occasione.</p>","becauseofalice.com","Ropa","Ropa","Abbigliamento, Novità, Selezione Juanjo","TRUE","Colore","Beige","Talla","L","satin-scoop-neck-camisole-maxi-dress-beige-l","100.00","","0","continue","assets/products/generated-clothing-camel.png","1","Satin Scoop Neck Camisole Maxi Dress","Il tuo nuovo capo essenziale, semplice da indossare e facile da valorizzare. Satin Scoop Neck Camisole Maxi Dress aggiunge un tocco speciale al look e ti fa sentire sempre a tuo agio, in ogni occasione."
"satin-scoop-neck-camisole-maxi-dress","Satin Scoop Neck Camisole Maxi Dress","<p>Il tuo nuovo capo essenziale, semplice da indossare e facile da valorizzare. Satin Scoop Neck Camisole Maxi Dress aggiunge un tocco speciale al look e ti fa sentire sempre a tuo agio, in ogni occasione.</p>","becauseofalice.com","Ropa","Ropa","Abbigliamento, Novità, Selezione Juanjo","TRUE","Colore","Beige","Talla","XL","satin-scoop-neck-camisole-maxi-dress-beige-xl","100.00","","0","continue","assets/products/generated-clothing-camel.png","1","Satin Scoop Neck Camisole Maxi Dress","Il tuo nuovo capo essenziale, semplice da indossare e facile da valorizzare. Satin Scoop Neck Camisole Maxi Dress aggiunge un tocco speciale al look e ti fa sentire sempre a tuo agio, in ogni occasione."
"satin-scoop-neck-camisole-maxi-dress","Satin Scoop Neck Camisole Maxi Dress","<p>Il tuo nuovo capo essenziale, semplice da indossare e facile da valorizzare. Satin Scoop Neck Camisole Maxi Dress aggiunge un tocco speciale al look e ti fa sentire sempre a tuo agio, in ogni occasione.</p>","becauseofalice.com","Ropa","Ropa","Abbigliamento, Novità, Selezione Juanjo","TRUE","Colore","Bianco","Talla","S","satin-scoop-neck-camisole-maxi-dress-bianco-s","100.00","","0","continue","assets/products/generated-clothing-camel.png","1","Satin Scoop Neck Camisole Maxi Dress","Il tuo nuovo capo essenziale, semplice da indossare e facile da valorizzare. Satin Scoop Neck Camisole Maxi Dress aggiunge un tocco speciale al look e ti fa sentire sempre a tuo agio, in ogni occasione."
"satin-scoop-neck-camisole-maxi-dress","Satin Scoop Neck Camisole Maxi Dress","<p>Il tuo nuovo capo essenziale, semplice da indossare e facile da valorizzare. Satin Scoop Neck Camisole Maxi Dress aggiunge un tocco speciale al look e ti fa sentire sempre a tuo agio, in ogni occasione.</p>","becauseofalice.com","Ropa","Ropa","Abbigliamento, Novità, Selezione Juanjo","TRUE","Colore","Bianco","Talla","M","satin-scoop-neck-camisole-maxi-dress-bianco-m","100.00","","0","continue","assets/products/generated-clothing-camel.png","1","Satin Scoop Neck Camisole Maxi Dress","Il tuo nuovo capo essenziale, semplice da indossare e facile da valorizzare. Satin Scoop Neck Camisole Maxi Dress aggiunge un tocco speciale al look e ti fa sentire sempre a tuo agio, in ogni occasione."
"satin-scoop-neck-camisole-maxi-dress","Satin Scoop Neck Camisole Maxi Dress","<p>Il tuo nuovo capo essenziale, semplice da indossare e facile da valorizzare. Satin Scoop Neck Camisole Maxi Dress aggiunge un tocco speciale al look e ti fa sentire sempre a tuo agio, in ogni occasione.</p>","becauseofalice.com","Ropa","Ropa","Abbigliamento, Novità, Selezione Juanjo","TRUE","Colore","Bianco","Talla","L","satin-scoop-neck-camisole-maxi-dress-bianco-l","100.00","","0","continue","assets/products/generated-clothing-camel.png","1","Satin Scoop Neck Camisole Maxi Dress","Il tuo nuovo capo essenziale, semplice da indossare e facile da valorizzare. Satin Scoop Neck Camisole Maxi Dress aggiunge un tocco speciale al look e ti fa sentire sempre a tuo agio, in ogni occasione."
"satin-scoop-neck-camisole-maxi-dress","Satin Scoop Neck Camisole Maxi Dress","<p>Il tuo nuovo capo essenziale, semplice da indossare e facile da valorizzare. Satin Scoop Neck Camisole Maxi Dress aggiunge un tocco speciale al look e ti fa sentire sempre a tuo agio, in ogni occasione.</p>","becauseofalice.com","Ropa","Ropa","Abbigliamento, Novità, Selezione Juanjo","TRUE","Colore","Bianco","Talla","XL","satin-scoop-neck-camisole-maxi-dress-bianco-xl","100.00","","0","continue","assets/products/generated-clothing-camel.png","1","Satin Scoop Neck Camisole Maxi Dress","Il tuo nuovo capo essenziale, semplice da indossare e facile da valorizzare. Satin Scoop Neck Camisole Maxi Dress aggiunge un tocco speciale al look e ti fa sentire sempre a tuo agio, in ogni occasione."
"satin-scoop-neck-camisole-maxi-dress","Satin Scoop Neck Camisole Maxi Dress","<p>Il tuo nuovo capo essenziale, semplice da indossare e facile da valorizzare. Satin Scoop Neck Camisole Maxi Dress aggiunge un tocco speciale al look e ti fa sentire sempre a tuo agio, in ogni occasione.</p>","becauseofalice.com","Ropa","Ropa","Abbigliamento, Novità, Selezione Juanjo","TRUE","Colore","Verde","Talla","S","satin-scoop-neck-camisole-maxi-dress-verde-s","100.00","","0","continue","assets/products/generated-clothing-camel.png","1","Satin Scoop Neck Camisole Maxi Dress","Il tuo nuovo capo essenziale, semplice da indossare e facile da valorizzare. Satin Scoop Neck Camisole Maxi Dress aggiunge un tocco speciale al look e ti fa sentire sempre a tuo agio, in ogni occasione."
"satin-scoop-neck-camisole-maxi-dress","Satin Scoop Neck Camisole Maxi Dress","<p>Il tuo nuovo capo essenziale, semplice da indossare e facile da valorizzare. Satin Scoop Neck Camisole Maxi Dress aggiunge un tocco speciale al look e ti fa sentire sempre a tuo agio, in ogni occasione.</p>","becauseofalice.com","Ropa","Ropa","Abbigliamento, Novità, Selezione Juanjo","TRUE","Colore","Verde","Talla","M","satin-scoop-neck-camisole-maxi-dress-verde-m","100.00","","0","continue","assets/products/generated-clothing-camel.png","1","Satin Scoop Neck Camisole Maxi Dress","Il tuo nuovo capo essenziale, semplice da indossare e facile da valorizzare. Satin Scoop Neck Camisole Maxi Dress aggiunge un tocco speciale al look e ti fa sentire sempre a tuo agio, in ogni occasione."
"satin-scoop-neck-camisole-maxi-dress","Satin Scoop Neck Camisole Maxi Dress","<p>Il tuo nuovo capo essenziale, semplice da indossare e facile da valorizzare. Satin Scoop Neck Camisole Maxi Dress aggiunge un tocco speciale al look e ti fa sentire sempre a tuo agio, in ogni occasione.</p>","becauseofalice.com","Ropa","Ropa","Abbigliamento, Novità, Selezione Juanjo","TRUE","Colore","Verde","Talla","L","satin-scoop-neck-camisole-maxi-dress-verde-l","100.00","","0","continue","assets/products/generated-clothing-camel.png","1","Satin Scoop Neck Camisole Maxi Dress","Il tuo nuovo capo essenziale, semplice da indossare e facile da valorizzare. Satin Scoop Neck Camisole Maxi Dress aggiunge un tocco speciale al look e ti fa sentire sempre a tuo agio, in ogni occasione."
"satin-scoop-neck-camisole-maxi-dress","Satin Scoop Neck Camisole Maxi Dress","<p>Il tuo nuovo capo essenziale, semplice da indossare e facile da valorizzare. Satin Scoop Neck Camisole Maxi Dress aggiunge un tocco speciale al look e ti fa sentire sempre a tuo agio, in ogni occasione.</p>","becauseofalice.com","Ropa","Ropa","Abbigliamento, Novità, Selezione Juanjo","TRUE","Colore","Verde","Talla","XL","satin-scoop-neck-camisole-maxi-dress-verde-xl","100.00","","0","continue","assets/products/generated-clothing-camel.png","1","Satin Scoop Neck Camisole Maxi Dress","Il tuo nuovo capo essenziale, semplice da indossare e facile da valorizzare. Satin Scoop Neck Camisole Maxi Dress aggiunge un tocco speciale al look e ti fa sentire sempre a tuo agio, in ogni occasione."
"serena-heritage-coat","Serena Heritage Coat","<p>Il tuo nuovo capo essenziale, semplice da indossare e facile da valorizzare. Serena Heritage Coat aggiunge un tocco speciale al look e ti fa sentire sempre a tuo agio, in ogni occasione.</p>","olyndralondon.com","Ropa","Ropa","Abbigliamento, Novità, Selezione Juanjo","TRUE","Colore","Nero","Talla","S","serena-heritage-coat-nero-s","28.00","","0","continue","assets/products/generated-clothing-camel.png","1","Serena Heritage Coat","Il tuo nuovo capo essenziale, semplice da indossare e facile da valorizzare. Serena Heritage Coat aggiunge un tocco speciale al look e ti fa sentire sempre a tuo agio, in ogni occasione."
"serena-heritage-coat","Serena Heritage Coat","<p>Il tuo nuovo capo essenziale, semplice da indossare e facile da valorizzare. Serena Heritage Coat aggiunge un tocco speciale al look e ti fa sentire sempre a tuo agio, in ogni occasione.</p>","olyndralondon.com","Ropa","Ropa","Abbigliamento, Novità, Selezione Juanjo","TRUE","Colore","Nero","Talla","M","serena-heritage-coat-nero-m","28.00","","0","continue","assets/products/generated-clothing-camel.png","1","Serena Heritage Coat","Il tuo nuovo capo essenziale, semplice da indossare e facile da valorizzare. Serena Heritage Coat aggiunge un tocco speciale al look e ti fa sentire sempre a tuo agio, in ogni occasione."
"serena-heritage-coat","Serena Heritage Coat","<p>Il tuo nuovo capo essenziale, semplice da indossare e facile da valorizzare. Serena Heritage Coat aggiunge un tocco speciale al look e ti fa sentire sempre a tuo agio, in ogni occasione.</p>","olyndralondon.com","Ropa","Ropa","Abbigliamento, Novità, Selezione Juanjo","TRUE","Colore","Nero","Talla","L","serena-heritage-coat-nero-l","28.00","","0","continue","assets/products/generated-clothing-camel.png","1","Serena Heritage Coat","Il tuo nuovo capo essenziale, semplice da indossare e facile da valorizzare. Serena Heritage Coat aggiunge un tocco speciale al look e ti fa sentire sempre a tuo agio, in ogni occasione."
"serena-heritage-coat","Serena Heritage Coat","<p>Il tuo nuovo capo essenziale, semplice da indossare e facile da valorizzare. Serena Heritage Coat aggiunge un tocco speciale al look e ti fa sentire sempre a tuo agio, in ogni occasione.</p>","olyndralondon.com","Ropa","Ropa","Abbigliamento, Novità, Selezione Juanjo","TRUE","Colore","Nero","Talla","XL","serena-heritage-coat-nero-xl","28.00","","0","continue","assets/products/generated-clothing-camel.png","1","Serena Heritage Coat","Il tuo nuovo capo essenziale, semplice da indossare e facile da valorizzare. Serena Heritage Coat aggiunge un tocco speciale al look e ti fa sentire sempre a tuo agio, in ogni occasione."
"serena-heritage-coat","Serena Heritage Coat","<p>Il tuo nuovo capo essenziale, semplice da indossare e facile da valorizzare. Serena Heritage Coat aggiunge un tocco speciale al look e ti fa sentire sempre a tuo agio, in ogni occasione.</p>","olyndralondon.com","Ropa","Ropa","Abbigliamento, Novità, Selezione Juanjo","TRUE","Colore","Beige","Talla","S","serena-heritage-coat-beige-s","28.00","","0","continue","assets/products/generated-clothing-camel.png","1","Serena Heritage Coat","Il tuo nuovo capo essenziale, semplice da indossare e facile da valorizzare. Serena Heritage Coat aggiunge un tocco speciale al look e ti fa sentire sempre a tuo agio, in ogni occasione."
"serena-heritage-coat","Serena Heritage Coat","<p>Il tuo nuovo capo essenziale, semplice da indossare e facile da valorizzare. Serena Heritage Coat aggiunge un tocco speciale al look e ti fa sentire sempre a tuo agio, in ogni occasione.</p>","olyndralondon.com","Ropa","Ropa","Abbigliamento, Novità, Selezione Juanjo","TRUE","Colore","Beige","Talla","M","serena-heritage-coat-beige-m","28.00","","0","continue","assets/products/generated-clothing-camel.png","1","Serena Heritage Coat","Il tuo nuovo capo essenziale, semplice da indossare e facile da valorizzare. Serena Heritage Coat aggiunge un tocco speciale al look e ti fa sentire sempre a tuo agio, in ogni occasione."
"serena-heritage-coat","Serena Heritage Coat","<p>Il tuo nuovo capo essenziale, semplice da indossare e facile da valorizzare. Serena Heritage Coat aggiunge un tocco speciale al look e ti fa sentire sempre a tuo agio, in ogni occasione.</p>","olyndralondon.com","Ropa","Ropa","Abbigliamento, Novità, Selezione Juanjo","TRUE","Colore","Beige","Talla","L","serena-heritage-coat-beige-l","28.00","","0","continue","assets/products/generated-clothing-camel.png","1","Serena Heritage Coat","Il tuo nuovo capo essenziale, semplice da indossare e facile da valorizzare. Serena Heritage Coat aggiunge un tocco speciale al look e ti fa sentire sempre a tuo agio, in ogni occasione."
"serena-heritage-coat","Serena Heritage Coat","<p>Il tuo nuovo capo essenziale, semplice da indossare e facile da valorizzare. Serena Heritage Coat aggiunge un tocco speciale al look e ti fa sentire sempre a tuo agio, in ogni occasione.</p>","olyndralondon.com","Ropa","Ropa","Abbigliamento, Novità, Selezione Juanjo","TRUE","Colore","Beige","Talla","XL","serena-heritage-coat-beige-xl","28.00","","0","continue","assets/products/generated-clothing-camel.png","1","Serena Heritage Coat","Il tuo nuovo capo essenziale, semplice da indossare e facile da valorizzare. Serena Heritage Coat aggiunge un tocco speciale al look e ti fa sentire sempre a tuo agio, in ogni occasione."
"serena-heritage-coat","Serena Heritage Coat","<p>Il tuo nuovo capo essenziale, semplice da indossare e facile da valorizzare. Serena Heritage Coat aggiunge un tocco speciale al look e ti fa sentire sempre a tuo agio, in ogni occasione.</p>","olyndralondon.com","Ropa","Ropa","Abbigliamento, Novità, Selezione Juanjo","TRUE","Colore","Bianco","Talla","S","serena-heritage-coat-bianco-s","28.00","","0","continue","assets/products/generated-clothing-camel.png","1","Serena Heritage Coat","Il tuo nuovo capo essenziale, semplice da indossare e facile da valorizzare. Serena Heritage Coat aggiunge un tocco speciale al look e ti fa sentire sempre a tuo agio, in ogni occasione."
"serena-heritage-coat","Serena Heritage Coat","<p>Il tuo nuovo capo essenziale, semplice da indossare e facile da valorizzare. Serena Heritage Coat aggiunge un tocco speciale al look e ti fa sentire sempre a tuo agio, in ogni occasione.</p>","olyndralondon.com","Ropa","Ropa","Abbigliamento, Novità, Selezione Juanjo","TRUE","Colore","Bianco","Talla","M","serena-heritage-coat-bianco-m","28.00","","0","continue","assets/products/generated-clothing-camel.png","1","Serena Heritage Coat","Il tuo nuovo capo essenziale, semplice da indossare e facile da valorizzare. Serena Heritage Coat aggiunge un tocco speciale al look e ti fa sentire sempre a tuo agio, in ogni occasione."
"serena-heritage-coat","Serena Heritage Coat","<p>Il tuo nuovo capo essenziale, semplice da indossare e facile da valorizzare. Serena Heritage Coat aggiunge un tocco speciale al look e ti fa sentire sempre a tuo agio, in ogni occasione.</p>","olyndralondon.com","Ropa","Ropa","Abbigliamento, Novità, Selezione Juanjo","TRUE","Colore","Bianco","Talla","L","serena-heritage-coat-bianco-l","28.00","","0","continue","assets/products/generated-clothing-camel.png","1","Serena Heritage Coat","Il tuo nuovo capo essenziale, semplice da indossare e facile da valorizzare. Serena Heritage Coat aggiunge un tocco speciale al look e ti fa sentire sempre a tuo agio, in ogni occasione."
"serena-heritage-coat","Serena Heritage Coat","<p>Il tuo nuovo capo essenziale, semplice da indossare e facile da valorizzare. Serena Heritage Coat aggiunge un tocco speciale al look e ti fa sentire sempre a tuo agio, in ogni occasione.</p>","olyndralondon.com","Ropa","Ropa","Abbigliamento, Novità, Selezione Juanjo","TRUE","Colore","Bianco","Talla","XL","serena-heritage-coat-bianco-xl","28.00","","0","continue","assets/products/generated-clothing-camel.png","1","Serena Heritage Coat","Il tuo nuovo capo essenziale, semplice da indossare e facile da valorizzare. Serena Heritage Coat aggiunge un tocco speciale al look e ti fa sentire sempre a tuo agio, in ogni occasione."
"serena-heritage-coat","Serena Heritage Coat","<p>Il tuo nuovo capo essenziale, semplice da indossare e facile da valorizzare. Serena Heritage Coat aggiunge un tocco speciale al look e ti fa sentire sempre a tuo agio, in ogni occasione.</p>","olyndralondon.com","Ropa","Ropa","Abbigliamento, Novità, Selezione Juanjo","TRUE","Colore","Verde","Talla","S","serena-heritage-coat-verde-s","28.00","","0","continue","assets/products/generated-clothing-camel.png","1","Serena Heritage Coat","Il tuo nuovo capo essenziale, semplice da indossare e facile da valorizzare. Serena Heritage Coat aggiunge un tocco speciale al look e ti fa sentire sempre a tuo agio, in ogni occasione."
"serena-heritage-coat","Serena Heritage Coat","<p>Il tuo nuovo capo essenziale, semplice da indossare e facile da valorizzare. Serena Heritage Coat aggiunge un tocco speciale al look e ti fa sentire sempre a tuo agio, in ogni occasione.</p>","olyndralondon.com","Ropa","Ropa","Abbigliamento, Novità, Selezione Juanjo","TRUE","Colore","Verde","Talla","M","serena-heritage-coat-verde-m","28.00","","0","continue","assets/products/generated-clothing-camel.png","1","Serena Heritage Coat","Il tuo nuovo capo essenziale, semplice da indossare e facile da valorizzare. Serena Heritage Coat aggiunge un tocco speciale al look e ti fa sentire sempre a tuo agio, in ogni occasione."
"serena-heritage-coat","Serena Heritage Coat","<p>Il tuo nuovo capo essenziale, semplice da indossare e facile da valorizzare. Serena Heritage Coat aggiunge un tocco speciale al look e ti fa sentire sempre a tuo agio, in ogni occasione.</p>","olyndralondon.com","Ropa","Ropa","Abbigliamento, Novità, Selezione Juanjo","TRUE","Colore","Verde","Talla","L","serena-heritage-coat-verde-l","28.00","","0","continue","assets/products/generated-clothing-camel.png","1","Serena Heritage Coat","Il tuo nuovo capo essenziale, semplice da indossare e facile da valorizzare. Serena Heritage Coat aggiunge un tocco speciale al look e ti fa sentire sempre a tuo agio, in ogni occasione."
"serena-heritage-coat","Serena Heritage Coat","<p>Il tuo nuovo capo essenziale, semplice da indossare e facile da valorizzare. Serena Heritage Coat aggiunge un tocco speciale al look e ti fa sentire sempre a tuo agio, in ogni occasione.</p>","olyndralondon.com","Ropa","Ropa","Abbigliamento, Novità, Selezione Juanjo","TRUE","Colore","Verde","Talla","XL","serena-heritage-coat-verde-xl","28.00","","0","continue","assets/products/generated-clothing-camel.png","1","Serena Heritage Coat","Il tuo nuovo capo essenziale, semplice da indossare e facile da valorizzare. Serena Heritage Coat aggiunge un tocco speciale al look e ti fa sentire sempre a tuo agio, in ogni occasione."
"amelie-overcoat","Amelie Overcoat","<p>Il tuo nuovo capo essenziale, semplice da indossare e facile da valorizzare. Amelie Overcoat aggiunge un tocco speciale al look e ti fa sentire sempre a tuo agio, in ogni occasione.</p>","olyndralondon.com","Ropa","Ropa","Abbigliamento, Novità, Selezione Juanjo","TRUE","Colore","Nero","Talla","S","amelie-overcoat-nero-s","32.00","","0","continue","assets/products/generated-clothing-camel.png","1","Amelie Overcoat","Il tuo nuovo capo essenziale, semplice da indossare e facile da valorizzare. Amelie Overcoat aggiunge un tocco speciale al look e ti fa sentire sempre a tuo agio, in ogni occasione."
"amelie-overcoat","Amelie Overcoat","<p>Il tuo nuovo capo essenziale, semplice da indossare e facile da valorizzare. Amelie Overcoat aggiunge un tocco speciale al look e ti fa sentire sempre a tuo agio, in ogni occasione.</p>","olyndralondon.com","Ropa","Ropa","Abbigliamento, Novità, Selezione Juanjo","TRUE","Colore","Nero","Talla","M","amelie-overcoat-nero-m","32.00","","0","continue","assets/products/generated-clothing-camel.png","1","Amelie Overcoat","Il tuo nuovo capo essenziale, semplice da indossare e facile da valorizzare. Amelie Overcoat aggiunge un tocco speciale al look e ti fa sentire sempre a tuo agio, in ogni occasione."
"amelie-overcoat","Amelie Overcoat","<p>Il tuo nuovo capo essenziale, semplice da indossare e facile da valorizzare. Amelie Overcoat aggiunge un tocco speciale al look e ti fa sentire sempre a tuo agio, in ogni occasione.</p>","olyndralondon.com","Ropa","Ropa","Abbigliamento, Novità, Selezione Juanjo","TRUE","Colore","Nero","Talla","L","amelie-overcoat-nero-l","32.00","","0","continue","assets/products/generated-clothing-camel.png","1","Amelie Overcoat","Il tuo nuovo capo essenziale, semplice da indossare e facile da valorizzare. Amelie Overcoat aggiunge un tocco speciale al look e ti fa sentire sempre a tuo agio, in ogni occasione."
"amelie-overcoat","Amelie Overcoat","<p>Il tuo nuovo capo essenziale, semplice da indossare e facile da valorizzare. Amelie Overcoat aggiunge un tocco speciale al look e ti fa sentire sempre a tuo agio, in ogni occasione.</p>","olyndralondon.com","Ropa","Ropa","Abbigliamento, Novità, Selezione Juanjo","TRUE","Colore","Nero","Talla","XL","amelie-overcoat-nero-xl","32.00","","0","continue","assets/products/generated-clothing-camel.png","1","Amelie Overcoat","Il tuo nuovo capo essenziale, semplice da indossare e facile da valorizzare. Amelie Overcoat aggiunge un tocco speciale al look e ti fa sentire sempre a tuo agio, in ogni occasione."
"amelie-overcoat","Amelie Overcoat","<p>Il tuo nuovo capo essenziale, semplice da indossare e facile da valorizzare. Amelie Overcoat aggiunge un tocco speciale al look e ti fa sentire sempre a tuo agio, in ogni occasione.</p>","olyndralondon.com","Ropa","Ropa","Abbigliamento, Novità, Selezione Juanjo","TRUE","Colore","Beige","Talla","S","amelie-overcoat-beige-s","32.00","","0","continue","assets/products/generated-clothing-camel.png","1","Amelie Overcoat","Il tuo nuovo capo essenziale, semplice da indossare e facile da valorizzare. Amelie Overcoat aggiunge un tocco speciale al look e ti fa sentire sempre a tuo agio, in ogni occasione."
"amelie-overcoat","Amelie Overcoat","<p>Il tuo nuovo capo essenziale, semplice da indossare e facile da valorizzare. Amelie Overcoat aggiunge un tocco speciale al look e ti fa sentire sempre a tuo agio, in ogni occasione.</p>","olyndralondon.com","Ropa","Ropa","Abbigliamento, Novità, Selezione Juanjo","TRUE","Colore","Beige","Talla","M","amelie-overcoat-beige-m","32.00","","0","continue","assets/products/generated-clothing-camel.png","1","Amelie Overcoat","Il tuo nuovo capo essenziale, semplice da indossare e facile da valorizzare. Amelie Overcoat aggiunge un tocco speciale al look e ti fa sentire sempre a tuo agio, in ogni occasione."
"amelie-overcoat","Amelie Overcoat","<p>Il tuo nuovo capo essenziale, semplice da indossare e facile da valorizzare. Amelie Overcoat aggiunge un tocco speciale al look e ti fa sentire sempre a tuo agio, in ogni occasione.</p>","olyndralondon.com","Ropa","Ropa","Abbigliamento, Novità, Selezione Juanjo","TRUE","Colore","Beige","Talla","L","amelie-overcoat-beige-l","32.00","","0","continue","assets/products/generated-clothing-camel.png","1","Amelie Overcoat","Il tuo nuovo capo essenziale, semplice da indossare e facile da valorizzare. Amelie Overcoat aggiunge un tocco speciale al look e ti fa sentire sempre a tuo agio, in ogni occasione."
"amelie-overcoat","Amelie Overcoat","<p>Il tuo nuovo capo essenziale, semplice da indossare e facile da valorizzare. Amelie Overcoat aggiunge un tocco speciale al look e ti fa sentire sempre a tuo agio, in ogni occasione.</p>","olyndralondon.com","Ropa","Ropa","Abbigliamento, Novità, Selezione Juanjo","TRUE","Colore","Beige","Talla","XL","amelie-overcoat-beige-xl","32.00","","0","continue","assets/products/generated-clothing-camel.png","1","Amelie Overcoat","Il tuo nuovo capo essenziale, semplice da indossare e facile da valorizzare. Amelie Overcoat aggiunge un tocco speciale al look e ti fa sentire sempre a tuo agio, in ogni occasione."
"amelie-overcoat","Amelie Overcoat","<p>Il tuo nuovo capo essenziale, semplice da indossare e facile da valorizzare. Amelie Overcoat aggiunge un tocco speciale al look e ti fa sentire sempre a tuo agio, in ogni occasione.</p>","olyndralondon.com","Ropa","Ropa","Abbigliamento, Novità, Selezione Juanjo","TRUE","Colore","Bianco","Talla","S","amelie-overcoat-bianco-s","32.00","","0","continue","assets/products/generated-clothing-camel.png","1","Amelie Overcoat","Il tuo nuovo capo essenziale, semplice da indossare e facile da valorizzare. Amelie Overcoat aggiunge un tocco speciale al look e ti fa sentire sempre a tuo agio, in ogni occasione."
"amelie-overcoat","Amelie Overcoat","<p>Il tuo nuovo capo essenziale, semplice da indossare e facile da valorizzare. Amelie Overcoat aggiunge un tocco speciale al look e ti fa sentire sempre a tuo agio, in ogni occasione.</p>","olyndralondon.com","Ropa","Ropa","Abbigliamento, Novità, Selezione Juanjo","TRUE","Colore","Bianco","Talla","M","amelie-overcoat-bianco-m","32.00","","0","continue","assets/products/generated-clothing-camel.png","1","Amelie Overcoat","Il tuo nuovo capo essenziale, semplice da indossare e facile da valorizzare. Amelie Overcoat aggiunge un tocco speciale al look e ti fa sentire sempre a tuo agio, in ogni occasione."
"amelie-overcoat","Amelie Overcoat","<p>Il tuo nuovo capo essenziale, semplice da indossare e facile da valorizzare. Amelie Overcoat aggiunge un tocco speciale al look e ti fa sentire sempre a tuo agio, in ogni occasione.</p>","olyndralondon.com","Ropa","Ropa","Abbigliamento, Novità, Selezione Juanjo","TRUE","Colore","Bianco","Talla","L","amelie-overcoat-bianco-l","32.00","","0","continue","assets/products/generated-clothing-camel.png","1","Amelie Overcoat","Il tuo nuovo capo essenziale, semplice da indossare e facile da valorizzare. Amelie Overcoat aggiunge un tocco speciale al look e ti fa sentire sempre a tuo agio, in ogni occasione."
"amelie-overcoat","Amelie Overcoat","<p>Il tuo nuovo capo essenziale, semplice da indossare e facile da valorizzare. Amelie Overcoat aggiunge un tocco speciale al look e ti fa sentire sempre a tuo agio, in ogni occasione.</p>","olyndralondon.com","Ropa","Ropa","Abbigliamento, Novità, Selezione Juanjo","TRUE","Colore","Bianco","Talla","XL","amelie-overcoat-bianco-xl","32.00","","0","continue","assets/products/generated-clothing-camel.png","1","Amelie Overcoat","Il tuo nuovo capo essenziale, semplice da indossare e facile da valorizzare. Amelie Overcoat aggiunge un tocco speciale al look e ti fa sentire sempre a tuo agio, in ogni occasione."
"amelie-overcoat","Amelie Overcoat","<p>Il tuo nuovo capo essenziale, semplice da indossare e facile da valorizzare. Amelie Overcoat aggiunge un tocco speciale al look e ti fa sentire sempre a tuo agio, in ogni occasione.</p>","olyndralondon.com","Ropa","Ropa","Abbigliamento, Novità, Selezione Juanjo","TRUE","Colore","Verde","Talla","S","amelie-overcoat-verde-s","32.00","","0","continue","assets/products/generated-clothing-camel.png","1","Amelie Overcoat","Il tuo nuovo capo essenziale, semplice da indossare e facile da valorizzare. Amelie Overcoat aggiunge un tocco speciale al look e ti fa sentire sempre a tuo agio, in ogni occasione."
"amelie-overcoat","Amelie Overcoat","<p>Il tuo nuovo capo essenziale, semplice da indossare e facile da valorizzare. Amelie Overcoat aggiunge un tocco speciale al look e ti fa sentire sempre a tuo agio, in ogni occasione.</p>","olyndralondon.com","Ropa","Ropa","Abbigliamento, Novità, Selezione Juanjo","TRUE","Colore","Verde","Talla","M","amelie-overcoat-verde-m","32.00","","0","continue","assets/products/generated-clothing-camel.png","1","Amelie Overcoat","Il tuo nuovo capo essenziale, semplice da indossare e facile da valorizzare. Amelie Overcoat aggiunge un tocco speciale al look e ti fa sentire sempre a tuo agio, in ogni occasione."
"amelie-overcoat","Amelie Overcoat","<p>Il tuo nuovo capo essenziale, semplice da indossare e facile da valorizzare. Amelie Overcoat aggiunge un tocco speciale al look e ti fa sentire sempre a tuo agio, in ogni occasione.</p>","olyndralondon.com","Ropa","Ropa","Abbigliamento, Novità, Selezione Juanjo","TRUE","Colore","Verde","Talla","L","amelie-overcoat-verde-l","32.00","","0","continue","assets/products/generated-clothing-camel.png","1","Amelie Overcoat","Il tuo nuovo capo essenziale, semplice da indossare e facile da valorizzare. Amelie Overcoat aggiunge un tocco speciale al look e ti fa sentire sempre a tuo agio, in ogni occasione."
"amelie-overcoat","Amelie Overcoat","<p>Il tuo nuovo capo essenziale, semplice da indossare e facile da valorizzare. Amelie Overcoat aggiunge un tocco speciale al look e ti fa sentire sempre a tuo agio, in ogni occasione.</p>","olyndralondon.com","Ropa","Ropa","Abbigliamento, Novità, Selezione Juanjo","TRUE","Colore","Verde","Talla","XL","amelie-overcoat-verde-xl","32.00","","0","continue","assets/products/generated-clothing-camel.png","1","Amelie Overcoat","Il tuo nuovo capo essenziale, semplice da indossare e facile da valorizzare. Amelie Overcoat aggiunge un tocco speciale al look e ti fa sentire sempre a tuo agio, in ogni occasione."
"lottie-cosy-oversized-sweater","Lottie Cosy Oversized Sweater","<p>Il tuo nuovo capo essenziale, semplice da indossare e facile da valorizzare. Lottie Cosy Oversized Sweater aggiunge un tocco speciale al look e ti fa sentire sempre a tuo agio, in ogni occasione.</p>","grace-and-oliver.com","Ropa","Ropa","Abbigliamento, Novità, Selezione Juanjo","TRUE","Colore","Nero","Talla","S","lottie-cosy-oversized-sweater-nero-s","29.95","149.95","0","continue","assets/products/generated-clothing-camel.png","1","Lottie Cosy Oversized Sweater","Il tuo nuovo capo essenziale, semplice da indossare e facile da valorizzare. Lottie Cosy Oversized Sweater aggiunge un tocco speciale al look e ti fa sentire sempre a tuo agio, in ogni occasione."
"lottie-cosy-oversized-sweater","Lottie Cosy Oversized Sweater","<p>Il tuo nuovo capo essenziale, semplice da indossare e facile da valorizzare. Lottie Cosy Oversized Sweater aggiunge un tocco speciale al look e ti fa sentire sempre a tuo agio, in ogni occasione.</p>","grace-and-oliver.com","Ropa","Ropa","Abbigliamento, Novità, Selezione Juanjo","TRUE","Colore","Nero","Talla","M","lottie-cosy-oversized-sweater-nero-m","29.95","149.95","0","continue","assets/products/generated-clothing-camel.png","1","Lottie Cosy Oversized Sweater","Il tuo nuovo capo essenziale, semplice da indossare e facile da valorizzare. Lottie Cosy Oversized Sweater aggiunge un tocco speciale al look e ti fa sentire sempre a tuo agio, in ogni occasione."
"lottie-cosy-oversized-sweater","Lottie Cosy Oversized Sweater","<p>Il tuo nuovo capo essenziale, semplice da indossare e facile da valorizzare. Lottie Cosy Oversized Sweater aggiunge un tocco speciale al look e ti fa sentire sempre a tuo agio, in ogni occasione.</p>","grace-and-oliver.com","Ropa","Ropa","Abbigliamento, Novità, Selezione Juanjo","TRUE","Colore","Nero","Talla","L","lottie-cosy-oversized-sweater-nero-l","29.95","149.95","0","continue","assets/products/generated-clothing-camel.png","1","Lottie Cosy Oversized Sweater","Il tuo nuovo capo essenziale, semplice da indossare e facile da valorizzare. Lottie Cosy Oversized Sweater aggiunge un tocco speciale al look e ti fa sentire sempre a tuo agio, in ogni occasione."
"lottie-cosy-oversized-sweater","Lottie Cosy Oversized Sweater","<p>Il tuo nuovo capo essenziale, semplice da indossare e facile da valorizzare. Lottie Cosy Oversized Sweater aggiunge un tocco speciale al look e ti fa sentire sempre a tuo agio, in ogni occasione.</p>","grace-and-oliver.com","Ropa","Ropa","Abbigliamento, Novità, Selezione Juanjo","TRUE","Colore","Nero","Talla","XL","lottie-cosy-oversized-sweater-nero-xl","29.95","149.95","0","continue","assets/products/generated-clothing-camel.png","1","Lottie Cosy Oversized Sweater","Il tuo nuovo capo essenziale, semplice da indossare e facile da valorizzare. Lottie Cosy Oversized Sweater aggiunge un tocco speciale al look e ti fa sentire sempre a tuo agio, in ogni occasione."
"lottie-cosy-oversized-sweater","Lottie Cosy Oversized Sweater","<p>Il tuo nuovo capo essenziale, semplice da indossare e facile da valorizzare. Lottie Cosy Oversized Sweater aggiunge un tocco speciale al look e ti fa sentire sempre a tuo agio, in ogni occasione.</p>","grace-and-oliver.com","Ropa","Ropa","Abbigliamento, Novità, Selezione Juanjo","TRUE","Colore","Beige","Talla","S","lottie-cosy-oversized-sweater-beige-s","29.95","149.95","0","continue","assets/products/generated-clothing-camel.png","1","Lottie Cosy Oversized Sweater","Il tuo nuovo capo essenziale, semplice da indossare e facile da valorizzare. Lottie Cosy Oversized Sweater aggiunge un tocco speciale al look e ti fa sentire sempre a tuo agio, in ogni occasione."
"lottie-cosy-oversized-sweater","Lottie Cosy Oversized Sweater","<p>Il tuo nuovo capo essenziale, semplice da indossare e facile da valorizzare. Lottie Cosy Oversized Sweater aggiunge un tocco speciale al look e ti fa sentire sempre a tuo agio, in ogni occasione.</p>","grace-and-oliver.com","Ropa","Ropa","Abbigliamento, Novità, Selezione Juanjo","TRUE","Colore","Beige","Talla","M","lottie-cosy-oversized-sweater-beige-m","29.95","149.95","0","continue","assets/products/generated-clothing-camel.png","1","Lottie Cosy Oversized Sweater","Il tuo nuovo capo essenziale, semplice da indossare e facile da valorizzare. Lottie Cosy Oversized Sweater aggiunge un tocco speciale al look e ti fa sentire sempre a tuo agio, in ogni occasione."
"lottie-cosy-oversized-sweater","Lottie Cosy Oversized Sweater","<p>Il tuo nuovo capo essenziale, semplice da indossare e facile da valorizzare. Lottie Cosy Oversized Sweater aggiunge un tocco speciale al look e ti fa sentire sempre a tuo agio, in ogni occasione.</p>","grace-and-oliver.com","Ropa","Ropa","Abbigliamento, Novità, Selezione Juanjo","TRUE","Colore","Beige","Talla","L","lottie-cosy-oversized-sweater-beige-l","29.95","149.95","0","continue","assets/products/generated-clothing-camel.png","1","Lottie Cosy Oversized Sweater","Il tuo nuovo capo essenziale, semplice da indossare e facile da valorizzare. Lottie Cosy Oversized Sweater aggiunge un tocco speciale al look e ti fa sentire sempre a tuo agio, in ogni occasione."
"lottie-cosy-oversized-sweater","Lottie Cosy Oversized Sweater","<p>Il tuo nuovo capo essenziale, semplice da indossare e facile da valorizzare. Lottie Cosy Oversized Sweater aggiunge un tocco speciale al look e ti fa sentire sempre a tuo agio, in ogni occasione.</p>","grace-and-oliver.com","Ropa","Ropa","Abbigliamento, Novità, Selezione Juanjo","TRUE","Colore","Beige","Talla","XL","lottie-cosy-oversized-sweater-beige-xl","29.95","149.95","0","continue","assets/products/generated-clothing-camel.png","1","Lottie Cosy Oversized Sweater","Il tuo nuovo capo essenziale, semplice da indossare e facile da valorizzare. Lottie Cosy Oversized Sweater aggiunge un tocco speciale al look e ti fa sentire sempre a tuo agio, in ogni occasione."
"lottie-cosy-oversized-sweater","Lottie Cosy Oversized Sweater","<p>Il tuo nuovo capo essenziale, semplice da indossare e facile da valorizzare. Lottie Cosy Oversized Sweater aggiunge un tocco speciale al look e ti fa sentire sempre a tuo agio, in ogni occasione.</p>","grace-and-oliver.com","Ropa","Ropa","Abbigliamento, Novità, Selezione Juanjo","TRUE","Colore","Bianco","Talla","S","lottie-cosy-oversized-sweater-bianco-s","29.95","149.95","0","continue","assets/products/generated-clothing-camel.png","1","Lottie Cosy Oversized Sweater","Il tuo nuovo capo essenziale, semplice da indossare e facile da valorizzare. Lottie Cosy Oversized Sweater aggiunge un tocco speciale al look e ti fa sentire sempre a tuo agio, in ogni occasione."
"lottie-cosy-oversized-sweater","Lottie Cosy Oversized Sweater","<p>Il tuo nuovo capo essenziale, semplice da indossare e facile da valorizzare. Lottie Cosy Oversized Sweater aggiunge un tocco speciale al look e ti fa sentire sempre a tuo agio, in ogni occasione.</p>","grace-and-oliver.com","Ropa","Ropa","Abbigliamento, Novità, Selezione Juanjo","TRUE","Colore","Bianco","Talla","M","lottie-cosy-oversized-sweater-bianco-m","29.95","149.95","0","continue","assets/products/generated-clothing-camel.png","1","Lottie Cosy Oversized Sweater","Il tuo nuovo capo essenziale, semplice da indossare e facile da valorizzare. Lottie Cosy Oversized Sweater aggiunge un tocco speciale al look e ti fa sentire sempre a tuo agio, in ogni occasione."
"lottie-cosy-oversized-sweater","Lottie Cosy Oversized Sweater","<p>Il tuo nuovo capo essenziale, semplice da indossare e facile da valorizzare. Lottie Cosy Oversized Sweater aggiunge un tocco speciale al look e ti fa sentire sempre a tuo agio, in ogni occasione.</p>","grace-and-oliver.com","Ropa","Ropa","Abbigliamento, Novità, Selezione Juanjo","TRUE","Colore","Bianco","Talla","L","lottie-cosy-oversized-sweater-bianco-l","29.95","149.95","0","continue","assets/products/generated-clothing-camel.png","1","Lottie Cosy Oversized Sweater","Il tuo nuovo capo essenziale, semplice da indossare e facile da valorizzare. Lottie Cosy Oversized Sweater aggiunge un tocco speciale al look e ti fa sentire sempre a tuo agio, in ogni occasione."
"lottie-cosy-oversized-sweater","Lottie Cosy Oversized Sweater","<p>Il tuo nuovo capo essenziale, semplice da indossare e facile da valorizzare. Lottie Cosy Oversized Sweater aggiunge un tocco speciale al look e ti fa sentire sempre a tuo agio, in ogni occasione.</p>","grace-and-oliver.com","Ropa","Ropa","Abbigliamento, Novità, Selezione Juanjo","TRUE","Colore","Bianco","Talla","XL","lottie-cosy-oversized-sweater-bianco-xl","29.95","149.95","0","continue","assets/products/generated-clothing-camel.png","1","Lottie Cosy Oversized Sweater","Il tuo nuovo capo essenziale, semplice da indossare e facile da valorizzare. Lottie Cosy Oversized Sweater aggiunge un tocco speciale al look e ti fa sentire sempre a tuo agio, in ogni occasione."
"lottie-cosy-oversized-sweater","Lottie Cosy Oversized Sweater","<p>Il tuo nuovo capo essenziale, semplice da indossare e facile da valorizzare. Lottie Cosy Oversized Sweater aggiunge un tocco speciale al look e ti fa sentire sempre a tuo agio, in ogni occasione.</p>","grace-and-oliver.com","Ropa","Ropa","Abbigliamento, Novità, Selezione Juanjo","TRUE","Colore","Verde","Talla","S","lottie-cosy-oversized-sweater-verde-s","29.95","149.95","0","continue","assets/products/generated-clothing-camel.png","1","Lottie Cosy Oversized Sweater","Il tuo nuovo capo essenziale, semplice da indossare e facile da valorizzare. Lottie Cosy Oversized Sweater aggiunge un tocco speciale al look e ti fa sentire sempre a tuo agio, in ogni occasione."
"lottie-cosy-oversized-sweater","Lottie Cosy Oversized Sweater","<p>Il tuo nuovo capo essenziale, semplice da indossare e facile da valorizzare. Lottie Cosy Oversized Sweater aggiunge un tocco speciale al look e ti fa sentire sempre a tuo agio, in ogni occasione.</p>","grace-and-oliver.com","Ropa","Ropa","Abbigliamento, Novità, Selezione Juanjo","TRUE","Colore","Verde","Talla","M","lottie-cosy-oversized-sweater-verde-m","29.95","149.95","0","continue","assets/products/generated-clothing-camel.png","1","Lottie Cosy Oversized Sweater","Il tuo nuovo capo essenziale, semplice da indossare e facile da valorizzare. Lottie Cosy Oversized Sweater aggiunge un tocco speciale al look e ti fa sentire sempre a tuo agio, in ogni occasione."
"lottie-cosy-oversized-sweater","Lottie Cosy Oversized Sweater","<p>Il tuo nuovo capo essenziale, semplice da indossare e facile da valorizzare. Lottie Cosy Oversized Sweater aggiunge un tocco speciale al look e ti fa sentire sempre a tuo agio, in ogni occasione.</p>","grace-and-oliver.com","Ropa","Ropa","Abbigliamento, Novità, Selezione Juanjo","TRUE","Colore","Verde","Talla","L","lottie-cosy-oversized-sweater-verde-l","29.95","149.95","0","continue","assets/products/generated-clothing-camel.png","1","Lottie Cosy Oversized Sweater","Il tuo nuovo capo essenziale, semplice da indossare e facile da valorizzare. Lottie Cosy Oversized Sweater aggiunge un tocco speciale al look e ti fa sentire sempre a tuo agio, in ogni occasione."
"lottie-cosy-oversized-sweater","Lottie Cosy Oversized Sweater","<p>Il tuo nuovo capo essenziale, semplice da indossare e facile da valorizzare. Lottie Cosy Oversized Sweater aggiunge un tocco speciale al look e ti fa sentire sempre a tuo agio, in ogni occasione.</p>","grace-and-oliver.com","Ropa","Ropa","Abbigliamento, Novità, Selezione Juanjo","TRUE","Colore","Verde","Talla","XL","lottie-cosy-oversized-sweater-verde-xl","29.95","149.95","0","continue","assets/products/generated-clothing-camel.png","1","Lottie Cosy Oversized Sweater","Il tuo nuovo capo essenziale, semplice da indossare e facile da valorizzare. Lottie Cosy Oversized Sweater aggiunge un tocco speciale al look e ti fa sentire sempre a tuo agio, in ogni occasione."
"cynthia-artful-hooded-cardigan","Cynthia Artful Hooded Cardigan","<p>Il tuo nuovo capo essenziale, semplice da indossare e facile da valorizzare. Cynthia Artful Hooded Cardigan aggiunge un tocco speciale al look e ti fa sentire sempre a tuo agio, in ogni occasione.</p>","grace-and-oliver.com","Ropa","Ropa","Abbigliamento, Novità, Selezione Juanjo","TRUE","Colore","Nero","Talla","S","cynthia-artful-hooded-cardigan-nero-s","39.95","199.95","0","continue","assets/products/generated-clothing-camel.png","1","Cynthia Artful Hooded Cardigan","Il tuo nuovo capo essenziale, semplice da indossare e facile da valorizzare. Cynthia Artful Hooded Cardigan aggiunge un tocco speciale al look e ti fa sentire sempre a tuo agio, in ogni occasione."
"cynthia-artful-hooded-cardigan","Cynthia Artful Hooded Cardigan","<p>Il tuo nuovo capo essenziale, semplice da indossare e facile da valorizzare. Cynthia Artful Hooded Cardigan aggiunge un tocco speciale al look e ti fa sentire sempre a tuo agio, in ogni occasione.</p>","grace-and-oliver.com","Ropa","Ropa","Abbigliamento, Novità, Selezione Juanjo","TRUE","Colore","Nero","Talla","M","cynthia-artful-hooded-cardigan-nero-m","39.95","199.95","0","continue","assets/products/generated-clothing-camel.png","1","Cynthia Artful Hooded Cardigan","Il tuo nuovo capo essenziale, semplice da indossare e facile da valorizzare. Cynthia Artful Hooded Cardigan aggiunge un tocco speciale al look e ti fa sentire sempre a tuo agio, in ogni occasione."
"cynthia-artful-hooded-cardigan","Cynthia Artful Hooded Cardigan","<p>Il tuo nuovo capo essenziale, semplice da indossare e facile da valorizzare. Cynthia Artful Hooded Cardigan aggiunge un tocco speciale al look e ti fa sentire sempre a tuo agio, in ogni occasione.</p>","grace-and-oliver.com","Ropa","Ropa","Abbigliamento, Novità, Selezione Juanjo","TRUE","Colore","Nero","Talla","L","cynthia-artful-hooded-cardigan-nero-l","39.95","199.95","0","continue","assets/products/generated-clothing-camel.png","1","Cynthia Artful Hooded Cardigan","Il tuo nuovo capo essenziale, semplice da indossare e facile da valorizzare. Cynthia Artful Hooded Cardigan aggiunge un tocco speciale al look e ti fa sentire sempre a tuo agio, in ogni occasione."
"cynthia-artful-hooded-cardigan","Cynthia Artful Hooded Cardigan","<p>Il tuo nuovo capo essenziale, semplice da indossare e facile da valorizzare. Cynthia Artful Hooded Cardigan aggiunge un tocco speciale al look e ti fa sentire sempre a tuo agio, in ogni occasione.</p>","grace-and-oliver.com","Ropa","Ropa","Abbigliamento, Novità, Selezione Juanjo","TRUE","Colore","Nero","Talla","XL","cynthia-artful-hooded-cardigan-nero-xl","39.95","199.95","0","continue","assets/products/generated-clothing-camel.png","1","Cynthia Artful Hooded Cardigan","Il tuo nuovo capo essenziale, semplice da indossare e facile da valorizzare. Cynthia Artful Hooded Cardigan aggiunge un tocco speciale al look e ti fa sentire sempre a tuo agio, in ogni occasione."
"cynthia-artful-hooded-cardigan","Cynthia Artful Hooded Cardigan","<p>Il tuo nuovo capo essenziale, semplice da indossare e facile da valorizzare. Cynthia Artful Hooded Cardigan aggiunge un tocco speciale al look e ti fa sentire sempre a tuo agio, in ogni occasione.</p>","grace-and-oliver.com","Ropa","Ropa","Abbigliamento, Novità, Selezione Juanjo","TRUE","Colore","Beige","Talla","S","cynthia-artful-hooded-cardigan-beige-s","39.95","199.95","0","continue","assets/products/generated-clothing-camel.png","1","Cynthia Artful Hooded Cardigan","Il tuo nuovo capo essenziale, semplice da indossare e facile da valorizzare. Cynthia Artful Hooded Cardigan aggiunge un tocco speciale al look e ti fa sentire sempre a tuo agio, in ogni occasione."
"cynthia-artful-hooded-cardigan","Cynthia Artful Hooded Cardigan","<p>Il tuo nuovo capo essenziale, semplice da indossare e facile da valorizzare. Cynthia Artful Hooded Cardigan aggiunge un tocco speciale al look e ti fa sentire sempre a tuo agio, in ogni occasione.</p>","grace-and-oliver.com","Ropa","Ropa","Abbigliamento, Novità, Selezione Juanjo","TRUE","Colore","Beige","Talla","M","cynthia-artful-hooded-cardigan-beige-m","39.95","199.95","0","continue","assets/products/generated-clothing-camel.png","1","Cynthia Artful Hooded Cardigan","Il tuo nuovo capo essenziale, semplice da indossare e facile da valorizzare. Cynthia Artful Hooded Cardigan aggiunge un tocco speciale al look e ti fa sentire sempre a tuo agio, in ogni occasione."
"cynthia-artful-hooded-cardigan","Cynthia Artful Hooded Cardigan","<p>Il tuo nuovo capo essenziale, semplice da indossare e facile da valorizzare. Cynthia Artful Hooded Cardigan aggiunge un tocco speciale al look e ti fa sentire sempre a tuo agio, in ogni occasione.</p>","grace-and-oliver.com","Ropa","Ropa","Abbigliamento, Novità, Selezione Juanjo","TRUE","Colore","Beige","Talla","L","cynthia-artful-hooded-cardigan-beige-l","39.95","199.95","0","continue","assets/products/generated-clothing-camel.png","1","Cynthia Artful Hooded Cardigan","Il tuo nuovo capo essenziale, semplice da indossare e facile da valorizzare. Cynthia Artful Hooded Cardigan aggiunge un tocco speciale al look e ti fa sentire sempre a tuo agio, in ogni occasione."
"cynthia-artful-hooded-cardigan","Cynthia Artful Hooded Cardigan","<p>Il tuo nuovo capo essenziale, semplice da indossare e facile da valorizzare. Cynthia Artful Hooded Cardigan aggiunge un tocco speciale al look e ti fa sentire sempre a tuo agio, in ogni occasione.</p>","grace-and-oliver.com","Ropa","Ropa","Abbigliamento, Novità, Selezione Juanjo","TRUE","Colore","Beige","Talla","XL","cynthia-artful-hooded-cardigan-beige-xl","39.95","199.95","0","continue","assets/products/generated-clothing-camel.png","1","Cynthia Artful Hooded Cardigan","Il tuo nuovo capo essenziale, semplice da indossare e facile da valorizzare. Cynthia Artful Hooded Cardigan aggiunge un tocco speciale al look e ti fa sentire sempre a tuo agio, in ogni occasione."
"cynthia-artful-hooded-cardigan","Cynthia Artful Hooded Cardigan","<p>Il tuo nuovo capo essenziale, semplice da indossare e facile da valorizzare. Cynthia Artful Hooded Cardigan aggiunge un tocco speciale al look e ti fa sentire sempre a tuo agio, in ogni occasione.</p>","grace-and-oliver.com","Ropa","Ropa","Abbigliamento, Novità, Selezione Juanjo","TRUE","Colore","Bianco","Talla","S","cynthia-artful-hooded-cardigan-bianco-s","39.95","199.95","0","continue","assets/products/generated-clothing-camel.png","1","Cynthia Artful Hooded Cardigan","Il tuo nuovo capo essenziale, semplice da indossare e facile da valorizzare. Cynthia Artful Hooded Cardigan aggiunge un tocco speciale al look e ti fa sentire sempre a tuo agio, in ogni occasione."
"cynthia-artful-hooded-cardigan","Cynthia Artful Hooded Cardigan","<p>Il tuo nuovo capo essenziale, semplice da indossare e facile da valorizzare. Cynthia Artful Hooded Cardigan aggiunge un tocco speciale al look e ti fa sentire sempre a tuo agio, in ogni occasione.</p>","grace-and-oliver.com","Ropa","Ropa","Abbigliamento, Novità, Selezione Juanjo","TRUE","Colore","Bianco","Talla","M","cynthia-artful-hooded-cardigan-bianco-m","39.95","199.95","0","continue","assets/products/generated-clothing-camel.png","1","Cynthia Artful Hooded Cardigan","Il tuo nuovo capo essenziale, semplice da indossare e facile da valorizzare. Cynthia Artful Hooded Cardigan aggiunge un tocco speciale al look e ti fa sentire sempre a tuo agio, in ogni occasione."
"cynthia-artful-hooded-cardigan","Cynthia Artful Hooded Cardigan","<p>Il tuo nuovo capo essenziale, semplice da indossare e facile da valorizzare. Cynthia Artful Hooded Cardigan aggiunge un tocco speciale al look e ti fa sentire sempre a tuo agio, in ogni occasione.</p>","grace-and-oliver.com","Ropa","Ropa","Abbigliamento, Novità, Selezione Juanjo","TRUE","Colore","Bianco","Talla","L","cynthia-artful-hooded-cardigan-bianco-l","39.95","199.95","0","continue","assets/products/generated-clothing-camel.png","1","Cynthia Artful Hooded Cardigan","Il tuo nuovo capo essenziale, semplice da indossare e facile da valorizzare. Cynthia Artful Hooded Cardigan aggiunge un tocco speciale al look e ti fa sentire sempre a tuo agio, in ogni occasione."
"cynthia-artful-hooded-cardigan","Cynthia Artful Hooded Cardigan","<p>Il tuo nuovo capo essenziale, semplice da indossare e facile da valorizzare. Cynthia Artful Hooded Cardigan aggiunge un tocco speciale al look e ti fa sentire sempre a tuo agio, in ogni occasione.</p>","grace-and-oliver.com","Ropa","Ropa","Abbigliamento, Novità, Selezione Juanjo","TRUE","Colore","Bianco","Talla","XL","cynthia-artful-hooded-cardigan-bianco-xl","39.95","199.95","0","continue","assets/products/generated-clothing-camel.png","1","Cynthia Artful Hooded Cardigan","Il tuo nuovo capo essenziale, semplice da indossare e facile da valorizzare. Cynthia Artful Hooded Cardigan aggiunge un tocco speciale al look e ti fa sentire sempre a tuo agio, in ogni occasione."
"cynthia-artful-hooded-cardigan","Cynthia Artful Hooded Cardigan","<p>Il tuo nuovo capo essenziale, semplice da indossare e facile da valorizzare. Cynthia Artful Hooded Cardigan aggiunge un tocco speciale al look e ti fa sentire sempre a tuo agio, in ogni occasione.</p>","grace-and-oliver.com","Ropa","Ropa","Abbigliamento, Novità, Selezione Juanjo","TRUE","Colore","Verde","Talla","S","cynthia-artful-hooded-cardigan-verde-s","39.95","199.95","0","continue","assets/products/generated-clothing-camel.png","1","Cynthia Artful Hooded Cardigan","Il tuo nuovo capo essenziale, semplice da indossare e facile da valorizzare. Cynthia Artful Hooded Cardigan aggiunge un tocco speciale al look e ti fa sentire sempre a tuo agio, in ogni occasione."
"cynthia-artful-hooded-cardigan","Cynthia Artful Hooded Cardigan","<p>Il tuo nuovo capo essenziale, semplice da indossare e facile da valorizzare. Cynthia Artful Hooded Cardigan aggiunge un tocco speciale al look e ti fa sentire sempre a tuo agio, in ogni occasione.</p>","grace-and-oliver.com","Ropa","Ropa","Abbigliamento, Novità, Selezione Juanjo","TRUE","Colore","Verde","Talla","M","cynthia-artful-hooded-cardigan-verde-m","39.95","199.95","0","continue","assets/products/generated-clothing-camel.png","1","Cynthia Artful Hooded Cardigan","Il tuo nuovo capo essenziale, semplice da indossare e facile da valorizzare. Cynthia Artful Hooded Cardigan aggiunge un tocco speciale al look e ti fa sentire sempre a tuo agio, in ogni occasione."
"cynthia-artful-hooded-cardigan","Cynthia Artful Hooded Cardigan","<p>Il tuo nuovo capo essenziale, semplice da indossare e facile da valorizzare. Cynthia Artful Hooded Cardigan aggiunge un tocco speciale al look e ti fa sentire sempre a tuo agio, in ogni occasione.</p>","grace-and-oliver.com","Ropa","Ropa","Abbigliamento, Novità, Selezione Juanjo","TRUE","Colore","Verde","Talla","L","cynthia-artful-hooded-cardigan-verde-l","39.95","199.95","0","continue","assets/products/generated-clothing-camel.png","1","Cynthia Artful Hooded Cardigan","Il tuo nuovo capo essenziale, semplice da indossare e facile da valorizzare. Cynthia Artful Hooded Cardigan aggiunge un tocco speciale al look e ti fa sentire sempre a tuo agio, in ogni occasione."
"cynthia-artful-hooded-cardigan","Cynthia Artful Hooded Cardigan","<p>Il tuo nuovo capo essenziale, semplice da indossare e facile da valorizzare. Cynthia Artful Hooded Cardigan aggiunge un tocco speciale al look e ti fa sentire sempre a tuo agio, in ogni occasione.</p>","grace-and-oliver.com","Ropa","Ropa","Abbigliamento, Novità, Selezione Juanjo","TRUE","Colore","Verde","Talla","XL","cynthia-artful-hooded-cardigan-verde-xl","39.95","199.95","0","continue","assets/products/generated-clothing-camel.png","1","Cynthia Artful Hooded Cardigan","Il tuo nuovo capo essenziale, semplice da indossare e facile da valorizzare. Cynthia Artful Hooded Cardigan aggiunge un tocco speciale al look e ti fa sentire sempre a tuo agio, in ogni occasione."
"rachel-heritage-herringbone-jacket","Rachel Heritage Herringbone Jacket","<p>Il tuo nuovo capo essenziale, semplice da indossare e facile da valorizzare. Rachel Heritage Herringbone Jacket aggiunge un tocco speciale al look e ti fa sentire sempre a tuo agio, in ogni occasione.</p>","grace-and-oliver.com","Ropa","Ropa","Abbigliamento, Novità, Selezione Juanjo","TRUE","Colore","Nero","Talla","S","rachel-heritage-herringbone-jacket-nero-s","54.95","274.95","0","continue","assets/products/generated-clothing-camel.png","1","Rachel Heritage Herringbone Jacket","Il tuo nuovo capo essenziale, semplice da indossare e facile da valorizzare. Rachel Heritage Herringbone Jacket aggiunge un tocco speciale al look e ti fa sentire sempre a tuo agio, in ogni occasione."
"rachel-heritage-herringbone-jacket","Rachel Heritage Herringbone Jacket","<p>Il tuo nuovo capo essenziale, semplice da indossare e facile da valorizzare. Rachel Heritage Herringbone Jacket aggiunge un tocco speciale al look e ti fa sentire sempre a tuo agio, in ogni occasione.</p>","grace-and-oliver.com","Ropa","Ropa","Abbigliamento, Novità, Selezione Juanjo","TRUE","Colore","Nero","Talla","M","rachel-heritage-herringbone-jacket-nero-m","54.95","274.95","0","continue","assets/products/generated-clothing-camel.png","1","Rachel Heritage Herringbone Jacket","Il tuo nuovo capo essenziale, semplice da indossare e facile da valorizzare. Rachel Heritage Herringbone Jacket aggiunge un tocco speciale al look e ti fa sentire sempre a tuo agio, in ogni occasione."
"rachel-heritage-herringbone-jacket","Rachel Heritage Herringbone Jacket","<p>Il tuo nuovo capo essenziale, semplice da indossare e facile da valorizzare. Rachel Heritage Herringbone Jacket aggiunge un tocco speciale al look e ti fa sentire sempre a tuo agio, in ogni occasione.</p>","grace-and-oliver.com","Ropa","Ropa","Abbigliamento, Novità, Selezione Juanjo","TRUE","Colore","Nero","Talla","L","rachel-heritage-herringbone-jacket-nero-l","54.95","274.95","0","continue","assets/products/generated-clothing-camel.png","1","Rachel Heritage Herringbone Jacket","Il tuo nuovo capo essenziale, semplice da indossare e facile da valorizzare. Rachel Heritage Herringbone Jacket aggiunge un tocco speciale al look e ti fa sentire sempre a tuo agio, in ogni occasione."
"rachel-heritage-herringbone-jacket","Rachel Heritage Herringbone Jacket","<p>Il tuo nuovo capo essenziale, semplice da indossare e facile da valorizzare. Rachel Heritage Herringbone Jacket aggiunge un tocco speciale al look e ti fa sentire sempre a tuo agio, in ogni occasione.</p>","grace-and-oliver.com","Ropa","Ropa","Abbigliamento, Novità, Selezione Juanjo","TRUE","Colore","Nero","Talla","XL","rachel-heritage-herringbone-jacket-nero-xl","54.95","274.95","0","continue","assets/products/generated-clothing-camel.png","1","Rachel Heritage Herringbone Jacket","Il tuo nuovo capo essenziale, semplice da indossare e facile da valorizzare. Rachel Heritage Herringbone Jacket aggiunge un tocco speciale al look e ti fa sentire sempre a tuo agio, in ogni occasione."
"rachel-heritage-herringbone-jacket","Rachel Heritage Herringbone Jacket","<p>Il tuo nuovo capo essenziale, semplice da indossare e facile da valorizzare. Rachel Heritage Herringbone Jacket aggiunge un tocco speciale al look e ti fa sentire sempre a tuo agio, in ogni occasione.</p>","grace-and-oliver.com","Ropa","Ropa","Abbigliamento, Novità, Selezione Juanjo","TRUE","Colore","Beige","Talla","S","rachel-heritage-herringbone-jacket-beige-s","54.95","274.95","0","continue","assets/products/generated-clothing-camel.png","1","Rachel Heritage Herringbone Jacket","Il tuo nuovo capo essenziale, semplice da indossare e facile da valorizzare. Rachel Heritage Herringbone Jacket aggiunge un tocco speciale al look e ti fa sentire sempre a tuo agio, in ogni occasione."
"rachel-heritage-herringbone-jacket","Rachel Heritage Herringbone Jacket","<p>Il tuo nuovo capo essenziale, semplice da indossare e facile da valorizzare. Rachel Heritage Herringbone Jacket aggiunge un tocco speciale al look e ti fa sentire sempre a tuo agio, in ogni occasione.</p>","grace-and-oliver.com","Ropa","Ropa","Abbigliamento, Novità, Selezione Juanjo","TRUE","Colore","Beige","Talla","M","rachel-heritage-herringbone-jacket-beige-m","54.95","274.95","0","continue","assets/products/generated-clothing-camel.png","1","Rachel Heritage Herringbone Jacket","Il tuo nuovo capo essenziale, semplice da indossare e facile da valorizzare. Rachel Heritage Herringbone Jacket aggiunge un tocco speciale al look e ti fa sentire sempre a tuo agio, in ogni occasione."
"rachel-heritage-herringbone-jacket","Rachel Heritage Herringbone Jacket","<p>Il tuo nuovo capo essenziale, semplice da indossare e facile da valorizzare. Rachel Heritage Herringbone Jacket aggiunge un tocco speciale al look e ti fa sentire sempre a tuo agio, in ogni occasione.</p>","grace-and-oliver.com","Ropa","Ropa","Abbigliamento, Novità, Selezione Juanjo","TRUE","Colore","Beige","Talla","L","rachel-heritage-herringbone-jacket-beige-l","54.95","274.95","0","continue","assets/products/generated-clothing-camel.png","1","Rachel Heritage Herringbone Jacket","Il tuo nuovo capo essenziale, semplice da indossare e facile da valorizzare. Rachel Heritage Herringbone Jacket aggiunge un tocco speciale al look e ti fa sentire sempre a tuo agio, in ogni occasione."
"rachel-heritage-herringbone-jacket","Rachel Heritage Herringbone Jacket","<p>Il tuo nuovo capo essenziale, semplice da indossare e facile da valorizzare. Rachel Heritage Herringbone Jacket aggiunge un tocco speciale al look e ti fa sentire sempre a tuo agio, in ogni occasione.</p>","grace-and-oliver.com","Ropa","Ropa","Abbigliamento, Novità, Selezione Juanjo","TRUE","Colore","Beige","Talla","XL","rachel-heritage-herringbone-jacket-beige-xl","54.95","274.95","0","continue","assets/products/generated-clothing-camel.png","1","Rachel Heritage Herringbone Jacket","Il tuo nuovo capo essenziale, semplice da indossare e facile da valorizzare. Rachel Heritage Herringbone Jacket aggiunge un tocco speciale al look e ti fa sentire sempre a tuo agio, in ogni occasione."
"rachel-heritage-herringbone-jacket","Rachel Heritage Herringbone Jacket","<p>Il tuo nuovo capo essenziale, semplice da indossare e facile da valorizzare. Rachel Heritage Herringbone Jacket aggiunge un tocco speciale al look e ti fa sentire sempre a tuo agio, in ogni occasione.</p>","grace-and-oliver.com","Ropa","Ropa","Abbigliamento, Novità, Selezione Juanjo","TRUE","Colore","Bianco","Talla","S","rachel-heritage-herringbone-jacket-bianco-s","54.95","274.95","0","continue","assets/products/generated-clothing-camel.png","1","Rachel Heritage Herringbone Jacket","Il tuo nuovo capo essenziale, semplice da indossare e facile da valorizzare. Rachel Heritage Herringbone Jacket aggiunge un tocco speciale al look e ti fa sentire sempre a tuo agio, in ogni occasione."
"rachel-heritage-herringbone-jacket","Rachel Heritage Herringbone Jacket","<p>Il tuo nuovo capo essenziale, semplice da indossare e facile da valorizzare. Rachel Heritage Herringbone Jacket aggiunge un tocco speciale al look e ti fa sentire sempre a tuo agio, in ogni occasione.</p>","grace-and-oliver.com","Ropa","Ropa","Abbigliamento, Novità, Selezione Juanjo","TRUE","Colore","Bianco","Talla","M","rachel-heritage-herringbone-jacket-bianco-m","54.95","274.95","0","continue","assets/products/generated-clothing-camel.png","1","Rachel Heritage Herringbone Jacket","Il tuo nuovo capo essenziale, semplice da indossare e facile da valorizzare. Rachel Heritage Herringbone Jacket aggiunge un tocco speciale al look e ti fa sentire sempre a tuo agio, in ogni occasione."
"rachel-heritage-herringbone-jacket","Rachel Heritage Herringbone Jacket","<p>Il tuo nuovo capo essenziale, semplice da indossare e facile da valorizzare. Rachel Heritage Herringbone Jacket aggiunge un tocco speciale al look e ti fa sentire sempre a tuo agio, in ogni occasione.</p>","grace-and-oliver.com","Ropa","Ropa","Abbigliamento, Novità, Selezione Juanjo","TRUE","Colore","Bianco","Talla","L","rachel-heritage-herringbone-jacket-bianco-l","54.95","274.95","0","continue","assets/products/generated-clothing-camel.png","1","Rachel Heritage Herringbone Jacket","Il tuo nuovo capo essenziale, semplice da indossare e facile da valorizzare. Rachel Heritage Herringbone Jacket aggiunge un tocco speciale al look e ti fa sentire sempre a tuo agio, in ogni occasione."
"rachel-heritage-herringbone-jacket","Rachel Heritage Herringbone Jacket","<p>Il tuo nuovo capo essenziale, semplice da indossare e facile da valorizzare. Rachel Heritage Herringbone Jacket aggiunge un tocco speciale al look e ti fa sentire sempre a tuo agio, in ogni occasione.</p>","grace-and-oliver.com","Ropa","Ropa","Abbigliamento, Novità, Selezione Juanjo","TRUE","Colore","Bianco","Talla","XL","rachel-heritage-herringbone-jacket-bianco-xl","54.95","274.95","0","continue","assets/products/generated-clothing-camel.png","1","Rachel Heritage Herringbone Jacket","Il tuo nuovo capo essenziale, semplice da indossare e facile da valorizzare. Rachel Heritage Herringbone Jacket aggiunge un tocco speciale al look e ti fa sentire sempre a tuo agio, in ogni occasione."
"rachel-heritage-herringbone-jacket","Rachel Heritage Herringbone Jacket","<p>Il tuo nuovo capo essenziale, semplice da indossare e facile da valorizzare. Rachel Heritage Herringbone Jacket aggiunge un tocco speciale al look e ti fa sentire sempre a tuo agio, in ogni occasione.</p>","grace-and-oliver.com","Ropa","Ropa","Abbigliamento, Novità, Selezione Juanjo","TRUE","Colore","Verde","Talla","S","rachel-heritage-herringbone-jacket-verde-s","54.95","274.95","0","continue","assets/products/generated-clothing-camel.png","1","Rachel Heritage Herringbone Jacket","Il tuo nuovo capo essenziale, semplice da indossare e facile da valorizzare. Rachel Heritage Herringbone Jacket aggiunge un tocco speciale al look e ti fa sentire sempre a tuo agio, in ogni occasione."
"rachel-heritage-herringbone-jacket","Rachel Heritage Herringbone Jacket","<p>Il tuo nuovo capo essenziale, semplice da indossare e facile da valorizzare. Rachel Heritage Herringbone Jacket aggiunge un tocco speciale al look e ti fa sentire sempre a tuo agio, in ogni occasione.</p>","grace-and-oliver.com","Ropa","Ropa","Abbigliamento, Novità, Selezione Juanjo","TRUE","Colore","Verde","Talla","M","rachel-heritage-herringbone-jacket-verde-m","54.95","274.95","0","continue","assets/products/generated-clothing-camel.png","1","Rachel Heritage Herringbone Jacket","Il tuo nuovo capo essenziale, semplice da indossare e facile da valorizzare. Rachel Heritage Herringbone Jacket aggiunge un tocco speciale al look e ti fa sentire sempre a tuo agio, in ogni occasione."
"rachel-heritage-herringbone-jacket","Rachel Heritage Herringbone Jacket","<p>Il tuo nuovo capo essenziale, semplice da indossare e facile da valorizzare. Rachel Heritage Herringbone Jacket aggiunge un tocco speciale al look e ti fa sentire sempre a tuo agio, in ogni occasione.</p>","grace-and-oliver.com","Ropa","Ropa","Abbigliamento, Novità, Selezione Juanjo","TRUE","Colore","Verde","Talla","L","rachel-heritage-herringbone-jacket-verde-l","54.95","274.95","0","continue","assets/products/generated-clothing-camel.png","1","Rachel Heritage Herringbone Jacket","Il tuo nuovo capo essenziale, semplice da indossare e facile da valorizzare. Rachel Heritage Herringbone Jacket aggiunge un tocco speciale al look e ti fa sentire sempre a tuo agio, in ogni occasione."
"rachel-heritage-herringbone-jacket","Rachel Heritage Herringbone Jacket","<p>Il tuo nuovo capo essenziale, semplice da indossare e facile da valorizzare. Rachel Heritage Herringbone Jacket aggiunge un tocco speciale al look e ti fa sentire sempre a tuo agio, in ogni occasione.</p>","grace-and-oliver.com","Ropa","Ropa","Abbigliamento, Novità, Selezione Juanjo","TRUE","Colore","Verde","Talla","XL","rachel-heritage-herringbone-jacket-verde-xl","54.95","274.95","0","continue","assets/products/generated-clothing-camel.png","1","Rachel Heritage Herringbone Jacket","Il tuo nuovo capo essenziale, semplice da indossare e facile da valorizzare. Rachel Heritage Herringbone Jacket aggiunge un tocco speciale al look e ti fa sentire sempre a tuo agio, in ogni occasione."
"vivienne-cowl-neck-knit-jumper","Vivienne Cowl Neck Knit Jumper","<p>Il tuo nuovo capo essenziale, semplice da indossare e facile da valorizzare. Vivienne Cowl Neck Knit Jumper aggiunge un tocco speciale al look e ti fa sentire sempre a tuo agio, in ogni occasione.</p>","grace-and-oliver.com","Ropa","Ropa","Abbigliamento, Novità, Selezione Juanjo","TRUE","Colore","Nero","Talla","S","vivienne-cowl-neck-knit-jumper-nero-s","39.95","199.95","0","continue","assets/products/generated-clothing-camel.png","1","Vivienne Cowl Neck Knit Jumper","Il tuo nuovo capo essenziale, semplice da indossare e facile da valorizzare. Vivienne Cowl Neck Knit Jumper aggiunge un tocco speciale al look e ti fa sentire sempre a tuo agio, in ogni occasione."
"vivienne-cowl-neck-knit-jumper","Vivienne Cowl Neck Knit Jumper","<p>Il tuo nuovo capo essenziale, semplice da indossare e facile da valorizzare. Vivienne Cowl Neck Knit Jumper aggiunge un tocco speciale al look e ti fa sentire sempre a tuo agio, in ogni occasione.</p>","grace-and-oliver.com","Ropa","Ropa","Abbigliamento, Novità, Selezione Juanjo","TRUE","Colore","Nero","Talla","M","vivienne-cowl-neck-knit-jumper-nero-m","39.95","199.95","0","continue","assets/products/generated-clothing-camel.png","1","Vivienne Cowl Neck Knit Jumper","Il tuo nuovo capo essenziale, semplice da indossare e facile da valorizzare. Vivienne Cowl Neck Knit Jumper aggiunge un tocco speciale al look e ti fa sentire sempre a tuo agio, in ogni occasione."
"vivienne-cowl-neck-knit-jumper","Vivienne Cowl Neck Knit Jumper","<p>Il tuo nuovo capo essenziale, semplice da indossare e facile da valorizzare. Vivienne Cowl Neck Knit Jumper aggiunge un tocco speciale al look e ti fa sentire sempre a tuo agio, in ogni occasione.</p>","grace-and-oliver.com","Ropa","Ropa","Abbigliamento, Novità, Selezione Juanjo","TRUE","Colore","Nero","Talla","L","vivienne-cowl-neck-knit-jumper-nero-l","39.95","199.95","0","continue","assets/products/generated-clothing-camel.png","1","Vivienne Cowl Neck Knit Jumper","Il tuo nuovo capo essenziale, semplice da indossare e facile da valorizzare. Vivienne Cowl Neck Knit Jumper aggiunge un tocco speciale al look e ti fa sentire sempre a tuo agio, in ogni occasione."
"vivienne-cowl-neck-knit-jumper","Vivienne Cowl Neck Knit Jumper","<p>Il tuo nuovo capo essenziale, semplice da indossare e facile da valorizzare. Vivienne Cowl Neck Knit Jumper aggiunge un tocco speciale al look e ti fa sentire sempre a tuo agio, in ogni occasione.</p>","grace-and-oliver.com","Ropa","Ropa","Abbigliamento, Novità, Selezione Juanjo","TRUE","Colore","Nero","Talla","XL","vivienne-cowl-neck-knit-jumper-nero-xl","39.95","199.95","0","continue","assets/products/generated-clothing-camel.png","1","Vivienne Cowl Neck Knit Jumper","Il tuo nuovo capo essenziale, semplice da indossare e facile da valorizzare. Vivienne Cowl Neck Knit Jumper aggiunge un tocco speciale al look e ti fa sentire sempre a tuo agio, in ogni occasione."
"vivienne-cowl-neck-knit-jumper","Vivienne Cowl Neck Knit Jumper","<p>Il tuo nuovo capo essenziale, semplice da indossare e facile da valorizzare. Vivienne Cowl Neck Knit Jumper aggiunge un tocco speciale al look e ti fa sentire sempre a tuo agio, in ogni occasione.</p>","grace-and-oliver.com","Ropa","Ropa","Abbigliamento, Novità, Selezione Juanjo","TRUE","Colore","Beige","Talla","S","vivienne-cowl-neck-knit-jumper-beige-s","39.95","199.95","0","continue","assets/products/generated-clothing-camel.png","1","Vivienne Cowl Neck Knit Jumper","Il tuo nuovo capo essenziale, semplice da indossare e facile da valorizzare. Vivienne Cowl Neck Knit Jumper aggiunge un tocco speciale al look e ti fa sentire sempre a tuo agio, in ogni occasione."
"vivienne-cowl-neck-knit-jumper","Vivienne Cowl Neck Knit Jumper","<p>Il tuo nuovo capo essenziale, semplice da indossare e facile da valorizzare. Vivienne Cowl Neck Knit Jumper aggiunge un tocco speciale al look e ti fa sentire sempre a tuo agio, in ogni occasione.</p>","grace-and-oliver.com","Ropa","Ropa","Abbigliamento, Novità, Selezione Juanjo","TRUE","Colore","Beige","Talla","M","vivienne-cowl-neck-knit-jumper-beige-m","39.95","199.95","0","continue","assets/products/generated-clothing-camel.png","1","Vivienne Cowl Neck Knit Jumper","Il tuo nuovo capo essenziale, semplice da indossare e facile da valorizzare. Vivienne Cowl Neck Knit Jumper aggiunge un tocco speciale al look e ti fa sentire sempre a tuo agio, in ogni occasione."
"vivienne-cowl-neck-knit-jumper","Vivienne Cowl Neck Knit Jumper","<p>Il tuo nuovo capo essenziale, semplice da indossare e facile da valorizzare. Vivienne Cowl Neck Knit Jumper aggiunge un tocco speciale al look e ti fa sentire sempre a tuo agio, in ogni occasione.</p>","grace-and-oliver.com","Ropa","Ropa","Abbigliamento, Novità, Selezione Juanjo","TRUE","Colore","Beige","Talla","L","vivienne-cowl-neck-knit-jumper-beige-l","39.95","199.95","0","continue","assets/products/generated-clothing-camel.png","1","Vivienne Cowl Neck Knit Jumper","Il tuo nuovo capo essenziale, semplice da indossare e facile da valorizzare. Vivienne Cowl Neck Knit Jumper aggiunge un tocco speciale al look e ti fa sentire sempre a tuo agio, in ogni occasione."
"vivienne-cowl-neck-knit-jumper","Vivienne Cowl Neck Knit Jumper","<p>Il tuo nuovo capo essenziale, semplice da indossare e facile da valorizzare. Vivienne Cowl Neck Knit Jumper aggiunge un tocco speciale al look e ti fa sentire sempre a tuo agio, in ogni occasione.</p>","grace-and-oliver.com","Ropa","Ropa","Abbigliamento, Novità, Selezione Juanjo","TRUE","Colore","Beige","Talla","XL","vivienne-cowl-neck-knit-jumper-beige-xl","39.95","199.95","0","continue","assets/products/generated-clothing-camel.png","1","Vivienne Cowl Neck Knit Jumper","Il tuo nuovo capo essenziale, semplice da indossare e facile da valorizzare. Vivienne Cowl Neck Knit Jumper aggiunge un tocco speciale al look e ti fa sentire sempre a tuo agio, in ogni occasione."
"vivienne-cowl-neck-knit-jumper","Vivienne Cowl Neck Knit Jumper","<p>Il tuo nuovo capo essenziale, semplice da indossare e facile da valorizzare. Vivienne Cowl Neck Knit Jumper aggiunge un tocco speciale al look e ti fa sentire sempre a tuo agio, in ogni occasione.</p>","grace-and-oliver.com","Ropa","Ropa","Abbigliamento, Novità, Selezione Juanjo","TRUE","Colore","Bianco","Talla","S","vivienne-cowl-neck-knit-jumper-bianco-s","39.95","199.95","0","continue","assets/products/generated-clothing-camel.png","1","Vivienne Cowl Neck Knit Jumper","Il tuo nuovo capo essenziale, semplice da indossare e facile da valorizzare. Vivienne Cowl Neck Knit Jumper aggiunge un tocco speciale al look e ti fa sentire sempre a tuo agio, in ogni occasione."
"vivienne-cowl-neck-knit-jumper","Vivienne Cowl Neck Knit Jumper","<p>Il tuo nuovo capo essenziale, semplice da indossare e facile da valorizzare. Vivienne Cowl Neck Knit Jumper aggiunge un tocco speciale al look e ti fa sentire sempre a tuo agio, in ogni occasione.</p>","grace-and-oliver.com","Ropa","Ropa","Abbigliamento, Novità, Selezione Juanjo","TRUE","Colore","Bianco","Talla","M","vivienne-cowl-neck-knit-jumper-bianco-m","39.95","199.95","0","continue","assets/products/generated-clothing-camel.png","1","Vivienne Cowl Neck Knit Jumper","Il tuo nuovo capo essenziale, semplice da indossare e facile da valorizzare. Vivienne Cowl Neck Knit Jumper aggiunge un tocco speciale al look e ti fa sentire sempre a tuo agio, in ogni occasione."
"vivienne-cowl-neck-knit-jumper","Vivienne Cowl Neck Knit Jumper","<p>Il tuo nuovo capo essenziale, semplice da indossare e facile da valorizzare. Vivienne Cowl Neck Knit Jumper aggiunge un tocco speciale al look e ti fa sentire sempre a tuo agio, in ogni occasione.</p>","grace-and-oliver.com","Ropa","Ropa","Abbigliamento, Novità, Selezione Juanjo","TRUE","Colore","Bianco","Talla","L","vivienne-cowl-neck-knit-jumper-bianco-l","39.95","199.95","0","continue","assets/products/generated-clothing-camel.png","1","Vivienne Cowl Neck Knit Jumper","Il tuo nuovo capo essenziale, semplice da indossare e facile da valorizzare. Vivienne Cowl Neck Knit Jumper aggiunge un tocco speciale al look e ti fa sentire sempre a tuo agio, in ogni occasione."
"vivienne-cowl-neck-knit-jumper","Vivienne Cowl Neck Knit Jumper","<p>Il tuo nuovo capo essenziale, semplice da indossare e facile da valorizzare. Vivienne Cowl Neck Knit Jumper aggiunge un tocco speciale al look e ti fa sentire sempre a tuo agio, in ogni occasione.</p>","grace-and-oliver.com","Ropa","Ropa","Abbigliamento, Novità, Selezione Juanjo","TRUE","Colore","Bianco","Talla","XL","vivienne-cowl-neck-knit-jumper-bianco-xl","39.95","199.95","0","continue","assets/products/generated-clothing-camel.png","1","Vivienne Cowl Neck Knit Jumper","Il tuo nuovo capo essenziale, semplice da indossare e facile da valorizzare. Vivienne Cowl Neck Knit Jumper aggiunge un tocco speciale al look e ti fa sentire sempre a tuo agio, in ogni occasione."
"vivienne-cowl-neck-knit-jumper","Vivienne Cowl Neck Knit Jumper","<p>Il tuo nuovo capo essenziale, semplice da indossare e facile da valorizzare. Vivienne Cowl Neck Knit Jumper aggiunge un tocco speciale al look e ti fa sentire sempre a tuo agio, in ogni occasione.</p>","grace-and-oliver.com","Ropa","Ropa","Abbigliamento, Novità, Selezione Juanjo","TRUE","Colore","Verde","Talla","S","vivienne-cowl-neck-knit-jumper-verde-s","39.95","199.95","0","continue","assets/products/generated-clothing-camel.png","1","Vivienne Cowl Neck Knit Jumper","Il tuo nuovo capo essenziale, semplice da indossare e facile da valorizzare. Vivienne Cowl Neck Knit Jumper aggiunge un tocco speciale al look e ti fa sentire sempre a tuo agio, in ogni occasione."
"vivienne-cowl-neck-knit-jumper","Vivienne Cowl Neck Knit Jumper","<p>Il tuo nuovo capo essenziale, semplice da indossare e facile da valorizzare. Vivienne Cowl Neck Knit Jumper aggiunge un tocco speciale al look e ti fa sentire sempre a tuo agio, in ogni occasione.</p>","grace-and-oliver.com","Ropa","Ropa","Abbigliamento, Novità, Selezione Juanjo","TRUE","Colore","Verde","Talla","M","vivienne-cowl-neck-knit-jumper-verde-m","39.95","199.95","0","continue","assets/products/generated-clothing-camel.png","1","Vivienne Cowl Neck Knit Jumper","Il tuo nuovo capo essenziale, semplice da indossare e facile da valorizzare. Vivienne Cowl Neck Knit Jumper aggiunge un tocco speciale al look e ti fa sentire sempre a tuo agio, in ogni occasione."
"vivienne-cowl-neck-knit-jumper","Vivienne Cowl Neck Knit Jumper","<p>Il tuo nuovo capo essenziale, semplice da indossare e facile da valorizzare. Vivienne Cowl Neck Knit Jumper aggiunge un tocco speciale al look e ti fa sentire sempre a tuo agio, in ogni occasione.</p>","grace-and-oliver.com","Ropa","Ropa","Abbigliamento, Novità, Selezione Juanjo","TRUE","Colore","Verde","Talla","L","vivienne-cowl-neck-knit-jumper-verde-l","39.95","199.95","0","continue","assets/products/generated-clothing-camel.png","1","Vivienne Cowl Neck Knit Jumper","Il tuo nuovo capo essenziale, semplice da indossare e facile da valorizzare. Vivienne Cowl Neck Knit Jumper aggiunge un tocco speciale al look e ti fa sentire sempre a tuo agio, in ogni occasione."
"vivienne-cowl-neck-knit-jumper","Vivienne Cowl Neck Knit Jumper","<p>Il tuo nuovo capo essenziale, semplice da indossare e facile da valorizzare. Vivienne Cowl Neck Knit Jumper aggiunge un tocco speciale al look e ti fa sentire sempre a tuo agio, in ogni occasione.</p>","grace-and-oliver.com","Ropa","Ropa","Abbigliamento, Novità, Selezione Juanjo","TRUE","Colore","Verde","Talla","XL","vivienne-cowl-neck-knit-jumper-verde-xl","39.95","199.95","0","continue","assets/products/generated-clothing-camel.png","1","Vivienne Cowl Neck Knit Jumper","Il tuo nuovo capo essenziale, semplice da indossare e facile da valorizzare. Vivienne Cowl Neck Knit Jumper aggiunge un tocco speciale al look e ti fa sentire sempre a tuo agio, in ogni occasione."
"lorena-floral-sleeveless-midi-dress","Lorena Floral Sleeveless Midi Dress","<p>Il tuo nuovo capo essenziale, semplice da indossare e facile da valorizzare. Lorena Floral Sleeveless Midi Dress aggiunge un tocco speciale al look e ti fa sentire sempre a tuo agio, in ogni occasione.</p>","grace-and-oliver.com","Ropa","Ropa","Abbigliamento, Novità, Selezione Juanjo","TRUE","Colore","Nero","Talla","S","lorena-floral-sleeveless-midi-dress-nero-s","39.95","","0","continue","assets/products/generated-clothing-camel.png","1","Lorena Floral Sleeveless Midi Dress","Il tuo nuovo capo essenziale, semplice da indossare e facile da valorizzare. Lorena Floral Sleeveless Midi Dress aggiunge un tocco speciale al look e ti fa sentire sempre a tuo agio, in ogni occasione."
"lorena-floral-sleeveless-midi-dress","Lorena Floral Sleeveless Midi Dress","<p>Il tuo nuovo capo essenziale, semplice da indossare e facile da valorizzare. Lorena Floral Sleeveless Midi Dress aggiunge un tocco speciale al look e ti fa sentire sempre a tuo agio, in ogni occasione.</p>","grace-and-oliver.com","Ropa","Ropa","Abbigliamento, Novità, Selezione Juanjo","TRUE","Colore","Nero","Talla","M","lorena-floral-sleeveless-midi-dress-nero-m","39.95","","0","continue","assets/products/generated-clothing-camel.png","1","Lorena Floral Sleeveless Midi Dress","Il tuo nuovo capo essenziale, semplice da indossare e facile da valorizzare. Lorena Floral Sleeveless Midi Dress aggiunge un tocco speciale al look e ti fa sentire sempre a tuo agio, in ogni occasione."
"lorena-floral-sleeveless-midi-dress","Lorena Floral Sleeveless Midi Dress","<p>Il tuo nuovo capo essenziale, semplice da indossare e facile da valorizzare. Lorena Floral Sleeveless Midi Dress aggiunge un tocco speciale al look e ti fa sentire sempre a tuo agio, in ogni occasione.</p>","grace-and-oliver.com","Ropa","Ropa","Abbigliamento, Novità, Selezione Juanjo","TRUE","Colore","Nero","Talla","L","lorena-floral-sleeveless-midi-dress-nero-l","39.95","","0","continue","assets/products/generated-clothing-camel.png","1","Lorena Floral Sleeveless Midi Dress","Il tuo nuovo capo essenziale, semplice da indossare e facile da valorizzare. Lorena Floral Sleeveless Midi Dress aggiunge un tocco speciale al look e ti fa sentire sempre a tuo agio, in ogni occasione."
"lorena-floral-sleeveless-midi-dress","Lorena Floral Sleeveless Midi Dress","<p>Il tuo nuovo capo essenziale, semplice da indossare e facile da valorizzare. Lorena Floral Sleeveless Midi Dress aggiunge un tocco speciale al look e ti fa sentire sempre a tuo agio, in ogni occasione.</p>","grace-and-oliver.com","Ropa","Ropa","Abbigliamento, Novità, Selezione Juanjo","TRUE","Colore","Nero","Talla","XL","lorena-floral-sleeveless-midi-dress-nero-xl","39.95","","0","continue","assets/products/generated-clothing-camel.png","1","Lorena Floral Sleeveless Midi Dress","Il tuo nuovo capo essenziale, semplice da indossare e facile da valorizzare. Lorena Floral Sleeveless Midi Dress aggiunge un tocco speciale al look e ti fa sentire sempre a tuo agio, in ogni occasione."
"lorena-floral-sleeveless-midi-dress","Lorena Floral Sleeveless Midi Dress","<p>Il tuo nuovo capo essenziale, semplice da indossare e facile da valorizzare. Lorena Floral Sleeveless Midi Dress aggiunge un tocco speciale al look e ti fa sentire sempre a tuo agio, in ogni occasione.</p>","grace-and-oliver.com","Ropa","Ropa","Abbigliamento, Novità, Selezione Juanjo","TRUE","Colore","Beige","Talla","S","lorena-floral-sleeveless-midi-dress-beige-s","39.95","","0","continue","assets/products/generated-clothing-camel.png","1","Lorena Floral Sleeveless Midi Dress","Il tuo nuovo capo essenziale, semplice da indossare e facile da valorizzare. Lorena Floral Sleeveless Midi Dress aggiunge un tocco speciale al look e ti fa sentire sempre a tuo agio, in ogni occasione."
"lorena-floral-sleeveless-midi-dress","Lorena Floral Sleeveless Midi Dress","<p>Il tuo nuovo capo essenziale, semplice da indossare e facile da valorizzare. Lorena Floral Sleeveless Midi Dress aggiunge un tocco speciale al look e ti fa sentire sempre a tuo agio, in ogni occasione.</p>","grace-and-oliver.com","Ropa","Ropa","Abbigliamento, Novità, Selezione Juanjo","TRUE","Colore","Beige","Talla","M","lorena-floral-sleeveless-midi-dress-beige-m","39.95","","0","continue","assets/products/generated-clothing-camel.png","1","Lorena Floral Sleeveless Midi Dress","Il tuo nuovo capo essenziale, semplice da indossare e facile da valorizzare. Lorena Floral Sleeveless Midi Dress aggiunge un tocco speciale al look e ti fa sentire sempre a tuo agio, in ogni occasione."
"lorena-floral-sleeveless-midi-dress","Lorena Floral Sleeveless Midi Dress","<p>Il tuo nuovo capo essenziale, semplice da indossare e facile da valorizzare. Lorena Floral Sleeveless Midi Dress aggiunge un tocco speciale al look e ti fa sentire sempre a tuo agio, in ogni occasione.</p>","grace-and-oliver.com","Ropa","Ropa","Abbigliamento, Novità, Selezione Juanjo","TRUE","Colore","Beige","Talla","L","lorena-floral-sleeveless-midi-dress-beige-l","39.95","","0","continue","assets/products/generated-clothing-camel.png","1","Lorena Floral Sleeveless Midi Dress","Il tuo nuovo capo essenziale, semplice da indossare e facile da valorizzare. Lorena Floral Sleeveless Midi Dress aggiunge un tocco speciale al look e ti fa sentire sempre a tuo agio, in ogni occasione."
"lorena-floral-sleeveless-midi-dress","Lorena Floral Sleeveless Midi Dress","<p>Il tuo nuovo capo essenziale, semplice da indossare e facile da valorizzare. Lorena Floral Sleeveless Midi Dress aggiunge un tocco speciale al look e ti fa sentire sempre a tuo agio, in ogni occasione.</p>","grace-and-oliver.com","Ropa","Ropa","Abbigliamento, Novità, Selezione Juanjo","TRUE","Colore","Beige","Talla","XL","lorena-floral-sleeveless-midi-dress-beige-xl","39.95","","0","continue","assets/products/generated-clothing-camel.png","1","Lorena Floral Sleeveless Midi Dress","Il tuo nuovo capo essenziale, semplice da indossare e facile da valorizzare. Lorena Floral Sleeveless Midi Dress aggiunge un tocco speciale al look e ti fa sentire sempre a tuo agio, in ogni occasione."
"lorena-floral-sleeveless-midi-dress","Lorena Floral Sleeveless Midi Dress","<p>Il tuo nuovo capo essenziale, semplice da indossare e facile da valorizzare. Lorena Floral Sleeveless Midi Dress aggiunge un tocco speciale al look e ti fa sentire sempre a tuo agio, in ogni occasione.</p>","grace-and-oliver.com","Ropa","Ropa","Abbigliamento, Novità, Selezione Juanjo","TRUE","Colore","Bianco","Talla","S","lorena-floral-sleeveless-midi-dress-bianco-s","39.95","","0","continue","assets/products/generated-clothing-camel.png","1","Lorena Floral Sleeveless Midi Dress","Il tuo nuovo capo essenziale, semplice da indossare e facile da valorizzare. Lorena Floral Sleeveless Midi Dress aggiunge un tocco speciale al look e ti fa sentire sempre a tuo agio, in ogni occasione."
"lorena-floral-sleeveless-midi-dress","Lorena Floral Sleeveless Midi Dress","<p>Il tuo nuovo capo essenziale, semplice da indossare e facile da valorizzare. Lorena Floral Sleeveless Midi Dress aggiunge un tocco speciale al look e ti fa sentire sempre a tuo agio, in ogni occasione.</p>","grace-and-oliver.com","Ropa","Ropa","Abbigliamento, Novità, Selezione Juanjo","TRUE","Colore","Bianco","Talla","M","lorena-floral-sleeveless-midi-dress-bianco-m","39.95","","0","continue","assets/products/generated-clothing-camel.png","1","Lorena Floral Sleeveless Midi Dress","Il tuo nuovo capo essenziale, semplice da indossare e facile da valorizzare. Lorena Floral Sleeveless Midi Dress aggiunge un tocco speciale al look e ti fa sentire sempre a tuo agio, in ogni occasione."
"lorena-floral-sleeveless-midi-dress","Lorena Floral Sleeveless Midi Dress","<p>Il tuo nuovo capo essenziale, semplice da indossare e facile da valorizzare. Lorena Floral Sleeveless Midi Dress aggiunge un tocco speciale al look e ti fa sentire sempre a tuo agio, in ogni occasione.</p>","grace-and-oliver.com","Ropa","Ropa","Abbigliamento, Novità, Selezione Juanjo","TRUE","Colore","Bianco","Talla","L","lorena-floral-sleeveless-midi-dress-bianco-l","39.95","","0","continue","assets/products/generated-clothing-camel.png","1","Lorena Floral Sleeveless Midi Dress","Il tuo nuovo capo essenziale, semplice da indossare e facile da valorizzare. Lorena Floral Sleeveless Midi Dress aggiunge un tocco speciale al look e ti fa sentire sempre a tuo agio, in ogni occasione."
"lorena-floral-sleeveless-midi-dress","Lorena Floral Sleeveless Midi Dress","<p>Il tuo nuovo capo essenziale, semplice da indossare e facile da valorizzare. Lorena Floral Sleeveless Midi Dress aggiunge un tocco speciale al look e ti fa sentire sempre a tuo agio, in ogni occasione.</p>","grace-and-oliver.com","Ropa","Ropa","Abbigliamento, Novità, Selezione Juanjo","TRUE","Colore","Bianco","Talla","XL","lorena-floral-sleeveless-midi-dress-bianco-xl","39.95","","0","continue","assets/products/generated-clothing-camel.png","1","Lorena Floral Sleeveless Midi Dress","Il tuo nuovo capo essenziale, semplice da indossare e facile da valorizzare. Lorena Floral Sleeveless Midi Dress aggiunge un tocco speciale al look e ti fa sentire sempre a tuo agio, in ogni occasione."
"lorena-floral-sleeveless-midi-dress","Lorena Floral Sleeveless Midi Dress","<p>Il tuo nuovo capo essenziale, semplice da indossare e facile da valorizzare. Lorena Floral Sleeveless Midi Dress aggiunge un tocco speciale al look e ti fa sentire sempre a tuo agio, in ogni occasione.</p>","grace-and-oliver.com","Ropa","Ropa","Abbigliamento, Novità, Selezione Juanjo","TRUE","Colore","Verde","Talla","S","lorena-floral-sleeveless-midi-dress-verde-s","39.95","","0","continue","assets/products/generated-clothing-camel.png","1","Lorena Floral Sleeveless Midi Dress","Il tuo nuovo capo essenziale, semplice da indossare e facile da valorizzare. Lorena Floral Sleeveless Midi Dress aggiunge un tocco speciale al look e ti fa sentire sempre a tuo agio, in ogni occasione."
"lorena-floral-sleeveless-midi-dress","Lorena Floral Sleeveless Midi Dress","<p>Il tuo nuovo capo essenziale, semplice da indossare e facile da valorizzare. Lorena Floral Sleeveless Midi Dress aggiunge un tocco speciale al look e ti fa sentire sempre a tuo agio, in ogni occasione.</p>","grace-and-oliver.com","Ropa","Ropa","Abbigliamento, Novità, Selezione Juanjo","TRUE","Colore","Verde","Talla","M","lorena-floral-sleeveless-midi-dress-verde-m","39.95","","0","continue","assets/products/generated-clothing-camel.png","1","Lorena Floral Sleeveless Midi Dress","Il tuo nuovo capo essenziale, semplice da indossare e facile da valorizzare. Lorena Floral Sleeveless Midi Dress aggiunge un tocco speciale al look e ti fa sentire sempre a tuo agio, in ogni occasione."
"lorena-floral-sleeveless-midi-dress","Lorena Floral Sleeveless Midi Dress","<p>Il tuo nuovo capo essenziale, semplice da indossare e facile da valorizzare. Lorena Floral Sleeveless Midi Dress aggiunge un tocco speciale al look e ti fa sentire sempre a tuo agio, in ogni occasione.</p>","grace-and-oliver.com","Ropa","Ropa","Abbigliamento, Novità, Selezione Juanjo","TRUE","Colore","Verde","Talla","L","lorena-floral-sleeveless-midi-dress-verde-l","39.95","","0","continue","assets/products/generated-clothing-camel.png","1","Lorena Floral Sleeveless Midi Dress","Il tuo nuovo capo essenziale, semplice da indossare e facile da valorizzare. Lorena Floral Sleeveless Midi Dress aggiunge un tocco speciale al look e ti fa sentire sempre a tuo agio, in ogni occasione."
"lorena-floral-sleeveless-midi-dress","Lorena Floral Sleeveless Midi Dress","<p>Il tuo nuovo capo essenziale, semplice da indossare e facile da valorizzare. Lorena Floral Sleeveless Midi Dress aggiunge un tocco speciale al look e ti fa sentire sempre a tuo agio, in ogni occasione.</p>","grace-and-oliver.com","Ropa","Ropa","Abbigliamento, Novità, Selezione Juanjo","TRUE","Colore","Verde","Talla","XL","lorena-floral-sleeveless-midi-dress-verde-xl","39.95","","0","continue","assets/products/generated-clothing-camel.png","1","Lorena Floral Sleeveless Midi Dress","Il tuo nuovo capo essenziale, semplice da indossare e facile da valorizzare. Lorena Floral Sleeveless Midi Dress aggiunge un tocco speciale al look e ti fa sentire sempre a tuo agio, in ogni occasione."
"francesca-geometric-sleeveless-maxi-dress","Francesca Geometric Sleeveless Maxi Dress","<p>Il tuo nuovo capo essenziale, semplice da indossare e facile da valorizzare. Francesca Geometric Sleeveless Maxi Dress aggiunge un tocco speciale al look e ti fa sentire sempre a tuo agio, in ogni occasione.</p>","grace-and-oliver.com","Ropa","Ropa","Abbigliamento, Novità, Selezione Juanjo","TRUE","Colore","Nero","Talla","S","francesca-geometric-sleeveless-maxi-dress-nero-s","39.95","","0","continue","assets/products/generated-clothing-camel.png","1","Francesca Geometric Sleeveless Maxi Dress","Il tuo nuovo capo essenziale, semplice da indossare e facile da valorizzare. Francesca Geometric Sleeveless Maxi Dress aggiunge un tocco speciale al look e ti fa sentire sempre a tuo agio, in ogni occasione."
"francesca-geometric-sleeveless-maxi-dress","Francesca Geometric Sleeveless Maxi Dress","<p>Il tuo nuovo capo essenziale, semplice da indossare e facile da valorizzare. Francesca Geometric Sleeveless Maxi Dress aggiunge un tocco speciale al look e ti fa sentire sempre a tuo agio, in ogni occasione.</p>","grace-and-oliver.com","Ropa","Ropa","Abbigliamento, Novità, Selezione Juanjo","TRUE","Colore","Nero","Talla","M","francesca-geometric-sleeveless-maxi-dress-nero-m","39.95","","0","continue","assets/products/generated-clothing-camel.png","1","Francesca Geometric Sleeveless Maxi Dress","Il tuo nuovo capo essenziale, semplice da indossare e facile da valorizzare. Francesca Geometric Sleeveless Maxi Dress aggiunge un tocco speciale al look e ti fa sentire sempre a tuo agio, in ogni occasione."
"francesca-geometric-sleeveless-maxi-dress","Francesca Geometric Sleeveless Maxi Dress","<p>Il tuo nuovo capo essenziale, semplice da indossare e facile da valorizzare. Francesca Geometric Sleeveless Maxi Dress aggiunge un tocco speciale al look e ti fa sentire sempre a tuo agio, in ogni occasione.</p>","grace-and-oliver.com","Ropa","Ropa","Abbigliamento, Novità, Selezione Juanjo","TRUE","Colore","Nero","Talla","L","francesca-geometric-sleeveless-maxi-dress-nero-l","39.95","","0","continue","assets/products/generated-clothing-camel.png","1","Francesca Geometric Sleeveless Maxi Dress","Il tuo nuovo capo essenziale, semplice da indossare e facile da valorizzare. Francesca Geometric Sleeveless Maxi Dress aggiunge un tocco speciale al look e ti fa sentire sempre a tuo agio, in ogni occasione."
"francesca-geometric-sleeveless-maxi-dress","Francesca Geometric Sleeveless Maxi Dress","<p>Il tuo nuovo capo essenziale, semplice da indossare e facile da valorizzare. Francesca Geometric Sleeveless Maxi Dress aggiunge un tocco speciale al look e ti fa sentire sempre a tuo agio, in ogni occasione.</p>","grace-and-oliver.com","Ropa","Ropa","Abbigliamento, Novità, Selezione Juanjo","TRUE","Colore","Nero","Talla","XL","francesca-geometric-sleeveless-maxi-dress-nero-xl","39.95","","0","continue","assets/products/generated-clothing-camel.png","1","Francesca Geometric Sleeveless Maxi Dress","Il tuo nuovo capo essenziale, semplice da indossare e facile da valorizzare. Francesca Geometric Sleeveless Maxi Dress aggiunge un tocco speciale al look e ti fa sentire sempre a tuo agio, in ogni occasione."
"francesca-geometric-sleeveless-maxi-dress","Francesca Geometric Sleeveless Maxi Dress","<p>Il tuo nuovo capo essenziale, semplice da indossare e facile da valorizzare. Francesca Geometric Sleeveless Maxi Dress aggiunge un tocco speciale al look e ti fa sentire sempre a tuo agio, in ogni occasione.</p>","grace-and-oliver.com","Ropa","Ropa","Abbigliamento, Novità, Selezione Juanjo","TRUE","Colore","Beige","Talla","S","francesca-geometric-sleeveless-maxi-dress-beige-s","39.95","","0","continue","assets/products/generated-clothing-camel.png","1","Francesca Geometric Sleeveless Maxi Dress","Il tuo nuovo capo essenziale, semplice da indossare e facile da valorizzare. Francesca Geometric Sleeveless Maxi Dress aggiunge un tocco speciale al look e ti fa sentire sempre a tuo agio, in ogni occasione."
"francesca-geometric-sleeveless-maxi-dress","Francesca Geometric Sleeveless Maxi Dress","<p>Il tuo nuovo capo essenziale, semplice da indossare e facile da valorizzare. Francesca Geometric Sleeveless Maxi Dress aggiunge un tocco speciale al look e ti fa sentire sempre a tuo agio, in ogni occasione.</p>","grace-and-oliver.com","Ropa","Ropa","Abbigliamento, Novità, Selezione Juanjo","TRUE","Colore","Beige","Talla","M","francesca-geometric-sleeveless-maxi-dress-beige-m","39.95","","0","continue","assets/products/generated-clothing-camel.png","1","Francesca Geometric Sleeveless Maxi Dress","Il tuo nuovo capo essenziale, semplice da indossare e facile da valorizzare. Francesca Geometric Sleeveless Maxi Dress aggiunge un tocco speciale al look e ti fa sentire sempre a tuo agio, in ogni occasione."
"francesca-geometric-sleeveless-maxi-dress","Francesca Geometric Sleeveless Maxi Dress","<p>Il tuo nuovo capo essenziale, semplice da indossare e facile da valorizzare. Francesca Geometric Sleeveless Maxi Dress aggiunge un tocco speciale al look e ti fa sentire sempre a tuo agio, in ogni occasione.</p>","grace-and-oliver.com","Ropa","Ropa","Abbigliamento, Novità, Selezione Juanjo","TRUE","Colore","Beige","Talla","L","francesca-geometric-sleeveless-maxi-dress-beige-l","39.95","","0","continue","assets/products/generated-clothing-camel.png","1","Francesca Geometric Sleeveless Maxi Dress","Il tuo nuovo capo essenziale, semplice da indossare e facile da valorizzare. Francesca Geometric Sleeveless Maxi Dress aggiunge un tocco speciale al look e ti fa sentire sempre a tuo agio, in ogni occasione."
"francesca-geometric-sleeveless-maxi-dress","Francesca Geometric Sleeveless Maxi Dress","<p>Il tuo nuovo capo essenziale, semplice da indossare e facile da valorizzare. Francesca Geometric Sleeveless Maxi Dress aggiunge un tocco speciale al look e ti fa sentire sempre a tuo agio, in ogni occasione.</p>","grace-and-oliver.com","Ropa","Ropa","Abbigliamento, Novità, Selezione Juanjo","TRUE","Colore","Beige","Talla","XL","francesca-geometric-sleeveless-maxi-dress-beige-xl","39.95","","0","continue","assets/products/generated-clothing-camel.png","1","Francesca Geometric Sleeveless Maxi Dress","Il tuo nuovo capo essenziale, semplice da indossare e facile da valorizzare. Francesca Geometric Sleeveless Maxi Dress aggiunge un tocco speciale al look e ti fa sentire sempre a tuo agio, in ogni occasione."
"francesca-geometric-sleeveless-maxi-dress","Francesca Geometric Sleeveless Maxi Dress","<p>Il tuo nuovo capo essenziale, semplice da indossare e facile da valorizzare. Francesca Geometric Sleeveless Maxi Dress aggiunge un tocco speciale al look e ti fa sentire sempre a tuo agio, in ogni occasione.</p>","grace-and-oliver.com","Ropa","Ropa","Abbigliamento, Novità, Selezione Juanjo","TRUE","Colore","Bianco","Talla","S","francesca-geometric-sleeveless-maxi-dress-bianco-s","39.95","","0","continue","assets/products/generated-clothing-camel.png","1","Francesca Geometric Sleeveless Maxi Dress","Il tuo nuovo capo essenziale, semplice da indossare e facile da valorizzare. Francesca Geometric Sleeveless Maxi Dress aggiunge un tocco speciale al look e ti fa sentire sempre a tuo agio, in ogni occasione."
"francesca-geometric-sleeveless-maxi-dress","Francesca Geometric Sleeveless Maxi Dress","<p>Il tuo nuovo capo essenziale, semplice da indossare e facile da valorizzare. Francesca Geometric Sleeveless Maxi Dress aggiunge un tocco speciale al look e ti fa sentire sempre a tuo agio, in ogni occasione.</p>","grace-and-oliver.com","Ropa","Ropa","Abbigliamento, Novità, Selezione Juanjo","TRUE","Colore","Bianco","Talla","M","francesca-geometric-sleeveless-maxi-dress-bianco-m","39.95","","0","continue","assets/products/generated-clothing-camel.png","1","Francesca Geometric Sleeveless Maxi Dress","Il tuo nuovo capo essenziale, semplice da indossare e facile da valorizzare. Francesca Geometric Sleeveless Maxi Dress aggiunge un tocco speciale al look e ti fa sentire sempre a tuo agio, in ogni occasione."
"francesca-geometric-sleeveless-maxi-dress","Francesca Geometric Sleeveless Maxi Dress","<p>Il tuo nuovo capo essenziale, semplice da indossare e facile da valorizzare. Francesca Geometric Sleeveless Maxi Dress aggiunge un tocco speciale al look e ti fa sentire sempre a tuo agio, in ogni occasione.</p>","grace-and-oliver.com","Ropa","Ropa","Abbigliamento, Novità, Selezione Juanjo","TRUE","Colore","Bianco","Talla","L","francesca-geometric-sleeveless-maxi-dress-bianco-l","39.95","","0","continue","assets/products/generated-clothing-camel.png","1","Francesca Geometric Sleeveless Maxi Dress","Il tuo nuovo capo essenziale, semplice da indossare e facile da valorizzare. Francesca Geometric Sleeveless Maxi Dress aggiunge un tocco speciale al look e ti fa sentire sempre a tuo agio, in ogni occasione."
"francesca-geometric-sleeveless-maxi-dress","Francesca Geometric Sleeveless Maxi Dress","<p>Il tuo nuovo capo essenziale, semplice da indossare e facile da valorizzare. Francesca Geometric Sleeveless Maxi Dress aggiunge un tocco speciale al look e ti fa sentire sempre a tuo agio, in ogni occasione.</p>","grace-and-oliver.com","Ropa","Ropa","Abbigliamento, Novità, Selezione Juanjo","TRUE","Colore","Bianco","Talla","XL","francesca-geometric-sleeveless-maxi-dress-bianco-xl","39.95","","0","continue","assets/products/generated-clothing-camel.png","1","Francesca Geometric Sleeveless Maxi Dress","Il tuo nuovo capo essenziale, semplice da indossare e facile da valorizzare. Francesca Geometric Sleeveless Maxi Dress aggiunge un tocco speciale al look e ti fa sentire sempre a tuo agio, in ogni occasione."
"francesca-geometric-sleeveless-maxi-dress","Francesca Geometric Sleeveless Maxi Dress","<p>Il tuo nuovo capo essenziale, semplice da indossare e facile da valorizzare. Francesca Geometric Sleeveless Maxi Dress aggiunge un tocco speciale al look e ti fa sentire sempre a tuo agio, in ogni occasione.</p>","grace-and-oliver.com","Ropa","Ropa","Abbigliamento, Novità, Selezione Juanjo","TRUE","Colore","Verde","Talla","S","francesca-geometric-sleeveless-maxi-dress-verde-s","39.95","","0","continue","assets/products/generated-clothing-camel.png","1","Francesca Geometric Sleeveless Maxi Dress","Il tuo nuovo capo essenziale, semplice da indossare e facile da valorizzare. Francesca Geometric Sleeveless Maxi Dress aggiunge un tocco speciale al look e ti fa sentire sempre a tuo agio, in ogni occasione."
"francesca-geometric-sleeveless-maxi-dress","Francesca Geometric Sleeveless Maxi Dress","<p>Il tuo nuovo capo essenziale, semplice da indossare e facile da valorizzare. Francesca Geometric Sleeveless Maxi Dress aggiunge un tocco speciale al look e ti fa sentire sempre a tuo agio, in ogni occasione.</p>","grace-and-oliver.com","Ropa","Ropa","Abbigliamento, Novità, Selezione Juanjo","TRUE","Colore","Verde","Talla","M","francesca-geometric-sleeveless-maxi-dress-verde-m","39.95","","0","continue","assets/products/generated-clothing-camel.png","1","Francesca Geometric Sleeveless Maxi Dress","Il tuo nuovo capo essenziale, semplice da indossare e facile da valorizzare. Francesca Geometric Sleeveless Maxi Dress aggiunge un tocco speciale al look e ti fa sentire sempre a tuo agio, in ogni occasione."
"francesca-geometric-sleeveless-maxi-dress","Francesca Geometric Sleeveless Maxi Dress","<p>Il tuo nuovo capo essenziale, semplice da indossare e facile da valorizzare. Francesca Geometric Sleeveless Maxi Dress aggiunge un tocco speciale al look e ti fa sentire sempre a tuo agio, in ogni occasione.</p>","grace-and-oliver.com","Ropa","Ropa","Abbigliamento, Novità, Selezione Juanjo","TRUE","Colore","Verde","Talla","L","francesca-geometric-sleeveless-maxi-dress-verde-l","39.95","","0","continue","assets/products/generated-clothing-camel.png","1","Francesca Geometric Sleeveless Maxi Dress","Il tuo nuovo capo essenziale, semplice da indossare e facile da valorizzare. Francesca Geometric Sleeveless Maxi Dress aggiunge un tocco speciale al look e ti fa sentire sempre a tuo agio, in ogni occasione."
"francesca-geometric-sleeveless-maxi-dress","Francesca Geometric Sleeveless Maxi Dress","<p>Il tuo nuovo capo essenziale, semplice da indossare e facile da valorizzare. Francesca Geometric Sleeveless Maxi Dress aggiunge un tocco speciale al look e ti fa sentire sempre a tuo agio, in ogni occasione.</p>","grace-and-oliver.com","Ropa","Ropa","Abbigliamento, Novità, Selezione Juanjo","TRUE","Colore","Verde","Talla","XL","francesca-geometric-sleeveless-maxi-dress-verde-xl","39.95","","0","continue","assets/products/generated-clothing-camel.png","1","Francesca Geometric Sleeveless Maxi Dress","Il tuo nuovo capo essenziale, semplice da indossare e facile da valorizzare. Francesca Geometric Sleeveless Maxi Dress aggiunge un tocco speciale al look e ti fa sentire sempre a tuo agio, in ogni occasione."
"seamless-balconette-bra","Seamless Balconette Bra","<p>Il tuo nuovo capo essenziale, semplice da indossare e facile da valorizzare. Seamless Balconette Bra aggiunge un tocco speciale al look e ti fa sentire sempre a tuo agio, in ogni occasione.</p>","madammuse.co","Ropa","Ropa","Abbigliamento, Novità, Selezione Juanjo","TRUE","Colore","Nero","Talla","S","seamless-balconette-bra-nero-s","19.95","39.90","0","continue","assets/products/generated-clothing-camel.png","1","Seamless Balconette Bra","Il tuo nuovo capo essenziale, semplice da indossare e facile da valorizzare. Seamless Balconette Bra aggiunge un tocco speciale al look e ti fa sentire sempre a tuo agio, in ogni occasione."
"seamless-balconette-bra","Seamless Balconette Bra","<p>Il tuo nuovo capo essenziale, semplice da indossare e facile da valorizzare. Seamless Balconette Bra aggiunge un tocco speciale al look e ti fa sentire sempre a tuo agio, in ogni occasione.</p>","madammuse.co","Ropa","Ropa","Abbigliamento, Novità, Selezione Juanjo","TRUE","Colore","Nero","Talla","M","seamless-balconette-bra-nero-m","19.95","39.90","0","continue","assets/products/generated-clothing-camel.png","1","Seamless Balconette Bra","Il tuo nuovo capo essenziale, semplice da indossare e facile da valorizzare. Seamless Balconette Bra aggiunge un tocco speciale al look e ti fa sentire sempre a tuo agio, in ogni occasione."
"seamless-balconette-bra","Seamless Balconette Bra","<p>Il tuo nuovo capo essenziale, semplice da indossare e facile da valorizzare. Seamless Balconette Bra aggiunge un tocco speciale al look e ti fa sentire sempre a tuo agio, in ogni occasione.</p>","madammuse.co","Ropa","Ropa","Abbigliamento, Novità, Selezione Juanjo","TRUE","Colore","Nero","Talla","L","seamless-balconette-bra-nero-l","19.95","39.90","0","continue","assets/products/generated-clothing-camel.png","1","Seamless Balconette Bra","Il tuo nuovo capo essenziale, semplice da indossare e facile da valorizzare. Seamless Balconette Bra aggiunge un tocco speciale al look e ti fa sentire sempre a tuo agio, in ogni occasione."
"seamless-balconette-bra","Seamless Balconette Bra","<p>Il tuo nuovo capo essenziale, semplice da indossare e facile da valorizzare. Seamless Balconette Bra aggiunge un tocco speciale al look e ti fa sentire sempre a tuo agio, in ogni occasione.</p>","madammuse.co","Ropa","Ropa","Abbigliamento, Novità, Selezione Juanjo","TRUE","Colore","Nero","Talla","XL","seamless-balconette-bra-nero-xl","19.95","39.90","0","continue","assets/products/generated-clothing-camel.png","1","Seamless Balconette Bra","Il tuo nuovo capo essenziale, semplice da indossare e facile da valorizzare. Seamless Balconette Bra aggiunge un tocco speciale al look e ti fa sentire sempre a tuo agio, in ogni occasione."
"seamless-balconette-bra","Seamless Balconette Bra","<p>Il tuo nuovo capo essenziale, semplice da indossare e facile da valorizzare. Seamless Balconette Bra aggiunge un tocco speciale al look e ti fa sentire sempre a tuo agio, in ogni occasione.</p>","madammuse.co","Ropa","Ropa","Abbigliamento, Novità, Selezione Juanjo","TRUE","Colore","Beige","Talla","S","seamless-balconette-bra-beige-s","19.95","39.90","0","continue","assets/products/generated-clothing-camel.png","1","Seamless Balconette Bra","Il tuo nuovo capo essenziale, semplice da indossare e facile da valorizzare. Seamless Balconette Bra aggiunge un tocco speciale al look e ti fa sentire sempre a tuo agio, in ogni occasione."
"seamless-balconette-bra","Seamless Balconette Bra","<p>Il tuo nuovo capo essenziale, semplice da indossare e facile da valorizzare. Seamless Balconette Bra aggiunge un tocco speciale al look e ti fa sentire sempre a tuo agio, in ogni occasione.</p>","madammuse.co","Ropa","Ropa","Abbigliamento, Novità, Selezione Juanjo","TRUE","Colore","Beige","Talla","M","seamless-balconette-bra-beige-m","19.95","39.90","0","continue","assets/products/generated-clothing-camel.png","1","Seamless Balconette Bra","Il tuo nuovo capo essenziale, semplice da indossare e facile da valorizzare. Seamless Balconette Bra aggiunge un tocco speciale al look e ti fa sentire sempre a tuo agio, in ogni occasione."
"seamless-balconette-bra","Seamless Balconette Bra","<p>Il tuo nuovo capo essenziale, semplice da indossare e facile da valorizzare. Seamless Balconette Bra aggiunge un tocco speciale al look e ti fa sentire sempre a tuo agio, in ogni occasione.</p>","madammuse.co","Ropa","Ropa","Abbigliamento, Novità, Selezione Juanjo","TRUE","Colore","Beige","Talla","L","seamless-balconette-bra-beige-l","19.95","39.90","0","continue","assets/products/generated-clothing-camel.png","1","Seamless Balconette Bra","Il tuo nuovo capo essenziale, semplice da indossare e facile da valorizzare. Seamless Balconette Bra aggiunge un tocco speciale al look e ti fa sentire sempre a tuo agio, in ogni occasione."
"seamless-balconette-bra","Seamless Balconette Bra","<p>Il tuo nuovo capo essenziale, semplice da indossare e facile da valorizzare. Seamless Balconette Bra aggiunge un tocco speciale al look e ti fa sentire sempre a tuo agio, in ogni occasione.</p>","madammuse.co","Ropa","Ropa","Abbigliamento, Novità, Selezione Juanjo","TRUE","Colore","Beige","Talla","XL","seamless-balconette-bra-beige-xl","19.95","39.90","0","continue","assets/products/generated-clothing-camel.png","1","Seamless Balconette Bra","Il tuo nuovo capo essenziale, semplice da indossare e facile da valorizzare. Seamless Balconette Bra aggiunge un tocco speciale al look e ti fa sentire sempre a tuo agio, in ogni occasione."
"seamless-balconette-bra","Seamless Balconette Bra","<p>Il tuo nuovo capo essenziale, semplice da indossare e facile da valorizzare. Seamless Balconette Bra aggiunge un tocco speciale al look e ti fa sentire sempre a tuo agio, in ogni occasione.</p>","madammuse.co","Ropa","Ropa","Abbigliamento, Novità, Selezione Juanjo","TRUE","Colore","Bianco","Talla","S","seamless-balconette-bra-bianco-s","19.95","39.90","0","continue","assets/products/generated-clothing-camel.png","1","Seamless Balconette Bra","Il tuo nuovo capo essenziale, semplice da indossare e facile da valorizzare. Seamless Balconette Bra aggiunge un tocco speciale al look e ti fa sentire sempre a tuo agio, in ogni occasione."
"seamless-balconette-bra","Seamless Balconette Bra","<p>Il tuo nuovo capo essenziale, semplice da indossare e facile da valorizzare. Seamless Balconette Bra aggiunge un tocco speciale al look e ti fa sentire sempre a tuo agio, in ogni occasione.</p>","madammuse.co","Ropa","Ropa","Abbigliamento, Novità, Selezione Juanjo","TRUE","Colore","Bianco","Talla","M","seamless-balconette-bra-bianco-m","19.95","39.90","0","continue","assets/products/generated-clothing-camel.png","1","Seamless Balconette Bra","Il tuo nuovo capo essenziale, semplice da indossare e facile da valorizzare. Seamless Balconette Bra aggiunge un tocco speciale al look e ti fa sentire sempre a tuo agio, in ogni occasione."
"seamless-balconette-bra","Seamless Balconette Bra","<p>Il tuo nuovo capo essenziale, semplice da indossare e facile da valorizzare. Seamless Balconette Bra aggiunge un tocco speciale al look e ti fa sentire sempre a tuo agio, in ogni occasione.</p>","madammuse.co","Ropa","Ropa","Abbigliamento, Novità, Selezione Juanjo","TRUE","Colore","Bianco","Talla","L","seamless-balconette-bra-bianco-l","19.95","39.90","0","continue","assets/products/generated-clothing-camel.png","1","Seamless Balconette Bra","Il tuo nuovo capo essenziale, semplice da indossare e facile da valorizzare. Seamless Balconette Bra aggiunge un tocco speciale al look e ti fa sentire sempre a tuo agio, in ogni occasione."
"seamless-balconette-bra","Seamless Balconette Bra","<p>Il tuo nuovo capo essenziale, semplice da indossare e facile da valorizzare. Seamless Balconette Bra aggiunge un tocco speciale al look e ti fa sentire sempre a tuo agio, in ogni occasione.</p>","madammuse.co","Ropa","Ropa","Abbigliamento, Novità, Selezione Juanjo","TRUE","Colore","Bianco","Talla","XL","seamless-balconette-bra-bianco-xl","19.95","39.90","0","continue","assets/products/generated-clothing-camel.png","1","Seamless Balconette Bra","Il tuo nuovo capo essenziale, semplice da indossare e facile da valorizzare. Seamless Balconette Bra aggiunge un tocco speciale al look e ti fa sentire sempre a tuo agio, in ogni occasione."
"seamless-balconette-bra","Seamless Balconette Bra","<p>Il tuo nuovo capo essenziale, semplice da indossare e facile da valorizzare. Seamless Balconette Bra aggiunge un tocco speciale al look e ti fa sentire sempre a tuo agio, in ogni occasione.</p>","madammuse.co","Ropa","Ropa","Abbigliamento, Novità, Selezione Juanjo","TRUE","Colore","Verde","Talla","S","seamless-balconette-bra-verde-s","19.95","39.90","0","continue","assets/products/generated-clothing-camel.png","1","Seamless Balconette Bra","Il tuo nuovo capo essenziale, semplice da indossare e facile da valorizzare. Seamless Balconette Bra aggiunge un tocco speciale al look e ti fa sentire sempre a tuo agio, in ogni occasione."
"seamless-balconette-bra","Seamless Balconette Bra","<p>Il tuo nuovo capo essenziale, semplice da indossare e facile da valorizzare. Seamless Balconette Bra aggiunge un tocco speciale al look e ti fa sentire sempre a tuo agio, in ogni occasione.</p>","madammuse.co","Ropa","Ropa","Abbigliamento, Novità, Selezione Juanjo","TRUE","Colore","Verde","Talla","M","seamless-balconette-bra-verde-m","19.95","39.90","0","continue","assets/products/generated-clothing-camel.png","1","Seamless Balconette Bra","Il tuo nuovo capo essenziale, semplice da indossare e facile da valorizzare. Seamless Balconette Bra aggiunge un tocco speciale al look e ti fa sentire sempre a tuo agio, in ogni occasione."
"seamless-balconette-bra","Seamless Balconette Bra","<p>Il tuo nuovo capo essenziale, semplice da indossare e facile da valorizzare. Seamless Balconette Bra aggiunge un tocco speciale al look e ti fa sentire sempre a tuo agio, in ogni occasione.</p>","madammuse.co","Ropa","Ropa","Abbigliamento, Novità, Selezione Juanjo","TRUE","Colore","Verde","Talla","L","seamless-balconette-bra-verde-l","19.95","39.90","0","continue","assets/products/generated-clothing-camel.png","1","Seamless Balconette Bra","Il tuo nuovo capo essenziale, semplice da indossare e facile da valorizzare. Seamless Balconette Bra aggiunge un tocco speciale al look e ti fa sentire sempre a tuo agio, in ogni occasione."
"seamless-balconette-bra","Seamless Balconette Bra","<p>Il tuo nuovo capo essenziale, semplice da indossare e facile da valorizzare. Seamless Balconette Bra aggiunge un tocco speciale al look e ti fa sentire sempre a tuo agio, in ogni occasione.</p>","madammuse.co","Ropa","Ropa","Abbigliamento, Novità, Selezione Juanjo","TRUE","Colore","Verde","Talla","XL","seamless-balconette-bra-verde-xl","19.95","39.90","0","continue","assets/products/generated-clothing-camel.png","1","Seamless Balconette Bra","Il tuo nuovo capo essenziale, semplice da indossare e facile da valorizzare. Seamless Balconette Bra aggiunge un tocco speciale al look e ti fa sentire sempre a tuo agio, in ogni occasione."
"deep-v-wireless-push-up-bra","Deep V Wireless Push-Up Bra","<p>Il tuo nuovo capo essenziale, semplice da indossare e facile da valorizzare. Deep V Wireless Push-Up Bra aggiunge un tocco speciale al look e ti fa sentire sempre a tuo agio, in ogni occasione.</p>","bellashapewear.com","Ropa","Ropa","Abbigliamento, Novità, Selezione Juanjo","TRUE","Colore","Nero","Talla","S","deep-v-wireless-push-up-bra-nero-s","23.00","31.00","0","continue","assets/products/generated-clothing-camel.png","1","Deep V Wireless Push-Up Bra","Il tuo nuovo capo essenziale, semplice da indossare e facile da valorizzare. Deep V Wireless Push-Up Bra aggiunge un tocco speciale al look e ti fa sentire sempre a tuo agio, in ogni occasione."
"deep-v-wireless-push-up-bra","Deep V Wireless Push-Up Bra","<p>Il tuo nuovo capo essenziale, semplice da indossare e facile da valorizzare. Deep V Wireless Push-Up Bra aggiunge un tocco speciale al look e ti fa sentire sempre a tuo agio, in ogni occasione.</p>","bellashapewear.com","Ropa","Ropa","Abbigliamento, Novità, Selezione Juanjo","TRUE","Colore","Nero","Talla","M","deep-v-wireless-push-up-bra-nero-m","23.00","31.00","0","continue","assets/products/generated-clothing-camel.png","1","Deep V Wireless Push-Up Bra","Il tuo nuovo capo essenziale, semplice da indossare e facile da valorizzare. Deep V Wireless Push-Up Bra aggiunge un tocco speciale al look e ti fa sentire sempre a tuo agio, in ogni occasione."
"deep-v-wireless-push-up-bra","Deep V Wireless Push-Up Bra","<p>Il tuo nuovo capo essenziale, semplice da indossare e facile da valorizzare. Deep V Wireless Push-Up Bra aggiunge un tocco speciale al look e ti fa sentire sempre a tuo agio, in ogni occasione.</p>","bellashapewear.com","Ropa","Ropa","Abbigliamento, Novità, Selezione Juanjo","TRUE","Colore","Nero","Talla","L","deep-v-wireless-push-up-bra-nero-l","23.00","31.00","0","continue","assets/products/generated-clothing-camel.png","1","Deep V Wireless Push-Up Bra","Il tuo nuovo capo essenziale, semplice da indossare e facile da valorizzare. Deep V Wireless Push-Up Bra aggiunge un tocco speciale al look e ti fa sentire sempre a tuo agio, in ogni occasione."
"deep-v-wireless-push-up-bra","Deep V Wireless Push-Up Bra","<p>Il tuo nuovo capo essenziale, semplice da indossare e facile da valorizzare. Deep V Wireless Push-Up Bra aggiunge un tocco speciale al look e ti fa sentire sempre a tuo agio, in ogni occasione.</p>","bellashapewear.com","Ropa","Ropa","Abbigliamento, Novità, Selezione Juanjo","TRUE","Colore","Nero","Talla","XL","deep-v-wireless-push-up-bra-nero-xl","23.00","31.00","0","continue","assets/products/generated-clothing-camel.png","1","Deep V Wireless Push-Up Bra","Il tuo nuovo capo essenziale, semplice da indossare e facile da valorizzare. Deep V Wireless Push-Up Bra aggiunge un tocco speciale al look e ti fa sentire sempre a tuo agio, in ogni occasione."
"deep-v-wireless-push-up-bra","Deep V Wireless Push-Up Bra","<p>Il tuo nuovo capo essenziale, semplice da indossare e facile da valorizzare. Deep V Wireless Push-Up Bra aggiunge un tocco speciale al look e ti fa sentire sempre a tuo agio, in ogni occasione.</p>","bellashapewear.com","Ropa","Ropa","Abbigliamento, Novità, Selezione Juanjo","TRUE","Colore","Beige","Talla","S","deep-v-wireless-push-up-bra-beige-s","23.00","31.00","0","continue","assets/products/generated-clothing-camel.png","1","Deep V Wireless Push-Up Bra","Il tuo nuovo capo essenziale, semplice da indossare e facile da valorizzare. Deep V Wireless Push-Up Bra aggiunge un tocco speciale al look e ti fa sentire sempre a tuo agio, in ogni occasione."
"deep-v-wireless-push-up-bra","Deep V Wireless Push-Up Bra","<p>Il tuo nuovo capo essenziale, semplice da indossare e facile da valorizzare. Deep V Wireless Push-Up Bra aggiunge un tocco speciale al look e ti fa sentire sempre a tuo agio, in ogni occasione.</p>","bellashapewear.com","Ropa","Ropa","Abbigliamento, Novità, Selezione Juanjo","TRUE","Colore","Beige","Talla","M","deep-v-wireless-push-up-bra-beige-m","23.00","31.00","0","continue","assets/products/generated-clothing-camel.png","1","Deep V Wireless Push-Up Bra","Il tuo nuovo capo essenziale, semplice da indossare e facile da valorizzare. Deep V Wireless Push-Up Bra aggiunge un tocco speciale al look e ti fa sentire sempre a tuo agio, in ogni occasione."
"deep-v-wireless-push-up-bra","Deep V Wireless Push-Up Bra","<p>Il tuo nuovo capo essenziale, semplice da indossare e facile da valorizzare. Deep V Wireless Push-Up Bra aggiunge un tocco speciale al look e ti fa sentire sempre a tuo agio, in ogni occasione.</p>","bellashapewear.com","Ropa","Ropa","Abbigliamento, Novità, Selezione Juanjo","TRUE","Colore","Beige","Talla","L","deep-v-wireless-push-up-bra-beige-l","23.00","31.00","0","continue","assets/products/generated-clothing-camel.png","1","Deep V Wireless Push-Up Bra","Il tuo nuovo capo essenziale, semplice da indossare e facile da valorizzare. Deep V Wireless Push-Up Bra aggiunge un tocco speciale al look e ti fa sentire sempre a tuo agio, in ogni occasione."
"deep-v-wireless-push-up-bra","Deep V Wireless Push-Up Bra","<p>Il tuo nuovo capo essenziale, semplice da indossare e facile da valorizzare. Deep V Wireless Push-Up Bra aggiunge un tocco speciale al look e ti fa sentire sempre a tuo agio, in ogni occasione.</p>","bellashapewear.com","Ropa","Ropa","Abbigliamento, Novità, Selezione Juanjo","TRUE","Colore","Beige","Talla","XL","deep-v-wireless-push-up-bra-beige-xl","23.00","31.00","0","continue","assets/products/generated-clothing-camel.png","1","Deep V Wireless Push-Up Bra","Il tuo nuovo capo essenziale, semplice da indossare e facile da valorizzare. Deep V Wireless Push-Up Bra aggiunge un tocco speciale al look e ti fa sentire sempre a tuo agio, in ogni occasione."
"deep-v-wireless-push-up-bra","Deep V Wireless Push-Up Bra","<p>Il tuo nuovo capo essenziale, semplice da indossare e facile da valorizzare. Deep V Wireless Push-Up Bra aggiunge un tocco speciale al look e ti fa sentire sempre a tuo agio, in ogni occasione.</p>","bellashapewear.com","Ropa","Ropa","Abbigliamento, Novità, Selezione Juanjo","TRUE","Colore","Bianco","Talla","S","deep-v-wireless-push-up-bra-bianco-s","23.00","31.00","0","continue","assets/products/generated-clothing-camel.png","1","Deep V Wireless Push-Up Bra","Il tuo nuovo capo essenziale, semplice da indossare e facile da valorizzare. Deep V Wireless Push-Up Bra aggiunge un tocco speciale al look e ti fa sentire sempre a tuo agio, in ogni occasione."
"deep-v-wireless-push-up-bra","Deep V Wireless Push-Up Bra","<p>Il tuo nuovo capo essenziale, semplice da indossare e facile da valorizzare. Deep V Wireless Push-Up Bra aggiunge un tocco speciale al look e ti fa sentire sempre a tuo agio, in ogni occasione.</p>","bellashapewear.com","Ropa","Ropa","Abbigliamento, Novità, Selezione Juanjo","TRUE","Colore","Bianco","Talla","M","deep-v-wireless-push-up-bra-bianco-m","23.00","31.00","0","continue","assets/products/generated-clothing-camel.png","1","Deep V Wireless Push-Up Bra","Il tuo nuovo capo essenziale, semplice da indossare e facile da valorizzare. Deep V Wireless Push-Up Bra aggiunge un tocco speciale al look e ti fa sentire sempre a tuo agio, in ogni occasione."
"deep-v-wireless-push-up-bra","Deep V Wireless Push-Up Bra","<p>Il tuo nuovo capo essenziale, semplice da indossare e facile da valorizzare. Deep V Wireless Push-Up Bra aggiunge un tocco speciale al look e ti fa sentire sempre a tuo agio, in ogni occasione.</p>","bellashapewear.com","Ropa","Ropa","Abbigliamento, Novità, Selezione Juanjo","TRUE","Colore","Bianco","Talla","L","deep-v-wireless-push-up-bra-bianco-l","23.00","31.00","0","continue","assets/products/generated-clothing-camel.png","1","Deep V Wireless Push-Up Bra","Il tuo nuovo capo essenziale, semplice da indossare e facile da valorizzare. Deep V Wireless Push-Up Bra aggiunge un tocco speciale al look e ti fa sentire sempre a tuo agio, in ogni occasione."
"deep-v-wireless-push-up-bra","Deep V Wireless Push-Up Bra","<p>Il tuo nuovo capo essenziale, semplice da indossare e facile da valorizzare. Deep V Wireless Push-Up Bra aggiunge un tocco speciale al look e ti fa sentire sempre a tuo agio, in ogni occasione.</p>","bellashapewear.com","Ropa","Ropa","Abbigliamento, Novità, Selezione Juanjo","TRUE","Colore","Bianco","Talla","XL","deep-v-wireless-push-up-bra-bianco-xl","23.00","31.00","0","continue","assets/products/generated-clothing-camel.png","1","Deep V Wireless Push-Up Bra","Il tuo nuovo capo essenziale, semplice da indossare e facile da valorizzare. Deep V Wireless Push-Up Bra aggiunge un tocco speciale al look e ti fa sentire sempre a tuo agio, in ogni occasione."
"deep-v-wireless-push-up-bra","Deep V Wireless Push-Up Bra","<p>Il tuo nuovo capo essenziale, semplice da indossare e facile da valorizzare. Deep V Wireless Push-Up Bra aggiunge un tocco speciale al look e ti fa sentire sempre a tuo agio, in ogni occasione.</p>","bellashapewear.com","Ropa","Ropa","Abbigliamento, Novità, Selezione Juanjo","TRUE","Colore","Verde","Talla","S","deep-v-wireless-push-up-bra-verde-s","23.00","31.00","0","continue","assets/products/generated-clothing-camel.png","1","Deep V Wireless Push-Up Bra","Il tuo nuovo capo essenziale, semplice da indossare e facile da valorizzare. Deep V Wireless Push-Up Bra aggiunge un tocco speciale al look e ti fa sentire sempre a tuo agio, in ogni occasione."
"deep-v-wireless-push-up-bra","Deep V Wireless Push-Up Bra","<p>Il tuo nuovo capo essenziale, semplice da indossare e facile da valorizzare. Deep V Wireless Push-Up Bra aggiunge un tocco speciale al look e ti fa sentire sempre a tuo agio, in ogni occasione.</p>","bellashapewear.com","Ropa","Ropa","Abbigliamento, Novità, Selezione Juanjo","TRUE","Colore","Verde","Talla","M","deep-v-wireless-push-up-bra-verde-m","23.00","31.00","0","continue","assets/products/generated-clothing-camel.png","1","Deep V Wireless Push-Up Bra","Il tuo nuovo capo essenziale, semplice da indossare e facile da valorizzare. Deep V Wireless Push-Up Bra aggiunge un tocco speciale al look e ti fa sentire sempre a tuo agio, in ogni occasione."
"deep-v-wireless-push-up-bra","Deep V Wireless Push-Up Bra","<p>Il tuo nuovo capo essenziale, semplice da indossare e facile da valorizzare. Deep V Wireless Push-Up Bra aggiunge un tocco speciale al look e ti fa sentire sempre a tuo agio, in ogni occasione.</p>","bellashapewear.com","Ropa","Ropa","Abbigliamento, Novità, Selezione Juanjo","TRUE","Colore","Verde","Talla","L","deep-v-wireless-push-up-bra-verde-l","23.00","31.00","0","continue","assets/products/generated-clothing-camel.png","1","Deep V Wireless Push-Up Bra","Il tuo nuovo capo essenziale, semplice da indossare e facile da valorizzare. Deep V Wireless Push-Up Bra aggiunge un tocco speciale al look e ti fa sentire sempre a tuo agio, in ogni occasione."
"deep-v-wireless-push-up-bra","Deep V Wireless Push-Up Bra","<p>Il tuo nuovo capo essenziale, semplice da indossare e facile da valorizzare. Deep V Wireless Push-Up Bra aggiunge un tocco speciale al look e ti fa sentire sempre a tuo agio, in ogni occasione.</p>","bellashapewear.com","Ropa","Ropa","Abbigliamento, Novità, Selezione Juanjo","TRUE","Colore","Verde","Talla","XL","deep-v-wireless-push-up-bra-verde-xl","23.00","31.00","0","continue","assets/products/generated-clothing-camel.png","1","Deep V Wireless Push-Up Bra","Il tuo nuovo capo essenziale, semplice da indossare e facile da valorizzare. Deep V Wireless Push-Up Bra aggiunge un tocco speciale al look e ti fa sentire sempre a tuo agio, in ogni occasione."
"thermal-zip-up-jumpsuit","Thermal Zip-Up Jumpsuit","<p>Il tuo nuovo capo essenziale, semplice da indossare e facile da valorizzare. Thermal Zip-Up Jumpsuit aggiunge un tocco speciale al look e ti fa sentire sempre a tuo agio, in ogni occasione.</p>","irazia.com","Ropa","Ropa","Abbigliamento, Novità, Selezione Juanjo","TRUE","Colore","Nero","Talla","S","thermal-zip-up-jumpsuit-nero-s","38.00","62.00","0","continue","assets/products/generated-clothing-camel.png","1","Thermal Zip-Up Jumpsuit","Il tuo nuovo capo essenziale, semplice da indossare e facile da valorizzare. Thermal Zip-Up Jumpsuit aggiunge un tocco speciale al look e ti fa sentire sempre a tuo agio, in ogni occasione."
"thermal-zip-up-jumpsuit","Thermal Zip-Up Jumpsuit","<p>Il tuo nuovo capo essenziale, semplice da indossare e facile da valorizzare. Thermal Zip-Up Jumpsuit aggiunge un tocco speciale al look e ti fa sentire sempre a tuo agio, in ogni occasione.</p>","irazia.com","Ropa","Ropa","Abbigliamento, Novità, Selezione Juanjo","TRUE","Colore","Nero","Talla","M","thermal-zip-up-jumpsuit-nero-m","38.00","62.00","0","continue","assets/products/generated-clothing-camel.png","1","Thermal Zip-Up Jumpsuit","Il tuo nuovo capo essenziale, semplice da indossare e facile da valorizzare. Thermal Zip-Up Jumpsuit aggiunge un tocco speciale al look e ti fa sentire sempre a tuo agio, in ogni occasione."
"thermal-zip-up-jumpsuit","Thermal Zip-Up Jumpsuit","<p>Il tuo nuovo capo essenziale, semplice da indossare e facile da valorizzare. Thermal Zip-Up Jumpsuit aggiunge un tocco speciale al look e ti fa sentire sempre a tuo agio, in ogni occasione.</p>","irazia.com","Ropa","Ropa","Abbigliamento, Novità, Selezione Juanjo","TRUE","Colore","Nero","Talla","L","thermal-zip-up-jumpsuit-nero-l","38.00","62.00","0","continue","assets/products/generated-clothing-camel.png","1","Thermal Zip-Up Jumpsuit","Il tuo nuovo capo essenziale, semplice da indossare e facile da valorizzare. Thermal Zip-Up Jumpsuit aggiunge un tocco speciale al look e ti fa sentire sempre a tuo agio, in ogni occasione."
"thermal-zip-up-jumpsuit","Thermal Zip-Up Jumpsuit","<p>Il tuo nuovo capo essenziale, semplice da indossare e facile da valorizzare. Thermal Zip-Up Jumpsuit aggiunge un tocco speciale al look e ti fa sentire sempre a tuo agio, in ogni occasione.</p>","irazia.com","Ropa","Ropa","Abbigliamento, Novità, Selezione Juanjo","TRUE","Colore","Nero","Talla","XL","thermal-zip-up-jumpsuit-nero-xl","38.00","62.00","0","continue","assets/products/generated-clothing-camel.png","1","Thermal Zip-Up Jumpsuit","Il tuo nuovo capo essenziale, semplice da indossare e facile da valorizzare. Thermal Zip-Up Jumpsuit aggiunge un tocco speciale al look e ti fa sentire sempre a tuo agio, in ogni occasione."
"thermal-zip-up-jumpsuit","Thermal Zip-Up Jumpsuit","<p>Il tuo nuovo capo essenziale, semplice da indossare e facile da valorizzare. Thermal Zip-Up Jumpsuit aggiunge un tocco speciale al look e ti fa sentire sempre a tuo agio, in ogni occasione.</p>","irazia.com","Ropa","Ropa","Abbigliamento, Novità, Selezione Juanjo","TRUE","Colore","Beige","Talla","S","thermal-zip-up-jumpsuit-beige-s","38.00","62.00","0","continue","assets/products/generated-clothing-camel.png","1","Thermal Zip-Up Jumpsuit","Il tuo nuovo capo essenziale, semplice da indossare e facile da valorizzare. Thermal Zip-Up Jumpsuit aggiunge un tocco speciale al look e ti fa sentire sempre a tuo agio, in ogni occasione."
"thermal-zip-up-jumpsuit","Thermal Zip-Up Jumpsuit","<p>Il tuo nuovo capo essenziale, semplice da indossare e facile da valorizzare. Thermal Zip-Up Jumpsuit aggiunge un tocco speciale al look e ti fa sentire sempre a tuo agio, in ogni occasione.</p>","irazia.com","Ropa","Ropa","Abbigliamento, Novità, Selezione Juanjo","TRUE","Colore","Beige","Talla","M","thermal-zip-up-jumpsuit-beige-m","38.00","62.00","0","continue","assets/products/generated-clothing-camel.png","1","Thermal Zip-Up Jumpsuit","Il tuo nuovo capo essenziale, semplice da indossare e facile da valorizzare. Thermal Zip-Up Jumpsuit aggiunge un tocco speciale al look e ti fa sentire sempre a tuo agio, in ogni occasione."
"thermal-zip-up-jumpsuit","Thermal Zip-Up Jumpsuit","<p>Il tuo nuovo capo essenziale, semplice da indossare e facile da valorizzare. Thermal Zip-Up Jumpsuit aggiunge un tocco speciale al look e ti fa sentire sempre a tuo agio, in ogni occasione.</p>","irazia.com","Ropa","Ropa","Abbigliamento, Novità, Selezione Juanjo","TRUE","Colore","Beige","Talla","L","thermal-zip-up-jumpsuit-beige-l","38.00","62.00","0","continue","assets/products/generated-clothing-camel.png","1","Thermal Zip-Up Jumpsuit","Il tuo nuovo capo essenziale, semplice da indossare e facile da valorizzare. Thermal Zip-Up Jumpsuit aggiunge un tocco speciale al look e ti fa sentire sempre a tuo agio, in ogni occasione."
"thermal-zip-up-jumpsuit","Thermal Zip-Up Jumpsuit","<p>Il tuo nuovo capo essenziale, semplice da indossare e facile da valorizzare. Thermal Zip-Up Jumpsuit aggiunge un tocco speciale al look e ti fa sentire sempre a tuo agio, in ogni occasione.</p>","irazia.com","Ropa","Ropa","Abbigliamento, Novità, Selezione Juanjo","TRUE","Colore","Beige","Talla","XL","thermal-zip-up-jumpsuit-beige-xl","38.00","62.00","0","continue","assets/products/generated-clothing-camel.png","1","Thermal Zip-Up Jumpsuit","Il tuo nuovo capo essenziale, semplice da indossare e facile da valorizzare. Thermal Zip-Up Jumpsuit aggiunge un tocco speciale al look e ti fa sentire sempre a tuo agio, in ogni occasione."
"thermal-zip-up-jumpsuit","Thermal Zip-Up Jumpsuit","<p>Il tuo nuovo capo essenziale, semplice da indossare e facile da valorizzare. Thermal Zip-Up Jumpsuit aggiunge un tocco speciale al look e ti fa sentire sempre a tuo agio, in ogni occasione.</p>","irazia.com","Ropa","Ropa","Abbigliamento, Novità, Selezione Juanjo","TRUE","Colore","Bianco","Talla","S","thermal-zip-up-jumpsuit-bianco-s","38.00","62.00","0","continue","assets/products/generated-clothing-camel.png","1","Thermal Zip-Up Jumpsuit","Il tuo nuovo capo essenziale, semplice da indossare e facile da valorizzare. Thermal Zip-Up Jumpsuit aggiunge un tocco speciale al look e ti fa sentire sempre a tuo agio, in ogni occasione."
"thermal-zip-up-jumpsuit","Thermal Zip-Up Jumpsuit","<p>Il tuo nuovo capo essenziale, semplice da indossare e facile da valorizzare. Thermal Zip-Up Jumpsuit aggiunge un tocco speciale al look e ti fa sentire sempre a tuo agio, in ogni occasione.</p>","irazia.com","Ropa","Ropa","Abbigliamento, Novità, Selezione Juanjo","TRUE","Colore","Bianco","Talla","M","thermal-zip-up-jumpsuit-bianco-m","38.00","62.00","0","continue","assets/products/generated-clothing-camel.png","1","Thermal Zip-Up Jumpsuit","Il tuo nuovo capo essenziale, semplice da indossare e facile da valorizzare. Thermal Zip-Up Jumpsuit aggiunge un tocco speciale al look e ti fa sentire sempre a tuo agio, in ogni occasione."
"thermal-zip-up-jumpsuit","Thermal Zip-Up Jumpsuit","<p>Il tuo nuovo capo essenziale, semplice da indossare e facile da valorizzare. Thermal Zip-Up Jumpsuit aggiunge un tocco speciale al look e ti fa sentire sempre a tuo agio, in ogni occasione.</p>","irazia.com","Ropa","Ropa","Abbigliamento, Novità, Selezione Juanjo","TRUE","Colore","Bianco","Talla","L","thermal-zip-up-jumpsuit-bianco-l","38.00","62.00","0","continue","assets/products/generated-clothing-camel.png","1","Thermal Zip-Up Jumpsuit","Il tuo nuovo capo essenziale, semplice da indossare e facile da valorizzare. Thermal Zip-Up Jumpsuit aggiunge un tocco speciale al look e ti fa sentire sempre a tuo agio, in ogni occasione."
"thermal-zip-up-jumpsuit","Thermal Zip-Up Jumpsuit","<p>Il tuo nuovo capo essenziale, semplice da indossare e facile da valorizzare. Thermal Zip-Up Jumpsuit aggiunge un tocco speciale al look e ti fa sentire sempre a tuo agio, in ogni occasione.</p>","irazia.com","Ropa","Ropa","Abbigliamento, Novità, Selezione Juanjo","TRUE","Colore","Bianco","Talla","XL","thermal-zip-up-jumpsuit-bianco-xl","38.00","62.00","0","continue","assets/products/generated-clothing-camel.png","1","Thermal Zip-Up Jumpsuit","Il tuo nuovo capo essenziale, semplice da indossare e facile da valorizzare. Thermal Zip-Up Jumpsuit aggiunge un tocco speciale al look e ti fa sentire sempre a tuo agio, in ogni occasione."
"thermal-zip-up-jumpsuit","Thermal Zip-Up Jumpsuit","<p>Il tuo nuovo capo essenziale, semplice da indossare e facile da valorizzare. Thermal Zip-Up Jumpsuit aggiunge un tocco speciale al look e ti fa sentire sempre a tuo agio, in ogni occasione.</p>","irazia.com","Ropa","Ropa","Abbigliamento, Novità, Selezione Juanjo","TRUE","Colore","Verde","Talla","S","thermal-zip-up-jumpsuit-verde-s","38.00","62.00","0","continue","assets/products/generated-clothing-camel.png","1","Thermal Zip-Up Jumpsuit","Il tuo nuovo capo essenziale, semplice da indossare e facile da valorizzare. Thermal Zip-Up Jumpsuit aggiunge un tocco speciale al look e ti fa sentire sempre a tuo agio, in ogni occasione."
"thermal-zip-up-jumpsuit","Thermal Zip-Up Jumpsuit","<p>Il tuo nuovo capo essenziale, semplice da indossare e facile da valorizzare. Thermal Zip-Up Jumpsuit aggiunge un tocco speciale al look e ti fa sentire sempre a tuo agio, in ogni occasione.</p>","irazia.com","Ropa","Ropa","Abbigliamento, Novità, Selezione Juanjo","TRUE","Colore","Verde","Talla","M","thermal-zip-up-jumpsuit-verde-m","38.00","62.00","0","continue","assets/products/generated-clothing-camel.png","1","Thermal Zip-Up Jumpsuit","Il tuo nuovo capo essenziale, semplice da indossare e facile da valorizzare. Thermal Zip-Up Jumpsuit aggiunge un tocco speciale al look e ti fa sentire sempre a tuo agio, in ogni occasione."
"thermal-zip-up-jumpsuit","Thermal Zip-Up Jumpsuit","<p>Il tuo nuovo capo essenziale, semplice da indossare e facile da valorizzare. Thermal Zip-Up Jumpsuit aggiunge un tocco speciale al look e ti fa sentire sempre a tuo agio, in ogni occasione.</p>","irazia.com","Ropa","Ropa","Abbigliamento, Novità, Selezione Juanjo","TRUE","Colore","Verde","Talla","L","thermal-zip-up-jumpsuit-verde-l","38.00","62.00","0","continue","assets/products/generated-clothing-camel.png","1","Thermal Zip-Up Jumpsuit","Il tuo nuovo capo essenziale, semplice da indossare e facile da valorizzare. Thermal Zip-Up Jumpsuit aggiunge un tocco speciale al look e ti fa sentire sempre a tuo agio, in ogni occasione."
"thermal-zip-up-jumpsuit","Thermal Zip-Up Jumpsuit","<p>Il tuo nuovo capo essenziale, semplice da indossare e facile da valorizzare. Thermal Zip-Up Jumpsuit aggiunge un tocco speciale al look e ti fa sentire sempre a tuo agio, in ogni occasione.</p>","irazia.com","Ropa","Ropa","Abbigliamento, Novità, Selezione Juanjo","TRUE","Colore","Verde","Talla","XL","thermal-zip-up-jumpsuit-verde-xl","38.00","62.00","0","continue","assets/products/generated-clothing-camel.png","1","Thermal Zip-Up Jumpsuit","Il tuo nuovo capo essenziale, semplice da indossare e facile da valorizzare. Thermal Zip-Up Jumpsuit aggiunge un tocco speciale al look e ti fa sentire sempre a tuo agio, in ogni occasione."
"rosalia-elegant-jacket-with-stand-collar","Rosalia Elegant Jacket with Stand Collar","<p>Il tuo nuovo capo essenziale, semplice da indossare e facile da valorizzare. Rosalia Elegant Jacket with Stand Collar aggiunge un tocco speciale al look e ti fa sentire sempre a tuo agio, in ogni occasione.</p>","soera-store.com","Ropa","Ropa","Abbigliamento, Novità, Selezione Juanjo","TRUE","Colore","Nero","Talla","S","rosalia-elegant-jacket-with-stand-collar-nero-s","79.00","158.00","0","continue","assets/products/generated-clothing-camel.png","1","Rosalia Elegant Jacket with Stand Collar","Il tuo nuovo capo essenziale, semplice da indossare e facile da valorizzare. Rosalia Elegant Jacket with Stand Collar aggiunge un tocco speciale al look e ti fa sentire sempre a tuo agio, in ogni occasione."
"rosalia-elegant-jacket-with-stand-collar","Rosalia Elegant Jacket with Stand Collar","<p>Il tuo nuovo capo essenziale, semplice da indossare e facile da valorizzare. Rosalia Elegant Jacket with Stand Collar aggiunge un tocco speciale al look e ti fa sentire sempre a tuo agio, in ogni occasione.</p>","soera-store.com","Ropa","Ropa","Abbigliamento, Novità, Selezione Juanjo","TRUE","Colore","Nero","Talla","M","rosalia-elegant-jacket-with-stand-collar-nero-m","79.00","158.00","0","continue","assets/products/generated-clothing-camel.png","1","Rosalia Elegant Jacket with Stand Collar","Il tuo nuovo capo essenziale, semplice da indossare e facile da valorizzare. Rosalia Elegant Jacket with Stand Collar aggiunge un tocco speciale al look e ti fa sentire sempre a tuo agio, in ogni occasione."
"rosalia-elegant-jacket-with-stand-collar","Rosalia Elegant Jacket with Stand Collar","<p>Il tuo nuovo capo essenziale, semplice da indossare e facile da valorizzare. Rosalia Elegant Jacket with Stand Collar aggiunge un tocco speciale al look e ti fa sentire sempre a tuo agio, in ogni occasione.</p>","soera-store.com","Ropa","Ropa","Abbigliamento, Novità, Selezione Juanjo","TRUE","Colore","Nero","Talla","L","rosalia-elegant-jacket-with-stand-collar-nero-l","79.00","158.00","0","continue","assets/products/generated-clothing-camel.png","1","Rosalia Elegant Jacket with Stand Collar","Il tuo nuovo capo essenziale, semplice da indossare e facile da valorizzare. Rosalia Elegant Jacket with Stand Collar aggiunge un tocco speciale al look e ti fa sentire sempre a tuo agio, in ogni occasione."
"rosalia-elegant-jacket-with-stand-collar","Rosalia Elegant Jacket with Stand Collar","<p>Il tuo nuovo capo essenziale, semplice da indossare e facile da valorizzare. Rosalia Elegant Jacket with Stand Collar aggiunge un tocco speciale al look e ti fa sentire sempre a tuo agio, in ogni occasione.</p>","soera-store.com","Ropa","Ropa","Abbigliamento, Novità, Selezione Juanjo","TRUE","Colore","Nero","Talla","XL","rosalia-elegant-jacket-with-stand-collar-nero-xl","79.00","158.00","0","continue","assets/products/generated-clothing-camel.png","1","Rosalia Elegant Jacket with Stand Collar","Il tuo nuovo capo essenziale, semplice da indossare e facile da valorizzare. Rosalia Elegant Jacket with Stand Collar aggiunge un tocco speciale al look e ti fa sentire sempre a tuo agio, in ogni occasione."
"rosalia-elegant-jacket-with-stand-collar","Rosalia Elegant Jacket with Stand Collar","<p>Il tuo nuovo capo essenziale, semplice da indossare e facile da valorizzare. Rosalia Elegant Jacket with Stand Collar aggiunge un tocco speciale al look e ti fa sentire sempre a tuo agio, in ogni occasione.</p>","soera-store.com","Ropa","Ropa","Abbigliamento, Novità, Selezione Juanjo","TRUE","Colore","Beige","Talla","S","rosalia-elegant-jacket-with-stand-collar-beige-s","79.00","158.00","0","continue","assets/products/generated-clothing-camel.png","1","Rosalia Elegant Jacket with Stand Collar","Il tuo nuovo capo essenziale, semplice da indossare e facile da valorizzare. Rosalia Elegant Jacket with Stand Collar aggiunge un tocco speciale al look e ti fa sentire sempre a tuo agio, in ogni occasione."
"rosalia-elegant-jacket-with-stand-collar","Rosalia Elegant Jacket with Stand Collar","<p>Il tuo nuovo capo essenziale, semplice da indossare e facile da valorizzare. Rosalia Elegant Jacket with Stand Collar aggiunge un tocco speciale al look e ti fa sentire sempre a tuo agio, in ogni occasione.</p>","soera-store.com","Ropa","Ropa","Abbigliamento, Novità, Selezione Juanjo","TRUE","Colore","Beige","Talla","M","rosalia-elegant-jacket-with-stand-collar-beige-m","79.00","158.00","0","continue","assets/products/generated-clothing-camel.png","1","Rosalia Elegant Jacket with Stand Collar","Il tuo nuovo capo essenziale, semplice da indossare e facile da valorizzare. Rosalia Elegant Jacket with Stand Collar aggiunge un tocco speciale al look e ti fa sentire sempre a tuo agio, in ogni occasione."
"rosalia-elegant-jacket-with-stand-collar","Rosalia Elegant Jacket with Stand Collar","<p>Il tuo nuovo capo essenziale, semplice da indossare e facile da valorizzare. Rosalia Elegant Jacket with Stand Collar aggiunge un tocco speciale al look e ti fa sentire sempre a tuo agio, in ogni occasione.</p>","soera-store.com","Ropa","Ropa","Abbigliamento, Novità, Selezione Juanjo","TRUE","Colore","Beige","Talla","L","rosalia-elegant-jacket-with-stand-collar-beige-l","79.00","158.00","0","continue","assets/products/generated-clothing-camel.png","1","Rosalia Elegant Jacket with Stand Collar","Il tuo nuovo capo essenziale, semplice da indossare e facile da valorizzare. Rosalia Elegant Jacket with Stand Collar aggiunge un tocco speciale al look e ti fa sentire sempre a tuo agio, in ogni occasione."
"rosalia-elegant-jacket-with-stand-collar","Rosalia Elegant Jacket with Stand Collar","<p>Il tuo nuovo capo essenziale, semplice da indossare e facile da valorizzare. Rosalia Elegant Jacket with Stand Collar aggiunge un tocco speciale al look e ti fa sentire sempre a tuo agio, in ogni occasione.</p>","soera-store.com","Ropa","Ropa","Abbigliamento, Novità, Selezione Juanjo","TRUE","Colore","Beige","Talla","XL","rosalia-elegant-jacket-with-stand-collar-beige-xl","79.00","158.00","0","continue","assets/products/generated-clothing-camel.png","1","Rosalia Elegant Jacket with Stand Collar","Il tuo nuovo capo essenziale, semplice da indossare e facile da valorizzare. Rosalia Elegant Jacket with Stand Collar aggiunge un tocco speciale al look e ti fa sentire sempre a tuo agio, in ogni occasione."
"rosalia-elegant-jacket-with-stand-collar","Rosalia Elegant Jacket with Stand Collar","<p>Il tuo nuovo capo essenziale, semplice da indossare e facile da valorizzare. Rosalia Elegant Jacket with Stand Collar aggiunge un tocco speciale al look e ti fa sentire sempre a tuo agio, in ogni occasione.</p>","soera-store.com","Ropa","Ropa","Abbigliamento, Novità, Selezione Juanjo","TRUE","Colore","Bianco","Talla","S","rosalia-elegant-jacket-with-stand-collar-bianco-s","79.00","158.00","0","continue","assets/products/generated-clothing-camel.png","1","Rosalia Elegant Jacket with Stand Collar","Il tuo nuovo capo essenziale, semplice da indossare e facile da valorizzare. Rosalia Elegant Jacket with Stand Collar aggiunge un tocco speciale al look e ti fa sentire sempre a tuo agio, in ogni occasione."
"rosalia-elegant-jacket-with-stand-collar","Rosalia Elegant Jacket with Stand Collar","<p>Il tuo nuovo capo essenziale, semplice da indossare e facile da valorizzare. Rosalia Elegant Jacket with Stand Collar aggiunge un tocco speciale al look e ti fa sentire sempre a tuo agio, in ogni occasione.</p>","soera-store.com","Ropa","Ropa","Abbigliamento, Novità, Selezione Juanjo","TRUE","Colore","Bianco","Talla","M","rosalia-elegant-jacket-with-stand-collar-bianco-m","79.00","158.00","0","continue","assets/products/generated-clothing-camel.png","1","Rosalia Elegant Jacket with Stand Collar","Il tuo nuovo capo essenziale, semplice da indossare e facile da valorizzare. Rosalia Elegant Jacket with Stand Collar aggiunge un tocco speciale al look e ti fa sentire sempre a tuo agio, in ogni occasione."
"rosalia-elegant-jacket-with-stand-collar","Rosalia Elegant Jacket with Stand Collar","<p>Il tuo nuovo capo essenziale, semplice da indossare e facile da valorizzare. Rosalia Elegant Jacket with Stand Collar aggiunge un tocco speciale al look e ti fa sentire sempre a tuo agio, in ogni occasione.</p>","soera-store.com","Ropa","Ropa","Abbigliamento, Novità, Selezione Juanjo","TRUE","Colore","Bianco","Talla","L","rosalia-elegant-jacket-with-stand-collar-bianco-l","79.00","158.00","0","continue","assets/products/generated-clothing-camel.png","1","Rosalia Elegant Jacket with Stand Collar","Il tuo nuovo capo essenziale, semplice da indossare e facile da valorizzare. Rosalia Elegant Jacket with Stand Collar aggiunge un tocco speciale al look e ti fa sentire sempre a tuo agio, in ogni occasione."
"rosalia-elegant-jacket-with-stand-collar","Rosalia Elegant Jacket with Stand Collar","<p>Il tuo nuovo capo essenziale, semplice da indossare e facile da valorizzare. Rosalia Elegant Jacket with Stand Collar aggiunge un tocco speciale al look e ti fa sentire sempre a tuo agio, in ogni occasione.</p>","soera-store.com","Ropa","Ropa","Abbigliamento, Novità, Selezione Juanjo","TRUE","Colore","Bianco","Talla","XL","rosalia-elegant-jacket-with-stand-collar-bianco-xl","79.00","158.00","0","continue","assets/products/generated-clothing-camel.png","1","Rosalia Elegant Jacket with Stand Collar","Il tuo nuovo capo essenziale, semplice da indossare e facile da valorizzare. Rosalia Elegant Jacket with Stand Collar aggiunge un tocco speciale al look e ti fa sentire sempre a tuo agio, in ogni occasione."
"rosalia-elegant-jacket-with-stand-collar","Rosalia Elegant Jacket with Stand Collar","<p>Il tuo nuovo capo essenziale, semplice da indossare e facile da valorizzare. Rosalia Elegant Jacket with Stand Collar aggiunge un tocco speciale al look e ti fa sentire sempre a tuo agio, in ogni occasione.</p>","soera-store.com","Ropa","Ropa","Abbigliamento, Novità, Selezione Juanjo","TRUE","Colore","Verde","Talla","S","rosalia-elegant-jacket-with-stand-collar-verde-s","79.00","158.00","0","continue","assets/products/generated-clothing-camel.png","1","Rosalia Elegant Jacket with Stand Collar","Il tuo nuovo capo essenziale, semplice da indossare e facile da valorizzare. Rosalia Elegant Jacket with Stand Collar aggiunge un tocco speciale al look e ti fa sentire sempre a tuo agio, in ogni occasione."
"rosalia-elegant-jacket-with-stand-collar","Rosalia Elegant Jacket with Stand Collar","<p>Il tuo nuovo capo essenziale, semplice da indossare e facile da valorizzare. Rosalia Elegant Jacket with Stand Collar aggiunge un tocco speciale al look e ti fa sentire sempre a tuo agio, in ogni occasione.</p>","soera-store.com","Ropa","Ropa","Abbigliamento, Novità, Selezione Juanjo","TRUE","Colore","Verde","Talla","M","rosalia-elegant-jacket-with-stand-collar-verde-m","79.00","158.00","0","continue","assets/products/generated-clothing-camel.png","1","Rosalia Elegant Jacket with Stand Collar","Il tuo nuovo capo essenziale, semplice da indossare e facile da valorizzare. Rosalia Elegant Jacket with Stand Collar aggiunge un tocco speciale al look e ti fa sentire sempre a tuo agio, in ogni occasione."
"rosalia-elegant-jacket-with-stand-collar","Rosalia Elegant Jacket with Stand Collar","<p>Il tuo nuovo capo essenziale, semplice da indossare e facile da valorizzare. Rosalia Elegant Jacket with Stand Collar aggiunge un tocco speciale al look e ti fa sentire sempre a tuo agio, in ogni occasione.</p>","soera-store.com","Ropa","Ropa","Abbigliamento, Novità, Selezione Juanjo","TRUE","Colore","Verde","Talla","L","rosalia-elegant-jacket-with-stand-collar-verde-l","79.00","158.00","0","continue","assets/products/generated-clothing-camel.png","1","Rosalia Elegant Jacket with Stand Collar","Il tuo nuovo capo essenziale, semplice da indossare e facile da valorizzare. Rosalia Elegant Jacket with Stand Collar aggiunge un tocco speciale al look e ti fa sentire sempre a tuo agio, in ogni occasione."
"rosalia-elegant-jacket-with-stand-collar","Rosalia Elegant Jacket with Stand Collar","<p>Il tuo nuovo capo essenziale, semplice da indossare e facile da valorizzare. Rosalia Elegant Jacket with Stand Collar aggiunge un tocco speciale al look e ti fa sentire sempre a tuo agio, in ogni occasione.</p>","soera-store.com","Ropa","Ropa","Abbigliamento, Novità, Selezione Juanjo","TRUE","Colore","Verde","Talla","XL","rosalia-elegant-jacket-with-stand-collar-verde-xl","79.00","158.00","0","continue","assets/products/generated-clothing-camel.png","1","Rosalia Elegant Jacket with Stand Collar","Il tuo nuovo capo essenziale, semplice da indossare e facile da valorizzare. Rosalia Elegant Jacket with Stand Collar aggiunge un tocco speciale al look e ti fa sentire sempre a tuo agio, in ogni occasione."
"carla-asymmetrical-leather-jacket","Carla Asymmetrical Leather Jacket","<p>Il tuo nuovo capo essenziale, semplice da indossare e facile da valorizzare. Carla Asymmetrical Leather Jacket aggiunge un tocco speciale al look e ti fa sentire sempre a tuo agio, in ogni occasione.</p>","soera-store.com","Ropa","Ropa","Abbigliamento, Novità, Selezione Juanjo","TRUE","Colore","Nero","Talla","S","carla-asymmetrical-leather-jacket-nero-s","102.00","203.00","0","continue","assets/products/generated-clothing-camel.png","1","Carla Asymmetrical Leather Jacket","Il tuo nuovo capo essenziale, semplice da indossare e facile da valorizzare. Carla Asymmetrical Leather Jacket aggiunge un tocco speciale al look e ti fa sentire sempre a tuo agio, in ogni occasione."
"carla-asymmetrical-leather-jacket","Carla Asymmetrical Leather Jacket","<p>Il tuo nuovo capo essenziale, semplice da indossare e facile da valorizzare. Carla Asymmetrical Leather Jacket aggiunge un tocco speciale al look e ti fa sentire sempre a tuo agio, in ogni occasione.</p>","soera-store.com","Ropa","Ropa","Abbigliamento, Novità, Selezione Juanjo","TRUE","Colore","Nero","Talla","M","carla-asymmetrical-leather-jacket-nero-m","102.00","203.00","0","continue","assets/products/generated-clothing-camel.png","1","Carla Asymmetrical Leather Jacket","Il tuo nuovo capo essenziale, semplice da indossare e facile da valorizzare. Carla Asymmetrical Leather Jacket aggiunge un tocco speciale al look e ti fa sentire sempre a tuo agio, in ogni occasione."
"carla-asymmetrical-leather-jacket","Carla Asymmetrical Leather Jacket","<p>Il tuo nuovo capo essenziale, semplice da indossare e facile da valorizzare. Carla Asymmetrical Leather Jacket aggiunge un tocco speciale al look e ti fa sentire sempre a tuo agio, in ogni occasione.</p>","soera-store.com","Ropa","Ropa","Abbigliamento, Novità, Selezione Juanjo","TRUE","Colore","Nero","Talla","L","carla-asymmetrical-leather-jacket-nero-l","102.00","203.00","0","continue","assets/products/generated-clothing-camel.png","1","Carla Asymmetrical Leather Jacket","Il tuo nuovo capo essenziale, semplice da indossare e facile da valorizzare. Carla Asymmetrical Leather Jacket aggiunge un tocco speciale al look e ti fa sentire sempre a tuo agio, in ogni occasione."
"carla-asymmetrical-leather-jacket","Carla Asymmetrical Leather Jacket","<p>Il tuo nuovo capo essenziale, semplice da indossare e facile da valorizzare. Carla Asymmetrical Leather Jacket aggiunge un tocco speciale al look e ti fa sentire sempre a tuo agio, in ogni occasione.</p>","soera-store.com","Ropa","Ropa","Abbigliamento, Novità, Selezione Juanjo","TRUE","Colore","Nero","Talla","XL","carla-asymmetrical-leather-jacket-nero-xl","102.00","203.00","0","continue","assets/products/generated-clothing-camel.png","1","Carla Asymmetrical Leather Jacket","Il tuo nuovo capo essenziale, semplice da indossare e facile da valorizzare. Carla Asymmetrical Leather Jacket aggiunge un tocco speciale al look e ti fa sentire sempre a tuo agio, in ogni occasione."
"carla-asymmetrical-leather-jacket","Carla Asymmetrical Leather Jacket","<p>Il tuo nuovo capo essenziale, semplice da indossare e facile da valorizzare. Carla Asymmetrical Leather Jacket aggiunge un tocco speciale al look e ti fa sentire sempre a tuo agio, in ogni occasione.</p>","soera-store.com","Ropa","Ropa","Abbigliamento, Novità, Selezione Juanjo","TRUE","Colore","Beige","Talla","S","carla-asymmetrical-leather-jacket-beige-s","102.00","203.00","0","continue","assets/products/generated-clothing-camel.png","1","Carla Asymmetrical Leather Jacket","Il tuo nuovo capo essenziale, semplice da indossare e facile da valorizzare. Carla Asymmetrical Leather Jacket aggiunge un tocco speciale al look e ti fa sentire sempre a tuo agio, in ogni occasione."
"carla-asymmetrical-leather-jacket","Carla Asymmetrical Leather Jacket","<p>Il tuo nuovo capo essenziale, semplice da indossare e facile da valorizzare. Carla Asymmetrical Leather Jacket aggiunge un tocco speciale al look e ti fa sentire sempre a tuo agio, in ogni occasione.</p>","soera-store.com","Ropa","Ropa","Abbigliamento, Novità, Selezione Juanjo","TRUE","Colore","Beige","Talla","M","carla-asymmetrical-leather-jacket-beige-m","102.00","203.00","0","continue","assets/products/generated-clothing-camel.png","1","Carla Asymmetrical Leather Jacket","Il tuo nuovo capo essenziale, semplice da indossare e facile da valorizzare. Carla Asymmetrical Leather Jacket aggiunge un tocco speciale al look e ti fa sentire sempre a tuo agio, in ogni occasione."
"carla-asymmetrical-leather-jacket","Carla Asymmetrical Leather Jacket","<p>Il tuo nuovo capo essenziale, semplice da indossare e facile da valorizzare. Carla Asymmetrical Leather Jacket aggiunge un tocco speciale al look e ti fa sentire sempre a tuo agio, in ogni occasione.</p>","soera-store.com","Ropa","Ropa","Abbigliamento, Novità, Selezione Juanjo","TRUE","Colore","Beige","Talla","L","carla-asymmetrical-leather-jacket-beige-l","102.00","203.00","0","continue","assets/products/generated-clothing-camel.png","1","Carla Asymmetrical Leather Jacket","Il tuo nuovo capo essenziale, semplice da indossare e facile da valorizzare. Carla Asymmetrical Leather Jacket aggiunge un tocco speciale al look e ti fa sentire sempre a tuo agio, in ogni occasione."
"carla-asymmetrical-leather-jacket","Carla Asymmetrical Leather Jacket","<p>Il tuo nuovo capo essenziale, semplice da indossare e facile da valorizzare. Carla Asymmetrical Leather Jacket aggiunge un tocco speciale al look e ti fa sentire sempre a tuo agio, in ogni occasione.</p>","soera-store.com","Ropa","Ropa","Abbigliamento, Novità, Selezione Juanjo","TRUE","Colore","Beige","Talla","XL","carla-asymmetrical-leather-jacket-beige-xl","102.00","203.00","0","continue","assets/products/generated-clothing-camel.png","1","Carla Asymmetrical Leather Jacket","Il tuo nuovo capo essenziale, semplice da indossare e facile da valorizzare. Carla Asymmetrical Leather Jacket aggiunge un tocco speciale al look e ti fa sentire sempre a tuo agio, in ogni occasione."
"carla-asymmetrical-leather-jacket","Carla Asymmetrical Leather Jacket","<p>Il tuo nuovo capo essenziale, semplice da indossare e facile da valorizzare. Carla Asymmetrical Leather Jacket aggiunge un tocco speciale al look e ti fa sentire sempre a tuo agio, in ogni occasione.</p>","soera-store.com","Ropa","Ropa","Abbigliamento, Novità, Selezione Juanjo","TRUE","Colore","Bianco","Talla","S","carla-asymmetrical-leather-jacket-bianco-s","102.00","203.00","0","continue","assets/products/generated-clothing-camel.png","1","Carla Asymmetrical Leather Jacket","Il tuo nuovo capo essenziale, semplice da indossare e facile da valorizzare. Carla Asymmetrical Leather Jacket aggiunge un tocco speciale al look e ti fa sentire sempre a tuo agio, in ogni occasione."
"carla-asymmetrical-leather-jacket","Carla Asymmetrical Leather Jacket","<p>Il tuo nuovo capo essenziale, semplice da indossare e facile da valorizzare. Carla Asymmetrical Leather Jacket aggiunge un tocco speciale al look e ti fa sentire sempre a tuo agio, in ogni occasione.</p>","soera-store.com","Ropa","Ropa","Abbigliamento, Novità, Selezione Juanjo","TRUE","Colore","Bianco","Talla","M","carla-asymmetrical-leather-jacket-bianco-m","102.00","203.00","0","continue","assets/products/generated-clothing-camel.png","1","Carla Asymmetrical Leather Jacket","Il tuo nuovo capo essenziale, semplice da indossare e facile da valorizzare. Carla Asymmetrical Leather Jacket aggiunge un tocco speciale al look e ti fa sentire sempre a tuo agio, in ogni occasione."
"carla-asymmetrical-leather-jacket","Carla Asymmetrical Leather Jacket","<p>Il tuo nuovo capo essenziale, semplice da indossare e facile da valorizzare. Carla Asymmetrical Leather Jacket aggiunge un tocco speciale al look e ti fa sentire sempre a tuo agio, in ogni occasione.</p>","soera-store.com","Ropa","Ropa","Abbigliamento, Novità, Selezione Juanjo","TRUE","Colore","Bianco","Talla","L","carla-asymmetrical-leather-jacket-bianco-l","102.00","203.00","0","continue","assets/products/generated-clothing-camel.png","1","Carla Asymmetrical Leather Jacket","Il tuo nuovo capo essenziale, semplice da indossare e facile da valorizzare. Carla Asymmetrical Leather Jacket aggiunge un tocco speciale al look e ti fa sentire sempre a tuo agio, in ogni occasione."
"carla-asymmetrical-leather-jacket","Carla Asymmetrical Leather Jacket","<p>Il tuo nuovo capo essenziale, semplice da indossare e facile da valorizzare. Carla Asymmetrical Leather Jacket aggiunge un tocco speciale al look e ti fa sentire sempre a tuo agio, in ogni occasione.</p>","soera-store.com","Ropa","Ropa","Abbigliamento, Novità, Selezione Juanjo","TRUE","Colore","Bianco","Talla","XL","carla-asymmetrical-leather-jacket-bianco-xl","102.00","203.00","0","continue","assets/products/generated-clothing-camel.png","1","Carla Asymmetrical Leather Jacket","Il tuo nuovo capo essenziale, semplice da indossare e facile da valorizzare. Carla Asymmetrical Leather Jacket aggiunge un tocco speciale al look e ti fa sentire sempre a tuo agio, in ogni occasione."
"carla-asymmetrical-leather-jacket","Carla Asymmetrical Leather Jacket","<p>Il tuo nuovo capo essenziale, semplice da indossare e facile da valorizzare. Carla Asymmetrical Leather Jacket aggiunge un tocco speciale al look e ti fa sentire sempre a tuo agio, in ogni occasione.</p>","soera-store.com","Ropa","Ropa","Abbigliamento, Novità, Selezione Juanjo","TRUE","Colore","Verde","Talla","S","carla-asymmetrical-leather-jacket-verde-s","102.00","203.00","0","continue","assets/products/generated-clothing-camel.png","1","Carla Asymmetrical Leather Jacket","Il tuo nuovo capo essenziale, semplice da indossare e facile da valorizzare. Carla Asymmetrical Leather Jacket aggiunge un tocco speciale al look e ti fa sentire sempre a tuo agio, in ogni occasione."
"carla-asymmetrical-leather-jacket","Carla Asymmetrical Leather Jacket","<p>Il tuo nuovo capo essenziale, semplice da indossare e facile da valorizzare. Carla Asymmetrical Leather Jacket aggiunge un tocco speciale al look e ti fa sentire sempre a tuo agio, in ogni occasione.</p>","soera-store.com","Ropa","Ropa","Abbigliamento, Novità, Selezione Juanjo","TRUE","Colore","Verde","Talla","M","carla-asymmetrical-leather-jacket-verde-m","102.00","203.00","0","continue","assets/products/generated-clothing-camel.png","1","Carla Asymmetrical Leather Jacket","Il tuo nuovo capo essenziale, semplice da indossare e facile da valorizzare. Carla Asymmetrical Leather Jacket aggiunge un tocco speciale al look e ti fa sentire sempre a tuo agio, in ogni occasione."
"carla-asymmetrical-leather-jacket","Carla Asymmetrical Leather Jacket","<p>Il tuo nuovo capo essenziale, semplice da indossare e facile da valorizzare. Carla Asymmetrical Leather Jacket aggiunge un tocco speciale al look e ti fa sentire sempre a tuo agio, in ogni occasione.</p>","soera-store.com","Ropa","Ropa","Abbigliamento, Novità, Selezione Juanjo","TRUE","Colore","Verde","Talla","L","carla-asymmetrical-leather-jacket-verde-l","102.00","203.00","0","continue","assets/products/generated-clothing-camel.png","1","Carla Asymmetrical Leather Jacket","Il tuo nuovo capo essenziale, semplice da indossare e facile da valorizzare. Carla Asymmetrical Leather Jacket aggiunge un tocco speciale al look e ti fa sentire sempre a tuo agio, in ogni occasione."
"carla-asymmetrical-leather-jacket","Carla Asymmetrical Leather Jacket","<p>Il tuo nuovo capo essenziale, semplice da indossare e facile da valorizzare. Carla Asymmetrical Leather Jacket aggiunge un tocco speciale al look e ti fa sentire sempre a tuo agio, in ogni occasione.</p>","soera-store.com","Ropa","Ropa","Abbigliamento, Novità, Selezione Juanjo","TRUE","Colore","Verde","Talla","XL","carla-asymmetrical-leather-jacket-verde-xl","102.00","203.00","0","continue","assets/products/generated-clothing-camel.png","1","Carla Asymmetrical Leather Jacket","Il tuo nuovo capo essenziale, semplice da indossare e facile da valorizzare. Carla Asymmetrical Leather Jacket aggiunge un tocco speciale al look e ti fa sentire sempre a tuo agio, in ogni occasione."
"lucie-faux-fur-maxi-coat","Lucie Faux Fur Maxi Coat","<p>Il tuo nuovo capo essenziale, semplice da indossare e facile da valorizzare. Lucie Faux Fur Maxi Coat aggiunge un tocco speciale al look e ti fa sentire sempre a tuo agio, in ogni occasione.</p>","soera-store.com","Ropa","Ropa","Abbigliamento, Novità, Selezione Juanjo","TRUE","Colore","Nero","Talla","S","lucie-faux-fur-maxi-coat-nero-s","125.00","","0","continue","assets/products/generated-clothing-camel.png","1","Lucie Faux Fur Maxi Coat","Il tuo nuovo capo essenziale, semplice da indossare e facile da valorizzare. Lucie Faux Fur Maxi Coat aggiunge un tocco speciale al look e ti fa sentire sempre a tuo agio, in ogni occasione."
"lucie-faux-fur-maxi-coat","Lucie Faux Fur Maxi Coat","<p>Il tuo nuovo capo essenziale, semplice da indossare e facile da valorizzare. Lucie Faux Fur Maxi Coat aggiunge un tocco speciale al look e ti fa sentire sempre a tuo agio, in ogni occasione.</p>","soera-store.com","Ropa","Ropa","Abbigliamento, Novità, Selezione Juanjo","TRUE","Colore","Nero","Talla","M","lucie-faux-fur-maxi-coat-nero-m","125.00","","0","continue","assets/products/generated-clothing-camel.png","1","Lucie Faux Fur Maxi Coat","Il tuo nuovo capo essenziale, semplice da indossare e facile da valorizzare. Lucie Faux Fur Maxi Coat aggiunge un tocco speciale al look e ti fa sentire sempre a tuo agio, in ogni occasione."
"lucie-faux-fur-maxi-coat","Lucie Faux Fur Maxi Coat","<p>Il tuo nuovo capo essenziale, semplice da indossare e facile da valorizzare. Lucie Faux Fur Maxi Coat aggiunge un tocco speciale al look e ti fa sentire sempre a tuo agio, in ogni occasione.</p>","soera-store.com","Ropa","Ropa","Abbigliamento, Novità, Selezione Juanjo","TRUE","Colore","Nero","Talla","L","lucie-faux-fur-maxi-coat-nero-l","125.00","","0","continue","assets/products/generated-clothing-camel.png","1","Lucie Faux Fur Maxi Coat","Il tuo nuovo capo essenziale, semplice da indossare e facile da valorizzare. Lucie Faux Fur Maxi Coat aggiunge un tocco speciale al look e ti fa sentire sempre a tuo agio, in ogni occasione."
"lucie-faux-fur-maxi-coat","Lucie Faux Fur Maxi Coat","<p>Il tuo nuovo capo essenziale, semplice da indossare e facile da valorizzare. Lucie Faux Fur Maxi Coat aggiunge un tocco speciale al look e ti fa sentire sempre a tuo agio, in ogni occasione.</p>","soera-store.com","Ropa","Ropa","Abbigliamento, Novità, Selezione Juanjo","TRUE","Colore","Nero","Talla","XL","lucie-faux-fur-maxi-coat-nero-xl","125.00","","0","continue","assets/products/generated-clothing-camel.png","1","Lucie Faux Fur Maxi Coat","Il tuo nuovo capo essenziale, semplice da indossare e facile da valorizzare. Lucie Faux Fur Maxi Coat aggiunge un tocco speciale al look e ti fa sentire sempre a tuo agio, in ogni occasione."
"lucie-faux-fur-maxi-coat","Lucie Faux Fur Maxi Coat","<p>Il tuo nuovo capo essenziale, semplice da indossare e facile da valorizzare. Lucie Faux Fur Maxi Coat aggiunge un tocco speciale al look e ti fa sentire sempre a tuo agio, in ogni occasione.</p>","soera-store.com","Ropa","Ropa","Abbigliamento, Novità, Selezione Juanjo","TRUE","Colore","Beige","Talla","S","lucie-faux-fur-maxi-coat-beige-s","125.00","","0","continue","assets/products/generated-clothing-camel.png","1","Lucie Faux Fur Maxi Coat","Il tuo nuovo capo essenziale, semplice da indossare e facile da valorizzare. Lucie Faux Fur Maxi Coat aggiunge un tocco speciale al look e ti fa sentire sempre a tuo agio, in ogni occasione."
"lucie-faux-fur-maxi-coat","Lucie Faux Fur Maxi Coat","<p>Il tuo nuovo capo essenziale, semplice da indossare e facile da valorizzare. Lucie Faux Fur Maxi Coat aggiunge un tocco speciale al look e ti fa sentire sempre a tuo agio, in ogni occasione.</p>","soera-store.com","Ropa","Ropa","Abbigliamento, Novità, Selezione Juanjo","TRUE","Colore","Beige","Talla","M","lucie-faux-fur-maxi-coat-beige-m","125.00","","0","continue","assets/products/generated-clothing-camel.png","1","Lucie Faux Fur Maxi Coat","Il tuo nuovo capo essenziale, semplice da indossare e facile da valorizzare. Lucie Faux Fur Maxi Coat aggiunge un tocco speciale al look e ti fa sentire sempre a tuo agio, in ogni occasione."
"lucie-faux-fur-maxi-coat","Lucie Faux Fur Maxi Coat","<p>Il tuo nuovo capo essenziale, semplice da indossare e facile da valorizzare. Lucie Faux Fur Maxi Coat aggiunge un tocco speciale al look e ti fa sentire sempre a tuo agio, in ogni occasione.</p>","soera-store.com","Ropa","Ropa","Abbigliamento, Novità, Selezione Juanjo","TRUE","Colore","Beige","Talla","L","lucie-faux-fur-maxi-coat-beige-l","125.00","","0","continue","assets/products/generated-clothing-camel.png","1","Lucie Faux Fur Maxi Coat","Il tuo nuovo capo essenziale, semplice da indossare e facile da valorizzare. Lucie Faux Fur Maxi Coat aggiunge un tocco speciale al look e ti fa sentire sempre a tuo agio, in ogni occasione."
"lucie-faux-fur-maxi-coat","Lucie Faux Fur Maxi Coat","<p>Il tuo nuovo capo essenziale, semplice da indossare e facile da valorizzare. Lucie Faux Fur Maxi Coat aggiunge un tocco speciale al look e ti fa sentire sempre a tuo agio, in ogni occasione.</p>","soera-store.com","Ropa","Ropa","Abbigliamento, Novità, Selezione Juanjo","TRUE","Colore","Beige","Talla","XL","lucie-faux-fur-maxi-coat-beige-xl","125.00","","0","continue","assets/products/generated-clothing-camel.png","1","Lucie Faux Fur Maxi Coat","Il tuo nuovo capo essenziale, semplice da indossare e facile da valorizzare. Lucie Faux Fur Maxi Coat aggiunge un tocco speciale al look e ti fa sentire sempre a tuo agio, in ogni occasione."
"lucie-faux-fur-maxi-coat","Lucie Faux Fur Maxi Coat","<p>Il tuo nuovo capo essenziale, semplice da indossare e facile da valorizzare. Lucie Faux Fur Maxi Coat aggiunge un tocco speciale al look e ti fa sentire sempre a tuo agio, in ogni occasione.</p>","soera-store.com","Ropa","Ropa","Abbigliamento, Novità, Selezione Juanjo","TRUE","Colore","Bianco","Talla","S","lucie-faux-fur-maxi-coat-bianco-s","125.00","","0","continue","assets/products/generated-clothing-camel.png","1","Lucie Faux Fur Maxi Coat","Il tuo nuovo capo essenziale, semplice da indossare e facile da valorizzare. Lucie Faux Fur Maxi Coat aggiunge un tocco speciale al look e ti fa sentire sempre a tuo agio, in ogni occasione."
"lucie-faux-fur-maxi-coat","Lucie Faux Fur Maxi Coat","<p>Il tuo nuovo capo essenziale, semplice da indossare e facile da valorizzare. Lucie Faux Fur Maxi Coat aggiunge un tocco speciale al look e ti fa sentire sempre a tuo agio, in ogni occasione.</p>","soera-store.com","Ropa","Ropa","Abbigliamento, Novità, Selezione Juanjo","TRUE","Colore","Bianco","Talla","M","lucie-faux-fur-maxi-coat-bianco-m","125.00","","0","continue","assets/products/generated-clothing-camel.png","1","Lucie Faux Fur Maxi Coat","Il tuo nuovo capo essenziale, semplice da indossare e facile da valorizzare. Lucie Faux Fur Maxi Coat aggiunge un tocco speciale al look e ti fa sentire sempre a tuo agio, in ogni occasione."
"lucie-faux-fur-maxi-coat","Lucie Faux Fur Maxi Coat","<p>Il tuo nuovo capo essenziale, semplice da indossare e facile da valorizzare. Lucie Faux Fur Maxi Coat aggiunge un tocco speciale al look e ti fa sentire sempre a tuo agio, in ogni occasione.</p>","soera-store.com","Ropa","Ropa","Abbigliamento, Novità, Selezione Juanjo","TRUE","Colore","Bianco","Talla","L","lucie-faux-fur-maxi-coat-bianco-l","125.00","","0","continue","assets/products/generated-clothing-camel.png","1","Lucie Faux Fur Maxi Coat","Il tuo nuovo capo essenziale, semplice da indossare e facile da valorizzare. Lucie Faux Fur Maxi Coat aggiunge un tocco speciale al look e ti fa sentire sempre a tuo agio, in ogni occasione."
"lucie-faux-fur-maxi-coat","Lucie Faux Fur Maxi Coat","<p>Il tuo nuovo capo essenziale, semplice da indossare e facile da valorizzare. Lucie Faux Fur Maxi Coat aggiunge un tocco speciale al look e ti fa sentire sempre a tuo agio, in ogni occasione.</p>","soera-store.com","Ropa","Ropa","Abbigliamento, Novità, Selezione Juanjo","TRUE","Colore","Bianco","Talla","XL","lucie-faux-fur-maxi-coat-bianco-xl","125.00","","0","continue","assets/products/generated-clothing-camel.png","1","Lucie Faux Fur Maxi Coat","Il tuo nuovo capo essenziale, semplice da indossare e facile da valorizzare. Lucie Faux Fur Maxi Coat aggiunge un tocco speciale al look e ti fa sentire sempre a tuo agio, in ogni occasione."
"lucie-faux-fur-maxi-coat","Lucie Faux Fur Maxi Coat","<p>Il tuo nuovo capo essenziale, semplice da indossare e facile da valorizzare. Lucie Faux Fur Maxi Coat aggiunge un tocco speciale al look e ti fa sentire sempre a tuo agio, in ogni occasione.</p>","soera-store.com","Ropa","Ropa","Abbigliamento, Novità, Selezione Juanjo","TRUE","Colore","Verde","Talla","S","lucie-faux-fur-maxi-coat-verde-s","125.00","","0","continue","assets/products/generated-clothing-camel.png","1","Lucie Faux Fur Maxi Coat","Il tuo nuovo capo essenziale, semplice da indossare e facile da valorizzare. Lucie Faux Fur Maxi Coat aggiunge un tocco speciale al look e ti fa sentire sempre a tuo agio, in ogni occasione."
"lucie-faux-fur-maxi-coat","Lucie Faux Fur Maxi Coat","<p>Il tuo nuovo capo essenziale, semplice da indossare e facile da valorizzare. Lucie Faux Fur Maxi Coat aggiunge un tocco speciale al look e ti fa sentire sempre a tuo agio, in ogni occasione.</p>","soera-store.com","Ropa","Ropa","Abbigliamento, Novità, Selezione Juanjo","TRUE","Colore","Verde","Talla","M","lucie-faux-fur-maxi-coat-verde-m","125.00","","0","continue","assets/products/generated-clothing-camel.png","1","Lucie Faux Fur Maxi Coat","Il tuo nuovo capo essenziale, semplice da indossare e facile da valorizzare. Lucie Faux Fur Maxi Coat aggiunge un tocco speciale al look e ti fa sentire sempre a tuo agio, in ogni occasione."
"lucie-faux-fur-maxi-coat","Lucie Faux Fur Maxi Coat","<p>Il tuo nuovo capo essenziale, semplice da indossare e facile da valorizzare. Lucie Faux Fur Maxi Coat aggiunge un tocco speciale al look e ti fa sentire sempre a tuo agio, in ogni occasione.</p>","soera-store.com","Ropa","Ropa","Abbigliamento, Novità, Selezione Juanjo","TRUE","Colore","Verde","Talla","L","lucie-faux-fur-maxi-coat-verde-l","125.00","","0","continue","assets/products/generated-clothing-camel.png","1","Lucie Faux Fur Maxi Coat","Il tuo nuovo capo essenziale, semplice da indossare e facile da valorizzare. Lucie Faux Fur Maxi Coat aggiunge un tocco speciale al look e ti fa sentire sempre a tuo agio, in ogni occasione."
"lucie-faux-fur-maxi-coat","Lucie Faux Fur Maxi Coat","<p>Il tuo nuovo capo essenziale, semplice da indossare e facile da valorizzare. Lucie Faux Fur Maxi Coat aggiunge un tocco speciale al look e ti fa sentire sempre a tuo agio, in ogni occasione.</p>","soera-store.com","Ropa","Ropa","Abbigliamento, Novità, Selezione Juanjo","TRUE","Colore","Verde","Talla","XL","lucie-faux-fur-maxi-coat-verde-xl","125.00","","0","continue","assets/products/generated-clothing-camel.png","1","Lucie Faux Fur Maxi Coat","Il tuo nuovo capo essenziale, semplice da indossare e facile da valorizzare. Lucie Faux Fur Maxi Coat aggiunge un tocco speciale al look e ti fa sentire sempre a tuo agio, in ogni occasione."
"all-day-ultra-comfortable-walker","All-Day Ultra Comfortable Walker","<p>Fai ogni passo con più comfort e stile. All-Day Ultra Comfortable Walker è pensato per accompagnarti ogni giorno, con un design versatile facile da abbinare ai tuoi look preferiti.</p>","olyndralondon.com","Calzado","Calzado","Scarpe, Novità, Selezione Juanjo","TRUE","Colore","Nero","Talla","36","all-day-ultra-comfortable-walker-nero-36","24.00","40.00","0","continue","assets/products/generated-shoe-beige.png","1","All-Day Ultra Comfortable Walker","Fai ogni passo con più comfort e stile. All-Day Ultra Comfortable Walker è pensato per accompagnarti ogni giorno, con un design versatile facile da abbinare ai tuoi look preferiti."
"all-day-ultra-comfortable-walker","All-Day Ultra Comfortable Walker","<p>Fai ogni passo con più comfort e stile. All-Day Ultra Comfortable Walker è pensato per accompagnarti ogni giorno, con un design versatile facile da abbinare ai tuoi look preferiti.</p>","olyndralondon.com","Calzado","Calzado","Scarpe, Novità, Selezione Juanjo","TRUE","Colore","Nero","Talla","37","all-day-ultra-comfortable-walker-nero-37","24.00","40.00","0","continue","assets/products/generated-shoe-beige.png","1","All-Day Ultra Comfortable Walker","Fai ogni passo con più comfort e stile. All-Day Ultra Comfortable Walker è pensato per accompagnarti ogni giorno, con un design versatile facile da abbinare ai tuoi look preferiti."
"all-day-ultra-comfortable-walker","All-Day Ultra Comfortable Walker","<p>Fai ogni passo con più comfort e stile. All-Day Ultra Comfortable Walker è pensato per accompagnarti ogni giorno, con un design versatile facile da abbinare ai tuoi look preferiti.</p>","olyndralondon.com","Calzado","Calzado","Scarpe, Novità, Selezione Juanjo","TRUE","Colore","Nero","Talla","38","all-day-ultra-comfortable-walker-nero-38","24.00","40.00","0","continue","assets/products/generated-shoe-beige.png","1","All-Day Ultra Comfortable Walker","Fai ogni passo con più comfort e stile. All-Day Ultra Comfortable Walker è pensato per accompagnarti ogni giorno, con un design versatile facile da abbinare ai tuoi look preferiti."
"all-day-ultra-comfortable-walker","All-Day Ultra Comfortable Walker","<p>Fai ogni passo con più comfort e stile. All-Day Ultra Comfortable Walker è pensato per accompagnarti ogni giorno, con un design versatile facile da abbinare ai tuoi look preferiti.</p>","olyndralondon.com","Calzado","Calzado","Scarpe, Novità, Selezione Juanjo","TRUE","Colore","Nero","Talla","39","all-day-ultra-comfortable-walker-nero-39","24.00","40.00","0","continue","assets/products/generated-shoe-beige.png","1","All-Day Ultra Comfortable Walker","Fai ogni passo con più comfort e stile. All-Day Ultra Comfortable Walker è pensato per accompagnarti ogni giorno, con un design versatile facile da abbinare ai tuoi look preferiti."
"all-day-ultra-comfortable-walker","All-Day Ultra Comfortable Walker","<p>Fai ogni passo con più comfort e stile. All-Day Ultra Comfortable Walker è pensato per accompagnarti ogni giorno, con un design versatile facile da abbinare ai tuoi look preferiti.</p>","olyndralondon.com","Calzado","Calzado","Scarpe, Novità, Selezione Juanjo","TRUE","Colore","Nero","Talla","40","all-day-ultra-comfortable-walker-nero-40","24.00","40.00","0","continue","assets/products/generated-shoe-beige.png","1","All-Day Ultra Comfortable Walker","Fai ogni passo con più comfort e stile. All-Day Ultra Comfortable Walker è pensato per accompagnarti ogni giorno, con un design versatile facile da abbinare ai tuoi look preferiti."
"all-day-ultra-comfortable-walker","All-Day Ultra Comfortable Walker","<p>Fai ogni passo con più comfort e stile. All-Day Ultra Comfortable Walker è pensato per accompagnarti ogni giorno, con un design versatile facile da abbinare ai tuoi look preferiti.</p>","olyndralondon.com","Calzado","Calzado","Scarpe, Novità, Selezione Juanjo","TRUE","Colore","Nero","Talla","41","all-day-ultra-comfortable-walker-nero-41","24.00","40.00","0","continue","assets/products/generated-shoe-beige.png","1","All-Day Ultra Comfortable Walker","Fai ogni passo con più comfort e stile. All-Day Ultra Comfortable Walker è pensato per accompagnarti ogni giorno, con un design versatile facile da abbinare ai tuoi look preferiti."
"all-day-ultra-comfortable-walker","All-Day Ultra Comfortable Walker","<p>Fai ogni passo con più comfort e stile. All-Day Ultra Comfortable Walker è pensato per accompagnarti ogni giorno, con un design versatile facile da abbinare ai tuoi look preferiti.</p>","olyndralondon.com","Calzado","Calzado","Scarpe, Novità, Selezione Juanjo","TRUE","Colore","Beige","Talla","36","all-day-ultra-comfortable-walker-beige-36","24.00","40.00","0","continue","assets/products/generated-shoe-beige.png","1","All-Day Ultra Comfortable Walker","Fai ogni passo con più comfort e stile. All-Day Ultra Comfortable Walker è pensato per accompagnarti ogni giorno, con un design versatile facile da abbinare ai tuoi look preferiti."
"all-day-ultra-comfortable-walker","All-Day Ultra Comfortable Walker","<p>Fai ogni passo con più comfort e stile. All-Day Ultra Comfortable Walker è pensato per accompagnarti ogni giorno, con un design versatile facile da abbinare ai tuoi look preferiti.</p>","olyndralondon.com","Calzado","Calzado","Scarpe, Novità, Selezione Juanjo","TRUE","Colore","Beige","Talla","37","all-day-ultra-comfortable-walker-beige-37","24.00","40.00","0","continue","assets/products/generated-shoe-beige.png","1","All-Day Ultra Comfortable Walker","Fai ogni passo con più comfort e stile. All-Day Ultra Comfortable Walker è pensato per accompagnarti ogni giorno, con un design versatile facile da abbinare ai tuoi look preferiti."
"all-day-ultra-comfortable-walker","All-Day Ultra Comfortable Walker","<p>Fai ogni passo con più comfort e stile. All-Day Ultra Comfortable Walker è pensato per accompagnarti ogni giorno, con un design versatile facile da abbinare ai tuoi look preferiti.</p>","olyndralondon.com","Calzado","Calzado","Scarpe, Novità, Selezione Juanjo","TRUE","Colore","Beige","Talla","38","all-day-ultra-comfortable-walker-beige-38","24.00","40.00","0","continue","assets/products/generated-shoe-beige.png","1","All-Day Ultra Comfortable Walker","Fai ogni passo con più comfort e stile. All-Day Ultra Comfortable Walker è pensato per accompagnarti ogni giorno, con un design versatile facile da abbinare ai tuoi look preferiti."
"all-day-ultra-comfortable-walker","All-Day Ultra Comfortable Walker","<p>Fai ogni passo con più comfort e stile. All-Day Ultra Comfortable Walker è pensato per accompagnarti ogni giorno, con un design versatile facile da abbinare ai tuoi look preferiti.</p>","olyndralondon.com","Calzado","Calzado","Scarpe, Novità, Selezione Juanjo","TRUE","Colore","Beige","Talla","39","all-day-ultra-comfortable-walker-beige-39","24.00","40.00","0","continue","assets/products/generated-shoe-beige.png","1","All-Day Ultra Comfortable Walker","Fai ogni passo con più comfort e stile. All-Day Ultra Comfortable Walker è pensato per accompagnarti ogni giorno, con un design versatile facile da abbinare ai tuoi look preferiti."
"all-day-ultra-comfortable-walker","All-Day Ultra Comfortable Walker","<p>Fai ogni passo con più comfort e stile. All-Day Ultra Comfortable Walker è pensato per accompagnarti ogni giorno, con un design versatile facile da abbinare ai tuoi look preferiti.</p>","olyndralondon.com","Calzado","Calzado","Scarpe, Novità, Selezione Juanjo","TRUE","Colore","Beige","Talla","40","all-day-ultra-comfortable-walker-beige-40","24.00","40.00","0","continue","assets/products/generated-shoe-beige.png","1","All-Day Ultra Comfortable Walker","Fai ogni passo con più comfort e stile. All-Day Ultra Comfortable Walker è pensato per accompagnarti ogni giorno, con un design versatile facile da abbinare ai tuoi look preferiti."
"all-day-ultra-comfortable-walker","All-Day Ultra Comfortable Walker","<p>Fai ogni passo con più comfort e stile. All-Day Ultra Comfortable Walker è pensato per accompagnarti ogni giorno, con un design versatile facile da abbinare ai tuoi look preferiti.</p>","olyndralondon.com","Calzado","Calzado","Scarpe, Novità, Selezione Juanjo","TRUE","Colore","Beige","Talla","41","all-day-ultra-comfortable-walker-beige-41","24.00","40.00","0","continue","assets/products/generated-shoe-beige.png","1","All-Day Ultra Comfortable Walker","Fai ogni passo con più comfort e stile. All-Day Ultra Comfortable Walker è pensato per accompagnarti ogni giorno, con un design versatile facile da abbinare ai tuoi look preferiti."
"all-day-ultra-comfortable-walker","All-Day Ultra Comfortable Walker","<p>Fai ogni passo con più comfort e stile. All-Day Ultra Comfortable Walker è pensato per accompagnarti ogni giorno, con un design versatile facile da abbinare ai tuoi look preferiti.</p>","olyndralondon.com","Calzado","Calzado","Scarpe, Novità, Selezione Juanjo","TRUE","Colore","Marrone","Talla","36","all-day-ultra-comfortable-walker-marrone-36","24.00","40.00","0","continue","assets/products/generated-shoe-beige.png","1","All-Day Ultra Comfortable Walker","Fai ogni passo con più comfort e stile. All-Day Ultra Comfortable Walker è pensato per accompagnarti ogni giorno, con un design versatile facile da abbinare ai tuoi look preferiti."
"all-day-ultra-comfortable-walker","All-Day Ultra Comfortable Walker","<p>Fai ogni passo con più comfort e stile. All-Day Ultra Comfortable Walker è pensato per accompagnarti ogni giorno, con un design versatile facile da abbinare ai tuoi look preferiti.</p>","olyndralondon.com","Calzado","Calzado","Scarpe, Novità, Selezione Juanjo","TRUE","Colore","Marrone","Talla","37","all-day-ultra-comfortable-walker-marrone-37","24.00","40.00","0","continue","assets/products/generated-shoe-beige.png","1","All-Day Ultra Comfortable Walker","Fai ogni passo con più comfort e stile. All-Day Ultra Comfortable Walker è pensato per accompagnarti ogni giorno, con un design versatile facile da abbinare ai tuoi look preferiti."
"all-day-ultra-comfortable-walker","All-Day Ultra Comfortable Walker","<p>Fai ogni passo con più comfort e stile. All-Day Ultra Comfortable Walker è pensato per accompagnarti ogni giorno, con un design versatile facile da abbinare ai tuoi look preferiti.</p>","olyndralondon.com","Calzado","Calzado","Scarpe, Novità, Selezione Juanjo","TRUE","Colore","Marrone","Talla","38","all-day-ultra-comfortable-walker-marrone-38","24.00","40.00","0","continue","assets/products/generated-shoe-beige.png","1","All-Day Ultra Comfortable Walker","Fai ogni passo con più comfort e stile. All-Day Ultra Comfortable Walker è pensato per accompagnarti ogni giorno, con un design versatile facile da abbinare ai tuoi look preferiti."
"all-day-ultra-comfortable-walker","All-Day Ultra Comfortable Walker","<p>Fai ogni passo con più comfort e stile. All-Day Ultra Comfortable Walker è pensato per accompagnarti ogni giorno, con un design versatile facile da abbinare ai tuoi look preferiti.</p>","olyndralondon.com","Calzado","Calzado","Scarpe, Novità, Selezione Juanjo","TRUE","Colore","Marrone","Talla","39","all-day-ultra-comfortable-walker-marrone-39","24.00","40.00","0","continue","assets/products/generated-shoe-beige.png","1","All-Day Ultra Comfortable Walker","Fai ogni passo con più comfort e stile. All-Day Ultra Comfortable Walker è pensato per accompagnarti ogni giorno, con un design versatile facile da abbinare ai tuoi look preferiti."
"all-day-ultra-comfortable-walker","All-Day Ultra Comfortable Walker","<p>Fai ogni passo con più comfort e stile. All-Day Ultra Comfortable Walker è pensato per accompagnarti ogni giorno, con un design versatile facile da abbinare ai tuoi look preferiti.</p>","olyndralondon.com","Calzado","Calzado","Scarpe, Novità, Selezione Juanjo","TRUE","Colore","Marrone","Talla","40","all-day-ultra-comfortable-walker-marrone-40","24.00","40.00","0","continue","assets/products/generated-shoe-beige.png","1","All-Day Ultra Comfortable Walker","Fai ogni passo con più comfort e stile. All-Day Ultra Comfortable Walker è pensato per accompagnarti ogni giorno, con un design versatile facile da abbinare ai tuoi look preferiti."
"all-day-ultra-comfortable-walker","All-Day Ultra Comfortable Walker","<p>Fai ogni passo con più comfort e stile. All-Day Ultra Comfortable Walker è pensato per accompagnarti ogni giorno, con un design versatile facile da abbinare ai tuoi look preferiti.</p>","olyndralondon.com","Calzado","Calzado","Scarpe, Novità, Selezione Juanjo","TRUE","Colore","Marrone","Talla","41","all-day-ultra-comfortable-walker-marrone-41","24.00","40.00","0","continue","assets/products/generated-shoe-beige.png","1","All-Day Ultra Comfortable Walker","Fai ogni passo con più comfort e stile. All-Day Ultra Comfortable Walker è pensato per accompagnarti ogni giorno, con un design versatile facile da abbinare ai tuoi look preferiti."
"all-day-ultra-comfortable-walker","All-Day Ultra Comfortable Walker","<p>Fai ogni passo con più comfort e stile. All-Day Ultra Comfortable Walker è pensato per accompagnarti ogni giorno, con un design versatile facile da abbinare ai tuoi look preferiti.</p>","olyndralondon.com","Calzado","Calzado","Scarpe, Novità, Selezione Juanjo","TRUE","Colore","Bianco","Talla","36","all-day-ultra-comfortable-walker-bianco-36","24.00","40.00","0","continue","assets/products/generated-shoe-beige.png","1","All-Day Ultra Comfortable Walker","Fai ogni passo con più comfort e stile. All-Day Ultra Comfortable Walker è pensato per accompagnarti ogni giorno, con un design versatile facile da abbinare ai tuoi look preferiti."
"all-day-ultra-comfortable-walker","All-Day Ultra Comfortable Walker","<p>Fai ogni passo con più comfort e stile. All-Day Ultra Comfortable Walker è pensato per accompagnarti ogni giorno, con un design versatile facile da abbinare ai tuoi look preferiti.</p>","olyndralondon.com","Calzado","Calzado","Scarpe, Novità, Selezione Juanjo","TRUE","Colore","Bianco","Talla","37","all-day-ultra-comfortable-walker-bianco-37","24.00","40.00","0","continue","assets/products/generated-shoe-beige.png","1","All-Day Ultra Comfortable Walker","Fai ogni passo con più comfort e stile. All-Day Ultra Comfortable Walker è pensato per accompagnarti ogni giorno, con un design versatile facile da abbinare ai tuoi look preferiti."
"all-day-ultra-comfortable-walker","All-Day Ultra Comfortable Walker","<p>Fai ogni passo con più comfort e stile. All-Day Ultra Comfortable Walker è pensato per accompagnarti ogni giorno, con un design versatile facile da abbinare ai tuoi look preferiti.</p>","olyndralondon.com","Calzado","Calzado","Scarpe, Novità, Selezione Juanjo","TRUE","Colore","Bianco","Talla","38","all-day-ultra-comfortable-walker-bianco-38","24.00","40.00","0","continue","assets/products/generated-shoe-beige.png","1","All-Day Ultra Comfortable Walker","Fai ogni passo con più comfort e stile. All-Day Ultra Comfortable Walker è pensato per accompagnarti ogni giorno, con un design versatile facile da abbinare ai tuoi look preferiti."
"all-day-ultra-comfortable-walker","All-Day Ultra Comfortable Walker","<p>Fai ogni passo con più comfort e stile. All-Day Ultra Comfortable Walker è pensato per accompagnarti ogni giorno, con un design versatile facile da abbinare ai tuoi look preferiti.</p>","olyndralondon.com","Calzado","Calzado","Scarpe, Novità, Selezione Juanjo","TRUE","Colore","Bianco","Talla","39","all-day-ultra-comfortable-walker-bianco-39","24.00","40.00","0","continue","assets/products/generated-shoe-beige.png","1","All-Day Ultra Comfortable Walker","Fai ogni passo con più comfort e stile. All-Day Ultra Comfortable Walker è pensato per accompagnarti ogni giorno, con un design versatile facile da abbinare ai tuoi look preferiti."
"all-day-ultra-comfortable-walker","All-Day Ultra Comfortable Walker","<p>Fai ogni passo con più comfort e stile. All-Day Ultra Comfortable Walker è pensato per accompagnarti ogni giorno, con un design versatile facile da abbinare ai tuoi look preferiti.</p>","olyndralondon.com","Calzado","Calzado","Scarpe, Novità, Selezione Juanjo","TRUE","Colore","Bianco","Talla","40","all-day-ultra-comfortable-walker-bianco-40","24.00","40.00","0","continue","assets/products/generated-shoe-beige.png","1","All-Day Ultra Comfortable Walker","Fai ogni passo con più comfort e stile. All-Day Ultra Comfortable Walker è pensato per accompagnarti ogni giorno, con un design versatile facile da abbinare ai tuoi look preferiti."
"all-day-ultra-comfortable-walker","All-Day Ultra Comfortable Walker","<p>Fai ogni passo con più comfort e stile. All-Day Ultra Comfortable Walker è pensato per accompagnarti ogni giorno, con un design versatile facile da abbinare ai tuoi look preferiti.</p>","olyndralondon.com","Calzado","Calzado","Scarpe, Novità, Selezione Juanjo","TRUE","Colore","Bianco","Talla","41","all-day-ultra-comfortable-walker-bianco-41","24.00","40.00","0","continue","assets/products/generated-shoe-beige.png","1","All-Day Ultra Comfortable Walker","Fai ogni passo con più comfort e stile. All-Day Ultra Comfortable Walker è pensato per accompagnarti ogni giorno, con un design versatile facile da abbinare ai tuoi look preferiti."
"tressa-orthopedic-mule-flats","Tressa Orthopedic Mule Flats","<p>Fai ogni passo con più comfort e stile. Tressa Orthopedic Mule Flats è pensato per accompagnarti ogni giorno, con un design versatile facile da abbinare ai tuoi look preferiti.</p>","bomre.com","Calzado","Calzado","Scarpe, Novità, Selezione Juanjo","TRUE","Colore","Nero","Talla","36","tressa-orthopedic-mule-flats-nero-36","59.99","149.99","0","continue","assets/products/generated-shoe-beige.png","1","Tressa Orthopedic Mule Flats","Fai ogni passo con più comfort e stile. Tressa Orthopedic Mule Flats è pensato per accompagnarti ogni giorno, con un design versatile facile da abbinare ai tuoi look preferiti."
"tressa-orthopedic-mule-flats","Tressa Orthopedic Mule Flats","<p>Fai ogni passo con più comfort e stile. Tressa Orthopedic Mule Flats è pensato per accompagnarti ogni giorno, con un design versatile facile da abbinare ai tuoi look preferiti.</p>","bomre.com","Calzado","Calzado","Scarpe, Novità, Selezione Juanjo","TRUE","Colore","Nero","Talla","37","tressa-orthopedic-mule-flats-nero-37","59.99","149.99","0","continue","assets/products/generated-shoe-beige.png","1","Tressa Orthopedic Mule Flats","Fai ogni passo con più comfort e stile. Tressa Orthopedic Mule Flats è pensato per accompagnarti ogni giorno, con un design versatile facile da abbinare ai tuoi look preferiti."
"tressa-orthopedic-mule-flats","Tressa Orthopedic Mule Flats","<p>Fai ogni passo con più comfort e stile. Tressa Orthopedic Mule Flats è pensato per accompagnarti ogni giorno, con un design versatile facile da abbinare ai tuoi look preferiti.</p>","bomre.com","Calzado","Calzado","Scarpe, Novità, Selezione Juanjo","TRUE","Colore","Nero","Talla","38","tressa-orthopedic-mule-flats-nero-38","59.99","149.99","0","continue","assets/products/generated-shoe-beige.png","1","Tressa Orthopedic Mule Flats","Fai ogni passo con più comfort e stile. Tressa Orthopedic Mule Flats è pensato per accompagnarti ogni giorno, con un design versatile facile da abbinare ai tuoi look preferiti."
"tressa-orthopedic-mule-flats","Tressa Orthopedic Mule Flats","<p>Fai ogni passo con più comfort e stile. Tressa Orthopedic Mule Flats è pensato per accompagnarti ogni giorno, con un design versatile facile da abbinare ai tuoi look preferiti.</p>","bomre.com","Calzado","Calzado","Scarpe, Novità, Selezione Juanjo","TRUE","Colore","Nero","Talla","39","tressa-orthopedic-mule-flats-nero-39","59.99","149.99","0","continue","assets/products/generated-shoe-beige.png","1","Tressa Orthopedic Mule Flats","Fai ogni passo con più comfort e stile. Tressa Orthopedic Mule Flats è pensato per accompagnarti ogni giorno, con un design versatile facile da abbinare ai tuoi look preferiti."
"tressa-orthopedic-mule-flats","Tressa Orthopedic Mule Flats","<p>Fai ogni passo con più comfort e stile. Tressa Orthopedic Mule Flats è pensato per accompagnarti ogni giorno, con un design versatile facile da abbinare ai tuoi look preferiti.</p>","bomre.com","Calzado","Calzado","Scarpe, Novità, Selezione Juanjo","TRUE","Colore","Nero","Talla","40","tressa-orthopedic-mule-flats-nero-40","59.99","149.99","0","continue","assets/products/generated-shoe-beige.png","1","Tressa Orthopedic Mule Flats","Fai ogni passo con più comfort e stile. Tressa Orthopedic Mule Flats è pensato per accompagnarti ogni giorno, con un design versatile facile da abbinare ai tuoi look preferiti."
"tressa-orthopedic-mule-flats","Tressa Orthopedic Mule Flats","<p>Fai ogni passo con più comfort e stile. Tressa Orthopedic Mule Flats è pensato per accompagnarti ogni giorno, con un design versatile facile da abbinare ai tuoi look preferiti.</p>","bomre.com","Calzado","Calzado","Scarpe, Novità, Selezione Juanjo","TRUE","Colore","Nero","Talla","41","tressa-orthopedic-mule-flats-nero-41","59.99","149.99","0","continue","assets/products/generated-shoe-beige.png","1","Tressa Orthopedic Mule Flats","Fai ogni passo con più comfort e stile. Tressa Orthopedic Mule Flats è pensato per accompagnarti ogni giorno, con un design versatile facile da abbinare ai tuoi look preferiti."
"tressa-orthopedic-mule-flats","Tressa Orthopedic Mule Flats","<p>Fai ogni passo con più comfort e stile. Tressa Orthopedic Mule Flats è pensato per accompagnarti ogni giorno, con un design versatile facile da abbinare ai tuoi look preferiti.</p>","bomre.com","Calzado","Calzado","Scarpe, Novità, Selezione Juanjo","TRUE","Colore","Beige","Talla","36","tressa-orthopedic-mule-flats-beige-36","59.99","149.99","0","continue","assets/products/generated-shoe-beige.png","1","Tressa Orthopedic Mule Flats","Fai ogni passo con più comfort e stile. Tressa Orthopedic Mule Flats è pensato per accompagnarti ogni giorno, con un design versatile facile da abbinare ai tuoi look preferiti."
"tressa-orthopedic-mule-flats","Tressa Orthopedic Mule Flats","<p>Fai ogni passo con più comfort e stile. Tressa Orthopedic Mule Flats è pensato per accompagnarti ogni giorno, con un design versatile facile da abbinare ai tuoi look preferiti.</p>","bomre.com","Calzado","Calzado","Scarpe, Novità, Selezione Juanjo","TRUE","Colore","Beige","Talla","37","tressa-orthopedic-mule-flats-beige-37","59.99","149.99","0","continue","assets/products/generated-shoe-beige.png","1","Tressa Orthopedic Mule Flats","Fai ogni passo con più comfort e stile. Tressa Orthopedic Mule Flats è pensato per accompagnarti ogni giorno, con un design versatile facile da abbinare ai tuoi look preferiti."
"tressa-orthopedic-mule-flats","Tressa Orthopedic Mule Flats","<p>Fai ogni passo con più comfort e stile. Tressa Orthopedic Mule Flats è pensato per accompagnarti ogni giorno, con un design versatile facile da abbinare ai tuoi look preferiti.</p>","bomre.com","Calzado","Calzado","Scarpe, Novità, Selezione Juanjo","TRUE","Colore","Beige","Talla","38","tressa-orthopedic-mule-flats-beige-38","59.99","149.99","0","continue","assets/products/generated-shoe-beige.png","1","Tressa Orthopedic Mule Flats","Fai ogni passo con più comfort e stile. Tressa Orthopedic Mule Flats è pensato per accompagnarti ogni giorno, con un design versatile facile da abbinare ai tuoi look preferiti."
"tressa-orthopedic-mule-flats","Tressa Orthopedic Mule Flats","<p>Fai ogni passo con più comfort e stile. Tressa Orthopedic Mule Flats è pensato per accompagnarti ogni giorno, con un design versatile facile da abbinare ai tuoi look preferiti.</p>","bomre.com","Calzado","Calzado","Scarpe, Novità, Selezione Juanjo","TRUE","Colore","Beige","Talla","39","tressa-orthopedic-mule-flats-beige-39","59.99","149.99","0","continue","assets/products/generated-shoe-beige.png","1","Tressa Orthopedic Mule Flats","Fai ogni passo con più comfort e stile. Tressa Orthopedic Mule Flats è pensato per accompagnarti ogni giorno, con un design versatile facile da abbinare ai tuoi look preferiti."
"tressa-orthopedic-mule-flats","Tressa Orthopedic Mule Flats","<p>Fai ogni passo con più comfort e stile. Tressa Orthopedic Mule Flats è pensato per accompagnarti ogni giorno, con un design versatile facile da abbinare ai tuoi look preferiti.</p>","bomre.com","Calzado","Calzado","Scarpe, Novità, Selezione Juanjo","TRUE","Colore","Beige","Talla","40","tressa-orthopedic-mule-flats-beige-40","59.99","149.99","0","continue","assets/products/generated-shoe-beige.png","1","Tressa Orthopedic Mule Flats","Fai ogni passo con più comfort e stile. Tressa Orthopedic Mule Flats è pensato per accompagnarti ogni giorno, con un design versatile facile da abbinare ai tuoi look preferiti."
"tressa-orthopedic-mule-flats","Tressa Orthopedic Mule Flats","<p>Fai ogni passo con più comfort e stile. Tressa Orthopedic Mule Flats è pensato per accompagnarti ogni giorno, con un design versatile facile da abbinare ai tuoi look preferiti.</p>","bomre.com","Calzado","Calzado","Scarpe, Novità, Selezione Juanjo","TRUE","Colore","Beige","Talla","41","tressa-orthopedic-mule-flats-beige-41","59.99","149.99","0","continue","assets/products/generated-shoe-beige.png","1","Tressa Orthopedic Mule Flats","Fai ogni passo con più comfort e stile. Tressa Orthopedic Mule Flats è pensato per accompagnarti ogni giorno, con un design versatile facile da abbinare ai tuoi look preferiti."
"tressa-orthopedic-mule-flats","Tressa Orthopedic Mule Flats","<p>Fai ogni passo con più comfort e stile. Tressa Orthopedic Mule Flats è pensato per accompagnarti ogni giorno, con un design versatile facile da abbinare ai tuoi look preferiti.</p>","bomre.com","Calzado","Calzado","Scarpe, Novità, Selezione Juanjo","TRUE","Colore","Marrone","Talla","36","tressa-orthopedic-mule-flats-marrone-36","59.99","149.99","0","continue","assets/products/generated-shoe-beige.png","1","Tressa Orthopedic Mule Flats","Fai ogni passo con più comfort e stile. Tressa Orthopedic Mule Flats è pensato per accompagnarti ogni giorno, con un design versatile facile da abbinare ai tuoi look preferiti."
"tressa-orthopedic-mule-flats","Tressa Orthopedic Mule Flats","<p>Fai ogni passo con più comfort e stile. Tressa Orthopedic Mule Flats è pensato per accompagnarti ogni giorno, con un design versatile facile da abbinare ai tuoi look preferiti.</p>","bomre.com","Calzado","Calzado","Scarpe, Novità, Selezione Juanjo","TRUE","Colore","Marrone","Talla","37","tressa-orthopedic-mule-flats-marrone-37","59.99","149.99","0","continue","assets/products/generated-shoe-beige.png","1","Tressa Orthopedic Mule Flats","Fai ogni passo con più comfort e stile. Tressa Orthopedic Mule Flats è pensato per accompagnarti ogni giorno, con un design versatile facile da abbinare ai tuoi look preferiti."
"tressa-orthopedic-mule-flats","Tressa Orthopedic Mule Flats","<p>Fai ogni passo con più comfort e stile. Tressa Orthopedic Mule Flats è pensato per accompagnarti ogni giorno, con un design versatile facile da abbinare ai tuoi look preferiti.</p>","bomre.com","Calzado","Calzado","Scarpe, Novità, Selezione Juanjo","TRUE","Colore","Marrone","Talla","38","tressa-orthopedic-mule-flats-marrone-38","59.99","149.99","0","continue","assets/products/generated-shoe-beige.png","1","Tressa Orthopedic Mule Flats","Fai ogni passo con più comfort e stile. Tressa Orthopedic Mule Flats è pensato per accompagnarti ogni giorno, con un design versatile facile da abbinare ai tuoi look preferiti."
"tressa-orthopedic-mule-flats","Tressa Orthopedic Mule Flats","<p>Fai ogni passo con più comfort e stile. Tressa Orthopedic Mule Flats è pensato per accompagnarti ogni giorno, con un design versatile facile da abbinare ai tuoi look preferiti.</p>","bomre.com","Calzado","Calzado","Scarpe, Novità, Selezione Juanjo","TRUE","Colore","Marrone","Talla","39","tressa-orthopedic-mule-flats-marrone-39","59.99","149.99","0","continue","assets/products/generated-shoe-beige.png","1","Tressa Orthopedic Mule Flats","Fai ogni passo con più comfort e stile. Tressa Orthopedic Mule Flats è pensato per accompagnarti ogni giorno, con un design versatile facile da abbinare ai tuoi look preferiti."
"tressa-orthopedic-mule-flats","Tressa Orthopedic Mule Flats","<p>Fai ogni passo con più comfort e stile. Tressa Orthopedic Mule Flats è pensato per accompagnarti ogni giorno, con un design versatile facile da abbinare ai tuoi look preferiti.</p>","bomre.com","Calzado","Calzado","Scarpe, Novità, Selezione Juanjo","TRUE","Colore","Marrone","Talla","40","tressa-orthopedic-mule-flats-marrone-40","59.99","149.99","0","continue","assets/products/generated-shoe-beige.png","1","Tressa Orthopedic Mule Flats","Fai ogni passo con più comfort e stile. Tressa Orthopedic Mule Flats è pensato per accompagnarti ogni giorno, con un design versatile facile da abbinare ai tuoi look preferiti."
"tressa-orthopedic-mule-flats","Tressa Orthopedic Mule Flats","<p>Fai ogni passo con più comfort e stile. Tressa Orthopedic Mule Flats è pensato per accompagnarti ogni giorno, con un design versatile facile da abbinare ai tuoi look preferiti.</p>","bomre.com","Calzado","Calzado","Scarpe, Novità, Selezione Juanjo","TRUE","Colore","Marrone","Talla","41","tressa-orthopedic-mule-flats-marrone-41","59.99","149.99","0","continue","assets/products/generated-shoe-beige.png","1","Tressa Orthopedic Mule Flats","Fai ogni passo con più comfort e stile. Tressa Orthopedic Mule Flats è pensato per accompagnarti ogni giorno, con un design versatile facile da abbinare ai tuoi look preferiti."
"tressa-orthopedic-mule-flats","Tressa Orthopedic Mule Flats","<p>Fai ogni passo con più comfort e stile. Tressa Orthopedic Mule Flats è pensato per accompagnarti ogni giorno, con un design versatile facile da abbinare ai tuoi look preferiti.</p>","bomre.com","Calzado","Calzado","Scarpe, Novità, Selezione Juanjo","TRUE","Colore","Bianco","Talla","36","tressa-orthopedic-mule-flats-bianco-36","59.99","149.99","0","continue","assets/products/generated-shoe-beige.png","1","Tressa Orthopedic Mule Flats","Fai ogni passo con più comfort e stile. Tressa Orthopedic Mule Flats è pensato per accompagnarti ogni giorno, con un design versatile facile da abbinare ai tuoi look preferiti."
"tressa-orthopedic-mule-flats","Tressa Orthopedic Mule Flats","<p>Fai ogni passo con più comfort e stile. Tressa Orthopedic Mule Flats è pensato per accompagnarti ogni giorno, con un design versatile facile da abbinare ai tuoi look preferiti.</p>","bomre.com","Calzado","Calzado","Scarpe, Novità, Selezione Juanjo","TRUE","Colore","Bianco","Talla","37","tressa-orthopedic-mule-flats-bianco-37","59.99","149.99","0","continue","assets/products/generated-shoe-beige.png","1","Tressa Orthopedic Mule Flats","Fai ogni passo con più comfort e stile. Tressa Orthopedic Mule Flats è pensato per accompagnarti ogni giorno, con un design versatile facile da abbinare ai tuoi look preferiti."
"tressa-orthopedic-mule-flats","Tressa Orthopedic Mule Flats","<p>Fai ogni passo con più comfort e stile. Tressa Orthopedic Mule Flats è pensato per accompagnarti ogni giorno, con un design versatile facile da abbinare ai tuoi look preferiti.</p>","bomre.com","Calzado","Calzado","Scarpe, Novità, Selezione Juanjo","TRUE","Colore","Bianco","Talla","38","tressa-orthopedic-mule-flats-bianco-38","59.99","149.99","0","continue","assets/products/generated-shoe-beige.png","1","Tressa Orthopedic Mule Flats","Fai ogni passo con più comfort e stile. Tressa Orthopedic Mule Flats è pensato per accompagnarti ogni giorno, con un design versatile facile da abbinare ai tuoi look preferiti."
"tressa-orthopedic-mule-flats","Tressa Orthopedic Mule Flats","<p>Fai ogni passo con più comfort e stile. Tressa Orthopedic Mule Flats è pensato per accompagnarti ogni giorno, con un design versatile facile da abbinare ai tuoi look preferiti.</p>","bomre.com","Calzado","Calzado","Scarpe, Novità, Selezione Juanjo","TRUE","Colore","Bianco","Talla","39","tressa-orthopedic-mule-flats-bianco-39","59.99","149.99","0","continue","assets/products/generated-shoe-beige.png","1","Tressa Orthopedic Mule Flats","Fai ogni passo con più comfort e stile. Tressa Orthopedic Mule Flats è pensato per accompagnarti ogni giorno, con un design versatile facile da abbinare ai tuoi look preferiti."
"tressa-orthopedic-mule-flats","Tressa Orthopedic Mule Flats","<p>Fai ogni passo con più comfort e stile. Tressa Orthopedic Mule Flats è pensato per accompagnarti ogni giorno, con un design versatile facile da abbinare ai tuoi look preferiti.</p>","bomre.com","Calzado","Calzado","Scarpe, Novità, Selezione Juanjo","TRUE","Colore","Bianco","Talla","40","tressa-orthopedic-mule-flats-bianco-40","59.99","149.99","0","continue","assets/products/generated-shoe-beige.png","1","Tressa Orthopedic Mule Flats","Fai ogni passo con più comfort e stile. Tressa Orthopedic Mule Flats è pensato per accompagnarti ogni giorno, con un design versatile facile da abbinare ai tuoi look preferiti."
"tressa-orthopedic-mule-flats","Tressa Orthopedic Mule Flats","<p>Fai ogni passo con più comfort e stile. Tressa Orthopedic Mule Flats è pensato per accompagnarti ogni giorno, con un design versatile facile da abbinare ai tuoi look preferiti.</p>","bomre.com","Calzado","Calzado","Scarpe, Novità, Selezione Juanjo","TRUE","Colore","Bianco","Talla","41","tressa-orthopedic-mule-flats-bianco-41","59.99","149.99","0","continue","assets/products/generated-shoe-beige.png","1","Tressa Orthopedic Mule Flats","Fai ogni passo con più comfort e stile. Tressa Orthopedic Mule Flats è pensato per accompagnarti ogni giorno, con un design versatile facile da abbinare ai tuoi look preferiti."
"groovers-barefoot","Groovers (barefoot)","<p>Fai ogni passo con più comfort e stile. Groovers (barefoot) è pensato per accompagnarti ogni giorno, con un design versatile facile da abbinare ai tuoi look preferiti.</p>","bearefoot.com","Calzado","Calzado","Scarpe, Novità, Selezione Juanjo","TRUE","Colore","Nero","Talla","36","groovers-barefoot-nero-36","78.99","174.99","0","continue","assets/products/generated-shoe-beige.png","1","Groovers (barefoot)","Fai ogni passo con più comfort e stile. Groovers (barefoot) è pensato per accompagnarti ogni giorno, con un design versatile facile da abbinare ai tuoi look preferiti."
"groovers-barefoot","Groovers (barefoot)","<p>Fai ogni passo con più comfort e stile. Groovers (barefoot) è pensato per accompagnarti ogni giorno, con un design versatile facile da abbinare ai tuoi look preferiti.</p>","bearefoot.com","Calzado","Calzado","Scarpe, Novità, Selezione Juanjo","TRUE","Colore","Nero","Talla","37","groovers-barefoot-nero-37","78.99","174.99","0","continue","assets/products/generated-shoe-beige.png","1","Groovers (barefoot)","Fai ogni passo con più comfort e stile. Groovers (barefoot) è pensato per accompagnarti ogni giorno, con un design versatile facile da abbinare ai tuoi look preferiti."
"groovers-barefoot","Groovers (barefoot)","<p>Fai ogni passo con più comfort e stile. Groovers (barefoot) è pensato per accompagnarti ogni giorno, con un design versatile facile da abbinare ai tuoi look preferiti.</p>","bearefoot.com","Calzado","Calzado","Scarpe, Novità, Selezione Juanjo","TRUE","Colore","Nero","Talla","38","groovers-barefoot-nero-38","78.99","174.99","0","continue","assets/products/generated-shoe-beige.png","1","Groovers (barefoot)","Fai ogni passo con più comfort e stile. Groovers (barefoot) è pensato per accompagnarti ogni giorno, con un design versatile facile da abbinare ai tuoi look preferiti."
"groovers-barefoot","Groovers (barefoot)","<p>Fai ogni passo con più comfort e stile. Groovers (barefoot) è pensato per accompagnarti ogni giorno, con un design versatile facile da abbinare ai tuoi look preferiti.</p>","bearefoot.com","Calzado","Calzado","Scarpe, Novità, Selezione Juanjo","TRUE","Colore","Nero","Talla","39","groovers-barefoot-nero-39","78.99","174.99","0","continue","assets/products/generated-shoe-beige.png","1","Groovers (barefoot)","Fai ogni passo con più comfort e stile. Groovers (barefoot) è pensato per accompagnarti ogni giorno, con un design versatile facile da abbinare ai tuoi look preferiti."
"groovers-barefoot","Groovers (barefoot)","<p>Fai ogni passo con più comfort e stile. Groovers (barefoot) è pensato per accompagnarti ogni giorno, con un design versatile facile da abbinare ai tuoi look preferiti.</p>","bearefoot.com","Calzado","Calzado","Scarpe, Novità, Selezione Juanjo","TRUE","Colore","Nero","Talla","40","groovers-barefoot-nero-40","78.99","174.99","0","continue","assets/products/generated-shoe-beige.png","1","Groovers (barefoot)","Fai ogni passo con più comfort e stile. Groovers (barefoot) è pensato per accompagnarti ogni giorno, con un design versatile facile da abbinare ai tuoi look preferiti."
"groovers-barefoot","Groovers (barefoot)","<p>Fai ogni passo con più comfort e stile. Groovers (barefoot) è pensato per accompagnarti ogni giorno, con un design versatile facile da abbinare ai tuoi look preferiti.</p>","bearefoot.com","Calzado","Calzado","Scarpe, Novità, Selezione Juanjo","TRUE","Colore","Nero","Talla","41","groovers-barefoot-nero-41","78.99","174.99","0","continue","assets/products/generated-shoe-beige.png","1","Groovers (barefoot)","Fai ogni passo con più comfort e stile. Groovers (barefoot) è pensato per accompagnarti ogni giorno, con un design versatile facile da abbinare ai tuoi look preferiti."
"groovers-barefoot","Groovers (barefoot)","<p>Fai ogni passo con più comfort e stile. Groovers (barefoot) è pensato per accompagnarti ogni giorno, con un design versatile facile da abbinare ai tuoi look preferiti.</p>","bearefoot.com","Calzado","Calzado","Scarpe, Novità, Selezione Juanjo","TRUE","Colore","Beige","Talla","36","groovers-barefoot-beige-36","78.99","174.99","0","continue","assets/products/generated-shoe-beige.png","1","Groovers (barefoot)","Fai ogni passo con più comfort e stile. Groovers (barefoot) è pensato per accompagnarti ogni giorno, con un design versatile facile da abbinare ai tuoi look preferiti."
"groovers-barefoot","Groovers (barefoot)","<p>Fai ogni passo con più comfort e stile. Groovers (barefoot) è pensato per accompagnarti ogni giorno, con un design versatile facile da abbinare ai tuoi look preferiti.</p>","bearefoot.com","Calzado","Calzado","Scarpe, Novità, Selezione Juanjo","TRUE","Colore","Beige","Talla","37","groovers-barefoot-beige-37","78.99","174.99","0","continue","assets/products/generated-shoe-beige.png","1","Groovers (barefoot)","Fai ogni passo con più comfort e stile. Groovers (barefoot) è pensato per accompagnarti ogni giorno, con un design versatile facile da abbinare ai tuoi look preferiti."
"groovers-barefoot","Groovers (barefoot)","<p>Fai ogni passo con più comfort e stile. Groovers (barefoot) è pensato per accompagnarti ogni giorno, con un design versatile facile da abbinare ai tuoi look preferiti.</p>","bearefoot.com","Calzado","Calzado","Scarpe, Novità, Selezione Juanjo","TRUE","Colore","Beige","Talla","38","groovers-barefoot-beige-38","78.99","174.99","0","continue","assets/products/generated-shoe-beige.png","1","Groovers (barefoot)","Fai ogni passo con più comfort e stile. Groovers (barefoot) è pensato per accompagnarti ogni giorno, con un design versatile facile da abbinare ai tuoi look preferiti."
"groovers-barefoot","Groovers (barefoot)","<p>Fai ogni passo con più comfort e stile. Groovers (barefoot) è pensato per accompagnarti ogni giorno, con un design versatile facile da abbinare ai tuoi look preferiti.</p>","bearefoot.com","Calzado","Calzado","Scarpe, Novità, Selezione Juanjo","TRUE","Colore","Beige","Talla","39","groovers-barefoot-beige-39","78.99","174.99","0","continue","assets/products/generated-shoe-beige.png","1","Groovers (barefoot)","Fai ogni passo con più comfort e stile. Groovers (barefoot) è pensato per accompagnarti ogni giorno, con un design versatile facile da abbinare ai tuoi look preferiti."
"groovers-barefoot","Groovers (barefoot)","<p>Fai ogni passo con più comfort e stile. Groovers (barefoot) è pensato per accompagnarti ogni giorno, con un design versatile facile da abbinare ai tuoi look preferiti.</p>","bearefoot.com","Calzado","Calzado","Scarpe, Novità, Selezione Juanjo","TRUE","Colore","Beige","Talla","40","groovers-barefoot-beige-40","78.99","174.99","0","continue","assets/products/generated-shoe-beige.png","1","Groovers (barefoot)","Fai ogni passo con più comfort e stile. Groovers (barefoot) è pensato per accompagnarti ogni giorno, con un design versatile facile da abbinare ai tuoi look preferiti."
"groovers-barefoot","Groovers (barefoot)","<p>Fai ogni passo con più comfort e stile. Groovers (barefoot) è pensato per accompagnarti ogni giorno, con un design versatile facile da abbinare ai tuoi look preferiti.</p>","bearefoot.com","Calzado","Calzado","Scarpe, Novità, Selezione Juanjo","TRUE","Colore","Beige","Talla","41","groovers-barefoot-beige-41","78.99","174.99","0","continue","assets/products/generated-shoe-beige.png","1","Groovers (barefoot)","Fai ogni passo con più comfort e stile. Groovers (barefoot) è pensato per accompagnarti ogni giorno, con un design versatile facile da abbinare ai tuoi look preferiti."
"groovers-barefoot","Groovers (barefoot)","<p>Fai ogni passo con più comfort e stile. Groovers (barefoot) è pensato per accompagnarti ogni giorno, con un design versatile facile da abbinare ai tuoi look preferiti.</p>","bearefoot.com","Calzado","Calzado","Scarpe, Novità, Selezione Juanjo","TRUE","Colore","Marrone","Talla","36","groovers-barefoot-marrone-36","78.99","174.99","0","continue","assets/products/generated-shoe-beige.png","1","Groovers (barefoot)","Fai ogni passo con più comfort e stile. Groovers (barefoot) è pensato per accompagnarti ogni giorno, con un design versatile facile da abbinare ai tuoi look preferiti."
"groovers-barefoot","Groovers (barefoot)","<p>Fai ogni passo con più comfort e stile. Groovers (barefoot) è pensato per accompagnarti ogni giorno, con un design versatile facile da abbinare ai tuoi look preferiti.</p>","bearefoot.com","Calzado","Calzado","Scarpe, Novità, Selezione Juanjo","TRUE","Colore","Marrone","Talla","37","groovers-barefoot-marrone-37","78.99","174.99","0","continue","assets/products/generated-shoe-beige.png","1","Groovers (barefoot)","Fai ogni passo con più comfort e stile. Groovers (barefoot) è pensato per accompagnarti ogni giorno, con un design versatile facile da abbinare ai tuoi look preferiti."
"groovers-barefoot","Groovers (barefoot)","<p>Fai ogni passo con più comfort e stile. Groovers (barefoot) è pensato per accompagnarti ogni giorno, con un design versatile facile da abbinare ai tuoi look preferiti.</p>","bearefoot.com","Calzado","Calzado","Scarpe, Novità, Selezione Juanjo","TRUE","Colore","Marrone","Talla","38","groovers-barefoot-marrone-38","78.99","174.99","0","continue","assets/products/generated-shoe-beige.png","1","Groovers (barefoot)","Fai ogni passo con più comfort e stile. Groovers (barefoot) è pensato per accompagnarti ogni giorno, con un design versatile facile da abbinare ai tuoi look preferiti."
"groovers-barefoot","Groovers (barefoot)","<p>Fai ogni passo con più comfort e stile. Groovers (barefoot) è pensato per accompagnarti ogni giorno, con un design versatile facile da abbinare ai tuoi look preferiti.</p>","bearefoot.com","Calzado","Calzado","Scarpe, Novità, Selezione Juanjo","TRUE","Colore","Marrone","Talla","39","groovers-barefoot-marrone-39","78.99","174.99","0","continue","assets/products/generated-shoe-beige.png","1","Groovers (barefoot)","Fai ogni passo con più comfort e stile. Groovers (barefoot) è pensato per accompagnarti ogni giorno, con un design versatile facile da abbinare ai tuoi look preferiti."
"groovers-barefoot","Groovers (barefoot)","<p>Fai ogni passo con più comfort e stile. Groovers (barefoot) è pensato per accompagnarti ogni giorno, con un design versatile facile da abbinare ai tuoi look preferiti.</p>","bearefoot.com","Calzado","Calzado","Scarpe, Novità, Selezione Juanjo","TRUE","Colore","Marrone","Talla","40","groovers-barefoot-marrone-40","78.99","174.99","0","continue","assets/products/generated-shoe-beige.png","1","Groovers (barefoot)","Fai ogni passo con più comfort e stile. Groovers (barefoot) è pensato per accompagnarti ogni giorno, con un design versatile facile da abbinare ai tuoi look preferiti."
"groovers-barefoot","Groovers (barefoot)","<p>Fai ogni passo con più comfort e stile. Groovers (barefoot) è pensato per accompagnarti ogni giorno, con un design versatile facile da abbinare ai tuoi look preferiti.</p>","bearefoot.com","Calzado","Calzado","Scarpe, Novità, Selezione Juanjo","TRUE","Colore","Marrone","Talla","41","groovers-barefoot-marrone-41","78.99","174.99","0","continue","assets/products/generated-shoe-beige.png","1","Groovers (barefoot)","Fai ogni passo con più comfort e stile. Groovers (barefoot) è pensato per accompagnarti ogni giorno, con un design versatile facile da abbinare ai tuoi look preferiti."
"groovers-barefoot","Groovers (barefoot)","<p>Fai ogni passo con più comfort e stile. Groovers (barefoot) è pensato per accompagnarti ogni giorno, con un design versatile facile da abbinare ai tuoi look preferiti.</p>","bearefoot.com","Calzado","Calzado","Scarpe, Novità, Selezione Juanjo","TRUE","Colore","Bianco","Talla","36","groovers-barefoot-bianco-36","78.99","174.99","0","continue","assets/products/generated-shoe-beige.png","1","Groovers (barefoot)","Fai ogni passo con più comfort e stile. Groovers (barefoot) è pensato per accompagnarti ogni giorno, con un design versatile facile da abbinare ai tuoi look preferiti."
"groovers-barefoot","Groovers (barefoot)","<p>Fai ogni passo con più comfort e stile. Groovers (barefoot) è pensato per accompagnarti ogni giorno, con un design versatile facile da abbinare ai tuoi look preferiti.</p>","bearefoot.com","Calzado","Calzado","Scarpe, Novità, Selezione Juanjo","TRUE","Colore","Bianco","Talla","37","groovers-barefoot-bianco-37","78.99","174.99","0","continue","assets/products/generated-shoe-beige.png","1","Groovers (barefoot)","Fai ogni passo con più comfort e stile. Groovers (barefoot) è pensato per accompagnarti ogni giorno, con un design versatile facile da abbinare ai tuoi look preferiti."
"groovers-barefoot","Groovers (barefoot)","<p>Fai ogni passo con più comfort e stile. Groovers (barefoot) è pensato per accompagnarti ogni giorno, con un design versatile facile da abbinare ai tuoi look preferiti.</p>","bearefoot.com","Calzado","Calzado","Scarpe, Novità, Selezione Juanjo","TRUE","Colore","Bianco","Talla","38","groovers-barefoot-bianco-38","78.99","174.99","0","continue","assets/products/generated-shoe-beige.png","1","Groovers (barefoot)","Fai ogni passo con più comfort e stile. Groovers (barefoot) è pensato per accompagnarti ogni giorno, con un design versatile facile da abbinare ai tuoi look preferiti."
"groovers-barefoot","Groovers (barefoot)","<p>Fai ogni passo con più comfort e stile. Groovers (barefoot) è pensato per accompagnarti ogni giorno, con un design versatile facile da abbinare ai tuoi look preferiti.</p>","bearefoot.com","Calzado","Calzado","Scarpe, Novità, Selezione Juanjo","TRUE","Colore","Bianco","Talla","39","groovers-barefoot-bianco-39","78.99","174.99","0","continue","assets/products/generated-shoe-beige.png","1","Groovers (barefoot)","Fai ogni passo con più comfort e stile. Groovers (barefoot) è pensato per accompagnarti ogni giorno, con un design versatile facile da abbinare ai tuoi look preferiti."
"groovers-barefoot","Groovers (barefoot)","<p>Fai ogni passo con più comfort e stile. Groovers (barefoot) è pensato per accompagnarti ogni giorno, con un design versatile facile da abbinare ai tuoi look preferiti.</p>","bearefoot.com","Calzado","Calzado","Scarpe, Novità, Selezione Juanjo","TRUE","Colore","Bianco","Talla","40","groovers-barefoot-bianco-40","78.99","174.99","0","continue","assets/products/generated-shoe-beige.png","1","Groovers (barefoot)","Fai ogni passo con più comfort e stile. Groovers (barefoot) è pensato per accompagnarti ogni giorno, con un design versatile facile da abbinare ai tuoi look preferiti."
"groovers-barefoot","Groovers (barefoot)","<p>Fai ogni passo con più comfort e stile. Groovers (barefoot) è pensato per accompagnarti ogni giorno, con un design versatile facile da abbinare ai tuoi look preferiti.</p>","bearefoot.com","Calzado","Calzado","Scarpe, Novità, Selezione Juanjo","TRUE","Colore","Bianco","Talla","41","groovers-barefoot-bianco-41","78.99","174.99","0","continue","assets/products/generated-shoe-beige.png","1","Groovers (barefoot)","Fai ogni passo con più comfort e stile. Groovers (barefoot) è pensato per accompagnarti ogni giorno, con un design versatile facile da abbinare ai tuoi look preferiti."
"ortho-stretch-comfort-shoes","Ortho Stretch Comfort Shoes","<p>Fai ogni passo con più comfort e stile. Ortho Stretch Comfort Shoes è pensato per accompagnarti ogni giorno, con un design versatile facile da abbinare ai tuoi look preferiti.</p>","cloudsslides.co.uk","Calzado","Calzado","Scarpe, Novità, Selezione Juanjo","TRUE","Colore","Nero","Talla","36","ortho-stretch-comfort-shoes-nero-36","49.99","75.00","0","continue","assets/products/generated-shoe-beige.png","1","Ortho Stretch Comfort Shoes","Fai ogni passo con più comfort e stile. Ortho Stretch Comfort Shoes è pensato per accompagnarti ogni giorno, con un design versatile facile da abbinare ai tuoi look preferiti."
"ortho-stretch-comfort-shoes","Ortho Stretch Comfort Shoes","<p>Fai ogni passo con più comfort e stile. Ortho Stretch Comfort Shoes è pensato per accompagnarti ogni giorno, con un design versatile facile da abbinare ai tuoi look preferiti.</p>","cloudsslides.co.uk","Calzado","Calzado","Scarpe, Novità, Selezione Juanjo","TRUE","Colore","Nero","Talla","37","ortho-stretch-comfort-shoes-nero-37","49.99","75.00","0","continue","assets/products/generated-shoe-beige.png","1","Ortho Stretch Comfort Shoes","Fai ogni passo con più comfort e stile. Ortho Stretch Comfort Shoes è pensato per accompagnarti ogni giorno, con un design versatile facile da abbinare ai tuoi look preferiti."
"ortho-stretch-comfort-shoes","Ortho Stretch Comfort Shoes","<p>Fai ogni passo con più comfort e stile. Ortho Stretch Comfort Shoes è pensato per accompagnarti ogni giorno, con un design versatile facile da abbinare ai tuoi look preferiti.</p>","cloudsslides.co.uk","Calzado","Calzado","Scarpe, Novità, Selezione Juanjo","TRUE","Colore","Nero","Talla","38","ortho-stretch-comfort-shoes-nero-38","49.99","75.00","0","continue","assets/products/generated-shoe-beige.png","1","Ortho Stretch Comfort Shoes","Fai ogni passo con più comfort e stile. Ortho Stretch Comfort Shoes è pensato per accompagnarti ogni giorno, con un design versatile facile da abbinare ai tuoi look preferiti."
"ortho-stretch-comfort-shoes","Ortho Stretch Comfort Shoes","<p>Fai ogni passo con più comfort e stile. Ortho Stretch Comfort Shoes è pensato per accompagnarti ogni giorno, con un design versatile facile da abbinare ai tuoi look preferiti.</p>","cloudsslides.co.uk","Calzado","Calzado","Scarpe, Novità, Selezione Juanjo","TRUE","Colore","Nero","Talla","39","ortho-stretch-comfort-shoes-nero-39","49.99","75.00","0","continue","assets/products/generated-shoe-beige.png","1","Ortho Stretch Comfort Shoes","Fai ogni passo con più comfort e stile. Ortho Stretch Comfort Shoes è pensato per accompagnarti ogni giorno, con un design versatile facile da abbinare ai tuoi look preferiti."
"ortho-stretch-comfort-shoes","Ortho Stretch Comfort Shoes","<p>Fai ogni passo con più comfort e stile. Ortho Stretch Comfort Shoes è pensato per accompagnarti ogni giorno, con un design versatile facile da abbinare ai tuoi look preferiti.</p>","cloudsslides.co.uk","Calzado","Calzado","Scarpe, Novità, Selezione Juanjo","TRUE","Colore","Nero","Talla","40","ortho-stretch-comfort-shoes-nero-40","49.99","75.00","0","continue","assets/products/generated-shoe-beige.png","1","Ortho Stretch Comfort Shoes","Fai ogni passo con più comfort e stile. Ortho Stretch Comfort Shoes è pensato per accompagnarti ogni giorno, con un design versatile facile da abbinare ai tuoi look preferiti."
"ortho-stretch-comfort-shoes","Ortho Stretch Comfort Shoes","<p>Fai ogni passo con più comfort e stile. Ortho Stretch Comfort Shoes è pensato per accompagnarti ogni giorno, con un design versatile facile da abbinare ai tuoi look preferiti.</p>","cloudsslides.co.uk","Calzado","Calzado","Scarpe, Novità, Selezione Juanjo","TRUE","Colore","Nero","Talla","41","ortho-stretch-comfort-shoes-nero-41","49.99","75.00","0","continue","assets/products/generated-shoe-beige.png","1","Ortho Stretch Comfort Shoes","Fai ogni passo con più comfort e stile. Ortho Stretch Comfort Shoes è pensato per accompagnarti ogni giorno, con un design versatile facile da abbinare ai tuoi look preferiti."
"ortho-stretch-comfort-shoes","Ortho Stretch Comfort Shoes","<p>Fai ogni passo con più comfort e stile. Ortho Stretch Comfort Shoes è pensato per accompagnarti ogni giorno, con un design versatile facile da abbinare ai tuoi look preferiti.</p>","cloudsslides.co.uk","Calzado","Calzado","Scarpe, Novità, Selezione Juanjo","TRUE","Colore","Beige","Talla","36","ortho-stretch-comfort-shoes-beige-36","49.99","75.00","0","continue","assets/products/generated-shoe-beige.png","1","Ortho Stretch Comfort Shoes","Fai ogni passo con più comfort e stile. Ortho Stretch Comfort Shoes è pensato per accompagnarti ogni giorno, con un design versatile facile da abbinare ai tuoi look preferiti."
"ortho-stretch-comfort-shoes","Ortho Stretch Comfort Shoes","<p>Fai ogni passo con più comfort e stile. Ortho Stretch Comfort Shoes è pensato per accompagnarti ogni giorno, con un design versatile facile da abbinare ai tuoi look preferiti.</p>","cloudsslides.co.uk","Calzado","Calzado","Scarpe, Novità, Selezione Juanjo","TRUE","Colore","Beige","Talla","37","ortho-stretch-comfort-shoes-beige-37","49.99","75.00","0","continue","assets/products/generated-shoe-beige.png","1","Ortho Stretch Comfort Shoes","Fai ogni passo con più comfort e stile. Ortho Stretch Comfort Shoes è pensato per accompagnarti ogni giorno, con un design versatile facile da abbinare ai tuoi look preferiti."
"ortho-stretch-comfort-shoes","Ortho Stretch Comfort Shoes","<p>Fai ogni passo con più comfort e stile. Ortho Stretch Comfort Shoes è pensato per accompagnarti ogni giorno, con un design versatile facile da abbinare ai tuoi look preferiti.</p>","cloudsslides.co.uk","Calzado","Calzado","Scarpe, Novità, Selezione Juanjo","TRUE","Colore","Beige","Talla","38","ortho-stretch-comfort-shoes-beige-38","49.99","75.00","0","continue","assets/products/generated-shoe-beige.png","1","Ortho Stretch Comfort Shoes","Fai ogni passo con più comfort e stile. Ortho Stretch Comfort Shoes è pensato per accompagnarti ogni giorno, con un design versatile facile da abbinare ai tuoi look preferiti."
"ortho-stretch-comfort-shoes","Ortho Stretch Comfort Shoes","<p>Fai ogni passo con più comfort e stile. Ortho Stretch Comfort Shoes è pensato per accompagnarti ogni giorno, con un design versatile facile da abbinare ai tuoi look preferiti.</p>","cloudsslides.co.uk","Calzado","Calzado","Scarpe, Novità, Selezione Juanjo","TRUE","Colore","Beige","Talla","39","ortho-stretch-comfort-shoes-beige-39","49.99","75.00","0","continue","assets/products/generated-shoe-beige.png","1","Ortho Stretch Comfort Shoes","Fai ogni passo con più comfort e stile. Ortho Stretch Comfort Shoes è pensato per accompagnarti ogni giorno, con un design versatile facile da abbinare ai tuoi look preferiti."
"ortho-stretch-comfort-shoes","Ortho Stretch Comfort Shoes","<p>Fai ogni passo con più comfort e stile. Ortho Stretch Comfort Shoes è pensato per accompagnarti ogni giorno, con un design versatile facile da abbinare ai tuoi look preferiti.</p>","cloudsslides.co.uk","Calzado","Calzado","Scarpe, Novità, Selezione Juanjo","TRUE","Colore","Beige","Talla","40","ortho-stretch-comfort-shoes-beige-40","49.99","75.00","0","continue","assets/products/generated-shoe-beige.png","1","Ortho Stretch Comfort Shoes","Fai ogni passo con più comfort e stile. Ortho Stretch Comfort Shoes è pensato per accompagnarti ogni giorno, con un design versatile facile da abbinare ai tuoi look preferiti."
"ortho-stretch-comfort-shoes","Ortho Stretch Comfort Shoes","<p>Fai ogni passo con più comfort e stile. Ortho Stretch Comfort Shoes è pensato per accompagnarti ogni giorno, con un design versatile facile da abbinare ai tuoi look preferiti.</p>","cloudsslides.co.uk","Calzado","Calzado","Scarpe, Novità, Selezione Juanjo","TRUE","Colore","Beige","Talla","41","ortho-stretch-comfort-shoes-beige-41","49.99","75.00","0","continue","assets/products/generated-shoe-beige.png","1","Ortho Stretch Comfort Shoes","Fai ogni passo con più comfort e stile. Ortho Stretch Comfort Shoes è pensato per accompagnarti ogni giorno, con un design versatile facile da abbinare ai tuoi look preferiti."
"ortho-stretch-comfort-shoes","Ortho Stretch Comfort Shoes","<p>Fai ogni passo con più comfort e stile. Ortho Stretch Comfort Shoes è pensato per accompagnarti ogni giorno, con un design versatile facile da abbinare ai tuoi look preferiti.</p>","cloudsslides.co.uk","Calzado","Calzado","Scarpe, Novità, Selezione Juanjo","TRUE","Colore","Marrone","Talla","36","ortho-stretch-comfort-shoes-marrone-36","49.99","75.00","0","continue","assets/products/generated-shoe-beige.png","1","Ortho Stretch Comfort Shoes","Fai ogni passo con più comfort e stile. Ortho Stretch Comfort Shoes è pensato per accompagnarti ogni giorno, con un design versatile facile da abbinare ai tuoi look preferiti."
"ortho-stretch-comfort-shoes","Ortho Stretch Comfort Shoes","<p>Fai ogni passo con più comfort e stile. Ortho Stretch Comfort Shoes è pensato per accompagnarti ogni giorno, con un design versatile facile da abbinare ai tuoi look preferiti.</p>","cloudsslides.co.uk","Calzado","Calzado","Scarpe, Novità, Selezione Juanjo","TRUE","Colore","Marrone","Talla","37","ortho-stretch-comfort-shoes-marrone-37","49.99","75.00","0","continue","assets/products/generated-shoe-beige.png","1","Ortho Stretch Comfort Shoes","Fai ogni passo con più comfort e stile. Ortho Stretch Comfort Shoes è pensato per accompagnarti ogni giorno, con un design versatile facile da abbinare ai tuoi look preferiti."
"ortho-stretch-comfort-shoes","Ortho Stretch Comfort Shoes","<p>Fai ogni passo con più comfort e stile. Ortho Stretch Comfort Shoes è pensato per accompagnarti ogni giorno, con un design versatile facile da abbinare ai tuoi look preferiti.</p>","cloudsslides.co.uk","Calzado","Calzado","Scarpe, Novità, Selezione Juanjo","TRUE","Colore","Marrone","Talla","38","ortho-stretch-comfort-shoes-marrone-38","49.99","75.00","0","continue","assets/products/generated-shoe-beige.png","1","Ortho Stretch Comfort Shoes","Fai ogni passo con più comfort e stile. Ortho Stretch Comfort Shoes è pensato per accompagnarti ogni giorno, con un design versatile facile da abbinare ai tuoi look preferiti."
"ortho-stretch-comfort-shoes","Ortho Stretch Comfort Shoes","<p>Fai ogni passo con più comfort e stile. Ortho Stretch Comfort Shoes è pensato per accompagnarti ogni giorno, con un design versatile facile da abbinare ai tuoi look preferiti.</p>","cloudsslides.co.uk","Calzado","Calzado","Scarpe, Novità, Selezione Juanjo","TRUE","Colore","Marrone","Talla","39","ortho-stretch-comfort-shoes-marrone-39","49.99","75.00","0","continue","assets/products/generated-shoe-beige.png","1","Ortho Stretch Comfort Shoes","Fai ogni passo con più comfort e stile. Ortho Stretch Comfort Shoes è pensato per accompagnarti ogni giorno, con un design versatile facile da abbinare ai tuoi look preferiti."
"ortho-stretch-comfort-shoes","Ortho Stretch Comfort Shoes","<p>Fai ogni passo con più comfort e stile. Ortho Stretch Comfort Shoes è pensato per accompagnarti ogni giorno, con un design versatile facile da abbinare ai tuoi look preferiti.</p>","cloudsslides.co.uk","Calzado","Calzado","Scarpe, Novità, Selezione Juanjo","TRUE","Colore","Marrone","Talla","40","ortho-stretch-comfort-shoes-marrone-40","49.99","75.00","0","continue","assets/products/generated-shoe-beige.png","1","Ortho Stretch Comfort Shoes","Fai ogni passo con più comfort e stile. Ortho Stretch Comfort Shoes è pensato per accompagnarti ogni giorno, con un design versatile facile da abbinare ai tuoi look preferiti."
"ortho-stretch-comfort-shoes","Ortho Stretch Comfort Shoes","<p>Fai ogni passo con più comfort e stile. Ortho Stretch Comfort Shoes è pensato per accompagnarti ogni giorno, con un design versatile facile da abbinare ai tuoi look preferiti.</p>","cloudsslides.co.uk","Calzado","Calzado","Scarpe, Novità, Selezione Juanjo","TRUE","Colore","Marrone","Talla","41","ortho-stretch-comfort-shoes-marrone-41","49.99","75.00","0","continue","assets/products/generated-shoe-beige.png","1","Ortho Stretch Comfort Shoes","Fai ogni passo con più comfort e stile. Ortho Stretch Comfort Shoes è pensato per accompagnarti ogni giorno, con un design versatile facile da abbinare ai tuoi look preferiti."
"ortho-stretch-comfort-shoes","Ortho Stretch Comfort Shoes","<p>Fai ogni passo con più comfort e stile. Ortho Stretch Comfort Shoes è pensato per accompagnarti ogni giorno, con un design versatile facile da abbinare ai tuoi look preferiti.</p>","cloudsslides.co.uk","Calzado","Calzado","Scarpe, Novità, Selezione Juanjo","TRUE","Colore","Bianco","Talla","36","ortho-stretch-comfort-shoes-bianco-36","49.99","75.00","0","continue","assets/products/generated-shoe-beige.png","1","Ortho Stretch Comfort Shoes","Fai ogni passo con più comfort e stile. Ortho Stretch Comfort Shoes è pensato per accompagnarti ogni giorno, con un design versatile facile da abbinare ai tuoi look preferiti."
"ortho-stretch-comfort-shoes","Ortho Stretch Comfort Shoes","<p>Fai ogni passo con più comfort e stile. Ortho Stretch Comfort Shoes è pensato per accompagnarti ogni giorno, con un design versatile facile da abbinare ai tuoi look preferiti.</p>","cloudsslides.co.uk","Calzado","Calzado","Scarpe, Novità, Selezione Juanjo","TRUE","Colore","Bianco","Talla","37","ortho-stretch-comfort-shoes-bianco-37","49.99","75.00","0","continue","assets/products/generated-shoe-beige.png","1","Ortho Stretch Comfort Shoes","Fai ogni passo con più comfort e stile. Ortho Stretch Comfort Shoes è pensato per accompagnarti ogni giorno, con un design versatile facile da abbinare ai tuoi look preferiti."
"ortho-stretch-comfort-shoes","Ortho Stretch Comfort Shoes","<p>Fai ogni passo con più comfort e stile. Ortho Stretch Comfort Shoes è pensato per accompagnarti ogni giorno, con un design versatile facile da abbinare ai tuoi look preferiti.</p>","cloudsslides.co.uk","Calzado","Calzado","Scarpe, Novità, Selezione Juanjo","TRUE","Colore","Bianco","Talla","38","ortho-stretch-comfort-shoes-bianco-38","49.99","75.00","0","continue","assets/products/generated-shoe-beige.png","1","Ortho Stretch Comfort Shoes","Fai ogni passo con più comfort e stile. Ortho Stretch Comfort Shoes è pensato per accompagnarti ogni giorno, con un design versatile facile da abbinare ai tuoi look preferiti."
"ortho-stretch-comfort-shoes","Ortho Stretch Comfort Shoes","<p>Fai ogni passo con più comfort e stile. Ortho Stretch Comfort Shoes è pensato per accompagnarti ogni giorno, con un design versatile facile da abbinare ai tuoi look preferiti.</p>","cloudsslides.co.uk","Calzado","Calzado","Scarpe, Novità, Selezione Juanjo","TRUE","Colore","Bianco","Talla","39","ortho-stretch-comfort-shoes-bianco-39","49.99","75.00","0","continue","assets/products/generated-shoe-beige.png","1","Ortho Stretch Comfort Shoes","Fai ogni passo con più comfort e stile. Ortho Stretch Comfort Shoes è pensato per accompagnarti ogni giorno, con un design versatile facile da abbinare ai tuoi look preferiti."
"ortho-stretch-comfort-shoes","Ortho Stretch Comfort Shoes","<p>Fai ogni passo con più comfort e stile. Ortho Stretch Comfort Shoes è pensato per accompagnarti ogni giorno, con un design versatile facile da abbinare ai tuoi look preferiti.</p>","cloudsslides.co.uk","Calzado","Calzado","Scarpe, Novità, Selezione Juanjo","TRUE","Colore","Bianco","Talla","40","ortho-stretch-comfort-shoes-bianco-40","49.99","75.00","0","continue","assets/products/generated-shoe-beige.png","1","Ortho Stretch Comfort Shoes","Fai ogni passo con più comfort e stile. Ortho Stretch Comfort Shoes è pensato per accompagnarti ogni giorno, con un design versatile facile da abbinare ai tuoi look preferiti."
"ortho-stretch-comfort-shoes","Ortho Stretch Comfort Shoes","<p>Fai ogni passo con più comfort e stile. Ortho Stretch Comfort Shoes è pensato per accompagnarti ogni giorno, con un design versatile facile da abbinare ai tuoi look preferiti.</p>","cloudsslides.co.uk","Calzado","Calzado","Scarpe, Novità, Selezione Juanjo","TRUE","Colore","Bianco","Talla","41","ortho-stretch-comfort-shoes-bianco-41","49.99","75.00","0","continue","assets/products/generated-shoe-beige.png","1","Ortho Stretch Comfort Shoes","Fai ogni passo con più comfort e stile. Ortho Stretch Comfort Shoes è pensato per accompagnarti ogni giorno, con un design versatile facile da abbinare ai tuoi look preferiti."
"solyn-barefoot-bogo","Solyn (barefoot, BOGO)","<p>Fai ogni passo con più comfort e stile. Solyn (barefoot, BOGO) è pensato per accompagnarti ogni giorno, con un design versatile facile da abbinare ai tuoi look preferiti.</p>","voyabarefoot.com","Calzado","Calzado","Scarpe, Novità, Selezione Juanjo","TRUE","Colore","Nero","Talla","36","solyn-barefoot-bogo-nero-36","79.95","129.99","0","continue","assets/products/generated-shoe-beige.png","1","Solyn (barefoot, BOGO)","Fai ogni passo con più comfort e stile. Solyn (barefoot, BOGO) è pensato per accompagnarti ogni giorno, con un design versatile facile da abbinare ai tuoi look preferiti."
"solyn-barefoot-bogo","Solyn (barefoot, BOGO)","<p>Fai ogni passo con più comfort e stile. Solyn (barefoot, BOGO) è pensato per accompagnarti ogni giorno, con un design versatile facile da abbinare ai tuoi look preferiti.</p>","voyabarefoot.com","Calzado","Calzado","Scarpe, Novità, Selezione Juanjo","TRUE","Colore","Nero","Talla","37","solyn-barefoot-bogo-nero-37","79.95","129.99","0","continue","assets/products/generated-shoe-beige.png","1","Solyn (barefoot, BOGO)","Fai ogni passo con più comfort e stile. Solyn (barefoot, BOGO) è pensato per accompagnarti ogni giorno, con un design versatile facile da abbinare ai tuoi look preferiti."
"solyn-barefoot-bogo","Solyn (barefoot, BOGO)","<p>Fai ogni passo con più comfort e stile. Solyn (barefoot, BOGO) è pensato per accompagnarti ogni giorno, con un design versatile facile da abbinare ai tuoi look preferiti.</p>","voyabarefoot.com","Calzado","Calzado","Scarpe, Novità, Selezione Juanjo","TRUE","Colore","Nero","Talla","38","solyn-barefoot-bogo-nero-38","79.95","129.99","0","continue","assets/products/generated-shoe-beige.png","1","Solyn (barefoot, BOGO)","Fai ogni passo con più comfort e stile. Solyn (barefoot, BOGO) è pensato per accompagnarti ogni giorno, con un design versatile facile da abbinare ai tuoi look preferiti."
"solyn-barefoot-bogo","Solyn (barefoot, BOGO)","<p>Fai ogni passo con più comfort e stile. Solyn (barefoot, BOGO) è pensato per accompagnarti ogni giorno, con un design versatile facile da abbinare ai tuoi look preferiti.</p>","voyabarefoot.com","Calzado","Calzado","Scarpe, Novità, Selezione Juanjo","TRUE","Colore","Nero","Talla","39","solyn-barefoot-bogo-nero-39","79.95","129.99","0","continue","assets/products/generated-shoe-beige.png","1","Solyn (barefoot, BOGO)","Fai ogni passo con più comfort e stile. Solyn (barefoot, BOGO) è pensato per accompagnarti ogni giorno, con un design versatile facile da abbinare ai tuoi look preferiti."
"solyn-barefoot-bogo","Solyn (barefoot, BOGO)","<p>Fai ogni passo con più comfort e stile. Solyn (barefoot, BOGO) è pensato per accompagnarti ogni giorno, con un design versatile facile da abbinare ai tuoi look preferiti.</p>","voyabarefoot.com","Calzado","Calzado","Scarpe, Novità, Selezione Juanjo","TRUE","Colore","Nero","Talla","40","solyn-barefoot-bogo-nero-40","79.95","129.99","0","continue","assets/products/generated-shoe-beige.png","1","Solyn (barefoot, BOGO)","Fai ogni passo con più comfort e stile. Solyn (barefoot, BOGO) è pensato per accompagnarti ogni giorno, con un design versatile facile da abbinare ai tuoi look preferiti."
"solyn-barefoot-bogo","Solyn (barefoot, BOGO)","<p>Fai ogni passo con più comfort e stile. Solyn (barefoot, BOGO) è pensato per accompagnarti ogni giorno, con un design versatile facile da abbinare ai tuoi look preferiti.</p>","voyabarefoot.com","Calzado","Calzado","Scarpe, Novità, Selezione Juanjo","TRUE","Colore","Nero","Talla","41","solyn-barefoot-bogo-nero-41","79.95","129.99","0","continue","assets/products/generated-shoe-beige.png","1","Solyn (barefoot, BOGO)","Fai ogni passo con più comfort e stile. Solyn (barefoot, BOGO) è pensato per accompagnarti ogni giorno, con un design versatile facile da abbinare ai tuoi look preferiti."
"solyn-barefoot-bogo","Solyn (barefoot, BOGO)","<p>Fai ogni passo con più comfort e stile. Solyn (barefoot, BOGO) è pensato per accompagnarti ogni giorno, con un design versatile facile da abbinare ai tuoi look preferiti.</p>","voyabarefoot.com","Calzado","Calzado","Scarpe, Novità, Selezione Juanjo","TRUE","Colore","Beige","Talla","36","solyn-barefoot-bogo-beige-36","79.95","129.99","0","continue","assets/products/generated-shoe-beige.png","1","Solyn (barefoot, BOGO)","Fai ogni passo con più comfort e stile. Solyn (barefoot, BOGO) è pensato per accompagnarti ogni giorno, con un design versatile facile da abbinare ai tuoi look preferiti."
"solyn-barefoot-bogo","Solyn (barefoot, BOGO)","<p>Fai ogni passo con più comfort e stile. Solyn (barefoot, BOGO) è pensato per accompagnarti ogni giorno, con un design versatile facile da abbinare ai tuoi look preferiti.</p>","voyabarefoot.com","Calzado","Calzado","Scarpe, Novità, Selezione Juanjo","TRUE","Colore","Beige","Talla","37","solyn-barefoot-bogo-beige-37","79.95","129.99","0","continue","assets/products/generated-shoe-beige.png","1","Solyn (barefoot, BOGO)","Fai ogni passo con più comfort e stile. Solyn (barefoot, BOGO) è pensato per accompagnarti ogni giorno, con un design versatile facile da abbinare ai tuoi look preferiti."
"solyn-barefoot-bogo","Solyn (barefoot, BOGO)","<p>Fai ogni passo con più comfort e stile. Solyn (barefoot, BOGO) è pensato per accompagnarti ogni giorno, con un design versatile facile da abbinare ai tuoi look preferiti.</p>","voyabarefoot.com","Calzado","Calzado","Scarpe, Novità, Selezione Juanjo","TRUE","Colore","Beige","Talla","38","solyn-barefoot-bogo-beige-38","79.95","129.99","0","continue","assets/products/generated-shoe-beige.png","1","Solyn (barefoot, BOGO)","Fai ogni passo con più comfort e stile. Solyn (barefoot, BOGO) è pensato per accompagnarti ogni giorno, con un design versatile facile da abbinare ai tuoi look preferiti."
"solyn-barefoot-bogo","Solyn (barefoot, BOGO)","<p>Fai ogni passo con più comfort e stile. Solyn (barefoot, BOGO) è pensato per accompagnarti ogni giorno, con un design versatile facile da abbinare ai tuoi look preferiti.</p>","voyabarefoot.com","Calzado","Calzado","Scarpe, Novità, Selezione Juanjo","TRUE","Colore","Beige","Talla","39","solyn-barefoot-bogo-beige-39","79.95","129.99","0","continue","assets/products/generated-shoe-beige.png","1","Solyn (barefoot, BOGO)","Fai ogni passo con più comfort e stile. Solyn (barefoot, BOGO) è pensato per accompagnarti ogni giorno, con un design versatile facile da abbinare ai tuoi look preferiti."
"solyn-barefoot-bogo","Solyn (barefoot, BOGO)","<p>Fai ogni passo con più comfort e stile. Solyn (barefoot, BOGO) è pensato per accompagnarti ogni giorno, con un design versatile facile da abbinare ai tuoi look preferiti.</p>","voyabarefoot.com","Calzado","Calzado","Scarpe, Novità, Selezione Juanjo","TRUE","Colore","Beige","Talla","40","solyn-barefoot-bogo-beige-40","79.95","129.99","0","continue","assets/products/generated-shoe-beige.png","1","Solyn (barefoot, BOGO)","Fai ogni passo con più comfort e stile. Solyn (barefoot, BOGO) è pensato per accompagnarti ogni giorno, con un design versatile facile da abbinare ai tuoi look preferiti."
"solyn-barefoot-bogo","Solyn (barefoot, BOGO)","<p>Fai ogni passo con più comfort e stile. Solyn (barefoot, BOGO) è pensato per accompagnarti ogni giorno, con un design versatile facile da abbinare ai tuoi look preferiti.</p>","voyabarefoot.com","Calzado","Calzado","Scarpe, Novità, Selezione Juanjo","TRUE","Colore","Beige","Talla","41","solyn-barefoot-bogo-beige-41","79.95","129.99","0","continue","assets/products/generated-shoe-beige.png","1","Solyn (barefoot, BOGO)","Fai ogni passo con più comfort e stile. Solyn (barefoot, BOGO) è pensato per accompagnarti ogni giorno, con un design versatile facile da abbinare ai tuoi look preferiti."
"solyn-barefoot-bogo","Solyn (barefoot, BOGO)","<p>Fai ogni passo con più comfort e stile. Solyn (barefoot, BOGO) è pensato per accompagnarti ogni giorno, con un design versatile facile da abbinare ai tuoi look preferiti.</p>","voyabarefoot.com","Calzado","Calzado","Scarpe, Novità, Selezione Juanjo","TRUE","Colore","Marrone","Talla","36","solyn-barefoot-bogo-marrone-36","79.95","129.99","0","continue","assets/products/generated-shoe-beige.png","1","Solyn (barefoot, BOGO)","Fai ogni passo con più comfort e stile. Solyn (barefoot, BOGO) è pensato per accompagnarti ogni giorno, con un design versatile facile da abbinare ai tuoi look preferiti."
"solyn-barefoot-bogo","Solyn (barefoot, BOGO)","<p>Fai ogni passo con più comfort e stile. Solyn (barefoot, BOGO) è pensato per accompagnarti ogni giorno, con un design versatile facile da abbinare ai tuoi look preferiti.</p>","voyabarefoot.com","Calzado","Calzado","Scarpe, Novità, Selezione Juanjo","TRUE","Colore","Marrone","Talla","37","solyn-barefoot-bogo-marrone-37","79.95","129.99","0","continue","assets/products/generated-shoe-beige.png","1","Solyn (barefoot, BOGO)","Fai ogni passo con più comfort e stile. Solyn (barefoot, BOGO) è pensato per accompagnarti ogni giorno, con un design versatile facile da abbinare ai tuoi look preferiti."
"solyn-barefoot-bogo","Solyn (barefoot, BOGO)","<p>Fai ogni passo con più comfort e stile. Solyn (barefoot, BOGO) è pensato per accompagnarti ogni giorno, con un design versatile facile da abbinare ai tuoi look preferiti.</p>","voyabarefoot.com","Calzado","Calzado","Scarpe, Novità, Selezione Juanjo","TRUE","Colore","Marrone","Talla","38","solyn-barefoot-bogo-marrone-38","79.95","129.99","0","continue","assets/products/generated-shoe-beige.png","1","Solyn (barefoot, BOGO)","Fai ogni passo con più comfort e stile. Solyn (barefoot, BOGO) è pensato per accompagnarti ogni giorno, con un design versatile facile da abbinare ai tuoi look preferiti."
"solyn-barefoot-bogo","Solyn (barefoot, BOGO)","<p>Fai ogni passo con più comfort e stile. Solyn (barefoot, BOGO) è pensato per accompagnarti ogni giorno, con un design versatile facile da abbinare ai tuoi look preferiti.</p>","voyabarefoot.com","Calzado","Calzado","Scarpe, Novità, Selezione Juanjo","TRUE","Colore","Marrone","Talla","39","solyn-barefoot-bogo-marrone-39","79.95","129.99","0","continue","assets/products/generated-shoe-beige.png","1","Solyn (barefoot, BOGO)","Fai ogni passo con più comfort e stile. Solyn (barefoot, BOGO) è pensato per accompagnarti ogni giorno, con un design versatile facile da abbinare ai tuoi look preferiti."
"solyn-barefoot-bogo","Solyn (barefoot, BOGO)","<p>Fai ogni passo con più comfort e stile. Solyn (barefoot, BOGO) è pensato per accompagnarti ogni giorno, con un design versatile facile da abbinare ai tuoi look preferiti.</p>","voyabarefoot.com","Calzado","Calzado","Scarpe, Novità, Selezione Juanjo","TRUE","Colore","Marrone","Talla","40","solyn-barefoot-bogo-marrone-40","79.95","129.99","0","continue","assets/products/generated-shoe-beige.png","1","Solyn (barefoot, BOGO)","Fai ogni passo con più comfort e stile. Solyn (barefoot, BOGO) è pensato per accompagnarti ogni giorno, con un design versatile facile da abbinare ai tuoi look preferiti."
"solyn-barefoot-bogo","Solyn (barefoot, BOGO)","<p>Fai ogni passo con più comfort e stile. Solyn (barefoot, BOGO) è pensato per accompagnarti ogni giorno, con un design versatile facile da abbinare ai tuoi look preferiti.</p>","voyabarefoot.com","Calzado","Calzado","Scarpe, Novità, Selezione Juanjo","TRUE","Colore","Marrone","Talla","41","solyn-barefoot-bogo-marrone-41","79.95","129.99","0","continue","assets/products/generated-shoe-beige.png","1","Solyn (barefoot, BOGO)","Fai ogni passo con più comfort e stile. Solyn (barefoot, BOGO) è pensato per accompagnarti ogni giorno, con un design versatile facile da abbinare ai tuoi look preferiti."
"solyn-barefoot-bogo","Solyn (barefoot, BOGO)","<p>Fai ogni passo con più comfort e stile. Solyn (barefoot, BOGO) è pensato per accompagnarti ogni giorno, con un design versatile facile da abbinare ai tuoi look preferiti.</p>","voyabarefoot.com","Calzado","Calzado","Scarpe, Novità, Selezione Juanjo","TRUE","Colore","Bianco","Talla","36","solyn-barefoot-bogo-bianco-36","79.95","129.99","0","continue","assets/products/generated-shoe-beige.png","1","Solyn (barefoot, BOGO)","Fai ogni passo con più comfort e stile. Solyn (barefoot, BOGO) è pensato per accompagnarti ogni giorno, con un design versatile facile da abbinare ai tuoi look preferiti."
"solyn-barefoot-bogo","Solyn (barefoot, BOGO)","<p>Fai ogni passo con più comfort e stile. Solyn (barefoot, BOGO) è pensato per accompagnarti ogni giorno, con un design versatile facile da abbinare ai tuoi look preferiti.</p>","voyabarefoot.com","Calzado","Calzado","Scarpe, Novità, Selezione Juanjo","TRUE","Colore","Bianco","Talla","37","solyn-barefoot-bogo-bianco-37","79.95","129.99","0","continue","assets/products/generated-shoe-beige.png","1","Solyn (barefoot, BOGO)","Fai ogni passo con più comfort e stile. Solyn (barefoot, BOGO) è pensato per accompagnarti ogni giorno, con un design versatile facile da abbinare ai tuoi look preferiti."
"solyn-barefoot-bogo","Solyn (barefoot, BOGO)","<p>Fai ogni passo con più comfort e stile. Solyn (barefoot, BOGO) è pensato per accompagnarti ogni giorno, con un design versatile facile da abbinare ai tuoi look preferiti.</p>","voyabarefoot.com","Calzado","Calzado","Scarpe, Novità, Selezione Juanjo","TRUE","Colore","Bianco","Talla","38","solyn-barefoot-bogo-bianco-38","79.95","129.99","0","continue","assets/products/generated-shoe-beige.png","1","Solyn (barefoot, BOGO)","Fai ogni passo con più comfort e stile. Solyn (barefoot, BOGO) è pensato per accompagnarti ogni giorno, con un design versatile facile da abbinare ai tuoi look preferiti."
"solyn-barefoot-bogo","Solyn (barefoot, BOGO)","<p>Fai ogni passo con più comfort e stile. Solyn (barefoot, BOGO) è pensato per accompagnarti ogni giorno, con un design versatile facile da abbinare ai tuoi look preferiti.</p>","voyabarefoot.com","Calzado","Calzado","Scarpe, Novità, Selezione Juanjo","TRUE","Colore","Bianco","Talla","39","solyn-barefoot-bogo-bianco-39","79.95","129.99","0","continue","assets/products/generated-shoe-beige.png","1","Solyn (barefoot, BOGO)","Fai ogni passo con più comfort e stile. Solyn (barefoot, BOGO) è pensato per accompagnarti ogni giorno, con un design versatile facile da abbinare ai tuoi look preferiti."
"solyn-barefoot-bogo","Solyn (barefoot, BOGO)","<p>Fai ogni passo con più comfort e stile. Solyn (barefoot, BOGO) è pensato per accompagnarti ogni giorno, con un design versatile facile da abbinare ai tuoi look preferiti.</p>","voyabarefoot.com","Calzado","Calzado","Scarpe, Novità, Selezione Juanjo","TRUE","Colore","Bianco","Talla","40","solyn-barefoot-bogo-bianco-40","79.95","129.99","0","continue","assets/products/generated-shoe-beige.png","1","Solyn (barefoot, BOGO)","Fai ogni passo con più comfort e stile. Solyn (barefoot, BOGO) è pensato per accompagnarti ogni giorno, con un design versatile facile da abbinare ai tuoi look preferiti."
"solyn-barefoot-bogo","Solyn (barefoot, BOGO)","<p>Fai ogni passo con più comfort e stile. Solyn (barefoot, BOGO) è pensato per accompagnarti ogni giorno, con un design versatile facile da abbinare ai tuoi look preferiti.</p>","voyabarefoot.com","Calzado","Calzado","Scarpe, Novità, Selezione Juanjo","TRUE","Colore","Bianco","Talla","41","solyn-barefoot-bogo-bianco-41","79.95","129.99","0","continue","assets/products/generated-shoe-beige.png","1","Solyn (barefoot, BOGO)","Fai ogni passo con più comfort e stile. Solyn (barefoot, BOGO) è pensato per accompagnarti ogni giorno, con un design versatile facile da abbinare ai tuoi look preferiti."
"pluffi-slippers","Pluffi Slippers","<p>Fai ogni passo con più comfort e stile. Pluffi Slippers è pensato per accompagnarti ogni giorno, con un design versatile facile da abbinare ai tuoi look preferiti.</p>","pluffi.com","Calzado","Calzado","Scarpe, Novità, Selezione Juanjo","TRUE","Colore","Nero","Talla","36","pluffi-slippers-nero-36","27.00","","0","continue","assets/products/generated-shoe-beige.png","1","Pluffi Slippers","Fai ogni passo con più comfort e stile. Pluffi Slippers è pensato per accompagnarti ogni giorno, con un design versatile facile da abbinare ai tuoi look preferiti."
"pluffi-slippers","Pluffi Slippers","<p>Fai ogni passo con più comfort e stile. Pluffi Slippers è pensato per accompagnarti ogni giorno, con un design versatile facile da abbinare ai tuoi look preferiti.</p>","pluffi.com","Calzado","Calzado","Scarpe, Novità, Selezione Juanjo","TRUE","Colore","Nero","Talla","37","pluffi-slippers-nero-37","27.00","","0","continue","assets/products/generated-shoe-beige.png","1","Pluffi Slippers","Fai ogni passo con più comfort e stile. Pluffi Slippers è pensato per accompagnarti ogni giorno, con un design versatile facile da abbinare ai tuoi look preferiti."
"pluffi-slippers","Pluffi Slippers","<p>Fai ogni passo con più comfort e stile. Pluffi Slippers è pensato per accompagnarti ogni giorno, con un design versatile facile da abbinare ai tuoi look preferiti.</p>","pluffi.com","Calzado","Calzado","Scarpe, Novità, Selezione Juanjo","TRUE","Colore","Nero","Talla","38","pluffi-slippers-nero-38","27.00","","0","continue","assets/products/generated-shoe-beige.png","1","Pluffi Slippers","Fai ogni passo con più comfort e stile. Pluffi Slippers è pensato per accompagnarti ogni giorno, con un design versatile facile da abbinare ai tuoi look preferiti."
"pluffi-slippers","Pluffi Slippers","<p>Fai ogni passo con più comfort e stile. Pluffi Slippers è pensato per accompagnarti ogni giorno, con un design versatile facile da abbinare ai tuoi look preferiti.</p>","pluffi.com","Calzado","Calzado","Scarpe, Novità, Selezione Juanjo","TRUE","Colore","Nero","Talla","39","pluffi-slippers-nero-39","27.00","","0","continue","assets/products/generated-shoe-beige.png","1","Pluffi Slippers","Fai ogni passo con più comfort e stile. Pluffi Slippers è pensato per accompagnarti ogni giorno, con un design versatile facile da abbinare ai tuoi look preferiti."
"pluffi-slippers","Pluffi Slippers","<p>Fai ogni passo con più comfort e stile. Pluffi Slippers è pensato per accompagnarti ogni giorno, con un design versatile facile da abbinare ai tuoi look preferiti.</p>","pluffi.com","Calzado","Calzado","Scarpe, Novità, Selezione Juanjo","TRUE","Colore","Nero","Talla","40","pluffi-slippers-nero-40","27.00","","0","continue","assets/products/generated-shoe-beige.png","1","Pluffi Slippers","Fai ogni passo con più comfort e stile. Pluffi Slippers è pensato per accompagnarti ogni giorno, con un design versatile facile da abbinare ai tuoi look preferiti."
"pluffi-slippers","Pluffi Slippers","<p>Fai ogni passo con più comfort e stile. Pluffi Slippers è pensato per accompagnarti ogni giorno, con un design versatile facile da abbinare ai tuoi look preferiti.</p>","pluffi.com","Calzado","Calzado","Scarpe, Novità, Selezione Juanjo","TRUE","Colore","Nero","Talla","41","pluffi-slippers-nero-41","27.00","","0","continue","assets/products/generated-shoe-beige.png","1","Pluffi Slippers","Fai ogni passo con più comfort e stile. Pluffi Slippers è pensato per accompagnarti ogni giorno, con un design versatile facile da abbinare ai tuoi look preferiti."
"pluffi-slippers","Pluffi Slippers","<p>Fai ogni passo con più comfort e stile. Pluffi Slippers è pensato per accompagnarti ogni giorno, con un design versatile facile da abbinare ai tuoi look preferiti.</p>","pluffi.com","Calzado","Calzado","Scarpe, Novità, Selezione Juanjo","TRUE","Colore","Beige","Talla","36","pluffi-slippers-beige-36","27.00","","0","continue","assets/products/generated-shoe-beige.png","1","Pluffi Slippers","Fai ogni passo con più comfort e stile. Pluffi Slippers è pensato per accompagnarti ogni giorno, con un design versatile facile da abbinare ai tuoi look preferiti."
"pluffi-slippers","Pluffi Slippers","<p>Fai ogni passo con più comfort e stile. Pluffi Slippers è pensato per accompagnarti ogni giorno, con un design versatile facile da abbinare ai tuoi look preferiti.</p>","pluffi.com","Calzado","Calzado","Scarpe, Novità, Selezione Juanjo","TRUE","Colore","Beige","Talla","37","pluffi-slippers-beige-37","27.00","","0","continue","assets/products/generated-shoe-beige.png","1","Pluffi Slippers","Fai ogni passo con più comfort e stile. Pluffi Slippers è pensato per accompagnarti ogni giorno, con un design versatile facile da abbinare ai tuoi look preferiti."
"pluffi-slippers","Pluffi Slippers","<p>Fai ogni passo con più comfort e stile. Pluffi Slippers è pensato per accompagnarti ogni giorno, con un design versatile facile da abbinare ai tuoi look preferiti.</p>","pluffi.com","Calzado","Calzado","Scarpe, Novità, Selezione Juanjo","TRUE","Colore","Beige","Talla","38","pluffi-slippers-beige-38","27.00","","0","continue","assets/products/generated-shoe-beige.png","1","Pluffi Slippers","Fai ogni passo con più comfort e stile. Pluffi Slippers è pensato per accompagnarti ogni giorno, con un design versatile facile da abbinare ai tuoi look preferiti."
"pluffi-slippers","Pluffi Slippers","<p>Fai ogni passo con più comfort e stile. Pluffi Slippers è pensato per accompagnarti ogni giorno, con un design versatile facile da abbinare ai tuoi look preferiti.</p>","pluffi.com","Calzado","Calzado","Scarpe, Novità, Selezione Juanjo","TRUE","Colore","Beige","Talla","39","pluffi-slippers-beige-39","27.00","","0","continue","assets/products/generated-shoe-beige.png","1","Pluffi Slippers","Fai ogni passo con più comfort e stile. Pluffi Slippers è pensato per accompagnarti ogni giorno, con un design versatile facile da abbinare ai tuoi look preferiti."
"pluffi-slippers","Pluffi Slippers","<p>Fai ogni passo con più comfort e stile. Pluffi Slippers è pensato per accompagnarti ogni giorno, con un design versatile facile da abbinare ai tuoi look preferiti.</p>","pluffi.com","Calzado","Calzado","Scarpe, Novità, Selezione Juanjo","TRUE","Colore","Beige","Talla","40","pluffi-slippers-beige-40","27.00","","0","continue","assets/products/generated-shoe-beige.png","1","Pluffi Slippers","Fai ogni passo con più comfort e stile. Pluffi Slippers è pensato per accompagnarti ogni giorno, con un design versatile facile da abbinare ai tuoi look preferiti."
"pluffi-slippers","Pluffi Slippers","<p>Fai ogni passo con più comfort e stile. Pluffi Slippers è pensato per accompagnarti ogni giorno, con un design versatile facile da abbinare ai tuoi look preferiti.</p>","pluffi.com","Calzado","Calzado","Scarpe, Novità, Selezione Juanjo","TRUE","Colore","Beige","Talla","41","pluffi-slippers-beige-41","27.00","","0","continue","assets/products/generated-shoe-beige.png","1","Pluffi Slippers","Fai ogni passo con più comfort e stile. Pluffi Slippers è pensato per accompagnarti ogni giorno, con un design versatile facile da abbinare ai tuoi look preferiti."
"pluffi-slippers","Pluffi Slippers","<p>Fai ogni passo con più comfort e stile. Pluffi Slippers è pensato per accompagnarti ogni giorno, con un design versatile facile da abbinare ai tuoi look preferiti.</p>","pluffi.com","Calzado","Calzado","Scarpe, Novità, Selezione Juanjo","TRUE","Colore","Marrone","Talla","36","pluffi-slippers-marrone-36","27.00","","0","continue","assets/products/generated-shoe-beige.png","1","Pluffi Slippers","Fai ogni passo con più comfort e stile. Pluffi Slippers è pensato per accompagnarti ogni giorno, con un design versatile facile da abbinare ai tuoi look preferiti."
"pluffi-slippers","Pluffi Slippers","<p>Fai ogni passo con più comfort e stile. Pluffi Slippers è pensato per accompagnarti ogni giorno, con un design versatile facile da abbinare ai tuoi look preferiti.</p>","pluffi.com","Calzado","Calzado","Scarpe, Novità, Selezione Juanjo","TRUE","Colore","Marrone","Talla","37","pluffi-slippers-marrone-37","27.00","","0","continue","assets/products/generated-shoe-beige.png","1","Pluffi Slippers","Fai ogni passo con più comfort e stile. Pluffi Slippers è pensato per accompagnarti ogni giorno, con un design versatile facile da abbinare ai tuoi look preferiti."
"pluffi-slippers","Pluffi Slippers","<p>Fai ogni passo con più comfort e stile. Pluffi Slippers è pensato per accompagnarti ogni giorno, con un design versatile facile da abbinare ai tuoi look preferiti.</p>","pluffi.com","Calzado","Calzado","Scarpe, Novità, Selezione Juanjo","TRUE","Colore","Marrone","Talla","38","pluffi-slippers-marrone-38","27.00","","0","continue","assets/products/generated-shoe-beige.png","1","Pluffi Slippers","Fai ogni passo con più comfort e stile. Pluffi Slippers è pensato per accompagnarti ogni giorno, con un design versatile facile da abbinare ai tuoi look preferiti."
"pluffi-slippers","Pluffi Slippers","<p>Fai ogni passo con più comfort e stile. Pluffi Slippers è pensato per accompagnarti ogni giorno, con un design versatile facile da abbinare ai tuoi look preferiti.</p>","pluffi.com","Calzado","Calzado","Scarpe, Novità, Selezione Juanjo","TRUE","Colore","Marrone","Talla","39","pluffi-slippers-marrone-39","27.00","","0","continue","assets/products/generated-shoe-beige.png","1","Pluffi Slippers","Fai ogni passo con più comfort e stile. Pluffi Slippers è pensato per accompagnarti ogni giorno, con un design versatile facile da abbinare ai tuoi look preferiti."
"pluffi-slippers","Pluffi Slippers","<p>Fai ogni passo con più comfort e stile. Pluffi Slippers è pensato per accompagnarti ogni giorno, con un design versatile facile da abbinare ai tuoi look preferiti.</p>","pluffi.com","Calzado","Calzado","Scarpe, Novità, Selezione Juanjo","TRUE","Colore","Marrone","Talla","40","pluffi-slippers-marrone-40","27.00","","0","continue","assets/products/generated-shoe-beige.png","1","Pluffi Slippers","Fai ogni passo con più comfort e stile. Pluffi Slippers è pensato per accompagnarti ogni giorno, con un design versatile facile da abbinare ai tuoi look preferiti."
"pluffi-slippers","Pluffi Slippers","<p>Fai ogni passo con più comfort e stile. Pluffi Slippers è pensato per accompagnarti ogni giorno, con un design versatile facile da abbinare ai tuoi look preferiti.</p>","pluffi.com","Calzado","Calzado","Scarpe, Novità, Selezione Juanjo","TRUE","Colore","Marrone","Talla","41","pluffi-slippers-marrone-41","27.00","","0","continue","assets/products/generated-shoe-beige.png","1","Pluffi Slippers","Fai ogni passo con più comfort e stile. Pluffi Slippers è pensato per accompagnarti ogni giorno, con un design versatile facile da abbinare ai tuoi look preferiti."
"pluffi-slippers","Pluffi Slippers","<p>Fai ogni passo con più comfort e stile. Pluffi Slippers è pensato per accompagnarti ogni giorno, con un design versatile facile da abbinare ai tuoi look preferiti.</p>","pluffi.com","Calzado","Calzado","Scarpe, Novità, Selezione Juanjo","TRUE","Colore","Bianco","Talla","36","pluffi-slippers-bianco-36","27.00","","0","continue","assets/products/generated-shoe-beige.png","1","Pluffi Slippers","Fai ogni passo con più comfort e stile. Pluffi Slippers è pensato per accompagnarti ogni giorno, con un design versatile facile da abbinare ai tuoi look preferiti."
"pluffi-slippers","Pluffi Slippers","<p>Fai ogni passo con più comfort e stile. Pluffi Slippers è pensato per accompagnarti ogni giorno, con un design versatile facile da abbinare ai tuoi look preferiti.</p>","pluffi.com","Calzado","Calzado","Scarpe, Novità, Selezione Juanjo","TRUE","Colore","Bianco","Talla","37","pluffi-slippers-bianco-37","27.00","","0","continue","assets/products/generated-shoe-beige.png","1","Pluffi Slippers","Fai ogni passo con più comfort e stile. Pluffi Slippers è pensato per accompagnarti ogni giorno, con un design versatile facile da abbinare ai tuoi look preferiti."
"pluffi-slippers","Pluffi Slippers","<p>Fai ogni passo con più comfort e stile. Pluffi Slippers è pensato per accompagnarti ogni giorno, con un design versatile facile da abbinare ai tuoi look preferiti.</p>","pluffi.com","Calzado","Calzado","Scarpe, Novità, Selezione Juanjo","TRUE","Colore","Bianco","Talla","38","pluffi-slippers-bianco-38","27.00","","0","continue","assets/products/generated-shoe-beige.png","1","Pluffi Slippers","Fai ogni passo con più comfort e stile. Pluffi Slippers è pensato per accompagnarti ogni giorno, con un design versatile facile da abbinare ai tuoi look preferiti."
"pluffi-slippers","Pluffi Slippers","<p>Fai ogni passo con più comfort e stile. Pluffi Slippers è pensato per accompagnarti ogni giorno, con un design versatile facile da abbinare ai tuoi look preferiti.</p>","pluffi.com","Calzado","Calzado","Scarpe, Novità, Selezione Juanjo","TRUE","Colore","Bianco","Talla","39","pluffi-slippers-bianco-39","27.00","","0","continue","assets/products/generated-shoe-beige.png","1","Pluffi Slippers","Fai ogni passo con più comfort e stile. Pluffi Slippers è pensato per accompagnarti ogni giorno, con un design versatile facile da abbinare ai tuoi look preferiti."
"pluffi-slippers","Pluffi Slippers","<p>Fai ogni passo con più comfort e stile. Pluffi Slippers è pensato per accompagnarti ogni giorno, con un design versatile facile da abbinare ai tuoi look preferiti.</p>","pluffi.com","Calzado","Calzado","Scarpe, Novità, Selezione Juanjo","TRUE","Colore","Bianco","Talla","40","pluffi-slippers-bianco-40","27.00","","0","continue","assets/products/generated-shoe-beige.png","1","Pluffi Slippers","Fai ogni passo con più comfort e stile. Pluffi Slippers è pensato per accompagnarti ogni giorno, con un design versatile facile da abbinare ai tuoi look preferiti."
"pluffi-slippers","Pluffi Slippers","<p>Fai ogni passo con più comfort e stile. Pluffi Slippers è pensato per accompagnarti ogni giorno, con un design versatile facile da abbinare ai tuoi look preferiti.</p>","pluffi.com","Calzado","Calzado","Scarpe, Novità, Selezione Juanjo","TRUE","Colore","Bianco","Talla","41","pluffi-slippers-bianco-41","27.00","","0","continue","assets/products/generated-shoe-beige.png","1","Pluffi Slippers","Fai ogni passo con più comfort e stile. Pluffi Slippers è pensato per accompagnarti ogni giorno, con un design versatile facile da abbinare ai tuoi look preferiti."
"thick-soled-cushioned-casual-sandals","Thick-Soled Cushioned Casual Sandals","<p>Fai ogni passo con più comfort e stile. Thick-Soled Cushioned Casual Sandals è pensato per accompagnarti ogni giorno, con un design versatile facile da abbinare ai tuoi look preferiti.</p>","belksale.com","Calzado","Calzado","Scarpe, Novità, Selezione Juanjo","TRUE","Colore","Nero","Talla","36","thick-soled-cushioned-casual-sandals-nero-36","0.00","","0","continue","assets/products/generated-shoe-beige.png","1","Thick-Soled Cushioned Casual Sandals","Fai ogni passo con più comfort e stile. Thick-Soled Cushioned Casual Sandals è pensato per accompagnarti ogni giorno, con un design versatile facile da abbinare ai tuoi look preferiti."
"thick-soled-cushioned-casual-sandals","Thick-Soled Cushioned Casual Sandals","<p>Fai ogni passo con più comfort e stile. Thick-Soled Cushioned Casual Sandals è pensato per accompagnarti ogni giorno, con un design versatile facile da abbinare ai tuoi look preferiti.</p>","belksale.com","Calzado","Calzado","Scarpe, Novità, Selezione Juanjo","TRUE","Colore","Nero","Talla","37","thick-soled-cushioned-casual-sandals-nero-37","0.00","","0","continue","assets/products/generated-shoe-beige.png","1","Thick-Soled Cushioned Casual Sandals","Fai ogni passo con più comfort e stile. Thick-Soled Cushioned Casual Sandals è pensato per accompagnarti ogni giorno, con un design versatile facile da abbinare ai tuoi look preferiti."
"thick-soled-cushioned-casual-sandals","Thick-Soled Cushioned Casual Sandals","<p>Fai ogni passo con più comfort e stile. Thick-Soled Cushioned Casual Sandals è pensato per accompagnarti ogni giorno, con un design versatile facile da abbinare ai tuoi look preferiti.</p>","belksale.com","Calzado","Calzado","Scarpe, Novità, Selezione Juanjo","TRUE","Colore","Nero","Talla","38","thick-soled-cushioned-casual-sandals-nero-38","0.00","","0","continue","assets/products/generated-shoe-beige.png","1","Thick-Soled Cushioned Casual Sandals","Fai ogni passo con più comfort e stile. Thick-Soled Cushioned Casual Sandals è pensato per accompagnarti ogni giorno, con un design versatile facile da abbinare ai tuoi look preferiti."
"thick-soled-cushioned-casual-sandals","Thick-Soled Cushioned Casual Sandals","<p>Fai ogni passo con più comfort e stile. Thick-Soled Cushioned Casual Sandals è pensato per accompagnarti ogni giorno, con un design versatile facile da abbinare ai tuoi look preferiti.</p>","belksale.com","Calzado","Calzado","Scarpe, Novità, Selezione Juanjo","TRUE","Colore","Nero","Talla","39","thick-soled-cushioned-casual-sandals-nero-39","0.00","","0","continue","assets/products/generated-shoe-beige.png","1","Thick-Soled Cushioned Casual Sandals","Fai ogni passo con più comfort e stile. Thick-Soled Cushioned Casual Sandals è pensato per accompagnarti ogni giorno, con un design versatile facile da abbinare ai tuoi look preferiti."
"thick-soled-cushioned-casual-sandals","Thick-Soled Cushioned Casual Sandals","<p>Fai ogni passo con più comfort e stile. Thick-Soled Cushioned Casual Sandals è pensato per accompagnarti ogni giorno, con un design versatile facile da abbinare ai tuoi look preferiti.</p>","belksale.com","Calzado","Calzado","Scarpe, Novità, Selezione Juanjo","TRUE","Colore","Nero","Talla","40","thick-soled-cushioned-casual-sandals-nero-40","0.00","","0","continue","assets/products/generated-shoe-beige.png","1","Thick-Soled Cushioned Casual Sandals","Fai ogni passo con più comfort e stile. Thick-Soled Cushioned Casual Sandals è pensato per accompagnarti ogni giorno, con un design versatile facile da abbinare ai tuoi look preferiti."
"thick-soled-cushioned-casual-sandals","Thick-Soled Cushioned Casual Sandals","<p>Fai ogni passo con più comfort e stile. Thick-Soled Cushioned Casual Sandals è pensato per accompagnarti ogni giorno, con un design versatile facile da abbinare ai tuoi look preferiti.</p>","belksale.com","Calzado","Calzado","Scarpe, Novità, Selezione Juanjo","TRUE","Colore","Nero","Talla","41","thick-soled-cushioned-casual-sandals-nero-41","0.00","","0","continue","assets/products/generated-shoe-beige.png","1","Thick-Soled Cushioned Casual Sandals","Fai ogni passo con più comfort e stile. Thick-Soled Cushioned Casual Sandals è pensato per accompagnarti ogni giorno, con un design versatile facile da abbinare ai tuoi look preferiti."
"thick-soled-cushioned-casual-sandals","Thick-Soled Cushioned Casual Sandals","<p>Fai ogni passo con più comfort e stile. Thick-Soled Cushioned Casual Sandals è pensato per accompagnarti ogni giorno, con un design versatile facile da abbinare ai tuoi look preferiti.</p>","belksale.com","Calzado","Calzado","Scarpe, Novità, Selezione Juanjo","TRUE","Colore","Beige","Talla","36","thick-soled-cushioned-casual-sandals-beige-36","0.00","","0","continue","assets/products/generated-shoe-beige.png","1","Thick-Soled Cushioned Casual Sandals","Fai ogni passo con più comfort e stile. Thick-Soled Cushioned Casual Sandals è pensato per accompagnarti ogni giorno, con un design versatile facile da abbinare ai tuoi look preferiti."
"thick-soled-cushioned-casual-sandals","Thick-Soled Cushioned Casual Sandals","<p>Fai ogni passo con più comfort e stile. Thick-Soled Cushioned Casual Sandals è pensato per accompagnarti ogni giorno, con un design versatile facile da abbinare ai tuoi look preferiti.</p>","belksale.com","Calzado","Calzado","Scarpe, Novità, Selezione Juanjo","TRUE","Colore","Beige","Talla","37","thick-soled-cushioned-casual-sandals-beige-37","0.00","","0","continue","assets/products/generated-shoe-beige.png","1","Thick-Soled Cushioned Casual Sandals","Fai ogni passo con più comfort e stile. Thick-Soled Cushioned Casual Sandals è pensato per accompagnarti ogni giorno, con un design versatile facile da abbinare ai tuoi look preferiti."
"thick-soled-cushioned-casual-sandals","Thick-Soled Cushioned Casual Sandals","<p>Fai ogni passo con più comfort e stile. Thick-Soled Cushioned Casual Sandals è pensato per accompagnarti ogni giorno, con un design versatile facile da abbinare ai tuoi look preferiti.</p>","belksale.com","Calzado","Calzado","Scarpe, Novità, Selezione Juanjo","TRUE","Colore","Beige","Talla","38","thick-soled-cushioned-casual-sandals-beige-38","0.00","","0","continue","assets/products/generated-shoe-beige.png","1","Thick-Soled Cushioned Casual Sandals","Fai ogni passo con più comfort e stile. Thick-Soled Cushioned Casual Sandals è pensato per accompagnarti ogni giorno, con un design versatile facile da abbinare ai tuoi look preferiti."
"thick-soled-cushioned-casual-sandals","Thick-Soled Cushioned Casual Sandals","<p>Fai ogni passo con più comfort e stile. Thick-Soled Cushioned Casual Sandals è pensato per accompagnarti ogni giorno, con un design versatile facile da abbinare ai tuoi look preferiti.</p>","belksale.com","Calzado","Calzado","Scarpe, Novità, Selezione Juanjo","TRUE","Colore","Beige","Talla","39","thick-soled-cushioned-casual-sandals-beige-39","0.00","","0","continue","assets/products/generated-shoe-beige.png","1","Thick-Soled Cushioned Casual Sandals","Fai ogni passo con più comfort e stile. Thick-Soled Cushioned Casual Sandals è pensato per accompagnarti ogni giorno, con un design versatile facile da abbinare ai tuoi look preferiti."
"thick-soled-cushioned-casual-sandals","Thick-Soled Cushioned Casual Sandals","<p>Fai ogni passo con più comfort e stile. Thick-Soled Cushioned Casual Sandals è pensato per accompagnarti ogni giorno, con un design versatile facile da abbinare ai tuoi look preferiti.</p>","belksale.com","Calzado","Calzado","Scarpe, Novità, Selezione Juanjo","TRUE","Colore","Beige","Talla","40","thick-soled-cushioned-casual-sandals-beige-40","0.00","","0","continue","assets/products/generated-shoe-beige.png","1","Thick-Soled Cushioned Casual Sandals","Fai ogni passo con più comfort e stile. Thick-Soled Cushioned Casual Sandals è pensato per accompagnarti ogni giorno, con un design versatile facile da abbinare ai tuoi look preferiti."
"thick-soled-cushioned-casual-sandals","Thick-Soled Cushioned Casual Sandals","<p>Fai ogni passo con più comfort e stile. Thick-Soled Cushioned Casual Sandals è pensato per accompagnarti ogni giorno, con un design versatile facile da abbinare ai tuoi look preferiti.</p>","belksale.com","Calzado","Calzado","Scarpe, Novità, Selezione Juanjo","TRUE","Colore","Beige","Talla","41","thick-soled-cushioned-casual-sandals-beige-41","0.00","","0","continue","assets/products/generated-shoe-beige.png","1","Thick-Soled Cushioned Casual Sandals","Fai ogni passo con più comfort e stile. Thick-Soled Cushioned Casual Sandals è pensato per accompagnarti ogni giorno, con un design versatile facile da abbinare ai tuoi look preferiti."
"thick-soled-cushioned-casual-sandals","Thick-Soled Cushioned Casual Sandals","<p>Fai ogni passo con più comfort e stile. Thick-Soled Cushioned Casual Sandals è pensato per accompagnarti ogni giorno, con un design versatile facile da abbinare ai tuoi look preferiti.</p>","belksale.com","Calzado","Calzado","Scarpe, Novità, Selezione Juanjo","TRUE","Colore","Marrone","Talla","36","thick-soled-cushioned-casual-sandals-marrone-36","0.00","","0","continue","assets/products/generated-shoe-beige.png","1","Thick-Soled Cushioned Casual Sandals","Fai ogni passo con più comfort e stile. Thick-Soled Cushioned Casual Sandals è pensato per accompagnarti ogni giorno, con un design versatile facile da abbinare ai tuoi look preferiti."
"thick-soled-cushioned-casual-sandals","Thick-Soled Cushioned Casual Sandals","<p>Fai ogni passo con più comfort e stile. Thick-Soled Cushioned Casual Sandals è pensato per accompagnarti ogni giorno, con un design versatile facile da abbinare ai tuoi look preferiti.</p>","belksale.com","Calzado","Calzado","Scarpe, Novità, Selezione Juanjo","TRUE","Colore","Marrone","Talla","37","thick-soled-cushioned-casual-sandals-marrone-37","0.00","","0","continue","assets/products/generated-shoe-beige.png","1","Thick-Soled Cushioned Casual Sandals","Fai ogni passo con più comfort e stile. Thick-Soled Cushioned Casual Sandals è pensato per accompagnarti ogni giorno, con un design versatile facile da abbinare ai tuoi look preferiti."
"thick-soled-cushioned-casual-sandals","Thick-Soled Cushioned Casual Sandals","<p>Fai ogni passo con più comfort e stile. Thick-Soled Cushioned Casual Sandals è pensato per accompagnarti ogni giorno, con un design versatile facile da abbinare ai tuoi look preferiti.</p>","belksale.com","Calzado","Calzado","Scarpe, Novità, Selezione Juanjo","TRUE","Colore","Marrone","Talla","38","thick-soled-cushioned-casual-sandals-marrone-38","0.00","","0","continue","assets/products/generated-shoe-beige.png","1","Thick-Soled Cushioned Casual Sandals","Fai ogni passo con più comfort e stile. Thick-Soled Cushioned Casual Sandals è pensato per accompagnarti ogni giorno, con un design versatile facile da abbinare ai tuoi look preferiti."
"thick-soled-cushioned-casual-sandals","Thick-Soled Cushioned Casual Sandals","<p>Fai ogni passo con più comfort e stile. Thick-Soled Cushioned Casual Sandals è pensato per accompagnarti ogni giorno, con un design versatile facile da abbinare ai tuoi look preferiti.</p>","belksale.com","Calzado","Calzado","Scarpe, Novità, Selezione Juanjo","TRUE","Colore","Marrone","Talla","39","thick-soled-cushioned-casual-sandals-marrone-39","0.00","","0","continue","assets/products/generated-shoe-beige.png","1","Thick-Soled Cushioned Casual Sandals","Fai ogni passo con più comfort e stile. Thick-Soled Cushioned Casual Sandals è pensato per accompagnarti ogni giorno, con un design versatile facile da abbinare ai tuoi look preferiti."
"thick-soled-cushioned-casual-sandals","Thick-Soled Cushioned Casual Sandals","<p>Fai ogni passo con più comfort e stile. Thick-Soled Cushioned Casual Sandals è pensato per accompagnarti ogni giorno, con un design versatile facile da abbinare ai tuoi look preferiti.</p>","belksale.com","Calzado","Calzado","Scarpe, Novità, Selezione Juanjo","TRUE","Colore","Marrone","Talla","40","thick-soled-cushioned-casual-sandals-marrone-40","0.00","","0","continue","assets/products/generated-shoe-beige.png","1","Thick-Soled Cushioned Casual Sandals","Fai ogni passo con più comfort e stile. Thick-Soled Cushioned Casual Sandals è pensato per accompagnarti ogni giorno, con un design versatile facile da abbinare ai tuoi look preferiti."
"thick-soled-cushioned-casual-sandals","Thick-Soled Cushioned Casual Sandals","<p>Fai ogni passo con più comfort e stile. Thick-Soled Cushioned Casual Sandals è pensato per accompagnarti ogni giorno, con un design versatile facile da abbinare ai tuoi look preferiti.</p>","belksale.com","Calzado","Calzado","Scarpe, Novità, Selezione Juanjo","TRUE","Colore","Marrone","Talla","41","thick-soled-cushioned-casual-sandals-marrone-41","0.00","","0","continue","assets/products/generated-shoe-beige.png","1","Thick-Soled Cushioned Casual Sandals","Fai ogni passo con più comfort e stile. Thick-Soled Cushioned Casual Sandals è pensato per accompagnarti ogni giorno, con un design versatile facile da abbinare ai tuoi look preferiti."
"thick-soled-cushioned-casual-sandals","Thick-Soled Cushioned Casual Sandals","<p>Fai ogni passo con più comfort e stile. Thick-Soled Cushioned Casual Sandals è pensato per accompagnarti ogni giorno, con un design versatile facile da abbinare ai tuoi look preferiti.</p>","belksale.com","Calzado","Calzado","Scarpe, Novità, Selezione Juanjo","TRUE","Colore","Bianco","Talla","36","thick-soled-cushioned-casual-sandals-bianco-36","0.00","","0","continue","assets/products/generated-shoe-beige.png","1","Thick-Soled Cushioned Casual Sandals","Fai ogni passo con più comfort e stile. Thick-Soled Cushioned Casual Sandals è pensato per accompagnarti ogni giorno, con un design versatile facile da abbinare ai tuoi look preferiti."
"thick-soled-cushioned-casual-sandals","Thick-Soled Cushioned Casual Sandals","<p>Fai ogni passo con più comfort e stile. Thick-Soled Cushioned Casual Sandals è pensato per accompagnarti ogni giorno, con un design versatile facile da abbinare ai tuoi look preferiti.</p>","belksale.com","Calzado","Calzado","Scarpe, Novità, Selezione Juanjo","TRUE","Colore","Bianco","Talla","37","thick-soled-cushioned-casual-sandals-bianco-37","0.00","","0","continue","assets/products/generated-shoe-beige.png","1","Thick-Soled Cushioned Casual Sandals","Fai ogni passo con più comfort e stile. Thick-Soled Cushioned Casual Sandals è pensato per accompagnarti ogni giorno, con un design versatile facile da abbinare ai tuoi look preferiti."
"thick-soled-cushioned-casual-sandals","Thick-Soled Cushioned Casual Sandals","<p>Fai ogni passo con più comfort e stile. Thick-Soled Cushioned Casual Sandals è pensato per accompagnarti ogni giorno, con un design versatile facile da abbinare ai tuoi look preferiti.</p>","belksale.com","Calzado","Calzado","Scarpe, Novità, Selezione Juanjo","TRUE","Colore","Bianco","Talla","38","thick-soled-cushioned-casual-sandals-bianco-38","0.00","","0","continue","assets/products/generated-shoe-beige.png","1","Thick-Soled Cushioned Casual Sandals","Fai ogni passo con più comfort e stile. Thick-Soled Cushioned Casual Sandals è pensato per accompagnarti ogni giorno, con un design versatile facile da abbinare ai tuoi look preferiti."
"thick-soled-cushioned-casual-sandals","Thick-Soled Cushioned Casual Sandals","<p>Fai ogni passo con più comfort e stile. Thick-Soled Cushioned Casual Sandals è pensato per accompagnarti ogni giorno, con un design versatile facile da abbinare ai tuoi look preferiti.</p>","belksale.com","Calzado","Calzado","Scarpe, Novità, Selezione Juanjo","TRUE","Colore","Bianco","Talla","39","thick-soled-cushioned-casual-sandals-bianco-39","0.00","","0","continue","assets/products/generated-shoe-beige.png","1","Thick-Soled Cushioned Casual Sandals","Fai ogni passo con più comfort e stile. Thick-Soled Cushioned Casual Sandals è pensato per accompagnarti ogni giorno, con un design versatile facile da abbinare ai tuoi look preferiti."
"thick-soled-cushioned-casual-sandals","Thick-Soled Cushioned Casual Sandals","<p>Fai ogni passo con più comfort e stile. Thick-Soled Cushioned Casual Sandals è pensato per accompagnarti ogni giorno, con un design versatile facile da abbinare ai tuoi look preferiti.</p>","belksale.com","Calzado","Calzado","Scarpe, Novità, Selezione Juanjo","TRUE","Colore","Bianco","Talla","40","thick-soled-cushioned-casual-sandals-bianco-40","0.00","","0","continue","assets/products/generated-shoe-beige.png","1","Thick-Soled Cushioned Casual Sandals","Fai ogni passo con più comfort e stile. Thick-Soled Cushioned Casual Sandals è pensato per accompagnarti ogni giorno, con un design versatile facile da abbinare ai tuoi look preferiti."
"thick-soled-cushioned-casual-sandals","Thick-Soled Cushioned Casual Sandals","<p>Fai ogni passo con più comfort e stile. Thick-Soled Cushioned Casual Sandals è pensato per accompagnarti ogni giorno, con un design versatile facile da abbinare ai tuoi look preferiti.</p>","belksale.com","Calzado","Calzado","Scarpe, Novità, Selezione Juanjo","TRUE","Colore","Bianco","Talla","41","thick-soled-cushioned-casual-sandals-bianco-41","0.00","","0","continue","assets/products/generated-shoe-beige.png","1","Thick-Soled Cushioned Casual Sandals","Fai ogni passo con più comfort e stile. Thick-Soled Cushioned Casual Sandals è pensato per accompagnarti ogni giorno, con un design versatile facile da abbinare ai tuoi look preferiti."
"orthopaedic-slip-on-shoes-for-women","Orthopaedic Slip-On Shoes for Women","<p>Fai ogni passo con più comfort e stile. Orthopaedic Slip-On Shoes for Women è pensato per accompagnarti ogni giorno, con un design versatile facile da abbinare ai tuoi look preferiti.</p>","belksale.com","Calzado","Calzado","Scarpe, Novità, Selezione Juanjo","TRUE","Colore","Nero","Talla","36","orthopaedic-slip-on-shoes-for-women-nero-36","0.00","","0","continue","assets/products/generated-shoe-beige.png","1","Orthopaedic Slip-On Shoes for Women","Fai ogni passo con più comfort e stile. Orthopaedic Slip-On Shoes for Women è pensato per accompagnarti ogni giorno, con un design versatile facile da abbinare ai tuoi look preferiti."
"orthopaedic-slip-on-shoes-for-women","Orthopaedic Slip-On Shoes for Women","<p>Fai ogni passo con più comfort e stile. Orthopaedic Slip-On Shoes for Women è pensato per accompagnarti ogni giorno, con un design versatile facile da abbinare ai tuoi look preferiti.</p>","belksale.com","Calzado","Calzado","Scarpe, Novità, Selezione Juanjo","TRUE","Colore","Nero","Talla","37","orthopaedic-slip-on-shoes-for-women-nero-37","0.00","","0","continue","assets/products/generated-shoe-beige.png","1","Orthopaedic Slip-On Shoes for Women","Fai ogni passo con più comfort e stile. Orthopaedic Slip-On Shoes for Women è pensato per accompagnarti ogni giorno, con un design versatile facile da abbinare ai tuoi look preferiti."
"orthopaedic-slip-on-shoes-for-women","Orthopaedic Slip-On Shoes for Women","<p>Fai ogni passo con più comfort e stile. Orthopaedic Slip-On Shoes for Women è pensato per accompagnarti ogni giorno, con un design versatile facile da abbinare ai tuoi look preferiti.</p>","belksale.com","Calzado","Calzado","Scarpe, Novità, Selezione Juanjo","TRUE","Colore","Nero","Talla","38","orthopaedic-slip-on-shoes-for-women-nero-38","0.00","","0","continue","assets/products/generated-shoe-beige.png","1","Orthopaedic Slip-On Shoes for Women","Fai ogni passo con più comfort e stile. Orthopaedic Slip-On Shoes for Women è pensato per accompagnarti ogni giorno, con un design versatile facile da abbinare ai tuoi look preferiti."
"orthopaedic-slip-on-shoes-for-women","Orthopaedic Slip-On Shoes for Women","<p>Fai ogni passo con più comfort e stile. Orthopaedic Slip-On Shoes for Women è pensato per accompagnarti ogni giorno, con un design versatile facile da abbinare ai tuoi look preferiti.</p>","belksale.com","Calzado","Calzado","Scarpe, Novità, Selezione Juanjo","TRUE","Colore","Nero","Talla","39","orthopaedic-slip-on-shoes-for-women-nero-39","0.00","","0","continue","assets/products/generated-shoe-beige.png","1","Orthopaedic Slip-On Shoes for Women","Fai ogni passo con più comfort e stile. Orthopaedic Slip-On Shoes for Women è pensato per accompagnarti ogni giorno, con un design versatile facile da abbinare ai tuoi look preferiti."
"orthopaedic-slip-on-shoes-for-women","Orthopaedic Slip-On Shoes for Women","<p>Fai ogni passo con più comfort e stile. Orthopaedic Slip-On Shoes for Women è pensato per accompagnarti ogni giorno, con un design versatile facile da abbinare ai tuoi look preferiti.</p>","belksale.com","Calzado","Calzado","Scarpe, Novità, Selezione Juanjo","TRUE","Colore","Nero","Talla","40","orthopaedic-slip-on-shoes-for-women-nero-40","0.00","","0","continue","assets/products/generated-shoe-beige.png","1","Orthopaedic Slip-On Shoes for Women","Fai ogni passo con più comfort e stile. Orthopaedic Slip-On Shoes for Women è pensato per accompagnarti ogni giorno, con un design versatile facile da abbinare ai tuoi look preferiti."
"orthopaedic-slip-on-shoes-for-women","Orthopaedic Slip-On Shoes for Women","<p>Fai ogni passo con più comfort e stile. Orthopaedic Slip-On Shoes for Women è pensato per accompagnarti ogni giorno, con un design versatile facile da abbinare ai tuoi look preferiti.</p>","belksale.com","Calzado","Calzado","Scarpe, Novità, Selezione Juanjo","TRUE","Colore","Nero","Talla","41","orthopaedic-slip-on-shoes-for-women-nero-41","0.00","","0","continue","assets/products/generated-shoe-beige.png","1","Orthopaedic Slip-On Shoes for Women","Fai ogni passo con più comfort e stile. Orthopaedic Slip-On Shoes for Women è pensato per accompagnarti ogni giorno, con un design versatile facile da abbinare ai tuoi look preferiti."
"orthopaedic-slip-on-shoes-for-women","Orthopaedic Slip-On Shoes for Women","<p>Fai ogni passo con più comfort e stile. Orthopaedic Slip-On Shoes for Women è pensato per accompagnarti ogni giorno, con un design versatile facile da abbinare ai tuoi look preferiti.</p>","belksale.com","Calzado","Calzado","Scarpe, Novità, Selezione Juanjo","TRUE","Colore","Beige","Talla","36","orthopaedic-slip-on-shoes-for-women-beige-36","0.00","","0","continue","assets/products/generated-shoe-beige.png","1","Orthopaedic Slip-On Shoes for Women","Fai ogni passo con più comfort e stile. Orthopaedic Slip-On Shoes for Women è pensato per accompagnarti ogni giorno, con un design versatile facile da abbinare ai tuoi look preferiti."
"orthopaedic-slip-on-shoes-for-women","Orthopaedic Slip-On Shoes for Women","<p>Fai ogni passo con più comfort e stile. Orthopaedic Slip-On Shoes for Women è pensato per accompagnarti ogni giorno, con un design versatile facile da abbinare ai tuoi look preferiti.</p>","belksale.com","Calzado","Calzado","Scarpe, Novità, Selezione Juanjo","TRUE","Colore","Beige","Talla","37","orthopaedic-slip-on-shoes-for-women-beige-37","0.00","","0","continue","assets/products/generated-shoe-beige.png","1","Orthopaedic Slip-On Shoes for Women","Fai ogni passo con più comfort e stile. Orthopaedic Slip-On Shoes for Women è pensato per accompagnarti ogni giorno, con un design versatile facile da abbinare ai tuoi look preferiti."
"orthopaedic-slip-on-shoes-for-women","Orthopaedic Slip-On Shoes for Women","<p>Fai ogni passo con più comfort e stile. Orthopaedic Slip-On Shoes for Women è pensato per accompagnarti ogni giorno, con un design versatile facile da abbinare ai tuoi look preferiti.</p>","belksale.com","Calzado","Calzado","Scarpe, Novità, Selezione Juanjo","TRUE","Colore","Beige","Talla","38","orthopaedic-slip-on-shoes-for-women-beige-38","0.00","","0","continue","assets/products/generated-shoe-beige.png","1","Orthopaedic Slip-On Shoes for Women","Fai ogni passo con più comfort e stile. Orthopaedic Slip-On Shoes for Women è pensato per accompagnarti ogni giorno, con un design versatile facile da abbinare ai tuoi look preferiti."
"orthopaedic-slip-on-shoes-for-women","Orthopaedic Slip-On Shoes for Women","<p>Fai ogni passo con più comfort e stile. Orthopaedic Slip-On Shoes for Women è pensato per accompagnarti ogni giorno, con un design versatile facile da abbinare ai tuoi look preferiti.</p>","belksale.com","Calzado","Calzado","Scarpe, Novità, Selezione Juanjo","TRUE","Colore","Beige","Talla","39","orthopaedic-slip-on-shoes-for-women-beige-39","0.00","","0","continue","assets/products/generated-shoe-beige.png","1","Orthopaedic Slip-On Shoes for Women","Fai ogni passo con più comfort e stile. Orthopaedic Slip-On Shoes for Women è pensato per accompagnarti ogni giorno, con un design versatile facile da abbinare ai tuoi look preferiti."
"orthopaedic-slip-on-shoes-for-women","Orthopaedic Slip-On Shoes for Women","<p>Fai ogni passo con più comfort e stile. Orthopaedic Slip-On Shoes for Women è pensato per accompagnarti ogni giorno, con un design versatile facile da abbinare ai tuoi look preferiti.</p>","belksale.com","Calzado","Calzado","Scarpe, Novità, Selezione Juanjo","TRUE","Colore","Beige","Talla","40","orthopaedic-slip-on-shoes-for-women-beige-40","0.00","","0","continue","assets/products/generated-shoe-beige.png","1","Orthopaedic Slip-On Shoes for Women","Fai ogni passo con più comfort e stile. Orthopaedic Slip-On Shoes for Women è pensato per accompagnarti ogni giorno, con un design versatile facile da abbinare ai tuoi look preferiti."
"orthopaedic-slip-on-shoes-for-women","Orthopaedic Slip-On Shoes for Women","<p>Fai ogni passo con più comfort e stile. Orthopaedic Slip-On Shoes for Women è pensato per accompagnarti ogni giorno, con un design versatile facile da abbinare ai tuoi look preferiti.</p>","belksale.com","Calzado","Calzado","Scarpe, Novità, Selezione Juanjo","TRUE","Colore","Beige","Talla","41","orthopaedic-slip-on-shoes-for-women-beige-41","0.00","","0","continue","assets/products/generated-shoe-beige.png","1","Orthopaedic Slip-On Shoes for Women","Fai ogni passo con più comfort e stile. Orthopaedic Slip-On Shoes for Women è pensato per accompagnarti ogni giorno, con un design versatile facile da abbinare ai tuoi look preferiti."
"orthopaedic-slip-on-shoes-for-women","Orthopaedic Slip-On Shoes for Women","<p>Fai ogni passo con più comfort e stile. Orthopaedic Slip-On Shoes for Women è pensato per accompagnarti ogni giorno, con un design versatile facile da abbinare ai tuoi look preferiti.</p>","belksale.com","Calzado","Calzado","Scarpe, Novità, Selezione Juanjo","TRUE","Colore","Marrone","Talla","36","orthopaedic-slip-on-shoes-for-women-marrone-36","0.00","","0","continue","assets/products/generated-shoe-beige.png","1","Orthopaedic Slip-On Shoes for Women","Fai ogni passo con più comfort e stile. Orthopaedic Slip-On Shoes for Women è pensato per accompagnarti ogni giorno, con un design versatile facile da abbinare ai tuoi look preferiti."
"orthopaedic-slip-on-shoes-for-women","Orthopaedic Slip-On Shoes for Women","<p>Fai ogni passo con più comfort e stile. Orthopaedic Slip-On Shoes for Women è pensato per accompagnarti ogni giorno, con un design versatile facile da abbinare ai tuoi look preferiti.</p>","belksale.com","Calzado","Calzado","Scarpe, Novità, Selezione Juanjo","TRUE","Colore","Marrone","Talla","37","orthopaedic-slip-on-shoes-for-women-marrone-37","0.00","","0","continue","assets/products/generated-shoe-beige.png","1","Orthopaedic Slip-On Shoes for Women","Fai ogni passo con più comfort e stile. Orthopaedic Slip-On Shoes for Women è pensato per accompagnarti ogni giorno, con un design versatile facile da abbinare ai tuoi look preferiti."
"orthopaedic-slip-on-shoes-for-women","Orthopaedic Slip-On Shoes for Women","<p>Fai ogni passo con più comfort e stile. Orthopaedic Slip-On Shoes for Women è pensato per accompagnarti ogni giorno, con un design versatile facile da abbinare ai tuoi look preferiti.</p>","belksale.com","Calzado","Calzado","Scarpe, Novità, Selezione Juanjo","TRUE","Colore","Marrone","Talla","38","orthopaedic-slip-on-shoes-for-women-marrone-38","0.00","","0","continue","assets/products/generated-shoe-beige.png","1","Orthopaedic Slip-On Shoes for Women","Fai ogni passo con più comfort e stile. Orthopaedic Slip-On Shoes for Women è pensato per accompagnarti ogni giorno, con un design versatile facile da abbinare ai tuoi look preferiti."
"orthopaedic-slip-on-shoes-for-women","Orthopaedic Slip-On Shoes for Women","<p>Fai ogni passo con più comfort e stile. Orthopaedic Slip-On Shoes for Women è pensato per accompagnarti ogni giorno, con un design versatile facile da abbinare ai tuoi look preferiti.</p>","belksale.com","Calzado","Calzado","Scarpe, Novità, Selezione Juanjo","TRUE","Colore","Marrone","Talla","39","orthopaedic-slip-on-shoes-for-women-marrone-39","0.00","","0","continue","assets/products/generated-shoe-beige.png","1","Orthopaedic Slip-On Shoes for Women","Fai ogni passo con più comfort e stile. Orthopaedic Slip-On Shoes for Women è pensato per accompagnarti ogni giorno, con un design versatile facile da abbinare ai tuoi look preferiti."
"orthopaedic-slip-on-shoes-for-women","Orthopaedic Slip-On Shoes for Women","<p>Fai ogni passo con più comfort e stile. Orthopaedic Slip-On Shoes for Women è pensato per accompagnarti ogni giorno, con un design versatile facile da abbinare ai tuoi look preferiti.</p>","belksale.com","Calzado","Calzado","Scarpe, Novità, Selezione Juanjo","TRUE","Colore","Marrone","Talla","40","orthopaedic-slip-on-shoes-for-women-marrone-40","0.00","","0","continue","assets/products/generated-shoe-beige.png","1","Orthopaedic Slip-On Shoes for Women","Fai ogni passo con più comfort e stile. Orthopaedic Slip-On Shoes for Women è pensato per accompagnarti ogni giorno, con un design versatile facile da abbinare ai tuoi look preferiti."
"orthopaedic-slip-on-shoes-for-women","Orthopaedic Slip-On Shoes for Women","<p>Fai ogni passo con più comfort e stile. Orthopaedic Slip-On Shoes for Women è pensato per accompagnarti ogni giorno, con un design versatile facile da abbinare ai tuoi look preferiti.</p>","belksale.com","Calzado","Calzado","Scarpe, Novità, Selezione Juanjo","TRUE","Colore","Marrone","Talla","41","orthopaedic-slip-on-shoes-for-women-marrone-41","0.00","","0","continue","assets/products/generated-shoe-beige.png","1","Orthopaedic Slip-On Shoes for Women","Fai ogni passo con più comfort e stile. Orthopaedic Slip-On Shoes for Women è pensato per accompagnarti ogni giorno, con un design versatile facile da abbinare ai tuoi look preferiti."
"orthopaedic-slip-on-shoes-for-women","Orthopaedic Slip-On Shoes for Women","<p>Fai ogni passo con più comfort e stile. Orthopaedic Slip-On Shoes for Women è pensato per accompagnarti ogni giorno, con un design versatile facile da abbinare ai tuoi look preferiti.</p>","belksale.com","Calzado","Calzado","Scarpe, Novità, Selezione Juanjo","TRUE","Colore","Bianco","Talla","36","orthopaedic-slip-on-shoes-for-women-bianco-36","0.00","","0","continue","assets/products/generated-shoe-beige.png","1","Orthopaedic Slip-On Shoes for Women","Fai ogni passo con più comfort e stile. Orthopaedic Slip-On Shoes for Women è pensato per accompagnarti ogni giorno, con un design versatile facile da abbinare ai tuoi look preferiti."
"orthopaedic-slip-on-shoes-for-women","Orthopaedic Slip-On Shoes for Women","<p>Fai ogni passo con più comfort e stile. Orthopaedic Slip-On Shoes for Women è pensato per accompagnarti ogni giorno, con un design versatile facile da abbinare ai tuoi look preferiti.</p>","belksale.com","Calzado","Calzado","Scarpe, Novità, Selezione Juanjo","TRUE","Colore","Bianco","Talla","37","orthopaedic-slip-on-shoes-for-women-bianco-37","0.00","","0","continue","assets/products/generated-shoe-beige.png","1","Orthopaedic Slip-On Shoes for Women","Fai ogni passo con più comfort e stile. Orthopaedic Slip-On Shoes for Women è pensato per accompagnarti ogni giorno, con un design versatile facile da abbinare ai tuoi look preferiti."
"orthopaedic-slip-on-shoes-for-women","Orthopaedic Slip-On Shoes for Women","<p>Fai ogni passo con più comfort e stile. Orthopaedic Slip-On Shoes for Women è pensato per accompagnarti ogni giorno, con un design versatile facile da abbinare ai tuoi look preferiti.</p>","belksale.com","Calzado","Calzado","Scarpe, Novità, Selezione Juanjo","TRUE","Colore","Bianco","Talla","38","orthopaedic-slip-on-shoes-for-women-bianco-38","0.00","","0","continue","assets/products/generated-shoe-beige.png","1","Orthopaedic Slip-On Shoes for Women","Fai ogni passo con più comfort e stile. Orthopaedic Slip-On Shoes for Women è pensato per accompagnarti ogni giorno, con un design versatile facile da abbinare ai tuoi look preferiti."
"orthopaedic-slip-on-shoes-for-women","Orthopaedic Slip-On Shoes for Women","<p>Fai ogni passo con più comfort e stile. Orthopaedic Slip-On Shoes for Women è pensato per accompagnarti ogni giorno, con un design versatile facile da abbinare ai tuoi look preferiti.</p>","belksale.com","Calzado","Calzado","Scarpe, Novità, Selezione Juanjo","TRUE","Colore","Bianco","Talla","39","orthopaedic-slip-on-shoes-for-women-bianco-39","0.00","","0","continue","assets/products/generated-shoe-beige.png","1","Orthopaedic Slip-On Shoes for Women","Fai ogni passo con più comfort e stile. Orthopaedic Slip-On Shoes for Women è pensato per accompagnarti ogni giorno, con un design versatile facile da abbinare ai tuoi look preferiti."
"orthopaedic-slip-on-shoes-for-women","Orthopaedic Slip-On Shoes for Women","<p>Fai ogni passo con più comfort e stile. Orthopaedic Slip-On Shoes for Women è pensato per accompagnarti ogni giorno, con un design versatile facile da abbinare ai tuoi look preferiti.</p>","belksale.com","Calzado","Calzado","Scarpe, Novità, Selezione Juanjo","TRUE","Colore","Bianco","Talla","40","orthopaedic-slip-on-shoes-for-women-bianco-40","0.00","","0","continue","assets/products/generated-shoe-beige.png","1","Orthopaedic Slip-On Shoes for Women","Fai ogni passo con più comfort e stile. Orthopaedic Slip-On Shoes for Women è pensato per accompagnarti ogni giorno, con un design versatile facile da abbinare ai tuoi look preferiti."
"orthopaedic-slip-on-shoes-for-women","Orthopaedic Slip-On Shoes for Women","<p>Fai ogni passo con più comfort e stile. Orthopaedic Slip-On Shoes for Women è pensato per accompagnarti ogni giorno, con un design versatile facile da abbinare ai tuoi look preferiti.</p>","belksale.com","Calzado","Calzado","Scarpe, Novità, Selezione Juanjo","TRUE","Colore","Bianco","Talla","41","orthopaedic-slip-on-shoes-for-women-bianco-41","0.00","","0","continue","assets/products/generated-shoe-beige.png","1","Orthopaedic Slip-On Shoes for Women","Fai ogni passo con più comfort e stile. Orthopaedic Slip-On Shoes for Women è pensato per accompagnarti ogni giorno, con un design versatile facile da abbinare ai tuoi look preferiti."
"genuine-suede-clogs","Genuine Suede Clogs","<p>Fai ogni passo con più comfort e stile. Genuine Suede Clogs è pensato per accompagnarti ogni giorno, con un design versatile facile da abbinare ai tuoi look preferiti.</p>","qomfortco.com","Calzado","Calzado","Scarpe, Novità, Selezione Juanjo","TRUE","Colore","Nero","Talla","36","genuine-suede-clogs-nero-36","49.00","98.00","0","continue","assets/products/generated-shoe-beige.png","1","Genuine Suede Clogs","Fai ogni passo con più comfort e stile. Genuine Suede Clogs è pensato per accompagnarti ogni giorno, con un design versatile facile da abbinare ai tuoi look preferiti."
"genuine-suede-clogs","Genuine Suede Clogs","<p>Fai ogni passo con più comfort e stile. Genuine Suede Clogs è pensato per accompagnarti ogni giorno, con un design versatile facile da abbinare ai tuoi look preferiti.</p>","qomfortco.com","Calzado","Calzado","Scarpe, Novità, Selezione Juanjo","TRUE","Colore","Nero","Talla","37","genuine-suede-clogs-nero-37","49.00","98.00","0","continue","assets/products/generated-shoe-beige.png","1","Genuine Suede Clogs","Fai ogni passo con più comfort e stile. Genuine Suede Clogs è pensato per accompagnarti ogni giorno, con un design versatile facile da abbinare ai tuoi look preferiti."
"genuine-suede-clogs","Genuine Suede Clogs","<p>Fai ogni passo con più comfort e stile. Genuine Suede Clogs è pensato per accompagnarti ogni giorno, con un design versatile facile da abbinare ai tuoi look preferiti.</p>","qomfortco.com","Calzado","Calzado","Scarpe, Novità, Selezione Juanjo","TRUE","Colore","Nero","Talla","38","genuine-suede-clogs-nero-38","49.00","98.00","0","continue","assets/products/generated-shoe-beige.png","1","Genuine Suede Clogs","Fai ogni passo con più comfort e stile. Genuine Suede Clogs è pensato per accompagnarti ogni giorno, con un design versatile facile da abbinare ai tuoi look preferiti."
"genuine-suede-clogs","Genuine Suede Clogs","<p>Fai ogni passo con più comfort e stile. Genuine Suede Clogs è pensato per accompagnarti ogni giorno, con un design versatile facile da abbinare ai tuoi look preferiti.</p>","qomfortco.com","Calzado","Calzado","Scarpe, Novità, Selezione Juanjo","TRUE","Colore","Nero","Talla","39","genuine-suede-clogs-nero-39","49.00","98.00","0","continue","assets/products/generated-shoe-beige.png","1","Genuine Suede Clogs","Fai ogni passo con più comfort e stile. Genuine Suede Clogs è pensato per accompagnarti ogni giorno, con un design versatile facile da abbinare ai tuoi look preferiti."
"genuine-suede-clogs","Genuine Suede Clogs","<p>Fai ogni passo con più comfort e stile. Genuine Suede Clogs è pensato per accompagnarti ogni giorno, con un design versatile facile da abbinare ai tuoi look preferiti.</p>","qomfortco.com","Calzado","Calzado","Scarpe, Novità, Selezione Juanjo","TRUE","Colore","Nero","Talla","40","genuine-suede-clogs-nero-40","49.00","98.00","0","continue","assets/products/generated-shoe-beige.png","1","Genuine Suede Clogs","Fai ogni passo con più comfort e stile. Genuine Suede Clogs è pensato per accompagnarti ogni giorno, con un design versatile facile da abbinare ai tuoi look preferiti."
"genuine-suede-clogs","Genuine Suede Clogs","<p>Fai ogni passo con più comfort e stile. Genuine Suede Clogs è pensato per accompagnarti ogni giorno, con un design versatile facile da abbinare ai tuoi look preferiti.</p>","qomfortco.com","Calzado","Calzado","Scarpe, Novità, Selezione Juanjo","TRUE","Colore","Nero","Talla","41","genuine-suede-clogs-nero-41","49.00","98.00","0","continue","assets/products/generated-shoe-beige.png","1","Genuine Suede Clogs","Fai ogni passo con più comfort e stile. Genuine Suede Clogs è pensato per accompagnarti ogni giorno, con un design versatile facile da abbinare ai tuoi look preferiti."
"genuine-suede-clogs","Genuine Suede Clogs","<p>Fai ogni passo con più comfort e stile. Genuine Suede Clogs è pensato per accompagnarti ogni giorno, con un design versatile facile da abbinare ai tuoi look preferiti.</p>","qomfortco.com","Calzado","Calzado","Scarpe, Novità, Selezione Juanjo","TRUE","Colore","Beige","Talla","36","genuine-suede-clogs-beige-36","49.00","98.00","0","continue","assets/products/generated-shoe-beige.png","1","Genuine Suede Clogs","Fai ogni passo con più comfort e stile. Genuine Suede Clogs è pensato per accompagnarti ogni giorno, con un design versatile facile da abbinare ai tuoi look preferiti."
"genuine-suede-clogs","Genuine Suede Clogs","<p>Fai ogni passo con più comfort e stile. Genuine Suede Clogs è pensato per accompagnarti ogni giorno, con un design versatile facile da abbinare ai tuoi look preferiti.</p>","qomfortco.com","Calzado","Calzado","Scarpe, Novità, Selezione Juanjo","TRUE","Colore","Beige","Talla","37","genuine-suede-clogs-beige-37","49.00","98.00","0","continue","assets/products/generated-shoe-beige.png","1","Genuine Suede Clogs","Fai ogni passo con più comfort e stile. Genuine Suede Clogs è pensato per accompagnarti ogni giorno, con un design versatile facile da abbinare ai tuoi look preferiti."
"genuine-suede-clogs","Genuine Suede Clogs","<p>Fai ogni passo con più comfort e stile. Genuine Suede Clogs è pensato per accompagnarti ogni giorno, con un design versatile facile da abbinare ai tuoi look preferiti.</p>","qomfortco.com","Calzado","Calzado","Scarpe, Novità, Selezione Juanjo","TRUE","Colore","Beige","Talla","38","genuine-suede-clogs-beige-38","49.00","98.00","0","continue","assets/products/generated-shoe-beige.png","1","Genuine Suede Clogs","Fai ogni passo con più comfort e stile. Genuine Suede Clogs è pensato per accompagnarti ogni giorno, con un design versatile facile da abbinare ai tuoi look preferiti."
"genuine-suede-clogs","Genuine Suede Clogs","<p>Fai ogni passo con più comfort e stile. Genuine Suede Clogs è pensato per accompagnarti ogni giorno, con un design versatile facile da abbinare ai tuoi look preferiti.</p>","qomfortco.com","Calzado","Calzado","Scarpe, Novità, Selezione Juanjo","TRUE","Colore","Beige","Talla","39","genuine-suede-clogs-beige-39","49.00","98.00","0","continue","assets/products/generated-shoe-beige.png","1","Genuine Suede Clogs","Fai ogni passo con più comfort e stile. Genuine Suede Clogs è pensato per accompagnarti ogni giorno, con un design versatile facile da abbinare ai tuoi look preferiti."
"genuine-suede-clogs","Genuine Suede Clogs","<p>Fai ogni passo con più comfort e stile. Genuine Suede Clogs è pensato per accompagnarti ogni giorno, con un design versatile facile da abbinare ai tuoi look preferiti.</p>","qomfortco.com","Calzado","Calzado","Scarpe, Novità, Selezione Juanjo","TRUE","Colore","Beige","Talla","40","genuine-suede-clogs-beige-40","49.00","98.00","0","continue","assets/products/generated-shoe-beige.png","1","Genuine Suede Clogs","Fai ogni passo con più comfort e stile. Genuine Suede Clogs è pensato per accompagnarti ogni giorno, con un design versatile facile da abbinare ai tuoi look preferiti."
"genuine-suede-clogs","Genuine Suede Clogs","<p>Fai ogni passo con più comfort e stile. Genuine Suede Clogs è pensato per accompagnarti ogni giorno, con un design versatile facile da abbinare ai tuoi look preferiti.</p>","qomfortco.com","Calzado","Calzado","Scarpe, Novità, Selezione Juanjo","TRUE","Colore","Beige","Talla","41","genuine-suede-clogs-beige-41","49.00","98.00","0","continue","assets/products/generated-shoe-beige.png","1","Genuine Suede Clogs","Fai ogni passo con più comfort e stile. Genuine Suede Clogs è pensato per accompagnarti ogni giorno, con un design versatile facile da abbinare ai tuoi look preferiti."
"genuine-suede-clogs","Genuine Suede Clogs","<p>Fai ogni passo con più comfort e stile. Genuine Suede Clogs è pensato per accompagnarti ogni giorno, con un design versatile facile da abbinare ai tuoi look preferiti.</p>","qomfortco.com","Calzado","Calzado","Scarpe, Novità, Selezione Juanjo","TRUE","Colore","Marrone","Talla","36","genuine-suede-clogs-marrone-36","49.00","98.00","0","continue","assets/products/generated-shoe-beige.png","1","Genuine Suede Clogs","Fai ogni passo con più comfort e stile. Genuine Suede Clogs è pensato per accompagnarti ogni giorno, con un design versatile facile da abbinare ai tuoi look preferiti."
"genuine-suede-clogs","Genuine Suede Clogs","<p>Fai ogni passo con più comfort e stile. Genuine Suede Clogs è pensato per accompagnarti ogni giorno, con un design versatile facile da abbinare ai tuoi look preferiti.</p>","qomfortco.com","Calzado","Calzado","Scarpe, Novità, Selezione Juanjo","TRUE","Colore","Marrone","Talla","37","genuine-suede-clogs-marrone-37","49.00","98.00","0","continue","assets/products/generated-shoe-beige.png","1","Genuine Suede Clogs","Fai ogni passo con più comfort e stile. Genuine Suede Clogs è pensato per accompagnarti ogni giorno, con un design versatile facile da abbinare ai tuoi look preferiti."
"genuine-suede-clogs","Genuine Suede Clogs","<p>Fai ogni passo con più comfort e stile. Genuine Suede Clogs è pensato per accompagnarti ogni giorno, con un design versatile facile da abbinare ai tuoi look preferiti.</p>","qomfortco.com","Calzado","Calzado","Scarpe, Novità, Selezione Juanjo","TRUE","Colore","Marrone","Talla","38","genuine-suede-clogs-marrone-38","49.00","98.00","0","continue","assets/products/generated-shoe-beige.png","1","Genuine Suede Clogs","Fai ogni passo con più comfort e stile. Genuine Suede Clogs è pensato per accompagnarti ogni giorno, con un design versatile facile da abbinare ai tuoi look preferiti."
"genuine-suede-clogs","Genuine Suede Clogs","<p>Fai ogni passo con più comfort e stile. Genuine Suede Clogs è pensato per accompagnarti ogni giorno, con un design versatile facile da abbinare ai tuoi look preferiti.</p>","qomfortco.com","Calzado","Calzado","Scarpe, Novità, Selezione Juanjo","TRUE","Colore","Marrone","Talla","39","genuine-suede-clogs-marrone-39","49.00","98.00","0","continue","assets/products/generated-shoe-beige.png","1","Genuine Suede Clogs","Fai ogni passo con più comfort e stile. Genuine Suede Clogs è pensato per accompagnarti ogni giorno, con un design versatile facile da abbinare ai tuoi look preferiti."
"genuine-suede-clogs","Genuine Suede Clogs","<p>Fai ogni passo con più comfort e stile. Genuine Suede Clogs è pensato per accompagnarti ogni giorno, con un design versatile facile da abbinare ai tuoi look preferiti.</p>","qomfortco.com","Calzado","Calzado","Scarpe, Novità, Selezione Juanjo","TRUE","Colore","Marrone","Talla","40","genuine-suede-clogs-marrone-40","49.00","98.00","0","continue","assets/products/generated-shoe-beige.png","1","Genuine Suede Clogs","Fai ogni passo con più comfort e stile. Genuine Suede Clogs è pensato per accompagnarti ogni giorno, con un design versatile facile da abbinare ai tuoi look preferiti."
"genuine-suede-clogs","Genuine Suede Clogs","<p>Fai ogni passo con più comfort e stile. Genuine Suede Clogs è pensato per accompagnarti ogni giorno, con un design versatile facile da abbinare ai tuoi look preferiti.</p>","qomfortco.com","Calzado","Calzado","Scarpe, Novità, Selezione Juanjo","TRUE","Colore","Marrone","Talla","41","genuine-suede-clogs-marrone-41","49.00","98.00","0","continue","assets/products/generated-shoe-beige.png","1","Genuine Suede Clogs","Fai ogni passo con più comfort e stile. Genuine Suede Clogs è pensato per accompagnarti ogni giorno, con un design versatile facile da abbinare ai tuoi look preferiti."
"genuine-suede-clogs","Genuine Suede Clogs","<p>Fai ogni passo con più comfort e stile. Genuine Suede Clogs è pensato per accompagnarti ogni giorno, con un design versatile facile da abbinare ai tuoi look preferiti.</p>","qomfortco.com","Calzado","Calzado","Scarpe, Novità, Selezione Juanjo","TRUE","Colore","Bianco","Talla","36","genuine-suede-clogs-bianco-36","49.00","98.00","0","continue","assets/products/generated-shoe-beige.png","1","Genuine Suede Clogs","Fai ogni passo con più comfort e stile. Genuine Suede Clogs è pensato per accompagnarti ogni giorno, con un design versatile facile da abbinare ai tuoi look preferiti."
"genuine-suede-clogs","Genuine Suede Clogs","<p>Fai ogni passo con più comfort e stile. Genuine Suede Clogs è pensato per accompagnarti ogni giorno, con un design versatile facile da abbinare ai tuoi look preferiti.</p>","qomfortco.com","Calzado","Calzado","Scarpe, Novità, Selezione Juanjo","TRUE","Colore","Bianco","Talla","37","genuine-suede-clogs-bianco-37","49.00","98.00","0","continue","assets/products/generated-shoe-beige.png","1","Genuine Suede Clogs","Fai ogni passo con più comfort e stile. Genuine Suede Clogs è pensato per accompagnarti ogni giorno, con un design versatile facile da abbinare ai tuoi look preferiti."
"genuine-suede-clogs","Genuine Suede Clogs","<p>Fai ogni passo con più comfort e stile. Genuine Suede Clogs è pensato per accompagnarti ogni giorno, con un design versatile facile da abbinare ai tuoi look preferiti.</p>","qomfortco.com","Calzado","Calzado","Scarpe, Novità, Selezione Juanjo","TRUE","Colore","Bianco","Talla","38","genuine-suede-clogs-bianco-38","49.00","98.00","0","continue","assets/products/generated-shoe-beige.png","1","Genuine Suede Clogs","Fai ogni passo con più comfort e stile. Genuine Suede Clogs è pensato per accompagnarti ogni giorno, con un design versatile facile da abbinare ai tuoi look preferiti."
"genuine-suede-clogs","Genuine Suede Clogs","<p>Fai ogni passo con più comfort e stile. Genuine Suede Clogs è pensato per accompagnarti ogni giorno, con un design versatile facile da abbinare ai tuoi look preferiti.</p>","qomfortco.com","Calzado","Calzado","Scarpe, Novità, Selezione Juanjo","TRUE","Colore","Bianco","Talla","39","genuine-suede-clogs-bianco-39","49.00","98.00","0","continue","assets/products/generated-shoe-beige.png","1","Genuine Suede Clogs","Fai ogni passo con più comfort e stile. Genuine Suede Clogs è pensato per accompagnarti ogni giorno, con un design versatile facile da abbinare ai tuoi look preferiti."
"genuine-suede-clogs","Genuine Suede Clogs","<p>Fai ogni passo con più comfort e stile. Genuine Suede Clogs è pensato per accompagnarti ogni giorno, con un design versatile facile da abbinare ai tuoi look preferiti.</p>","qomfortco.com","Calzado","Calzado","Scarpe, Novità, Selezione Juanjo","TRUE","Colore","Bianco","Talla","40","genuine-suede-clogs-bianco-40","49.00","98.00","0","continue","assets/products/generated-shoe-beige.png","1","Genuine Suede Clogs","Fai ogni passo con più comfort e stile. Genuine Suede Clogs è pensato per accompagnarti ogni giorno, con un design versatile facile da abbinare ai tuoi look preferiti."
"genuine-suede-clogs","Genuine Suede Clogs","<p>Fai ogni passo con più comfort e stile. Genuine Suede Clogs è pensato per accompagnarti ogni giorno, con un design versatile facile da abbinare ai tuoi look preferiti.</p>","qomfortco.com","Calzado","Calzado","Scarpe, Novità, Selezione Juanjo","TRUE","Colore","Bianco","Talla","41","genuine-suede-clogs-bianco-41","49.00","98.00","0","continue","assets/products/generated-shoe-beige.png","1","Genuine Suede Clogs","Fai ogni passo con più comfort e stile. Genuine Suede Clogs è pensato per accompagnarti ogni giorno, con un design versatile facile da abbinare ai tuoi look preferiti."
"mia-orthopedic-sneakers","Mia Orthopedic Sneakers","<p>Fai ogni passo con più comfort e stile. Mia Orthopedic Sneakers è pensato per accompagnarti ogni giorno, con un design versatile facile da abbinare ai tuoi look preferiti.</p>","olyndralondon.com","Calzado","Calzado","Scarpe, Novità, Selezione Juanjo","TRUE","Colore","Nero","Talla","36","mia-orthopedic-sneakers-nero-36","28.00","50.00","0","continue","assets/products/generated-shoe-beige.png","1","Mia Orthopedic Sneakers","Fai ogni passo con più comfort e stile. Mia Orthopedic Sneakers è pensato per accompagnarti ogni giorno, con un design versatile facile da abbinare ai tuoi look preferiti."
"mia-orthopedic-sneakers","Mia Orthopedic Sneakers","<p>Fai ogni passo con più comfort e stile. Mia Orthopedic Sneakers è pensato per accompagnarti ogni giorno, con un design versatile facile da abbinare ai tuoi look preferiti.</p>","olyndralondon.com","Calzado","Calzado","Scarpe, Novità, Selezione Juanjo","TRUE","Colore","Nero","Talla","37","mia-orthopedic-sneakers-nero-37","28.00","50.00","0","continue","assets/products/generated-shoe-beige.png","1","Mia Orthopedic Sneakers","Fai ogni passo con più comfort e stile. Mia Orthopedic Sneakers è pensato per accompagnarti ogni giorno, con un design versatile facile da abbinare ai tuoi look preferiti."
"mia-orthopedic-sneakers","Mia Orthopedic Sneakers","<p>Fai ogni passo con più comfort e stile. Mia Orthopedic Sneakers è pensato per accompagnarti ogni giorno, con un design versatile facile da abbinare ai tuoi look preferiti.</p>","olyndralondon.com","Calzado","Calzado","Scarpe, Novità, Selezione Juanjo","TRUE","Colore","Nero","Talla","38","mia-orthopedic-sneakers-nero-38","28.00","50.00","0","continue","assets/products/generated-shoe-beige.png","1","Mia Orthopedic Sneakers","Fai ogni passo con più comfort e stile. Mia Orthopedic Sneakers è pensato per accompagnarti ogni giorno, con un design versatile facile da abbinare ai tuoi look preferiti."
"mia-orthopedic-sneakers","Mia Orthopedic Sneakers","<p>Fai ogni passo con più comfort e stile. Mia Orthopedic Sneakers è pensato per accompagnarti ogni giorno, con un design versatile facile da abbinare ai tuoi look preferiti.</p>","olyndralondon.com","Calzado","Calzado","Scarpe, Novità, Selezione Juanjo","TRUE","Colore","Nero","Talla","39","mia-orthopedic-sneakers-nero-39","28.00","50.00","0","continue","assets/products/generated-shoe-beige.png","1","Mia Orthopedic Sneakers","Fai ogni passo con più comfort e stile. Mia Orthopedic Sneakers è pensato per accompagnarti ogni giorno, con un design versatile facile da abbinare ai tuoi look preferiti."
"mia-orthopedic-sneakers","Mia Orthopedic Sneakers","<p>Fai ogni passo con più comfort e stile. Mia Orthopedic Sneakers è pensato per accompagnarti ogni giorno, con un design versatile facile da abbinare ai tuoi look preferiti.</p>","olyndralondon.com","Calzado","Calzado","Scarpe, Novità, Selezione Juanjo","TRUE","Colore","Nero","Talla","40","mia-orthopedic-sneakers-nero-40","28.00","50.00","0","continue","assets/products/generated-shoe-beige.png","1","Mia Orthopedic Sneakers","Fai ogni passo con più comfort e stile. Mia Orthopedic Sneakers è pensato per accompagnarti ogni giorno, con un design versatile facile da abbinare ai tuoi look preferiti."
"mia-orthopedic-sneakers","Mia Orthopedic Sneakers","<p>Fai ogni passo con più comfort e stile. Mia Orthopedic Sneakers è pensato per accompagnarti ogni giorno, con un design versatile facile da abbinare ai tuoi look preferiti.</p>","olyndralondon.com","Calzado","Calzado","Scarpe, Novità, Selezione Juanjo","TRUE","Colore","Nero","Talla","41","mia-orthopedic-sneakers-nero-41","28.00","50.00","0","continue","assets/products/generated-shoe-beige.png","1","Mia Orthopedic Sneakers","Fai ogni passo con più comfort e stile. Mia Orthopedic Sneakers è pensato per accompagnarti ogni giorno, con un design versatile facile da abbinare ai tuoi look preferiti."
"mia-orthopedic-sneakers","Mia Orthopedic Sneakers","<p>Fai ogni passo con più comfort e stile. Mia Orthopedic Sneakers è pensato per accompagnarti ogni giorno, con un design versatile facile da abbinare ai tuoi look preferiti.</p>","olyndralondon.com","Calzado","Calzado","Scarpe, Novità, Selezione Juanjo","TRUE","Colore","Beige","Talla","36","mia-orthopedic-sneakers-beige-36","28.00","50.00","0","continue","assets/products/generated-shoe-beige.png","1","Mia Orthopedic Sneakers","Fai ogni passo con più comfort e stile. Mia Orthopedic Sneakers è pensato per accompagnarti ogni giorno, con un design versatile facile da abbinare ai tuoi look preferiti."
"mia-orthopedic-sneakers","Mia Orthopedic Sneakers","<p>Fai ogni passo con più comfort e stile. Mia Orthopedic Sneakers è pensato per accompagnarti ogni giorno, con un design versatile facile da abbinare ai tuoi look preferiti.</p>","olyndralondon.com","Calzado","Calzado","Scarpe, Novità, Selezione Juanjo","TRUE","Colore","Beige","Talla","37","mia-orthopedic-sneakers-beige-37","28.00","50.00","0","continue","assets/products/generated-shoe-beige.png","1","Mia Orthopedic Sneakers","Fai ogni passo con più comfort e stile. Mia Orthopedic Sneakers è pensato per accompagnarti ogni giorno, con un design versatile facile da abbinare ai tuoi look preferiti."
"mia-orthopedic-sneakers","Mia Orthopedic Sneakers","<p>Fai ogni passo con più comfort e stile. Mia Orthopedic Sneakers è pensato per accompagnarti ogni giorno, con un design versatile facile da abbinare ai tuoi look preferiti.</p>","olyndralondon.com","Calzado","Calzado","Scarpe, Novità, Selezione Juanjo","TRUE","Colore","Beige","Talla","38","mia-orthopedic-sneakers-beige-38","28.00","50.00","0","continue","assets/products/generated-shoe-beige.png","1","Mia Orthopedic Sneakers","Fai ogni passo con più comfort e stile. Mia Orthopedic Sneakers è pensato per accompagnarti ogni giorno, con un design versatile facile da abbinare ai tuoi look preferiti."
"mia-orthopedic-sneakers","Mia Orthopedic Sneakers","<p>Fai ogni passo con più comfort e stile. Mia Orthopedic Sneakers è pensato per accompagnarti ogni giorno, con un design versatile facile da abbinare ai tuoi look preferiti.</p>","olyndralondon.com","Calzado","Calzado","Scarpe, Novità, Selezione Juanjo","TRUE","Colore","Beige","Talla","39","mia-orthopedic-sneakers-beige-39","28.00","50.00","0","continue","assets/products/generated-shoe-beige.png","1","Mia Orthopedic Sneakers","Fai ogni passo con più comfort e stile. Mia Orthopedic Sneakers è pensato per accompagnarti ogni giorno, con un design versatile facile da abbinare ai tuoi look preferiti."
"mia-orthopedic-sneakers","Mia Orthopedic Sneakers","<p>Fai ogni passo con più comfort e stile. Mia Orthopedic Sneakers è pensato per accompagnarti ogni giorno, con un design versatile facile da abbinare ai tuoi look preferiti.</p>","olyndralondon.com","Calzado","Calzado","Scarpe, Novità, Selezione Juanjo","TRUE","Colore","Beige","Talla","40","mia-orthopedic-sneakers-beige-40","28.00","50.00","0","continue","assets/products/generated-shoe-beige.png","1","Mia Orthopedic Sneakers","Fai ogni passo con più comfort e stile. Mia Orthopedic Sneakers è pensato per accompagnarti ogni giorno, con un design versatile facile da abbinare ai tuoi look preferiti."
"mia-orthopedic-sneakers","Mia Orthopedic Sneakers","<p>Fai ogni passo con più comfort e stile. Mia Orthopedic Sneakers è pensato per accompagnarti ogni giorno, con un design versatile facile da abbinare ai tuoi look preferiti.</p>","olyndralondon.com","Calzado","Calzado","Scarpe, Novità, Selezione Juanjo","TRUE","Colore","Beige","Talla","41","mia-orthopedic-sneakers-beige-41","28.00","50.00","0","continue","assets/products/generated-shoe-beige.png","1","Mia Orthopedic Sneakers","Fai ogni passo con più comfort e stile. Mia Orthopedic Sneakers è pensato per accompagnarti ogni giorno, con un design versatile facile da abbinare ai tuoi look preferiti."
"mia-orthopedic-sneakers","Mia Orthopedic Sneakers","<p>Fai ogni passo con più comfort e stile. Mia Orthopedic Sneakers è pensato per accompagnarti ogni giorno, con un design versatile facile da abbinare ai tuoi look preferiti.</p>","olyndralondon.com","Calzado","Calzado","Scarpe, Novità, Selezione Juanjo","TRUE","Colore","Marrone","Talla","36","mia-orthopedic-sneakers-marrone-36","28.00","50.00","0","continue","assets/products/generated-shoe-beige.png","1","Mia Orthopedic Sneakers","Fai ogni passo con più comfort e stile. Mia Orthopedic Sneakers è pensato per accompagnarti ogni giorno, con un design versatile facile da abbinare ai tuoi look preferiti."
"mia-orthopedic-sneakers","Mia Orthopedic Sneakers","<p>Fai ogni passo con più comfort e stile. Mia Orthopedic Sneakers è pensato per accompagnarti ogni giorno, con un design versatile facile da abbinare ai tuoi look preferiti.</p>","olyndralondon.com","Calzado","Calzado","Scarpe, Novità, Selezione Juanjo","TRUE","Colore","Marrone","Talla","37","mia-orthopedic-sneakers-marrone-37","28.00","50.00","0","continue","assets/products/generated-shoe-beige.png","1","Mia Orthopedic Sneakers","Fai ogni passo con più comfort e stile. Mia Orthopedic Sneakers è pensato per accompagnarti ogni giorno, con un design versatile facile da abbinare ai tuoi look preferiti."
"mia-orthopedic-sneakers","Mia Orthopedic Sneakers","<p>Fai ogni passo con più comfort e stile. Mia Orthopedic Sneakers è pensato per accompagnarti ogni giorno, con un design versatile facile da abbinare ai tuoi look preferiti.</p>","olyndralondon.com","Calzado","Calzado","Scarpe, Novità, Selezione Juanjo","TRUE","Colore","Marrone","Talla","38","mia-orthopedic-sneakers-marrone-38","28.00","50.00","0","continue","assets/products/generated-shoe-beige.png","1","Mia Orthopedic Sneakers","Fai ogni passo con più comfort e stile. Mia Orthopedic Sneakers è pensato per accompagnarti ogni giorno, con un design versatile facile da abbinare ai tuoi look preferiti."
"mia-orthopedic-sneakers","Mia Orthopedic Sneakers","<p>Fai ogni passo con più comfort e stile. Mia Orthopedic Sneakers è pensato per accompagnarti ogni giorno, con un design versatile facile da abbinare ai tuoi look preferiti.</p>","olyndralondon.com","Calzado","Calzado","Scarpe, Novità, Selezione Juanjo","TRUE","Colore","Marrone","Talla","39","mia-orthopedic-sneakers-marrone-39","28.00","50.00","0","continue","assets/products/generated-shoe-beige.png","1","Mia Orthopedic Sneakers","Fai ogni passo con più comfort e stile. Mia Orthopedic Sneakers è pensato per accompagnarti ogni giorno, con un design versatile facile da abbinare ai tuoi look preferiti."
"mia-orthopedic-sneakers","Mia Orthopedic Sneakers","<p>Fai ogni passo con più comfort e stile. Mia Orthopedic Sneakers è pensato per accompagnarti ogni giorno, con un design versatile facile da abbinare ai tuoi look preferiti.</p>","olyndralondon.com","Calzado","Calzado","Scarpe, Novità, Selezione Juanjo","TRUE","Colore","Marrone","Talla","40","mia-orthopedic-sneakers-marrone-40","28.00","50.00","0","continue","assets/products/generated-shoe-beige.png","1","Mia Orthopedic Sneakers","Fai ogni passo con più comfort e stile. Mia Orthopedic Sneakers è pensato per accompagnarti ogni giorno, con un design versatile facile da abbinare ai tuoi look preferiti."
"mia-orthopedic-sneakers","Mia Orthopedic Sneakers","<p>Fai ogni passo con più comfort e stile. Mia Orthopedic Sneakers è pensato per accompagnarti ogni giorno, con un design versatile facile da abbinare ai tuoi look preferiti.</p>","olyndralondon.com","Calzado","Calzado","Scarpe, Novità, Selezione Juanjo","TRUE","Colore","Marrone","Talla","41","mia-orthopedic-sneakers-marrone-41","28.00","50.00","0","continue","assets/products/generated-shoe-beige.png","1","Mia Orthopedic Sneakers","Fai ogni passo con più comfort e stile. Mia Orthopedic Sneakers è pensato per accompagnarti ogni giorno, con un design versatile facile da abbinare ai tuoi look preferiti."
"mia-orthopedic-sneakers","Mia Orthopedic Sneakers","<p>Fai ogni passo con più comfort e stile. Mia Orthopedic Sneakers è pensato per accompagnarti ogni giorno, con un design versatile facile da abbinare ai tuoi look preferiti.</p>","olyndralondon.com","Calzado","Calzado","Scarpe, Novità, Selezione Juanjo","TRUE","Colore","Bianco","Talla","36","mia-orthopedic-sneakers-bianco-36","28.00","50.00","0","continue","assets/products/generated-shoe-beige.png","1","Mia Orthopedic Sneakers","Fai ogni passo con più comfort e stile. Mia Orthopedic Sneakers è pensato per accompagnarti ogni giorno, con un design versatile facile da abbinare ai tuoi look preferiti."
"mia-orthopedic-sneakers","Mia Orthopedic Sneakers","<p>Fai ogni passo con più comfort e stile. Mia Orthopedic Sneakers è pensato per accompagnarti ogni giorno, con un design versatile facile da abbinare ai tuoi look preferiti.</p>","olyndralondon.com","Calzado","Calzado","Scarpe, Novità, Selezione Juanjo","TRUE","Colore","Bianco","Talla","37","mia-orthopedic-sneakers-bianco-37","28.00","50.00","0","continue","assets/products/generated-shoe-beige.png","1","Mia Orthopedic Sneakers","Fai ogni passo con più comfort e stile. Mia Orthopedic Sneakers è pensato per accompagnarti ogni giorno, con un design versatile facile da abbinare ai tuoi look preferiti."
"mia-orthopedic-sneakers","Mia Orthopedic Sneakers","<p>Fai ogni passo con più comfort e stile. Mia Orthopedic Sneakers è pensato per accompagnarti ogni giorno, con un design versatile facile da abbinare ai tuoi look preferiti.</p>","olyndralondon.com","Calzado","Calzado","Scarpe, Novità, Selezione Juanjo","TRUE","Colore","Bianco","Talla","38","mia-orthopedic-sneakers-bianco-38","28.00","50.00","0","continue","assets/products/generated-shoe-beige.png","1","Mia Orthopedic Sneakers","Fai ogni passo con più comfort e stile. Mia Orthopedic Sneakers è pensato per accompagnarti ogni giorno, con un design versatile facile da abbinare ai tuoi look preferiti."
"mia-orthopedic-sneakers","Mia Orthopedic Sneakers","<p>Fai ogni passo con più comfort e stile. Mia Orthopedic Sneakers è pensato per accompagnarti ogni giorno, con un design versatile facile da abbinare ai tuoi look preferiti.</p>","olyndralondon.com","Calzado","Calzado","Scarpe, Novità, Selezione Juanjo","TRUE","Colore","Bianco","Talla","39","mia-orthopedic-sneakers-bianco-39","28.00","50.00","0","continue","assets/products/generated-shoe-beige.png","1","Mia Orthopedic Sneakers","Fai ogni passo con più comfort e stile. Mia Orthopedic Sneakers è pensato per accompagnarti ogni giorno, con un design versatile facile da abbinare ai tuoi look preferiti."
"mia-orthopedic-sneakers","Mia Orthopedic Sneakers","<p>Fai ogni passo con più comfort e stile. Mia Orthopedic Sneakers è pensato per accompagnarti ogni giorno, con un design versatile facile da abbinare ai tuoi look preferiti.</p>","olyndralondon.com","Calzado","Calzado","Scarpe, Novità, Selezione Juanjo","TRUE","Colore","Bianco","Talla","40","mia-orthopedic-sneakers-bianco-40","28.00","50.00","0","continue","assets/products/generated-shoe-beige.png","1","Mia Orthopedic Sneakers","Fai ogni passo con più comfort e stile. Mia Orthopedic Sneakers è pensato per accompagnarti ogni giorno, con un design versatile facile da abbinare ai tuoi look preferiti."
"mia-orthopedic-sneakers","Mia Orthopedic Sneakers","<p>Fai ogni passo con più comfort e stile. Mia Orthopedic Sneakers è pensato per accompagnarti ogni giorno, con un design versatile facile da abbinare ai tuoi look preferiti.</p>","olyndralondon.com","Calzado","Calzado","Scarpe, Novità, Selezione Juanjo","TRUE","Colore","Bianco","Talla","41","mia-orthopedic-sneakers-bianco-41","28.00","50.00","0","continue","assets/products/generated-shoe-beige.png","1","Mia Orthopedic Sneakers","Fai ogni passo con più comfort e stile. Mia Orthopedic Sneakers è pensato per accompagnarti ogni giorno, con un design versatile facile da abbinare ai tuoi look preferiti."
"women-s-winter-thick-sole-warm-snow-boots","Women's Winter Thick Sole Warm Snow Boots","<p>Fai ogni passo con più comfort e stile. Women's Winter Thick Sole Warm Snow Boots è pensato per accompagnarti ogni giorno, con un design versatile facile da abbinare ai tuoi look preferiti.</p>","belkmalls.com","Calzado","Calzado","Scarpe, Novità, Selezione Juanjo","TRUE","Colore","Nero","Talla","36","women-s-winter-thick-sole-warm-snow-boots-nero-36","0.00","","0","continue","assets/products/generated-shoe-beige.png","1","Women's Winter Thick Sole Warm Snow Boots","Fai ogni passo con più comfort e stile. Women's Winter Thick Sole Warm Snow Boots è pensato per accompagnarti ogni giorno, con un design versatile facile da abbinare ai tuoi look preferiti."
"women-s-winter-thick-sole-warm-snow-boots","Women's Winter Thick Sole Warm Snow Boots","<p>Fai ogni passo con più comfort e stile. Women's Winter Thick Sole Warm Snow Boots è pensato per accompagnarti ogni giorno, con un design versatile facile da abbinare ai tuoi look preferiti.</p>","belkmalls.com","Calzado","Calzado","Scarpe, Novità, Selezione Juanjo","TRUE","Colore","Nero","Talla","37","women-s-winter-thick-sole-warm-snow-boots-nero-37","0.00","","0","continue","assets/products/generated-shoe-beige.png","1","Women's Winter Thick Sole Warm Snow Boots","Fai ogni passo con più comfort e stile. Women's Winter Thick Sole Warm Snow Boots è pensato per accompagnarti ogni giorno, con un design versatile facile da abbinare ai tuoi look preferiti."
"women-s-winter-thick-sole-warm-snow-boots","Women's Winter Thick Sole Warm Snow Boots","<p>Fai ogni passo con più comfort e stile. Women's Winter Thick Sole Warm Snow Boots è pensato per accompagnarti ogni giorno, con un design versatile facile da abbinare ai tuoi look preferiti.</p>","belkmalls.com","Calzado","Calzado","Scarpe, Novità, Selezione Juanjo","TRUE","Colore","Nero","Talla","38","women-s-winter-thick-sole-warm-snow-boots-nero-38","0.00","","0","continue","assets/products/generated-shoe-beige.png","1","Women's Winter Thick Sole Warm Snow Boots","Fai ogni passo con più comfort e stile. Women's Winter Thick Sole Warm Snow Boots è pensato per accompagnarti ogni giorno, con un design versatile facile da abbinare ai tuoi look preferiti."
"women-s-winter-thick-sole-warm-snow-boots","Women's Winter Thick Sole Warm Snow Boots","<p>Fai ogni passo con più comfort e stile. Women's Winter Thick Sole Warm Snow Boots è pensato per accompagnarti ogni giorno, con un design versatile facile da abbinare ai tuoi look preferiti.</p>","belkmalls.com","Calzado","Calzado","Scarpe, Novità, Selezione Juanjo","TRUE","Colore","Nero","Talla","39","women-s-winter-thick-sole-warm-snow-boots-nero-39","0.00","","0","continue","assets/products/generated-shoe-beige.png","1","Women's Winter Thick Sole Warm Snow Boots","Fai ogni passo con più comfort e stile. Women's Winter Thick Sole Warm Snow Boots è pensato per accompagnarti ogni giorno, con un design versatile facile da abbinare ai tuoi look preferiti."
"women-s-winter-thick-sole-warm-snow-boots","Women's Winter Thick Sole Warm Snow Boots","<p>Fai ogni passo con più comfort e stile. Women's Winter Thick Sole Warm Snow Boots è pensato per accompagnarti ogni giorno, con un design versatile facile da abbinare ai tuoi look preferiti.</p>","belkmalls.com","Calzado","Calzado","Scarpe, Novità, Selezione Juanjo","TRUE","Colore","Nero","Talla","40","women-s-winter-thick-sole-warm-snow-boots-nero-40","0.00","","0","continue","assets/products/generated-shoe-beige.png","1","Women's Winter Thick Sole Warm Snow Boots","Fai ogni passo con più comfort e stile. Women's Winter Thick Sole Warm Snow Boots è pensato per accompagnarti ogni giorno, con un design versatile facile da abbinare ai tuoi look preferiti."
"women-s-winter-thick-sole-warm-snow-boots","Women's Winter Thick Sole Warm Snow Boots","<p>Fai ogni passo con più comfort e stile. Women's Winter Thick Sole Warm Snow Boots è pensato per accompagnarti ogni giorno, con un design versatile facile da abbinare ai tuoi look preferiti.</p>","belkmalls.com","Calzado","Calzado","Scarpe, Novità, Selezione Juanjo","TRUE","Colore","Nero","Talla","41","women-s-winter-thick-sole-warm-snow-boots-nero-41","0.00","","0","continue","assets/products/generated-shoe-beige.png","1","Women's Winter Thick Sole Warm Snow Boots","Fai ogni passo con più comfort e stile. Women's Winter Thick Sole Warm Snow Boots è pensato per accompagnarti ogni giorno, con un design versatile facile da abbinare ai tuoi look preferiti."
"women-s-winter-thick-sole-warm-snow-boots","Women's Winter Thick Sole Warm Snow Boots","<p>Fai ogni passo con più comfort e stile. Women's Winter Thick Sole Warm Snow Boots è pensato per accompagnarti ogni giorno, con un design versatile facile da abbinare ai tuoi look preferiti.</p>","belkmalls.com","Calzado","Calzado","Scarpe, Novità, Selezione Juanjo","TRUE","Colore","Beige","Talla","36","women-s-winter-thick-sole-warm-snow-boots-beige-36","0.00","","0","continue","assets/products/generated-shoe-beige.png","1","Women's Winter Thick Sole Warm Snow Boots","Fai ogni passo con più comfort e stile. Women's Winter Thick Sole Warm Snow Boots è pensato per accompagnarti ogni giorno, con un design versatile facile da abbinare ai tuoi look preferiti."
"women-s-winter-thick-sole-warm-snow-boots","Women's Winter Thick Sole Warm Snow Boots","<p>Fai ogni passo con più comfort e stile. Women's Winter Thick Sole Warm Snow Boots è pensato per accompagnarti ogni giorno, con un design versatile facile da abbinare ai tuoi look preferiti.</p>","belkmalls.com","Calzado","Calzado","Scarpe, Novità, Selezione Juanjo","TRUE","Colore","Beige","Talla","37","women-s-winter-thick-sole-warm-snow-boots-beige-37","0.00","","0","continue","assets/products/generated-shoe-beige.png","1","Women's Winter Thick Sole Warm Snow Boots","Fai ogni passo con più comfort e stile. Women's Winter Thick Sole Warm Snow Boots è pensato per accompagnarti ogni giorno, con un design versatile facile da abbinare ai tuoi look preferiti."
"women-s-winter-thick-sole-warm-snow-boots","Women's Winter Thick Sole Warm Snow Boots","<p>Fai ogni passo con più comfort e stile. Women's Winter Thick Sole Warm Snow Boots è pensato per accompagnarti ogni giorno, con un design versatile facile da abbinare ai tuoi look preferiti.</p>","belkmalls.com","Calzado","Calzado","Scarpe, Novità, Selezione Juanjo","TRUE","Colore","Beige","Talla","38","women-s-winter-thick-sole-warm-snow-boots-beige-38","0.00","","0","continue","assets/products/generated-shoe-beige.png","1","Women's Winter Thick Sole Warm Snow Boots","Fai ogni passo con più comfort e stile. Women's Winter Thick Sole Warm Snow Boots è pensato per accompagnarti ogni giorno, con un design versatile facile da abbinare ai tuoi look preferiti."
"women-s-winter-thick-sole-warm-snow-boots","Women's Winter Thick Sole Warm Snow Boots","<p>Fai ogni passo con più comfort e stile. Women's Winter Thick Sole Warm Snow Boots è pensato per accompagnarti ogni giorno, con un design versatile facile da abbinare ai tuoi look preferiti.</p>","belkmalls.com","Calzado","Calzado","Scarpe, Novità, Selezione Juanjo","TRUE","Colore","Beige","Talla","39","women-s-winter-thick-sole-warm-snow-boots-beige-39","0.00","","0","continue","assets/products/generated-shoe-beige.png","1","Women's Winter Thick Sole Warm Snow Boots","Fai ogni passo con più comfort e stile. Women's Winter Thick Sole Warm Snow Boots è pensato per accompagnarti ogni giorno, con un design versatile facile da abbinare ai tuoi look preferiti."
"women-s-winter-thick-sole-warm-snow-boots","Women's Winter Thick Sole Warm Snow Boots","<p>Fai ogni passo con più comfort e stile. Women's Winter Thick Sole Warm Snow Boots è pensato per accompagnarti ogni giorno, con un design versatile facile da abbinare ai tuoi look preferiti.</p>","belkmalls.com","Calzado","Calzado","Scarpe, Novità, Selezione Juanjo","TRUE","Colore","Beige","Talla","40","women-s-winter-thick-sole-warm-snow-boots-beige-40","0.00","","0","continue","assets/products/generated-shoe-beige.png","1","Women's Winter Thick Sole Warm Snow Boots","Fai ogni passo con più comfort e stile. Women's Winter Thick Sole Warm Snow Boots è pensato per accompagnarti ogni giorno, con un design versatile facile da abbinare ai tuoi look preferiti."
"women-s-winter-thick-sole-warm-snow-boots","Women's Winter Thick Sole Warm Snow Boots","<p>Fai ogni passo con più comfort e stile. Women's Winter Thick Sole Warm Snow Boots è pensato per accompagnarti ogni giorno, con un design versatile facile da abbinare ai tuoi look preferiti.</p>","belkmalls.com","Calzado","Calzado","Scarpe, Novità, Selezione Juanjo","TRUE","Colore","Beige","Talla","41","women-s-winter-thick-sole-warm-snow-boots-beige-41","0.00","","0","continue","assets/products/generated-shoe-beige.png","1","Women's Winter Thick Sole Warm Snow Boots","Fai ogni passo con più comfort e stile. Women's Winter Thick Sole Warm Snow Boots è pensato per accompagnarti ogni giorno, con un design versatile facile da abbinare ai tuoi look preferiti."
"women-s-winter-thick-sole-warm-snow-boots","Women's Winter Thick Sole Warm Snow Boots","<p>Fai ogni passo con più comfort e stile. Women's Winter Thick Sole Warm Snow Boots è pensato per accompagnarti ogni giorno, con un design versatile facile da abbinare ai tuoi look preferiti.</p>","belkmalls.com","Calzado","Calzado","Scarpe, Novità, Selezione Juanjo","TRUE","Colore","Marrone","Talla","36","women-s-winter-thick-sole-warm-snow-boots-marrone-36","0.00","","0","continue","assets/products/generated-shoe-beige.png","1","Women's Winter Thick Sole Warm Snow Boots","Fai ogni passo con più comfort e stile. Women's Winter Thick Sole Warm Snow Boots è pensato per accompagnarti ogni giorno, con un design versatile facile da abbinare ai tuoi look preferiti."
"women-s-winter-thick-sole-warm-snow-boots","Women's Winter Thick Sole Warm Snow Boots","<p>Fai ogni passo con più comfort e stile. Women's Winter Thick Sole Warm Snow Boots è pensato per accompagnarti ogni giorno, con un design versatile facile da abbinare ai tuoi look preferiti.</p>","belkmalls.com","Calzado","Calzado","Scarpe, Novità, Selezione Juanjo","TRUE","Colore","Marrone","Talla","37","women-s-winter-thick-sole-warm-snow-boots-marrone-37","0.00","","0","continue","assets/products/generated-shoe-beige.png","1","Women's Winter Thick Sole Warm Snow Boots","Fai ogni passo con più comfort e stile. Women's Winter Thick Sole Warm Snow Boots è pensato per accompagnarti ogni giorno, con un design versatile facile da abbinare ai tuoi look preferiti."
"women-s-winter-thick-sole-warm-snow-boots","Women's Winter Thick Sole Warm Snow Boots","<p>Fai ogni passo con più comfort e stile. Women's Winter Thick Sole Warm Snow Boots è pensato per accompagnarti ogni giorno, con un design versatile facile da abbinare ai tuoi look preferiti.</p>","belkmalls.com","Calzado","Calzado","Scarpe, Novità, Selezione Juanjo","TRUE","Colore","Marrone","Talla","38","women-s-winter-thick-sole-warm-snow-boots-marrone-38","0.00","","0","continue","assets/products/generated-shoe-beige.png","1","Women's Winter Thick Sole Warm Snow Boots","Fai ogni passo con più comfort e stile. Women's Winter Thick Sole Warm Snow Boots è pensato per accompagnarti ogni giorno, con un design versatile facile da abbinare ai tuoi look preferiti."
"women-s-winter-thick-sole-warm-snow-boots","Women's Winter Thick Sole Warm Snow Boots","<p>Fai ogni passo con più comfort e stile. Women's Winter Thick Sole Warm Snow Boots è pensato per accompagnarti ogni giorno, con un design versatile facile da abbinare ai tuoi look preferiti.</p>","belkmalls.com","Calzado","Calzado","Scarpe, Novità, Selezione Juanjo","TRUE","Colore","Marrone","Talla","39","women-s-winter-thick-sole-warm-snow-boots-marrone-39","0.00","","0","continue","assets/products/generated-shoe-beige.png","1","Women's Winter Thick Sole Warm Snow Boots","Fai ogni passo con più comfort e stile. Women's Winter Thick Sole Warm Snow Boots è pensato per accompagnarti ogni giorno, con un design versatile facile da abbinare ai tuoi look preferiti."
"women-s-winter-thick-sole-warm-snow-boots","Women's Winter Thick Sole Warm Snow Boots","<p>Fai ogni passo con più comfort e stile. Women's Winter Thick Sole Warm Snow Boots è pensato per accompagnarti ogni giorno, con un design versatile facile da abbinare ai tuoi look preferiti.</p>","belkmalls.com","Calzado","Calzado","Scarpe, Novità, Selezione Juanjo","TRUE","Colore","Marrone","Talla","40","women-s-winter-thick-sole-warm-snow-boots-marrone-40","0.00","","0","continue","assets/products/generated-shoe-beige.png","1","Women's Winter Thick Sole Warm Snow Boots","Fai ogni passo con più comfort e stile. Women's Winter Thick Sole Warm Snow Boots è pensato per accompagnarti ogni giorno, con un design versatile facile da abbinare ai tuoi look preferiti."
"women-s-winter-thick-sole-warm-snow-boots","Women's Winter Thick Sole Warm Snow Boots","<p>Fai ogni passo con più comfort e stile. Women's Winter Thick Sole Warm Snow Boots è pensato per accompagnarti ogni giorno, con un design versatile facile da abbinare ai tuoi look preferiti.</p>","belkmalls.com","Calzado","Calzado","Scarpe, Novità, Selezione Juanjo","TRUE","Colore","Marrone","Talla","41","women-s-winter-thick-sole-warm-snow-boots-marrone-41","0.00","","0","continue","assets/products/generated-shoe-beige.png","1","Women's Winter Thick Sole Warm Snow Boots","Fai ogni passo con più comfort e stile. Women's Winter Thick Sole Warm Snow Boots è pensato per accompagnarti ogni giorno, con un design versatile facile da abbinare ai tuoi look preferiti."
"women-s-winter-thick-sole-warm-snow-boots","Women's Winter Thick Sole Warm Snow Boots","<p>Fai ogni passo con più comfort e stile. Women's Winter Thick Sole Warm Snow Boots è pensato per accompagnarti ogni giorno, con un design versatile facile da abbinare ai tuoi look preferiti.</p>","belkmalls.com","Calzado","Calzado","Scarpe, Novità, Selezione Juanjo","TRUE","Colore","Bianco","Talla","36","women-s-winter-thick-sole-warm-snow-boots-bianco-36","0.00","","0","continue","assets/products/generated-shoe-beige.png","1","Women's Winter Thick Sole Warm Snow Boots","Fai ogni passo con più comfort e stile. Women's Winter Thick Sole Warm Snow Boots è pensato per accompagnarti ogni giorno, con un design versatile facile da abbinare ai tuoi look preferiti."
"women-s-winter-thick-sole-warm-snow-boots","Women's Winter Thick Sole Warm Snow Boots","<p>Fai ogni passo con più comfort e stile. Women's Winter Thick Sole Warm Snow Boots è pensato per accompagnarti ogni giorno, con un design versatile facile da abbinare ai tuoi look preferiti.</p>","belkmalls.com","Calzado","Calzado","Scarpe, Novità, Selezione Juanjo","TRUE","Colore","Bianco","Talla","37","women-s-winter-thick-sole-warm-snow-boots-bianco-37","0.00","","0","continue","assets/products/generated-shoe-beige.png","1","Women's Winter Thick Sole Warm Snow Boots","Fai ogni passo con più comfort e stile. Women's Winter Thick Sole Warm Snow Boots è pensato per accompagnarti ogni giorno, con un design versatile facile da abbinare ai tuoi look preferiti."
"women-s-winter-thick-sole-warm-snow-boots","Women's Winter Thick Sole Warm Snow Boots","<p>Fai ogni passo con più comfort e stile. Women's Winter Thick Sole Warm Snow Boots è pensato per accompagnarti ogni giorno, con un design versatile facile da abbinare ai tuoi look preferiti.</p>","belkmalls.com","Calzado","Calzado","Scarpe, Novità, Selezione Juanjo","TRUE","Colore","Bianco","Talla","38","women-s-winter-thick-sole-warm-snow-boots-bianco-38","0.00","","0","continue","assets/products/generated-shoe-beige.png","1","Women's Winter Thick Sole Warm Snow Boots","Fai ogni passo con più comfort e stile. Women's Winter Thick Sole Warm Snow Boots è pensato per accompagnarti ogni giorno, con un design versatile facile da abbinare ai tuoi look preferiti."
"women-s-winter-thick-sole-warm-snow-boots","Women's Winter Thick Sole Warm Snow Boots","<p>Fai ogni passo con più comfort e stile. Women's Winter Thick Sole Warm Snow Boots è pensato per accompagnarti ogni giorno, con un design versatile facile da abbinare ai tuoi look preferiti.</p>","belkmalls.com","Calzado","Calzado","Scarpe, Novità, Selezione Juanjo","TRUE","Colore","Bianco","Talla","39","women-s-winter-thick-sole-warm-snow-boots-bianco-39","0.00","","0","continue","assets/products/generated-shoe-beige.png","1","Women's Winter Thick Sole Warm Snow Boots","Fai ogni passo con più comfort e stile. Women's Winter Thick Sole Warm Snow Boots è pensato per accompagnarti ogni giorno, con un design versatile facile da abbinare ai tuoi look preferiti."
"women-s-winter-thick-sole-warm-snow-boots","Women's Winter Thick Sole Warm Snow Boots","<p>Fai ogni passo con più comfort e stile. Women's Winter Thick Sole Warm Snow Boots è pensato per accompagnarti ogni giorno, con un design versatile facile da abbinare ai tuoi look preferiti.</p>","belkmalls.com","Calzado","Calzado","Scarpe, Novità, Selezione Juanjo","TRUE","Colore","Bianco","Talla","40","women-s-winter-thick-sole-warm-snow-boots-bianco-40","0.00","","0","continue","assets/products/generated-shoe-beige.png","1","Women's Winter Thick Sole Warm Snow Boots","Fai ogni passo con più comfort e stile. Women's Winter Thick Sole Warm Snow Boots è pensato per accompagnarti ogni giorno, con un design versatile facile da abbinare ai tuoi look preferiti."
"women-s-winter-thick-sole-warm-snow-boots","Women's Winter Thick Sole Warm Snow Boots","<p>Fai ogni passo con più comfort e stile. Women's Winter Thick Sole Warm Snow Boots è pensato per accompagnarti ogni giorno, con un design versatile facile da abbinare ai tuoi look preferiti.</p>","belkmalls.com","Calzado","Calzado","Scarpe, Novità, Selezione Juanjo","TRUE","Colore","Bianco","Talla","41","women-s-winter-thick-sole-warm-snow-boots-bianco-41","0.00","","0","continue","assets/products/generated-shoe-beige.png","1","Women's Winter Thick Sole Warm Snow Boots","Fai ogni passo con più comfort e stile. Women's Winter Thick Sole Warm Snow Boots è pensato per accompagnarti ogni giorno, con un design versatile facile da abbinare ai tuoi look preferiti."
"women-s-open-toe-orthopaedic-sandals","Women's Open-Toe Orthopaedic Sandals","<p>Fai ogni passo con più comfort e stile. Women's Open-Toe Orthopaedic Sandals è pensato per accompagnarti ogni giorno, con un design versatile facile da abbinare ai tuoi look preferiti.</p>","belksale.com","Calzado","Calzado","Scarpe, Novità, Selezione Juanjo","TRUE","Colore","Nero","Talla","36","women-s-open-toe-orthopaedic-sandals-nero-36","0.00","","0","continue","assets/products/generated-shoe-beige.png","1","Women's Open-Toe Orthopaedic Sandals","Fai ogni passo con più comfort e stile. Women's Open-Toe Orthopaedic Sandals è pensato per accompagnarti ogni giorno, con un design versatile facile da abbinare ai tuoi look preferiti."
"women-s-open-toe-orthopaedic-sandals","Women's Open-Toe Orthopaedic Sandals","<p>Fai ogni passo con più comfort e stile. Women's Open-Toe Orthopaedic Sandals è pensato per accompagnarti ogni giorno, con un design versatile facile da abbinare ai tuoi look preferiti.</p>","belksale.com","Calzado","Calzado","Scarpe, Novità, Selezione Juanjo","TRUE","Colore","Nero","Talla","37","women-s-open-toe-orthopaedic-sandals-nero-37","0.00","","0","continue","assets/products/generated-shoe-beige.png","1","Women's Open-Toe Orthopaedic Sandals","Fai ogni passo con più comfort e stile. Women's Open-Toe Orthopaedic Sandals è pensato per accompagnarti ogni giorno, con un design versatile facile da abbinare ai tuoi look preferiti."
"women-s-open-toe-orthopaedic-sandals","Women's Open-Toe Orthopaedic Sandals","<p>Fai ogni passo con più comfort e stile. Women's Open-Toe Orthopaedic Sandals è pensato per accompagnarti ogni giorno, con un design versatile facile da abbinare ai tuoi look preferiti.</p>","belksale.com","Calzado","Calzado","Scarpe, Novità, Selezione Juanjo","TRUE","Colore","Nero","Talla","38","women-s-open-toe-orthopaedic-sandals-nero-38","0.00","","0","continue","assets/products/generated-shoe-beige.png","1","Women's Open-Toe Orthopaedic Sandals","Fai ogni passo con più comfort e stile. Women's Open-Toe Orthopaedic Sandals è pensato per accompagnarti ogni giorno, con un design versatile facile da abbinare ai tuoi look preferiti."
"women-s-open-toe-orthopaedic-sandals","Women's Open-Toe Orthopaedic Sandals","<p>Fai ogni passo con più comfort e stile. Women's Open-Toe Orthopaedic Sandals è pensato per accompagnarti ogni giorno, con un design versatile facile da abbinare ai tuoi look preferiti.</p>","belksale.com","Calzado","Calzado","Scarpe, Novità, Selezione Juanjo","TRUE","Colore","Nero","Talla","39","women-s-open-toe-orthopaedic-sandals-nero-39","0.00","","0","continue","assets/products/generated-shoe-beige.png","1","Women's Open-Toe Orthopaedic Sandals","Fai ogni passo con più comfort e stile. Women's Open-Toe Orthopaedic Sandals è pensato per accompagnarti ogni giorno, con un design versatile facile da abbinare ai tuoi look preferiti."
"women-s-open-toe-orthopaedic-sandals","Women's Open-Toe Orthopaedic Sandals","<p>Fai ogni passo con più comfort e stile. Women's Open-Toe Orthopaedic Sandals è pensato per accompagnarti ogni giorno, con un design versatile facile da abbinare ai tuoi look preferiti.</p>","belksale.com","Calzado","Calzado","Scarpe, Novità, Selezione Juanjo","TRUE","Colore","Nero","Talla","40","women-s-open-toe-orthopaedic-sandals-nero-40","0.00","","0","continue","assets/products/generated-shoe-beige.png","1","Women's Open-Toe Orthopaedic Sandals","Fai ogni passo con più comfort e stile. Women's Open-Toe Orthopaedic Sandals è pensato per accompagnarti ogni giorno, con un design versatile facile da abbinare ai tuoi look preferiti."
"women-s-open-toe-orthopaedic-sandals","Women's Open-Toe Orthopaedic Sandals","<p>Fai ogni passo con più comfort e stile. Women's Open-Toe Orthopaedic Sandals è pensato per accompagnarti ogni giorno, con un design versatile facile da abbinare ai tuoi look preferiti.</p>","belksale.com","Calzado","Calzado","Scarpe, Novità, Selezione Juanjo","TRUE","Colore","Nero","Talla","41","women-s-open-toe-orthopaedic-sandals-nero-41","0.00","","0","continue","assets/products/generated-shoe-beige.png","1","Women's Open-Toe Orthopaedic Sandals","Fai ogni passo con più comfort e stile. Women's Open-Toe Orthopaedic Sandals è pensato per accompagnarti ogni giorno, con un design versatile facile da abbinare ai tuoi look preferiti."
"women-s-open-toe-orthopaedic-sandals","Women's Open-Toe Orthopaedic Sandals","<p>Fai ogni passo con più comfort e stile. Women's Open-Toe Orthopaedic Sandals è pensato per accompagnarti ogni giorno, con un design versatile facile da abbinare ai tuoi look preferiti.</p>","belksale.com","Calzado","Calzado","Scarpe, Novità, Selezione Juanjo","TRUE","Colore","Beige","Talla","36","women-s-open-toe-orthopaedic-sandals-beige-36","0.00","","0","continue","assets/products/generated-shoe-beige.png","1","Women's Open-Toe Orthopaedic Sandals","Fai ogni passo con più comfort e stile. Women's Open-Toe Orthopaedic Sandals è pensato per accompagnarti ogni giorno, con un design versatile facile da abbinare ai tuoi look preferiti."
"women-s-open-toe-orthopaedic-sandals","Women's Open-Toe Orthopaedic Sandals","<p>Fai ogni passo con più comfort e stile. Women's Open-Toe Orthopaedic Sandals è pensato per accompagnarti ogni giorno, con un design versatile facile da abbinare ai tuoi look preferiti.</p>","belksale.com","Calzado","Calzado","Scarpe, Novità, Selezione Juanjo","TRUE","Colore","Beige","Talla","37","women-s-open-toe-orthopaedic-sandals-beige-37","0.00","","0","continue","assets/products/generated-shoe-beige.png","1","Women's Open-Toe Orthopaedic Sandals","Fai ogni passo con più comfort e stile. Women's Open-Toe Orthopaedic Sandals è pensato per accompagnarti ogni giorno, con un design versatile facile da abbinare ai tuoi look preferiti."
"women-s-open-toe-orthopaedic-sandals","Women's Open-Toe Orthopaedic Sandals","<p>Fai ogni passo con più comfort e stile. Women's Open-Toe Orthopaedic Sandals è pensato per accompagnarti ogni giorno, con un design versatile facile da abbinare ai tuoi look preferiti.</p>","belksale.com","Calzado","Calzado","Scarpe, Novità, Selezione Juanjo","TRUE","Colore","Beige","Talla","38","women-s-open-toe-orthopaedic-sandals-beige-38","0.00","","0","continue","assets/products/generated-shoe-beige.png","1","Women's Open-Toe Orthopaedic Sandals","Fai ogni passo con più comfort e stile. Women's Open-Toe Orthopaedic Sandals è pensato per accompagnarti ogni giorno, con un design versatile facile da abbinare ai tuoi look preferiti."
"women-s-open-toe-orthopaedic-sandals","Women's Open-Toe Orthopaedic Sandals","<p>Fai ogni passo con più comfort e stile. Women's Open-Toe Orthopaedic Sandals è pensato per accompagnarti ogni giorno, con un design versatile facile da abbinare ai tuoi look preferiti.</p>","belksale.com","Calzado","Calzado","Scarpe, Novità, Selezione Juanjo","TRUE","Colore","Beige","Talla","39","women-s-open-toe-orthopaedic-sandals-beige-39","0.00","","0","continue","assets/products/generated-shoe-beige.png","1","Women's Open-Toe Orthopaedic Sandals","Fai ogni passo con più comfort e stile. Women's Open-Toe Orthopaedic Sandals è pensato per accompagnarti ogni giorno, con un design versatile facile da abbinare ai tuoi look preferiti."
"women-s-open-toe-orthopaedic-sandals","Women's Open-Toe Orthopaedic Sandals","<p>Fai ogni passo con più comfort e stile. Women's Open-Toe Orthopaedic Sandals è pensato per accompagnarti ogni giorno, con un design versatile facile da abbinare ai tuoi look preferiti.</p>","belksale.com","Calzado","Calzado","Scarpe, Novità, Selezione Juanjo","TRUE","Colore","Beige","Talla","40","women-s-open-toe-orthopaedic-sandals-beige-40","0.00","","0","continue","assets/products/generated-shoe-beige.png","1","Women's Open-Toe Orthopaedic Sandals","Fai ogni passo con più comfort e stile. Women's Open-Toe Orthopaedic Sandals è pensato per accompagnarti ogni giorno, con un design versatile facile da abbinare ai tuoi look preferiti."
"women-s-open-toe-orthopaedic-sandals","Women's Open-Toe Orthopaedic Sandals","<p>Fai ogni passo con più comfort e stile. Women's Open-Toe Orthopaedic Sandals è pensato per accompagnarti ogni giorno, con un design versatile facile da abbinare ai tuoi look preferiti.</p>","belksale.com","Calzado","Calzado","Scarpe, Novità, Selezione Juanjo","TRUE","Colore","Beige","Talla","41","women-s-open-toe-orthopaedic-sandals-beige-41","0.00","","0","continue","assets/products/generated-shoe-beige.png","1","Women's Open-Toe Orthopaedic Sandals","Fai ogni passo con più comfort e stile. Women's Open-Toe Orthopaedic Sandals è pensato per accompagnarti ogni giorno, con un design versatile facile da abbinare ai tuoi look preferiti."
"women-s-open-toe-orthopaedic-sandals","Women's Open-Toe Orthopaedic Sandals","<p>Fai ogni passo con più comfort e stile. Women's Open-Toe Orthopaedic Sandals è pensato per accompagnarti ogni giorno, con un design versatile facile da abbinare ai tuoi look preferiti.</p>","belksale.com","Calzado","Calzado","Scarpe, Novità, Selezione Juanjo","TRUE","Colore","Marrone","Talla","36","women-s-open-toe-orthopaedic-sandals-marrone-36","0.00","","0","continue","assets/products/generated-shoe-beige.png","1","Women's Open-Toe Orthopaedic Sandals","Fai ogni passo con più comfort e stile. Women's Open-Toe Orthopaedic Sandals è pensato per accompagnarti ogni giorno, con un design versatile facile da abbinare ai tuoi look preferiti."
"women-s-open-toe-orthopaedic-sandals","Women's Open-Toe Orthopaedic Sandals","<p>Fai ogni passo con più comfort e stile. Women's Open-Toe Orthopaedic Sandals è pensato per accompagnarti ogni giorno, con un design versatile facile da abbinare ai tuoi look preferiti.</p>","belksale.com","Calzado","Calzado","Scarpe, Novità, Selezione Juanjo","TRUE","Colore","Marrone","Talla","37","women-s-open-toe-orthopaedic-sandals-marrone-37","0.00","","0","continue","assets/products/generated-shoe-beige.png","1","Women's Open-Toe Orthopaedic Sandals","Fai ogni passo con più comfort e stile. Women's Open-Toe Orthopaedic Sandals è pensato per accompagnarti ogni giorno, con un design versatile facile da abbinare ai tuoi look preferiti."
"women-s-open-toe-orthopaedic-sandals","Women's Open-Toe Orthopaedic Sandals","<p>Fai ogni passo con più comfort e stile. Women's Open-Toe Orthopaedic Sandals è pensato per accompagnarti ogni giorno, con un design versatile facile da abbinare ai tuoi look preferiti.</p>","belksale.com","Calzado","Calzado","Scarpe, Novità, Selezione Juanjo","TRUE","Colore","Marrone","Talla","38","women-s-open-toe-orthopaedic-sandals-marrone-38","0.00","","0","continue","assets/products/generated-shoe-beige.png","1","Women's Open-Toe Orthopaedic Sandals","Fai ogni passo con più comfort e stile. Women's Open-Toe Orthopaedic Sandals è pensato per accompagnarti ogni giorno, con un design versatile facile da abbinare ai tuoi look preferiti."
"women-s-open-toe-orthopaedic-sandals","Women's Open-Toe Orthopaedic Sandals","<p>Fai ogni passo con più comfort e stile. Women's Open-Toe Orthopaedic Sandals è pensato per accompagnarti ogni giorno, con un design versatile facile da abbinare ai tuoi look preferiti.</p>","belksale.com","Calzado","Calzado","Scarpe, Novità, Selezione Juanjo","TRUE","Colore","Marrone","Talla","39","women-s-open-toe-orthopaedic-sandals-marrone-39","0.00","","0","continue","assets/products/generated-shoe-beige.png","1","Women's Open-Toe Orthopaedic Sandals","Fai ogni passo con più comfort e stile. Women's Open-Toe Orthopaedic Sandals è pensato per accompagnarti ogni giorno, con un design versatile facile da abbinare ai tuoi look preferiti."
"women-s-open-toe-orthopaedic-sandals","Women's Open-Toe Orthopaedic Sandals","<p>Fai ogni passo con più comfort e stile. Women's Open-Toe Orthopaedic Sandals è pensato per accompagnarti ogni giorno, con un design versatile facile da abbinare ai tuoi look preferiti.</p>","belksale.com","Calzado","Calzado","Scarpe, Novità, Selezione Juanjo","TRUE","Colore","Marrone","Talla","40","women-s-open-toe-orthopaedic-sandals-marrone-40","0.00","","0","continue","assets/products/generated-shoe-beige.png","1","Women's Open-Toe Orthopaedic Sandals","Fai ogni passo con più comfort e stile. Women's Open-Toe Orthopaedic Sandals è pensato per accompagnarti ogni giorno, con un design versatile facile da abbinare ai tuoi look preferiti."
"women-s-open-toe-orthopaedic-sandals","Women's Open-Toe Orthopaedic Sandals","<p>Fai ogni passo con più comfort e stile. Women's Open-Toe Orthopaedic Sandals è pensato per accompagnarti ogni giorno, con un design versatile facile da abbinare ai tuoi look preferiti.</p>","belksale.com","Calzado","Calzado","Scarpe, Novità, Selezione Juanjo","TRUE","Colore","Marrone","Talla","41","women-s-open-toe-orthopaedic-sandals-marrone-41","0.00","","0","continue","assets/products/generated-shoe-beige.png","1","Women's Open-Toe Orthopaedic Sandals","Fai ogni passo con più comfort e stile. Women's Open-Toe Orthopaedic Sandals è pensato per accompagnarti ogni giorno, con un design versatile facile da abbinare ai tuoi look preferiti."
"women-s-open-toe-orthopaedic-sandals","Women's Open-Toe Orthopaedic Sandals","<p>Fai ogni passo con più comfort e stile. Women's Open-Toe Orthopaedic Sandals è pensato per accompagnarti ogni giorno, con un design versatile facile da abbinare ai tuoi look preferiti.</p>","belksale.com","Calzado","Calzado","Scarpe, Novità, Selezione Juanjo","TRUE","Colore","Bianco","Talla","36","women-s-open-toe-orthopaedic-sandals-bianco-36","0.00","","0","continue","assets/products/generated-shoe-beige.png","1","Women's Open-Toe Orthopaedic Sandals","Fai ogni passo con più comfort e stile. Women's Open-Toe Orthopaedic Sandals è pensato per accompagnarti ogni giorno, con un design versatile facile da abbinare ai tuoi look preferiti."
"women-s-open-toe-orthopaedic-sandals","Women's Open-Toe Orthopaedic Sandals","<p>Fai ogni passo con più comfort e stile. Women's Open-Toe Orthopaedic Sandals è pensato per accompagnarti ogni giorno, con un design versatile facile da abbinare ai tuoi look preferiti.</p>","belksale.com","Calzado","Calzado","Scarpe, Novità, Selezione Juanjo","TRUE","Colore","Bianco","Talla","37","women-s-open-toe-orthopaedic-sandals-bianco-37","0.00","","0","continue","assets/products/generated-shoe-beige.png","1","Women's Open-Toe Orthopaedic Sandals","Fai ogni passo con più comfort e stile. Women's Open-Toe Orthopaedic Sandals è pensato per accompagnarti ogni giorno, con un design versatile facile da abbinare ai tuoi look preferiti."
"women-s-open-toe-orthopaedic-sandals","Women's Open-Toe Orthopaedic Sandals","<p>Fai ogni passo con più comfort e stile. Women's Open-Toe Orthopaedic Sandals è pensato per accompagnarti ogni giorno, con un design versatile facile da abbinare ai tuoi look preferiti.</p>","belksale.com","Calzado","Calzado","Scarpe, Novità, Selezione Juanjo","TRUE","Colore","Bianco","Talla","38","women-s-open-toe-orthopaedic-sandals-bianco-38","0.00","","0","continue","assets/products/generated-shoe-beige.png","1","Women's Open-Toe Orthopaedic Sandals","Fai ogni passo con più comfort e stile. Women's Open-Toe Orthopaedic Sandals è pensato per accompagnarti ogni giorno, con un design versatile facile da abbinare ai tuoi look preferiti."
"women-s-open-toe-orthopaedic-sandals","Women's Open-Toe Orthopaedic Sandals","<p>Fai ogni passo con più comfort e stile. Women's Open-Toe Orthopaedic Sandals è pensato per accompagnarti ogni giorno, con un design versatile facile da abbinare ai tuoi look preferiti.</p>","belksale.com","Calzado","Calzado","Scarpe, Novità, Selezione Juanjo","TRUE","Colore","Bianco","Talla","39","women-s-open-toe-orthopaedic-sandals-bianco-39","0.00","","0","continue","assets/products/generated-shoe-beige.png","1","Women's Open-Toe Orthopaedic Sandals","Fai ogni passo con più comfort e stile. Women's Open-Toe Orthopaedic Sandals è pensato per accompagnarti ogni giorno, con un design versatile facile da abbinare ai tuoi look preferiti."
"women-s-open-toe-orthopaedic-sandals","Women's Open-Toe Orthopaedic Sandals","<p>Fai ogni passo con più comfort e stile. Women's Open-Toe Orthopaedic Sandals è pensato per accompagnarti ogni giorno, con un design versatile facile da abbinare ai tuoi look preferiti.</p>","belksale.com","Calzado","Calzado","Scarpe, Novità, Selezione Juanjo","TRUE","Colore","Bianco","Talla","40","women-s-open-toe-orthopaedic-sandals-bianco-40","0.00","","0","continue","assets/products/generated-shoe-beige.png","1","Women's Open-Toe Orthopaedic Sandals","Fai ogni passo con più comfort e stile. Women's Open-Toe Orthopaedic Sandals è pensato per accompagnarti ogni giorno, con un design versatile facile da abbinare ai tuoi look preferiti."
"women-s-open-toe-orthopaedic-sandals","Women's Open-Toe Orthopaedic Sandals","<p>Fai ogni passo con più comfort e stile. Women's Open-Toe Orthopaedic Sandals è pensato per accompagnarti ogni giorno, con un design versatile facile da abbinare ai tuoi look preferiti.</p>","belksale.com","Calzado","Calzado","Scarpe, Novità, Selezione Juanjo","TRUE","Colore","Bianco","Talla","41","women-s-open-toe-orthopaedic-sandals-bianco-41","0.00","","0","continue","assets/products/generated-shoe-beige.png","1","Women's Open-Toe Orthopaedic Sandals","Fai ogni passo con più comfort e stile. Women's Open-Toe Orthopaedic Sandals è pensato per accompagnarti ogni giorno, con un design versatile facile da abbinare ai tuoi look preferiti."
"faux-suede-knee-high-stretch-boot","Faux Suede Knee-High Stretch Boot","<p>Fai ogni passo con più comfort e stile. Faux Suede Knee-High Stretch Boot è pensato per accompagnarti ogni giorno, con un design versatile facile da abbinare ai tuoi look preferiti.</p>","brillantshoes.com","Calzado","Calzado","Scarpe, Novità, Selezione Juanjo","TRUE","Colore","Nero","Talla","36","faux-suede-knee-high-stretch-boot-nero-36","0.00","","0","continue","assets/products/generated-shoe-beige.png","1","Faux Suede Knee-High Stretch Boot","Fai ogni passo con più comfort e stile. Faux Suede Knee-High Stretch Boot è pensato per accompagnarti ogni giorno, con un design versatile facile da abbinare ai tuoi look preferiti."
"faux-suede-knee-high-stretch-boot","Faux Suede Knee-High Stretch Boot","<p>Fai ogni passo con più comfort e stile. Faux Suede Knee-High Stretch Boot è pensato per accompagnarti ogni giorno, con un design versatile facile da abbinare ai tuoi look preferiti.</p>","brillantshoes.com","Calzado","Calzado","Scarpe, Novità, Selezione Juanjo","TRUE","Colore","Nero","Talla","37","faux-suede-knee-high-stretch-boot-nero-37","0.00","","0","continue","assets/products/generated-shoe-beige.png","1","Faux Suede Knee-High Stretch Boot","Fai ogni passo con più comfort e stile. Faux Suede Knee-High Stretch Boot è pensato per accompagnarti ogni giorno, con un design versatile facile da abbinare ai tuoi look preferiti."
"faux-suede-knee-high-stretch-boot","Faux Suede Knee-High Stretch Boot","<p>Fai ogni passo con più comfort e stile. Faux Suede Knee-High Stretch Boot è pensato per accompagnarti ogni giorno, con un design versatile facile da abbinare ai tuoi look preferiti.</p>","brillantshoes.com","Calzado","Calzado","Scarpe, Novità, Selezione Juanjo","TRUE","Colore","Nero","Talla","38","faux-suede-knee-high-stretch-boot-nero-38","0.00","","0","continue","assets/products/generated-shoe-beige.png","1","Faux Suede Knee-High Stretch Boot","Fai ogni passo con più comfort e stile. Faux Suede Knee-High Stretch Boot è pensato per accompagnarti ogni giorno, con un design versatile facile da abbinare ai tuoi look preferiti."
"faux-suede-knee-high-stretch-boot","Faux Suede Knee-High Stretch Boot","<p>Fai ogni passo con più comfort e stile. Faux Suede Knee-High Stretch Boot è pensato per accompagnarti ogni giorno, con un design versatile facile da abbinare ai tuoi look preferiti.</p>","brillantshoes.com","Calzado","Calzado","Scarpe, Novità, Selezione Juanjo","TRUE","Colore","Nero","Talla","39","faux-suede-knee-high-stretch-boot-nero-39","0.00","","0","continue","assets/products/generated-shoe-beige.png","1","Faux Suede Knee-High Stretch Boot","Fai ogni passo con più comfort e stile. Faux Suede Knee-High Stretch Boot è pensato per accompagnarti ogni giorno, con un design versatile facile da abbinare ai tuoi look preferiti."
"faux-suede-knee-high-stretch-boot","Faux Suede Knee-High Stretch Boot","<p>Fai ogni passo con più comfort e stile. Faux Suede Knee-High Stretch Boot è pensato per accompagnarti ogni giorno, con un design versatile facile da abbinare ai tuoi look preferiti.</p>","brillantshoes.com","Calzado","Calzado","Scarpe, Novità, Selezione Juanjo","TRUE","Colore","Nero","Talla","40","faux-suede-knee-high-stretch-boot-nero-40","0.00","","0","continue","assets/products/generated-shoe-beige.png","1","Faux Suede Knee-High Stretch Boot","Fai ogni passo con più comfort e stile. Faux Suede Knee-High Stretch Boot è pensato per accompagnarti ogni giorno, con un design versatile facile da abbinare ai tuoi look preferiti."
"faux-suede-knee-high-stretch-boot","Faux Suede Knee-High Stretch Boot","<p>Fai ogni passo con più comfort e stile. Faux Suede Knee-High Stretch Boot è pensato per accompagnarti ogni giorno, con un design versatile facile da abbinare ai tuoi look preferiti.</p>","brillantshoes.com","Calzado","Calzado","Scarpe, Novità, Selezione Juanjo","TRUE","Colore","Nero","Talla","41","faux-suede-knee-high-stretch-boot-nero-41","0.00","","0","continue","assets/products/generated-shoe-beige.png","1","Faux Suede Knee-High Stretch Boot","Fai ogni passo con più comfort e stile. Faux Suede Knee-High Stretch Boot è pensato per accompagnarti ogni giorno, con un design versatile facile da abbinare ai tuoi look preferiti."
"faux-suede-knee-high-stretch-boot","Faux Suede Knee-High Stretch Boot","<p>Fai ogni passo con più comfort e stile. Faux Suede Knee-High Stretch Boot è pensato per accompagnarti ogni giorno, con un design versatile facile da abbinare ai tuoi look preferiti.</p>","brillantshoes.com","Calzado","Calzado","Scarpe, Novità, Selezione Juanjo","TRUE","Colore","Beige","Talla","36","faux-suede-knee-high-stretch-boot-beige-36","0.00","","0","continue","assets/products/generated-shoe-beige.png","1","Faux Suede Knee-High Stretch Boot","Fai ogni passo con più comfort e stile. Faux Suede Knee-High Stretch Boot è pensato per accompagnarti ogni giorno, con un design versatile facile da abbinare ai tuoi look preferiti."
"faux-suede-knee-high-stretch-boot","Faux Suede Knee-High Stretch Boot","<p>Fai ogni passo con più comfort e stile. Faux Suede Knee-High Stretch Boot è pensato per accompagnarti ogni giorno, con un design versatile facile da abbinare ai tuoi look preferiti.</p>","brillantshoes.com","Calzado","Calzado","Scarpe, Novità, Selezione Juanjo","TRUE","Colore","Beige","Talla","37","faux-suede-knee-high-stretch-boot-beige-37","0.00","","0","continue","assets/products/generated-shoe-beige.png","1","Faux Suede Knee-High Stretch Boot","Fai ogni passo con più comfort e stile. Faux Suede Knee-High Stretch Boot è pensato per accompagnarti ogni giorno, con un design versatile facile da abbinare ai tuoi look preferiti."
"faux-suede-knee-high-stretch-boot","Faux Suede Knee-High Stretch Boot","<p>Fai ogni passo con più comfort e stile. Faux Suede Knee-High Stretch Boot è pensato per accompagnarti ogni giorno, con un design versatile facile da abbinare ai tuoi look preferiti.</p>","brillantshoes.com","Calzado","Calzado","Scarpe, Novità, Selezione Juanjo","TRUE","Colore","Beige","Talla","38","faux-suede-knee-high-stretch-boot-beige-38","0.00","","0","continue","assets/products/generated-shoe-beige.png","1","Faux Suede Knee-High Stretch Boot","Fai ogni passo con più comfort e stile. Faux Suede Knee-High Stretch Boot è pensato per accompagnarti ogni giorno, con un design versatile facile da abbinare ai tuoi look preferiti."
"faux-suede-knee-high-stretch-boot","Faux Suede Knee-High Stretch Boot","<p>Fai ogni passo con più comfort e stile. Faux Suede Knee-High Stretch Boot è pensato per accompagnarti ogni giorno, con un design versatile facile da abbinare ai tuoi look preferiti.</p>","brillantshoes.com","Calzado","Calzado","Scarpe, Novità, Selezione Juanjo","TRUE","Colore","Beige","Talla","39","faux-suede-knee-high-stretch-boot-beige-39","0.00","","0","continue","assets/products/generated-shoe-beige.png","1","Faux Suede Knee-High Stretch Boot","Fai ogni passo con più comfort e stile. Faux Suede Knee-High Stretch Boot è pensato per accompagnarti ogni giorno, con un design versatile facile da abbinare ai tuoi look preferiti."
"faux-suede-knee-high-stretch-boot","Faux Suede Knee-High Stretch Boot","<p>Fai ogni passo con più comfort e stile. Faux Suede Knee-High Stretch Boot è pensato per accompagnarti ogni giorno, con un design versatile facile da abbinare ai tuoi look preferiti.</p>","brillantshoes.com","Calzado","Calzado","Scarpe, Novità, Selezione Juanjo","TRUE","Colore","Beige","Talla","40","faux-suede-knee-high-stretch-boot-beige-40","0.00","","0","continue","assets/products/generated-shoe-beige.png","1","Faux Suede Knee-High Stretch Boot","Fai ogni passo con più comfort e stile. Faux Suede Knee-High Stretch Boot è pensato per accompagnarti ogni giorno, con un design versatile facile da abbinare ai tuoi look preferiti."
"faux-suede-knee-high-stretch-boot","Faux Suede Knee-High Stretch Boot","<p>Fai ogni passo con più comfort e stile. Faux Suede Knee-High Stretch Boot è pensato per accompagnarti ogni giorno, con un design versatile facile da abbinare ai tuoi look preferiti.</p>","brillantshoes.com","Calzado","Calzado","Scarpe, Novità, Selezione Juanjo","TRUE","Colore","Beige","Talla","41","faux-suede-knee-high-stretch-boot-beige-41","0.00","","0","continue","assets/products/generated-shoe-beige.png","1","Faux Suede Knee-High Stretch Boot","Fai ogni passo con più comfort e stile. Faux Suede Knee-High Stretch Boot è pensato per accompagnarti ogni giorno, con un design versatile facile da abbinare ai tuoi look preferiti."
"faux-suede-knee-high-stretch-boot","Faux Suede Knee-High Stretch Boot","<p>Fai ogni passo con più comfort e stile. Faux Suede Knee-High Stretch Boot è pensato per accompagnarti ogni giorno, con un design versatile facile da abbinare ai tuoi look preferiti.</p>","brillantshoes.com","Calzado","Calzado","Scarpe, Novità, Selezione Juanjo","TRUE","Colore","Marrone","Talla","36","faux-suede-knee-high-stretch-boot-marrone-36","0.00","","0","continue","assets/products/generated-shoe-beige.png","1","Faux Suede Knee-High Stretch Boot","Fai ogni passo con più comfort e stile. Faux Suede Knee-High Stretch Boot è pensato per accompagnarti ogni giorno, con un design versatile facile da abbinare ai tuoi look preferiti."
"faux-suede-knee-high-stretch-boot","Faux Suede Knee-High Stretch Boot","<p>Fai ogni passo con più comfort e stile. Faux Suede Knee-High Stretch Boot è pensato per accompagnarti ogni giorno, con un design versatile facile da abbinare ai tuoi look preferiti.</p>","brillantshoes.com","Calzado","Calzado","Scarpe, Novità, Selezione Juanjo","TRUE","Colore","Marrone","Talla","37","faux-suede-knee-high-stretch-boot-marrone-37","0.00","","0","continue","assets/products/generated-shoe-beige.png","1","Faux Suede Knee-High Stretch Boot","Fai ogni passo con più comfort e stile. Faux Suede Knee-High Stretch Boot è pensato per accompagnarti ogni giorno, con un design versatile facile da abbinare ai tuoi look preferiti."
"faux-suede-knee-high-stretch-boot","Faux Suede Knee-High Stretch Boot","<p>Fai ogni passo con più comfort e stile. Faux Suede Knee-High Stretch Boot è pensato per accompagnarti ogni giorno, con un design versatile facile da abbinare ai tuoi look preferiti.</p>","brillantshoes.com","Calzado","Calzado","Scarpe, Novità, Selezione Juanjo","TRUE","Colore","Marrone","Talla","38","faux-suede-knee-high-stretch-boot-marrone-38","0.00","","0","continue","assets/products/generated-shoe-beige.png","1","Faux Suede Knee-High Stretch Boot","Fai ogni passo con più comfort e stile. Faux Suede Knee-High Stretch Boot è pensato per accompagnarti ogni giorno, con un design versatile facile da abbinare ai tuoi look preferiti."
"faux-suede-knee-high-stretch-boot","Faux Suede Knee-High Stretch Boot","<p>Fai ogni passo con più comfort e stile. Faux Suede Knee-High Stretch Boot è pensato per accompagnarti ogni giorno, con un design versatile facile da abbinare ai tuoi look preferiti.</p>","brillantshoes.com","Calzado","Calzado","Scarpe, Novità, Selezione Juanjo","TRUE","Colore","Marrone","Talla","39","faux-suede-knee-high-stretch-boot-marrone-39","0.00","","0","continue","assets/products/generated-shoe-beige.png","1","Faux Suede Knee-High Stretch Boot","Fai ogni passo con più comfort e stile. Faux Suede Knee-High Stretch Boot è pensato per accompagnarti ogni giorno, con un design versatile facile da abbinare ai tuoi look preferiti."
"faux-suede-knee-high-stretch-boot","Faux Suede Knee-High Stretch Boot","<p>Fai ogni passo con più comfort e stile. Faux Suede Knee-High Stretch Boot è pensato per accompagnarti ogni giorno, con un design versatile facile da abbinare ai tuoi look preferiti.</p>","brillantshoes.com","Calzado","Calzado","Scarpe, Novità, Selezione Juanjo","TRUE","Colore","Marrone","Talla","40","faux-suede-knee-high-stretch-boot-marrone-40","0.00","","0","continue","assets/products/generated-shoe-beige.png","1","Faux Suede Knee-High Stretch Boot","Fai ogni passo con più comfort e stile. Faux Suede Knee-High Stretch Boot è pensato per accompagnarti ogni giorno, con un design versatile facile da abbinare ai tuoi look preferiti."
"faux-suede-knee-high-stretch-boot","Faux Suede Knee-High Stretch Boot","<p>Fai ogni passo con più comfort e stile. Faux Suede Knee-High Stretch Boot è pensato per accompagnarti ogni giorno, con un design versatile facile da abbinare ai tuoi look preferiti.</p>","brillantshoes.com","Calzado","Calzado","Scarpe, Novità, Selezione Juanjo","TRUE","Colore","Marrone","Talla","41","faux-suede-knee-high-stretch-boot-marrone-41","0.00","","0","continue","assets/products/generated-shoe-beige.png","1","Faux Suede Knee-High Stretch Boot","Fai ogni passo con più comfort e stile. Faux Suede Knee-High Stretch Boot è pensato per accompagnarti ogni giorno, con un design versatile facile da abbinare ai tuoi look preferiti."
"faux-suede-knee-high-stretch-boot","Faux Suede Knee-High Stretch Boot","<p>Fai ogni passo con più comfort e stile. Faux Suede Knee-High Stretch Boot è pensato per accompagnarti ogni giorno, con un design versatile facile da abbinare ai tuoi look preferiti.</p>","brillantshoes.com","Calzado","Calzado","Scarpe, Novità, Selezione Juanjo","TRUE","Colore","Bianco","Talla","36","faux-suede-knee-high-stretch-boot-bianco-36","0.00","","0","continue","assets/products/generated-shoe-beige.png","1","Faux Suede Knee-High Stretch Boot","Fai ogni passo con più comfort e stile. Faux Suede Knee-High Stretch Boot è pensato per accompagnarti ogni giorno, con un design versatile facile da abbinare ai tuoi look preferiti."
"faux-suede-knee-high-stretch-boot","Faux Suede Knee-High Stretch Boot","<p>Fai ogni passo con più comfort e stile. Faux Suede Knee-High Stretch Boot è pensato per accompagnarti ogni giorno, con un design versatile facile da abbinare ai tuoi look preferiti.</p>","brillantshoes.com","Calzado","Calzado","Scarpe, Novità, Selezione Juanjo","TRUE","Colore","Bianco","Talla","37","faux-suede-knee-high-stretch-boot-bianco-37","0.00","","0","continue","assets/products/generated-shoe-beige.png","1","Faux Suede Knee-High Stretch Boot","Fai ogni passo con più comfort e stile. Faux Suede Knee-High Stretch Boot è pensato per accompagnarti ogni giorno, con un design versatile facile da abbinare ai tuoi look preferiti."
"faux-suede-knee-high-stretch-boot","Faux Suede Knee-High Stretch Boot","<p>Fai ogni passo con più comfort e stile. Faux Suede Knee-High Stretch Boot è pensato per accompagnarti ogni giorno, con un design versatile facile da abbinare ai tuoi look preferiti.</p>","brillantshoes.com","Calzado","Calzado","Scarpe, Novità, Selezione Juanjo","TRUE","Colore","Bianco","Talla","38","faux-suede-knee-high-stretch-boot-bianco-38","0.00","","0","continue","assets/products/generated-shoe-beige.png","1","Faux Suede Knee-High Stretch Boot","Fai ogni passo con più comfort e stile. Faux Suede Knee-High Stretch Boot è pensato per accompagnarti ogni giorno, con un design versatile facile da abbinare ai tuoi look preferiti."
"faux-suede-knee-high-stretch-boot","Faux Suede Knee-High Stretch Boot","<p>Fai ogni passo con più comfort e stile. Faux Suede Knee-High Stretch Boot è pensato per accompagnarti ogni giorno, con un design versatile facile da abbinare ai tuoi look preferiti.</p>","brillantshoes.com","Calzado","Calzado","Scarpe, Novità, Selezione Juanjo","TRUE","Colore","Bianco","Talla","39","faux-suede-knee-high-stretch-boot-bianco-39","0.00","","0","continue","assets/products/generated-shoe-beige.png","1","Faux Suede Knee-High Stretch Boot","Fai ogni passo con più comfort e stile. Faux Suede Knee-High Stretch Boot è pensato per accompagnarti ogni giorno, con un design versatile facile da abbinare ai tuoi look preferiti."
"faux-suede-knee-high-stretch-boot","Faux Suede Knee-High Stretch Boot","<p>Fai ogni passo con più comfort e stile. Faux Suede Knee-High Stretch Boot è pensato per accompagnarti ogni giorno, con un design versatile facile da abbinare ai tuoi look preferiti.</p>","brillantshoes.com","Calzado","Calzado","Scarpe, Novità, Selezione Juanjo","TRUE","Colore","Bianco","Talla","40","faux-suede-knee-high-stretch-boot-bianco-40","0.00","","0","continue","assets/products/generated-shoe-beige.png","1","Faux Suede Knee-High Stretch Boot","Fai ogni passo con più comfort e stile. Faux Suede Knee-High Stretch Boot è pensato per accompagnarti ogni giorno, con un design versatile facile da abbinare ai tuoi look preferiti."
"faux-suede-knee-high-stretch-boot","Faux Suede Knee-High Stretch Boot","<p>Fai ogni passo con più comfort e stile. Faux Suede Knee-High Stretch Boot è pensato per accompagnarti ogni giorno, con un design versatile facile da abbinare ai tuoi look preferiti.</p>","brillantshoes.com","Calzado","Calzado","Scarpe, Novità, Selezione Juanjo","TRUE","Colore","Bianco","Talla","41","faux-suede-knee-high-stretch-boot-bianco-41","0.00","","0","continue","assets/products/generated-shoe-beige.png","1","Faux Suede Knee-High Stretch Boot","Fai ogni passo con più comfort e stile. Faux Suede Knee-High Stretch Boot è pensato per accompagnarti ogni giorno, con un design versatile facile da abbinare ai tuoi look preferiti."
"fur-cozy-slippers","Fur Cozy Slippers","<p>Fai ogni passo con più comfort e stile. Fur Cozy Slippers è pensato per accompagnarti ogni giorno, con un design versatile facile da abbinare ai tuoi look preferiti.</p>","cloudsslides.co.uk","Calzado","Calzado","Scarpe, Novità, Selezione Juanjo","TRUE","Colore","Nero","Talla","36","fur-cozy-slippers-nero-36","23.99","40.00","0","continue","assets/products/generated-shoe-beige.png","1","Fur Cozy Slippers","Fai ogni passo con più comfort e stile. Fur Cozy Slippers è pensato per accompagnarti ogni giorno, con un design versatile facile da abbinare ai tuoi look preferiti."
"fur-cozy-slippers","Fur Cozy Slippers","<p>Fai ogni passo con più comfort e stile. Fur Cozy Slippers è pensato per accompagnarti ogni giorno, con un design versatile facile da abbinare ai tuoi look preferiti.</p>","cloudsslides.co.uk","Calzado","Calzado","Scarpe, Novità, Selezione Juanjo","TRUE","Colore","Nero","Talla","37","fur-cozy-slippers-nero-37","23.99","40.00","0","continue","assets/products/generated-shoe-beige.png","1","Fur Cozy Slippers","Fai ogni passo con più comfort e stile. Fur Cozy Slippers è pensato per accompagnarti ogni giorno, con un design versatile facile da abbinare ai tuoi look preferiti."
"fur-cozy-slippers","Fur Cozy Slippers","<p>Fai ogni passo con più comfort e stile. Fur Cozy Slippers è pensato per accompagnarti ogni giorno, con un design versatile facile da abbinare ai tuoi look preferiti.</p>","cloudsslides.co.uk","Calzado","Calzado","Scarpe, Novità, Selezione Juanjo","TRUE","Colore","Nero","Talla","38","fur-cozy-slippers-nero-38","23.99","40.00","0","continue","assets/products/generated-shoe-beige.png","1","Fur Cozy Slippers","Fai ogni passo con più comfort e stile. Fur Cozy Slippers è pensato per accompagnarti ogni giorno, con un design versatile facile da abbinare ai tuoi look preferiti."
"fur-cozy-slippers","Fur Cozy Slippers","<p>Fai ogni passo con più comfort e stile. Fur Cozy Slippers è pensato per accompagnarti ogni giorno, con un design versatile facile da abbinare ai tuoi look preferiti.</p>","cloudsslides.co.uk","Calzado","Calzado","Scarpe, Novità, Selezione Juanjo","TRUE","Colore","Nero","Talla","39","fur-cozy-slippers-nero-39","23.99","40.00","0","continue","assets/products/generated-shoe-beige.png","1","Fur Cozy Slippers","Fai ogni passo con più comfort e stile. Fur Cozy Slippers è pensato per accompagnarti ogni giorno, con un design versatile facile da abbinare ai tuoi look preferiti."
"fur-cozy-slippers","Fur Cozy Slippers","<p>Fai ogni passo con più comfort e stile. Fur Cozy Slippers è pensato per accompagnarti ogni giorno, con un design versatile facile da abbinare ai tuoi look preferiti.</p>","cloudsslides.co.uk","Calzado","Calzado","Scarpe, Novità, Selezione Juanjo","TRUE","Colore","Nero","Talla","40","fur-cozy-slippers-nero-40","23.99","40.00","0","continue","assets/products/generated-shoe-beige.png","1","Fur Cozy Slippers","Fai ogni passo con più comfort e stile. Fur Cozy Slippers è pensato per accompagnarti ogni giorno, con un design versatile facile da abbinare ai tuoi look preferiti."
"fur-cozy-slippers","Fur Cozy Slippers","<p>Fai ogni passo con più comfort e stile. Fur Cozy Slippers è pensato per accompagnarti ogni giorno, con un design versatile facile da abbinare ai tuoi look preferiti.</p>","cloudsslides.co.uk","Calzado","Calzado","Scarpe, Novità, Selezione Juanjo","TRUE","Colore","Nero","Talla","41","fur-cozy-slippers-nero-41","23.99","40.00","0","continue","assets/products/generated-shoe-beige.png","1","Fur Cozy Slippers","Fai ogni passo con più comfort e stile. Fur Cozy Slippers è pensato per accompagnarti ogni giorno, con un design versatile facile da abbinare ai tuoi look preferiti."
"fur-cozy-slippers","Fur Cozy Slippers","<p>Fai ogni passo con più comfort e stile. Fur Cozy Slippers è pensato per accompagnarti ogni giorno, con un design versatile facile da abbinare ai tuoi look preferiti.</p>","cloudsslides.co.uk","Calzado","Calzado","Scarpe, Novità, Selezione Juanjo","TRUE","Colore","Beige","Talla","36","fur-cozy-slippers-beige-36","23.99","40.00","0","continue","assets/products/generated-shoe-beige.png","1","Fur Cozy Slippers","Fai ogni passo con più comfort e stile. Fur Cozy Slippers è pensato per accompagnarti ogni giorno, con un design versatile facile da abbinare ai tuoi look preferiti."
"fur-cozy-slippers","Fur Cozy Slippers","<p>Fai ogni passo con più comfort e stile. Fur Cozy Slippers è pensato per accompagnarti ogni giorno, con un design versatile facile da abbinare ai tuoi look preferiti.</p>","cloudsslides.co.uk","Calzado","Calzado","Scarpe, Novità, Selezione Juanjo","TRUE","Colore","Beige","Talla","37","fur-cozy-slippers-beige-37","23.99","40.00","0","continue","assets/products/generated-shoe-beige.png","1","Fur Cozy Slippers","Fai ogni passo con più comfort e stile. Fur Cozy Slippers è pensato per accompagnarti ogni giorno, con un design versatile facile da abbinare ai tuoi look preferiti."
"fur-cozy-slippers","Fur Cozy Slippers","<p>Fai ogni passo con più comfort e stile. Fur Cozy Slippers è pensato per accompagnarti ogni giorno, con un design versatile facile da abbinare ai tuoi look preferiti.</p>","cloudsslides.co.uk","Calzado","Calzado","Scarpe, Novità, Selezione Juanjo","TRUE","Colore","Beige","Talla","38","fur-cozy-slippers-beige-38","23.99","40.00","0","continue","assets/products/generated-shoe-beige.png","1","Fur Cozy Slippers","Fai ogni passo con più comfort e stile. Fur Cozy Slippers è pensato per accompagnarti ogni giorno, con un design versatile facile da abbinare ai tuoi look preferiti."
"fur-cozy-slippers","Fur Cozy Slippers","<p>Fai ogni passo con più comfort e stile. Fur Cozy Slippers è pensato per accompagnarti ogni giorno, con un design versatile facile da abbinare ai tuoi look preferiti.</p>","cloudsslides.co.uk","Calzado","Calzado","Scarpe, Novità, Selezione Juanjo","TRUE","Colore","Beige","Talla","39","fur-cozy-slippers-beige-39","23.99","40.00","0","continue","assets/products/generated-shoe-beige.png","1","Fur Cozy Slippers","Fai ogni passo con più comfort e stile. Fur Cozy Slippers è pensato per accompagnarti ogni giorno, con un design versatile facile da abbinare ai tuoi look preferiti."
"fur-cozy-slippers","Fur Cozy Slippers","<p>Fai ogni passo con più comfort e stile. Fur Cozy Slippers è pensato per accompagnarti ogni giorno, con un design versatile facile da abbinare ai tuoi look preferiti.</p>","cloudsslides.co.uk","Calzado","Calzado","Scarpe, Novità, Selezione Juanjo","TRUE","Colore","Beige","Talla","40","fur-cozy-slippers-beige-40","23.99","40.00","0","continue","assets/products/generated-shoe-beige.png","1","Fur Cozy Slippers","Fai ogni passo con più comfort e stile. Fur Cozy Slippers è pensato per accompagnarti ogni giorno, con un design versatile facile da abbinare ai tuoi look preferiti."
"fur-cozy-slippers","Fur Cozy Slippers","<p>Fai ogni passo con più comfort e stile. Fur Cozy Slippers è pensato per accompagnarti ogni giorno, con un design versatile facile da abbinare ai tuoi look preferiti.</p>","cloudsslides.co.uk","Calzado","Calzado","Scarpe, Novità, Selezione Juanjo","TRUE","Colore","Beige","Talla","41","fur-cozy-slippers-beige-41","23.99","40.00","0","continue","assets/products/generated-shoe-beige.png","1","Fur Cozy Slippers","Fai ogni passo con più comfort e stile. Fur Cozy Slippers è pensato per accompagnarti ogni giorno, con un design versatile facile da abbinare ai tuoi look preferiti."
"fur-cozy-slippers","Fur Cozy Slippers","<p>Fai ogni passo con più comfort e stile. Fur Cozy Slippers è pensato per accompagnarti ogni giorno, con un design versatile facile da abbinare ai tuoi look preferiti.</p>","cloudsslides.co.uk","Calzado","Calzado","Scarpe, Novità, Selezione Juanjo","TRUE","Colore","Marrone","Talla","36","fur-cozy-slippers-marrone-36","23.99","40.00","0","continue","assets/products/generated-shoe-beige.png","1","Fur Cozy Slippers","Fai ogni passo con più comfort e stile. Fur Cozy Slippers è pensato per accompagnarti ogni giorno, con un design versatile facile da abbinare ai tuoi look preferiti."
"fur-cozy-slippers","Fur Cozy Slippers","<p>Fai ogni passo con più comfort e stile. Fur Cozy Slippers è pensato per accompagnarti ogni giorno, con un design versatile facile da abbinare ai tuoi look preferiti.</p>","cloudsslides.co.uk","Calzado","Calzado","Scarpe, Novità, Selezione Juanjo","TRUE","Colore","Marrone","Talla","37","fur-cozy-slippers-marrone-37","23.99","40.00","0","continue","assets/products/generated-shoe-beige.png","1","Fur Cozy Slippers","Fai ogni passo con più comfort e stile. Fur Cozy Slippers è pensato per accompagnarti ogni giorno, con un design versatile facile da abbinare ai tuoi look preferiti."
"fur-cozy-slippers","Fur Cozy Slippers","<p>Fai ogni passo con più comfort e stile. Fur Cozy Slippers è pensato per accompagnarti ogni giorno, con un design versatile facile da abbinare ai tuoi look preferiti.</p>","cloudsslides.co.uk","Calzado","Calzado","Scarpe, Novità, Selezione Juanjo","TRUE","Colore","Marrone","Talla","38","fur-cozy-slippers-marrone-38","23.99","40.00","0","continue","assets/products/generated-shoe-beige.png","1","Fur Cozy Slippers","Fai ogni passo con più comfort e stile. Fur Cozy Slippers è pensato per accompagnarti ogni giorno, con un design versatile facile da abbinare ai tuoi look preferiti."
"fur-cozy-slippers","Fur Cozy Slippers","<p>Fai ogni passo con più comfort e stile. Fur Cozy Slippers è pensato per accompagnarti ogni giorno, con un design versatile facile da abbinare ai tuoi look preferiti.</p>","cloudsslides.co.uk","Calzado","Calzado","Scarpe, Novità, Selezione Juanjo","TRUE","Colore","Marrone","Talla","39","fur-cozy-slippers-marrone-39","23.99","40.00","0","continue","assets/products/generated-shoe-beige.png","1","Fur Cozy Slippers","Fai ogni passo con più comfort e stile. Fur Cozy Slippers è pensato per accompagnarti ogni giorno, con un design versatile facile da abbinare ai tuoi look preferiti."
"fur-cozy-slippers","Fur Cozy Slippers","<p>Fai ogni passo con più comfort e stile. Fur Cozy Slippers è pensato per accompagnarti ogni giorno, con un design versatile facile da abbinare ai tuoi look preferiti.</p>","cloudsslides.co.uk","Calzado","Calzado","Scarpe, Novità, Selezione Juanjo","TRUE","Colore","Marrone","Talla","40","fur-cozy-slippers-marrone-40","23.99","40.00","0","continue","assets/products/generated-shoe-beige.png","1","Fur Cozy Slippers","Fai ogni passo con più comfort e stile. Fur Cozy Slippers è pensato per accompagnarti ogni giorno, con un design versatile facile da abbinare ai tuoi look preferiti."
"fur-cozy-slippers","Fur Cozy Slippers","<p>Fai ogni passo con più comfort e stile. Fur Cozy Slippers è pensato per accompagnarti ogni giorno, con un design versatile facile da abbinare ai tuoi look preferiti.</p>","cloudsslides.co.uk","Calzado","Calzado","Scarpe, Novità, Selezione Juanjo","TRUE","Colore","Marrone","Talla","41","fur-cozy-slippers-marrone-41","23.99","40.00","0","continue","assets/products/generated-shoe-beige.png","1","Fur Cozy Slippers","Fai ogni passo con più comfort e stile. Fur Cozy Slippers è pensato per accompagnarti ogni giorno, con un design versatile facile da abbinare ai tuoi look preferiti."
"fur-cozy-slippers","Fur Cozy Slippers","<p>Fai ogni passo con più comfort e stile. Fur Cozy Slippers è pensato per accompagnarti ogni giorno, con un design versatile facile da abbinare ai tuoi look preferiti.</p>","cloudsslides.co.uk","Calzado","Calzado","Scarpe, Novità, Selezione Juanjo","TRUE","Colore","Bianco","Talla","36","fur-cozy-slippers-bianco-36","23.99","40.00","0","continue","assets/products/generated-shoe-beige.png","1","Fur Cozy Slippers","Fai ogni passo con più comfort e stile. Fur Cozy Slippers è pensato per accompagnarti ogni giorno, con un design versatile facile da abbinare ai tuoi look preferiti."
"fur-cozy-slippers","Fur Cozy Slippers","<p>Fai ogni passo con più comfort e stile. Fur Cozy Slippers è pensato per accompagnarti ogni giorno, con un design versatile facile da abbinare ai tuoi look preferiti.</p>","cloudsslides.co.uk","Calzado","Calzado","Scarpe, Novità, Selezione Juanjo","TRUE","Colore","Bianco","Talla","37","fur-cozy-slippers-bianco-37","23.99","40.00","0","continue","assets/products/generated-shoe-beige.png","1","Fur Cozy Slippers","Fai ogni passo con più comfort e stile. Fur Cozy Slippers è pensato per accompagnarti ogni giorno, con un design versatile facile da abbinare ai tuoi look preferiti."
"fur-cozy-slippers","Fur Cozy Slippers","<p>Fai ogni passo con più comfort e stile. Fur Cozy Slippers è pensato per accompagnarti ogni giorno, con un design versatile facile da abbinare ai tuoi look preferiti.</p>","cloudsslides.co.uk","Calzado","Calzado","Scarpe, Novità, Selezione Juanjo","TRUE","Colore","Bianco","Talla","38","fur-cozy-slippers-bianco-38","23.99","40.00","0","continue","assets/products/generated-shoe-beige.png","1","Fur Cozy Slippers","Fai ogni passo con più comfort e stile. Fur Cozy Slippers è pensato per accompagnarti ogni giorno, con un design versatile facile da abbinare ai tuoi look preferiti."
"fur-cozy-slippers","Fur Cozy Slippers","<p>Fai ogni passo con più comfort e stile. Fur Cozy Slippers è pensato per accompagnarti ogni giorno, con un design versatile facile da abbinare ai tuoi look preferiti.</p>","cloudsslides.co.uk","Calzado","Calzado","Scarpe, Novità, Selezione Juanjo","TRUE","Colore","Bianco","Talla","39","fur-cozy-slippers-bianco-39","23.99","40.00","0","continue","assets/products/generated-shoe-beige.png","1","Fur Cozy Slippers","Fai ogni passo con più comfort e stile. Fur Cozy Slippers è pensato per accompagnarti ogni giorno, con un design versatile facile da abbinare ai tuoi look preferiti."
"fur-cozy-slippers","Fur Cozy Slippers","<p>Fai ogni passo con più comfort e stile. Fur Cozy Slippers è pensato per accompagnarti ogni giorno, con un design versatile facile da abbinare ai tuoi look preferiti.</p>","cloudsslides.co.uk","Calzado","Calzado","Scarpe, Novità, Selezione Juanjo","TRUE","Colore","Bianco","Talla","40","fur-cozy-slippers-bianco-40","23.99","40.00","0","continue","assets/products/generated-shoe-beige.png","1","Fur Cozy Slippers","Fai ogni passo con più comfort e stile. Fur Cozy Slippers è pensato per accompagnarti ogni giorno, con un design versatile facile da abbinare ai tuoi look preferiti."
"fur-cozy-slippers","Fur Cozy Slippers","<p>Fai ogni passo con più comfort e stile. Fur Cozy Slippers è pensato per accompagnarti ogni giorno, con un design versatile facile da abbinare ai tuoi look preferiti.</p>","cloudsslides.co.uk","Calzado","Calzado","Scarpe, Novità, Selezione Juanjo","TRUE","Colore","Bianco","Talla","41","fur-cozy-slippers-bianco-41","23.99","40.00","0","continue","assets/products/generated-shoe-beige.png","1","Fur Cozy Slippers","Fai ogni passo con più comfort e stile. Fur Cozy Slippers è pensato per accompagnarti ogni giorno, con un design versatile facile da abbinare ai tuoi look preferiti."
"montra-orthopedic-shoes","Montra Orthopedic Shoes","<p>Fai ogni passo con più comfort e stile. Montra Orthopedic Shoes è pensato per accompagnarti ogni giorno, con un design versatile facile da abbinare ai tuoi look preferiti.</p>","bomre.com","Calzado","Calzado","Scarpe, Novità, Selezione Juanjo","TRUE","Colore","Nero","Talla","36","montra-orthopedic-shoes-nero-36","59.99","160.00","0","continue","assets/products/generated-shoe-beige.png","1","Montra Orthopedic Shoes","Fai ogni passo con più comfort e stile. Montra Orthopedic Shoes è pensato per accompagnarti ogni giorno, con un design versatile facile da abbinare ai tuoi look preferiti."
"montra-orthopedic-shoes","Montra Orthopedic Shoes","<p>Fai ogni passo con più comfort e stile. Montra Orthopedic Shoes è pensato per accompagnarti ogni giorno, con un design versatile facile da abbinare ai tuoi look preferiti.</p>","bomre.com","Calzado","Calzado","Scarpe, Novità, Selezione Juanjo","TRUE","Colore","Nero","Talla","37","montra-orthopedic-shoes-nero-37","59.99","160.00","0","continue","assets/products/generated-shoe-beige.png","1","Montra Orthopedic Shoes","Fai ogni passo con più comfort e stile. Montra Orthopedic Shoes è pensato per accompagnarti ogni giorno, con un design versatile facile da abbinare ai tuoi look preferiti."
"montra-orthopedic-shoes","Montra Orthopedic Shoes","<p>Fai ogni passo con più comfort e stile. Montra Orthopedic Shoes è pensato per accompagnarti ogni giorno, con un design versatile facile da abbinare ai tuoi look preferiti.</p>","bomre.com","Calzado","Calzado","Scarpe, Novità, Selezione Juanjo","TRUE","Colore","Nero","Talla","38","montra-orthopedic-shoes-nero-38","59.99","160.00","0","continue","assets/products/generated-shoe-beige.png","1","Montra Orthopedic Shoes","Fai ogni passo con più comfort e stile. Montra Orthopedic Shoes è pensato per accompagnarti ogni giorno, con un design versatile facile da abbinare ai tuoi look preferiti."
"montra-orthopedic-shoes","Montra Orthopedic Shoes","<p>Fai ogni passo con più comfort e stile. Montra Orthopedic Shoes è pensato per accompagnarti ogni giorno, con un design versatile facile da abbinare ai tuoi look preferiti.</p>","bomre.com","Calzado","Calzado","Scarpe, Novità, Selezione Juanjo","TRUE","Colore","Nero","Talla","39","montra-orthopedic-shoes-nero-39","59.99","160.00","0","continue","assets/products/generated-shoe-beige.png","1","Montra Orthopedic Shoes","Fai ogni passo con più comfort e stile. Montra Orthopedic Shoes è pensato per accompagnarti ogni giorno, con un design versatile facile da abbinare ai tuoi look preferiti."
"montra-orthopedic-shoes","Montra Orthopedic Shoes","<p>Fai ogni passo con più comfort e stile. Montra Orthopedic Shoes è pensato per accompagnarti ogni giorno, con un design versatile facile da abbinare ai tuoi look preferiti.</p>","bomre.com","Calzado","Calzado","Scarpe, Novità, Selezione Juanjo","TRUE","Colore","Nero","Talla","40","montra-orthopedic-shoes-nero-40","59.99","160.00","0","continue","assets/products/generated-shoe-beige.png","1","Montra Orthopedic Shoes","Fai ogni passo con più comfort e stile. Montra Orthopedic Shoes è pensato per accompagnarti ogni giorno, con un design versatile facile da abbinare ai tuoi look preferiti."
"montra-orthopedic-shoes","Montra Orthopedic Shoes","<p>Fai ogni passo con più comfort e stile. Montra Orthopedic Shoes è pensato per accompagnarti ogni giorno, con un design versatile facile da abbinare ai tuoi look preferiti.</p>","bomre.com","Calzado","Calzado","Scarpe, Novità, Selezione Juanjo","TRUE","Colore","Nero","Talla","41","montra-orthopedic-shoes-nero-41","59.99","160.00","0","continue","assets/products/generated-shoe-beige.png","1","Montra Orthopedic Shoes","Fai ogni passo con più comfort e stile. Montra Orthopedic Shoes è pensato per accompagnarti ogni giorno, con un design versatile facile da abbinare ai tuoi look preferiti."
"montra-orthopedic-shoes","Montra Orthopedic Shoes","<p>Fai ogni passo con più comfort e stile. Montra Orthopedic Shoes è pensato per accompagnarti ogni giorno, con un design versatile facile da abbinare ai tuoi look preferiti.</p>","bomre.com","Calzado","Calzado","Scarpe, Novità, Selezione Juanjo","TRUE","Colore","Beige","Talla","36","montra-orthopedic-shoes-beige-36","59.99","160.00","0","continue","assets/products/generated-shoe-beige.png","1","Montra Orthopedic Shoes","Fai ogni passo con più comfort e stile. Montra Orthopedic Shoes è pensato per accompagnarti ogni giorno, con un design versatile facile da abbinare ai tuoi look preferiti."
"montra-orthopedic-shoes","Montra Orthopedic Shoes","<p>Fai ogni passo con più comfort e stile. Montra Orthopedic Shoes è pensato per accompagnarti ogni giorno, con un design versatile facile da abbinare ai tuoi look preferiti.</p>","bomre.com","Calzado","Calzado","Scarpe, Novità, Selezione Juanjo","TRUE","Colore","Beige","Talla","37","montra-orthopedic-shoes-beige-37","59.99","160.00","0","continue","assets/products/generated-shoe-beige.png","1","Montra Orthopedic Shoes","Fai ogni passo con più comfort e stile. Montra Orthopedic Shoes è pensato per accompagnarti ogni giorno, con un design versatile facile da abbinare ai tuoi look preferiti."
"montra-orthopedic-shoes","Montra Orthopedic Shoes","<p>Fai ogni passo con più comfort e stile. Montra Orthopedic Shoes è pensato per accompagnarti ogni giorno, con un design versatile facile da abbinare ai tuoi look preferiti.</p>","bomre.com","Calzado","Calzado","Scarpe, Novità, Selezione Juanjo","TRUE","Colore","Beige","Talla","38","montra-orthopedic-shoes-beige-38","59.99","160.00","0","continue","assets/products/generated-shoe-beige.png","1","Montra Orthopedic Shoes","Fai ogni passo con più comfort e stile. Montra Orthopedic Shoes è pensato per accompagnarti ogni giorno, con un design versatile facile da abbinare ai tuoi look preferiti."
"montra-orthopedic-shoes","Montra Orthopedic Shoes","<p>Fai ogni passo con più comfort e stile. Montra Orthopedic Shoes è pensato per accompagnarti ogni giorno, con un design versatile facile da abbinare ai tuoi look preferiti.</p>","bomre.com","Calzado","Calzado","Scarpe, Novità, Selezione Juanjo","TRUE","Colore","Beige","Talla","39","montra-orthopedic-shoes-beige-39","59.99","160.00","0","continue","assets/products/generated-shoe-beige.png","1","Montra Orthopedic Shoes","Fai ogni passo con più comfort e stile. Montra Orthopedic Shoes è pensato per accompagnarti ogni giorno, con un design versatile facile da abbinare ai tuoi look preferiti."
"montra-orthopedic-shoes","Montra Orthopedic Shoes","<p>Fai ogni passo con più comfort e stile. Montra Orthopedic Shoes è pensato per accompagnarti ogni giorno, con un design versatile facile da abbinare ai tuoi look preferiti.</p>","bomre.com","Calzado","Calzado","Scarpe, Novità, Selezione Juanjo","TRUE","Colore","Beige","Talla","40","montra-orthopedic-shoes-beige-40","59.99","160.00","0","continue","assets/products/generated-shoe-beige.png","1","Montra Orthopedic Shoes","Fai ogni passo con più comfort e stile. Montra Orthopedic Shoes è pensato per accompagnarti ogni giorno, con un design versatile facile da abbinare ai tuoi look preferiti."
"montra-orthopedic-shoes","Montra Orthopedic Shoes","<p>Fai ogni passo con più comfort e stile. Montra Orthopedic Shoes è pensato per accompagnarti ogni giorno, con un design versatile facile da abbinare ai tuoi look preferiti.</p>","bomre.com","Calzado","Calzado","Scarpe, Novità, Selezione Juanjo","TRUE","Colore","Beige","Talla","41","montra-orthopedic-shoes-beige-41","59.99","160.00","0","continue","assets/products/generated-shoe-beige.png","1","Montra Orthopedic Shoes","Fai ogni passo con più comfort e stile. Montra Orthopedic Shoes è pensato per accompagnarti ogni giorno, con un design versatile facile da abbinare ai tuoi look preferiti."
"montra-orthopedic-shoes","Montra Orthopedic Shoes","<p>Fai ogni passo con più comfort e stile. Montra Orthopedic Shoes è pensato per accompagnarti ogni giorno, con un design versatile facile da abbinare ai tuoi look preferiti.</p>","bomre.com","Calzado","Calzado","Scarpe, Novità, Selezione Juanjo","TRUE","Colore","Marrone","Talla","36","montra-orthopedic-shoes-marrone-36","59.99","160.00","0","continue","assets/products/generated-shoe-beige.png","1","Montra Orthopedic Shoes","Fai ogni passo con più comfort e stile. Montra Orthopedic Shoes è pensato per accompagnarti ogni giorno, con un design versatile facile da abbinare ai tuoi look preferiti."
"montra-orthopedic-shoes","Montra Orthopedic Shoes","<p>Fai ogni passo con più comfort e stile. Montra Orthopedic Shoes è pensato per accompagnarti ogni giorno, con un design versatile facile da abbinare ai tuoi look preferiti.</p>","bomre.com","Calzado","Calzado","Scarpe, Novità, Selezione Juanjo","TRUE","Colore","Marrone","Talla","37","montra-orthopedic-shoes-marrone-37","59.99","160.00","0","continue","assets/products/generated-shoe-beige.png","1","Montra Orthopedic Shoes","Fai ogni passo con più comfort e stile. Montra Orthopedic Shoes è pensato per accompagnarti ogni giorno, con un design versatile facile da abbinare ai tuoi look preferiti."
"montra-orthopedic-shoes","Montra Orthopedic Shoes","<p>Fai ogni passo con più comfort e stile. Montra Orthopedic Shoes è pensato per accompagnarti ogni giorno, con un design versatile facile da abbinare ai tuoi look preferiti.</p>","bomre.com","Calzado","Calzado","Scarpe, Novità, Selezione Juanjo","TRUE","Colore","Marrone","Talla","38","montra-orthopedic-shoes-marrone-38","59.99","160.00","0","continue","assets/products/generated-shoe-beige.png","1","Montra Orthopedic Shoes","Fai ogni passo con più comfort e stile. Montra Orthopedic Shoes è pensato per accompagnarti ogni giorno, con un design versatile facile da abbinare ai tuoi look preferiti."
"montra-orthopedic-shoes","Montra Orthopedic Shoes","<p>Fai ogni passo con più comfort e stile. Montra Orthopedic Shoes è pensato per accompagnarti ogni giorno, con un design versatile facile da abbinare ai tuoi look preferiti.</p>","bomre.com","Calzado","Calzado","Scarpe, Novità, Selezione Juanjo","TRUE","Colore","Marrone","Talla","39","montra-orthopedic-shoes-marrone-39","59.99","160.00","0","continue","assets/products/generated-shoe-beige.png","1","Montra Orthopedic Shoes","Fai ogni passo con più comfort e stile. Montra Orthopedic Shoes è pensato per accompagnarti ogni giorno, con un design versatile facile da abbinare ai tuoi look preferiti."
"montra-orthopedic-shoes","Montra Orthopedic Shoes","<p>Fai ogni passo con più comfort e stile. Montra Orthopedic Shoes è pensato per accompagnarti ogni giorno, con un design versatile facile da abbinare ai tuoi look preferiti.</p>","bomre.com","Calzado","Calzado","Scarpe, Novità, Selezione Juanjo","TRUE","Colore","Marrone","Talla","40","montra-orthopedic-shoes-marrone-40","59.99","160.00","0","continue","assets/products/generated-shoe-beige.png","1","Montra Orthopedic Shoes","Fai ogni passo con più comfort e stile. Montra Orthopedic Shoes è pensato per accompagnarti ogni giorno, con un design versatile facile da abbinare ai tuoi look preferiti."
"montra-orthopedic-shoes","Montra Orthopedic Shoes","<p>Fai ogni passo con più comfort e stile. Montra Orthopedic Shoes è pensato per accompagnarti ogni giorno, con un design versatile facile da abbinare ai tuoi look preferiti.</p>","bomre.com","Calzado","Calzado","Scarpe, Novità, Selezione Juanjo","TRUE","Colore","Marrone","Talla","41","montra-orthopedic-shoes-marrone-41","59.99","160.00","0","continue","assets/products/generated-shoe-beige.png","1","Montra Orthopedic Shoes","Fai ogni passo con più comfort e stile. Montra Orthopedic Shoes è pensato per accompagnarti ogni giorno, con un design versatile facile da abbinare ai tuoi look preferiti."
"montra-orthopedic-shoes","Montra Orthopedic Shoes","<p>Fai ogni passo con più comfort e stile. Montra Orthopedic Shoes è pensato per accompagnarti ogni giorno, con un design versatile facile da abbinare ai tuoi look preferiti.</p>","bomre.com","Calzado","Calzado","Scarpe, Novità, Selezione Juanjo","TRUE","Colore","Bianco","Talla","36","montra-orthopedic-shoes-bianco-36","59.99","160.00","0","continue","assets/products/generated-shoe-beige.png","1","Montra Orthopedic Shoes","Fai ogni passo con più comfort e stile. Montra Orthopedic Shoes è pensato per accompagnarti ogni giorno, con un design versatile facile da abbinare ai tuoi look preferiti."
"montra-orthopedic-shoes","Montra Orthopedic Shoes","<p>Fai ogni passo con più comfort e stile. Montra Orthopedic Shoes è pensato per accompagnarti ogni giorno, con un design versatile facile da abbinare ai tuoi look preferiti.</p>","bomre.com","Calzado","Calzado","Scarpe, Novità, Selezione Juanjo","TRUE","Colore","Bianco","Talla","37","montra-orthopedic-shoes-bianco-37","59.99","160.00","0","continue","assets/products/generated-shoe-beige.png","1","Montra Orthopedic Shoes","Fai ogni passo con più comfort e stile. Montra Orthopedic Shoes è pensato per accompagnarti ogni giorno, con un design versatile facile da abbinare ai tuoi look preferiti."
"montra-orthopedic-shoes","Montra Orthopedic Shoes","<p>Fai ogni passo con più comfort e stile. Montra Orthopedic Shoes è pensato per accompagnarti ogni giorno, con un design versatile facile da abbinare ai tuoi look preferiti.</p>","bomre.com","Calzado","Calzado","Scarpe, Novità, Selezione Juanjo","TRUE","Colore","Bianco","Talla","38","montra-orthopedic-shoes-bianco-38","59.99","160.00","0","continue","assets/products/generated-shoe-beige.png","1","Montra Orthopedic Shoes","Fai ogni passo con più comfort e stile. Montra Orthopedic Shoes è pensato per accompagnarti ogni giorno, con un design versatile facile da abbinare ai tuoi look preferiti."
"montra-orthopedic-shoes","Montra Orthopedic Shoes","<p>Fai ogni passo con più comfort e stile. Montra Orthopedic Shoes è pensato per accompagnarti ogni giorno, con un design versatile facile da abbinare ai tuoi look preferiti.</p>","bomre.com","Calzado","Calzado","Scarpe, Novità, Selezione Juanjo","TRUE","Colore","Bianco","Talla","39","montra-orthopedic-shoes-bianco-39","59.99","160.00","0","continue","assets/products/generated-shoe-beige.png","1","Montra Orthopedic Shoes","Fai ogni passo con più comfort e stile. Montra Orthopedic Shoes è pensato per accompagnarti ogni giorno, con un design versatile facile da abbinare ai tuoi look preferiti."
"montra-orthopedic-shoes","Montra Orthopedic Shoes","<p>Fai ogni passo con più comfort e stile. Montra Orthopedic Shoes è pensato per accompagnarti ogni giorno, con un design versatile facile da abbinare ai tuoi look preferiti.</p>","bomre.com","Calzado","Calzado","Scarpe, Novità, Selezione Juanjo","TRUE","Colore","Bianco","Talla","40","montra-orthopedic-shoes-bianco-40","59.99","160.00","0","continue","assets/products/generated-shoe-beige.png","1","Montra Orthopedic Shoes","Fai ogni passo con più comfort e stile. Montra Orthopedic Shoes è pensato per accompagnarti ogni giorno, con un design versatile facile da abbinare ai tuoi look preferiti."
"montra-orthopedic-shoes","Montra Orthopedic Shoes","<p>Fai ogni passo con più comfort e stile. Montra Orthopedic Shoes è pensato per accompagnarti ogni giorno, con un design versatile facile da abbinare ai tuoi look preferiti.</p>","bomre.com","Calzado","Calzado","Scarpe, Novità, Selezione Juanjo","TRUE","Colore","Bianco","Talla","41","montra-orthopedic-shoes-bianco-41","59.99","160.00","0","continue","assets/products/generated-shoe-beige.png","1","Montra Orthopedic Shoes","Fai ogni passo con più comfort e stile. Montra Orthopedic Shoes è pensato per accompagnarti ogni giorno, con un design versatile facile da abbinare ai tuoi look preferiti."
"calvona-orthopedic-slip-ons","Calvona Orthopedic Slip-Ons","<p>Fai ogni passo con più comfort e stile. Calvona Orthopedic Slip-Ons è pensato per accompagnarti ogni giorno, con un design versatile facile da abbinare ai tuoi look preferiti.</p>","bomre.com","Calzado","Calzado","Scarpe, Novità, Selezione Juanjo","TRUE","Colore","Nero","Talla","36","calvona-orthopedic-slip-ons-nero-36","49.99","110.00","0","continue","assets/products/generated-shoe-beige.png","1","Calvona Orthopedic Slip-Ons","Fai ogni passo con più comfort e stile. Calvona Orthopedic Slip-Ons è pensato per accompagnarti ogni giorno, con un design versatile facile da abbinare ai tuoi look preferiti."
"calvona-orthopedic-slip-ons","Calvona Orthopedic Slip-Ons","<p>Fai ogni passo con più comfort e stile. Calvona Orthopedic Slip-Ons è pensato per accompagnarti ogni giorno, con un design versatile facile da abbinare ai tuoi look preferiti.</p>","bomre.com","Calzado","Calzado","Scarpe, Novità, Selezione Juanjo","TRUE","Colore","Nero","Talla","37","calvona-orthopedic-slip-ons-nero-37","49.99","110.00","0","continue","assets/products/generated-shoe-beige.png","1","Calvona Orthopedic Slip-Ons","Fai ogni passo con più comfort e stile. Calvona Orthopedic Slip-Ons è pensato per accompagnarti ogni giorno, con un design versatile facile da abbinare ai tuoi look preferiti."
"calvona-orthopedic-slip-ons","Calvona Orthopedic Slip-Ons","<p>Fai ogni passo con più comfort e stile. Calvona Orthopedic Slip-Ons è pensato per accompagnarti ogni giorno, con un design versatile facile da abbinare ai tuoi look preferiti.</p>","bomre.com","Calzado","Calzado","Scarpe, Novità, Selezione Juanjo","TRUE","Colore","Nero","Talla","38","calvona-orthopedic-slip-ons-nero-38","49.99","110.00","0","continue","assets/products/generated-shoe-beige.png","1","Calvona Orthopedic Slip-Ons","Fai ogni passo con più comfort e stile. Calvona Orthopedic Slip-Ons è pensato per accompagnarti ogni giorno, con un design versatile facile da abbinare ai tuoi look preferiti."
"calvona-orthopedic-slip-ons","Calvona Orthopedic Slip-Ons","<p>Fai ogni passo con più comfort e stile. Calvona Orthopedic Slip-Ons è pensato per accompagnarti ogni giorno, con un design versatile facile da abbinare ai tuoi look preferiti.</p>","bomre.com","Calzado","Calzado","Scarpe, Novità, Selezione Juanjo","TRUE","Colore","Nero","Talla","39","calvona-orthopedic-slip-ons-nero-39","49.99","110.00","0","continue","assets/products/generated-shoe-beige.png","1","Calvona Orthopedic Slip-Ons","Fai ogni passo con più comfort e stile. Calvona Orthopedic Slip-Ons è pensato per accompagnarti ogni giorno, con un design versatile facile da abbinare ai tuoi look preferiti."
"calvona-orthopedic-slip-ons","Calvona Orthopedic Slip-Ons","<p>Fai ogni passo con più comfort e stile. Calvona Orthopedic Slip-Ons è pensato per accompagnarti ogni giorno, con un design versatile facile da abbinare ai tuoi look preferiti.</p>","bomre.com","Calzado","Calzado","Scarpe, Novità, Selezione Juanjo","TRUE","Colore","Nero","Talla","40","calvona-orthopedic-slip-ons-nero-40","49.99","110.00","0","continue","assets/products/generated-shoe-beige.png","1","Calvona Orthopedic Slip-Ons","Fai ogni passo con più comfort e stile. Calvona Orthopedic Slip-Ons è pensato per accompagnarti ogni giorno, con un design versatile facile da abbinare ai tuoi look preferiti."
"calvona-orthopedic-slip-ons","Calvona Orthopedic Slip-Ons","<p>Fai ogni passo con più comfort e stile. Calvona Orthopedic Slip-Ons è pensato per accompagnarti ogni giorno, con un design versatile facile da abbinare ai tuoi look preferiti.</p>","bomre.com","Calzado","Calzado","Scarpe, Novità, Selezione Juanjo","TRUE","Colore","Nero","Talla","41","calvona-orthopedic-slip-ons-nero-41","49.99","110.00","0","continue","assets/products/generated-shoe-beige.png","1","Calvona Orthopedic Slip-Ons","Fai ogni passo con più comfort e stile. Calvona Orthopedic Slip-Ons è pensato per accompagnarti ogni giorno, con un design versatile facile da abbinare ai tuoi look preferiti."
"calvona-orthopedic-slip-ons","Calvona Orthopedic Slip-Ons","<p>Fai ogni passo con più comfort e stile. Calvona Orthopedic Slip-Ons è pensato per accompagnarti ogni giorno, con un design versatile facile da abbinare ai tuoi look preferiti.</p>","bomre.com","Calzado","Calzado","Scarpe, Novità, Selezione Juanjo","TRUE","Colore","Beige","Talla","36","calvona-orthopedic-slip-ons-beige-36","49.99","110.00","0","continue","assets/products/generated-shoe-beige.png","1","Calvona Orthopedic Slip-Ons","Fai ogni passo con più comfort e stile. Calvona Orthopedic Slip-Ons è pensato per accompagnarti ogni giorno, con un design versatile facile da abbinare ai tuoi look preferiti."
"calvona-orthopedic-slip-ons","Calvona Orthopedic Slip-Ons","<p>Fai ogni passo con più comfort e stile. Calvona Orthopedic Slip-Ons è pensato per accompagnarti ogni giorno, con un design versatile facile da abbinare ai tuoi look preferiti.</p>","bomre.com","Calzado","Calzado","Scarpe, Novità, Selezione Juanjo","TRUE","Colore","Beige","Talla","37","calvona-orthopedic-slip-ons-beige-37","49.99","110.00","0","continue","assets/products/generated-shoe-beige.png","1","Calvona Orthopedic Slip-Ons","Fai ogni passo con più comfort e stile. Calvona Orthopedic Slip-Ons è pensato per accompagnarti ogni giorno, con un design versatile facile da abbinare ai tuoi look preferiti."
"calvona-orthopedic-slip-ons","Calvona Orthopedic Slip-Ons","<p>Fai ogni passo con più comfort e stile. Calvona Orthopedic Slip-Ons è pensato per accompagnarti ogni giorno, con un design versatile facile da abbinare ai tuoi look preferiti.</p>","bomre.com","Calzado","Calzado","Scarpe, Novità, Selezione Juanjo","TRUE","Colore","Beige","Talla","38","calvona-orthopedic-slip-ons-beige-38","49.99","110.00","0","continue","assets/products/generated-shoe-beige.png","1","Calvona Orthopedic Slip-Ons","Fai ogni passo con più comfort e stile. Calvona Orthopedic Slip-Ons è pensato per accompagnarti ogni giorno, con un design versatile facile da abbinare ai tuoi look preferiti."
"calvona-orthopedic-slip-ons","Calvona Orthopedic Slip-Ons","<p>Fai ogni passo con più comfort e stile. Calvona Orthopedic Slip-Ons è pensato per accompagnarti ogni giorno, con un design versatile facile da abbinare ai tuoi look preferiti.</p>","bomre.com","Calzado","Calzado","Scarpe, Novità, Selezione Juanjo","TRUE","Colore","Beige","Talla","39","calvona-orthopedic-slip-ons-beige-39","49.99","110.00","0","continue","assets/products/generated-shoe-beige.png","1","Calvona Orthopedic Slip-Ons","Fai ogni passo con più comfort e stile. Calvona Orthopedic Slip-Ons è pensato per accompagnarti ogni giorno, con un design versatile facile da abbinare ai tuoi look preferiti."
"calvona-orthopedic-slip-ons","Calvona Orthopedic Slip-Ons","<p>Fai ogni passo con più comfort e stile. Calvona Orthopedic Slip-Ons è pensato per accompagnarti ogni giorno, con un design versatile facile da abbinare ai tuoi look preferiti.</p>","bomre.com","Calzado","Calzado","Scarpe, Novità, Selezione Juanjo","TRUE","Colore","Beige","Talla","40","calvona-orthopedic-slip-ons-beige-40","49.99","110.00","0","continue","assets/products/generated-shoe-beige.png","1","Calvona Orthopedic Slip-Ons","Fai ogni passo con più comfort e stile. Calvona Orthopedic Slip-Ons è pensato per accompagnarti ogni giorno, con un design versatile facile da abbinare ai tuoi look preferiti."
"calvona-orthopedic-slip-ons","Calvona Orthopedic Slip-Ons","<p>Fai ogni passo con più comfort e stile. Calvona Orthopedic Slip-Ons è pensato per accompagnarti ogni giorno, con un design versatile facile da abbinare ai tuoi look preferiti.</p>","bomre.com","Calzado","Calzado","Scarpe, Novità, Selezione Juanjo","TRUE","Colore","Beige","Talla","41","calvona-orthopedic-slip-ons-beige-41","49.99","110.00","0","continue","assets/products/generated-shoe-beige.png","1","Calvona Orthopedic Slip-Ons","Fai ogni passo con più comfort e stile. Calvona Orthopedic Slip-Ons è pensato per accompagnarti ogni giorno, con un design versatile facile da abbinare ai tuoi look preferiti."
"calvona-orthopedic-slip-ons","Calvona Orthopedic Slip-Ons","<p>Fai ogni passo con più comfort e stile. Calvona Orthopedic Slip-Ons è pensato per accompagnarti ogni giorno, con un design versatile facile da abbinare ai tuoi look preferiti.</p>","bomre.com","Calzado","Calzado","Scarpe, Novità, Selezione Juanjo","TRUE","Colore","Marrone","Talla","36","calvona-orthopedic-slip-ons-marrone-36","49.99","110.00","0","continue","assets/products/generated-shoe-beige.png","1","Calvona Orthopedic Slip-Ons","Fai ogni passo con più comfort e stile. Calvona Orthopedic Slip-Ons è pensato per accompagnarti ogni giorno, con un design versatile facile da abbinare ai tuoi look preferiti."
"calvona-orthopedic-slip-ons","Calvona Orthopedic Slip-Ons","<p>Fai ogni passo con più comfort e stile. Calvona Orthopedic Slip-Ons è pensato per accompagnarti ogni giorno, con un design versatile facile da abbinare ai tuoi look preferiti.</p>","bomre.com","Calzado","Calzado","Scarpe, Novità, Selezione Juanjo","TRUE","Colore","Marrone","Talla","37","calvona-orthopedic-slip-ons-marrone-37","49.99","110.00","0","continue","assets/products/generated-shoe-beige.png","1","Calvona Orthopedic Slip-Ons","Fai ogni passo con più comfort e stile. Calvona Orthopedic Slip-Ons è pensato per accompagnarti ogni giorno, con un design versatile facile da abbinare ai tuoi look preferiti."
"calvona-orthopedic-slip-ons","Calvona Orthopedic Slip-Ons","<p>Fai ogni passo con più comfort e stile. Calvona Orthopedic Slip-Ons è pensato per accompagnarti ogni giorno, con un design versatile facile da abbinare ai tuoi look preferiti.</p>","bomre.com","Calzado","Calzado","Scarpe, Novità, Selezione Juanjo","TRUE","Colore","Marrone","Talla","38","calvona-orthopedic-slip-ons-marrone-38","49.99","110.00","0","continue","assets/products/generated-shoe-beige.png","1","Calvona Orthopedic Slip-Ons","Fai ogni passo con più comfort e stile. Calvona Orthopedic Slip-Ons è pensato per accompagnarti ogni giorno, con un design versatile facile da abbinare ai tuoi look preferiti."
"calvona-orthopedic-slip-ons","Calvona Orthopedic Slip-Ons","<p>Fai ogni passo con più comfort e stile. Calvona Orthopedic Slip-Ons è pensato per accompagnarti ogni giorno, con un design versatile facile da abbinare ai tuoi look preferiti.</p>","bomre.com","Calzado","Calzado","Scarpe, Novità, Selezione Juanjo","TRUE","Colore","Marrone","Talla","39","calvona-orthopedic-slip-ons-marrone-39","49.99","110.00","0","continue","assets/products/generated-shoe-beige.png","1","Calvona Orthopedic Slip-Ons","Fai ogni passo con più comfort e stile. Calvona Orthopedic Slip-Ons è pensato per accompagnarti ogni giorno, con un design versatile facile da abbinare ai tuoi look preferiti."
"calvona-orthopedic-slip-ons","Calvona Orthopedic Slip-Ons","<p>Fai ogni passo con più comfort e stile. Calvona Orthopedic Slip-Ons è pensato per accompagnarti ogni giorno, con un design versatile facile da abbinare ai tuoi look preferiti.</p>","bomre.com","Calzado","Calzado","Scarpe, Novità, Selezione Juanjo","TRUE","Colore","Marrone","Talla","40","calvona-orthopedic-slip-ons-marrone-40","49.99","110.00","0","continue","assets/products/generated-shoe-beige.png","1","Calvona Orthopedic Slip-Ons","Fai ogni passo con più comfort e stile. Calvona Orthopedic Slip-Ons è pensato per accompagnarti ogni giorno, con un design versatile facile da abbinare ai tuoi look preferiti."
"calvona-orthopedic-slip-ons","Calvona Orthopedic Slip-Ons","<p>Fai ogni passo con più comfort e stile. Calvona Orthopedic Slip-Ons è pensato per accompagnarti ogni giorno, con un design versatile facile da abbinare ai tuoi look preferiti.</p>","bomre.com","Calzado","Calzado","Scarpe, Novità, Selezione Juanjo","TRUE","Colore","Marrone","Talla","41","calvona-orthopedic-slip-ons-marrone-41","49.99","110.00","0","continue","assets/products/generated-shoe-beige.png","1","Calvona Orthopedic Slip-Ons","Fai ogni passo con più comfort e stile. Calvona Orthopedic Slip-Ons è pensato per accompagnarti ogni giorno, con un design versatile facile da abbinare ai tuoi look preferiti."
"calvona-orthopedic-slip-ons","Calvona Orthopedic Slip-Ons","<p>Fai ogni passo con più comfort e stile. Calvona Orthopedic Slip-Ons è pensato per accompagnarti ogni giorno, con un design versatile facile da abbinare ai tuoi look preferiti.</p>","bomre.com","Calzado","Calzado","Scarpe, Novità, Selezione Juanjo","TRUE","Colore","Bianco","Talla","36","calvona-orthopedic-slip-ons-bianco-36","49.99","110.00","0","continue","assets/products/generated-shoe-beige.png","1","Calvona Orthopedic Slip-Ons","Fai ogni passo con più comfort e stile. Calvona Orthopedic Slip-Ons è pensato per accompagnarti ogni giorno, con un design versatile facile da abbinare ai tuoi look preferiti."
"calvona-orthopedic-slip-ons","Calvona Orthopedic Slip-Ons","<p>Fai ogni passo con più comfort e stile. Calvona Orthopedic Slip-Ons è pensato per accompagnarti ogni giorno, con un design versatile facile da abbinare ai tuoi look preferiti.</p>","bomre.com","Calzado","Calzado","Scarpe, Novità, Selezione Juanjo","TRUE","Colore","Bianco","Talla","37","calvona-orthopedic-slip-ons-bianco-37","49.99","110.00","0","continue","assets/products/generated-shoe-beige.png","1","Calvona Orthopedic Slip-Ons","Fai ogni passo con più comfort e stile. Calvona Orthopedic Slip-Ons è pensato per accompagnarti ogni giorno, con un design versatile facile da abbinare ai tuoi look preferiti."
"calvona-orthopedic-slip-ons","Calvona Orthopedic Slip-Ons","<p>Fai ogni passo con più comfort e stile. Calvona Orthopedic Slip-Ons è pensato per accompagnarti ogni giorno, con un design versatile facile da abbinare ai tuoi look preferiti.</p>","bomre.com","Calzado","Calzado","Scarpe, Novità, Selezione Juanjo","TRUE","Colore","Bianco","Talla","38","calvona-orthopedic-slip-ons-bianco-38","49.99","110.00","0","continue","assets/products/generated-shoe-beige.png","1","Calvona Orthopedic Slip-Ons","Fai ogni passo con più comfort e stile. Calvona Orthopedic Slip-Ons è pensato per accompagnarti ogni giorno, con un design versatile facile da abbinare ai tuoi look preferiti."
"calvona-orthopedic-slip-ons","Calvona Orthopedic Slip-Ons","<p>Fai ogni passo con più comfort e stile. Calvona Orthopedic Slip-Ons è pensato per accompagnarti ogni giorno, con un design versatile facile da abbinare ai tuoi look preferiti.</p>","bomre.com","Calzado","Calzado","Scarpe, Novità, Selezione Juanjo","TRUE","Colore","Bianco","Talla","39","calvona-orthopedic-slip-ons-bianco-39","49.99","110.00","0","continue","assets/products/generated-shoe-beige.png","1","Calvona Orthopedic Slip-Ons","Fai ogni passo con più comfort e stile. Calvona Orthopedic Slip-Ons è pensato per accompagnarti ogni giorno, con un design versatile facile da abbinare ai tuoi look preferiti."
"calvona-orthopedic-slip-ons","Calvona Orthopedic Slip-Ons","<p>Fai ogni passo con più comfort e stile. Calvona Orthopedic Slip-Ons è pensato per accompagnarti ogni giorno, con un design versatile facile da abbinare ai tuoi look preferiti.</p>","bomre.com","Calzado","Calzado","Scarpe, Novità, Selezione Juanjo","TRUE","Colore","Bianco","Talla","40","calvona-orthopedic-slip-ons-bianco-40","49.99","110.00","0","continue","assets/products/generated-shoe-beige.png","1","Calvona Orthopedic Slip-Ons","Fai ogni passo con più comfort e stile. Calvona Orthopedic Slip-Ons è pensato per accompagnarti ogni giorno, con un design versatile facile da abbinare ai tuoi look preferiti."
"calvona-orthopedic-slip-ons","Calvona Orthopedic Slip-Ons","<p>Fai ogni passo con più comfort e stile. Calvona Orthopedic Slip-Ons è pensato per accompagnarti ogni giorno, con un design versatile facile da abbinare ai tuoi look preferiti.</p>","bomre.com","Calzado","Calzado","Scarpe, Novità, Selezione Juanjo","TRUE","Colore","Bianco","Talla","41","calvona-orthopedic-slip-ons-bianco-41","49.99","110.00","0","continue","assets/products/generated-shoe-beige.png","1","Calvona Orthopedic Slip-Ons","Fai ogni passo con più comfort e stile. Calvona Orthopedic Slip-Ons è pensato per accompagnarti ogni giorno, con un design versatile facile da abbinare ai tuoi look preferiti."
"sledders-barefoot-invierno","Sledders (barefoot invierno)","<p>Fai ogni passo con più comfort e stile. Sledders (barefoot invierno) è pensato per accompagnarti ogni giorno, con un design versatile facile da abbinare ai tuoi look preferiti.</p>","bearefoot.com","Calzado","Calzado","Scarpe, Novità, Selezione Juanjo","TRUE","Colore","Nero","Talla","36","sledders-barefoot-invierno-nero-36","76.99","169.99","0","continue","assets/products/generated-shoe-beige.png","1","Sledders (barefoot invierno)","Fai ogni passo con più comfort e stile. Sledders (barefoot invierno) è pensato per accompagnarti ogni giorno, con un design versatile facile da abbinare ai tuoi look preferiti."
"sledders-barefoot-invierno","Sledders (barefoot invierno)","<p>Fai ogni passo con più comfort e stile. Sledders (barefoot invierno) è pensato per accompagnarti ogni giorno, con un design versatile facile da abbinare ai tuoi look preferiti.</p>","bearefoot.com","Calzado","Calzado","Scarpe, Novità, Selezione Juanjo","TRUE","Colore","Nero","Talla","37","sledders-barefoot-invierno-nero-37","76.99","169.99","0","continue","assets/products/generated-shoe-beige.png","1","Sledders (barefoot invierno)","Fai ogni passo con più comfort e stile. Sledders (barefoot invierno) è pensato per accompagnarti ogni giorno, con un design versatile facile da abbinare ai tuoi look preferiti."
"sledders-barefoot-invierno","Sledders (barefoot invierno)","<p>Fai ogni passo con più comfort e stile. Sledders (barefoot invierno) è pensato per accompagnarti ogni giorno, con un design versatile facile da abbinare ai tuoi look preferiti.</p>","bearefoot.com","Calzado","Calzado","Scarpe, Novità, Selezione Juanjo","TRUE","Colore","Nero","Talla","38","sledders-barefoot-invierno-nero-38","76.99","169.99","0","continue","assets/products/generated-shoe-beige.png","1","Sledders (barefoot invierno)","Fai ogni passo con più comfort e stile. Sledders (barefoot invierno) è pensato per accompagnarti ogni giorno, con un design versatile facile da abbinare ai tuoi look preferiti."
"sledders-barefoot-invierno","Sledders (barefoot invierno)","<p>Fai ogni passo con più comfort e stile. Sledders (barefoot invierno) è pensato per accompagnarti ogni giorno, con un design versatile facile da abbinare ai tuoi look preferiti.</p>","bearefoot.com","Calzado","Calzado","Scarpe, Novità, Selezione Juanjo","TRUE","Colore","Nero","Talla","39","sledders-barefoot-invierno-nero-39","76.99","169.99","0","continue","assets/products/generated-shoe-beige.png","1","Sledders (barefoot invierno)","Fai ogni passo con più comfort e stile. Sledders (barefoot invierno) è pensato per accompagnarti ogni giorno, con un design versatile facile da abbinare ai tuoi look preferiti."
"sledders-barefoot-invierno","Sledders (barefoot invierno)","<p>Fai ogni passo con più comfort e stile. Sledders (barefoot invierno) è pensato per accompagnarti ogni giorno, con un design versatile facile da abbinare ai tuoi look preferiti.</p>","bearefoot.com","Calzado","Calzado","Scarpe, Novità, Selezione Juanjo","TRUE","Colore","Nero","Talla","40","sledders-barefoot-invierno-nero-40","76.99","169.99","0","continue","assets/products/generated-shoe-beige.png","1","Sledders (barefoot invierno)","Fai ogni passo con più comfort e stile. Sledders (barefoot invierno) è pensato per accompagnarti ogni giorno, con un design versatile facile da abbinare ai tuoi look preferiti."
"sledders-barefoot-invierno","Sledders (barefoot invierno)","<p>Fai ogni passo con più comfort e stile. Sledders (barefoot invierno) è pensato per accompagnarti ogni giorno, con un design versatile facile da abbinare ai tuoi look preferiti.</p>","bearefoot.com","Calzado","Calzado","Scarpe, Novità, Selezione Juanjo","TRUE","Colore","Nero","Talla","41","sledders-barefoot-invierno-nero-41","76.99","169.99","0","continue","assets/products/generated-shoe-beige.png","1","Sledders (barefoot invierno)","Fai ogni passo con più comfort e stile. Sledders (barefoot invierno) è pensato per accompagnarti ogni giorno, con un design versatile facile da abbinare ai tuoi look preferiti."
"sledders-barefoot-invierno","Sledders (barefoot invierno)","<p>Fai ogni passo con più comfort e stile. Sledders (barefoot invierno) è pensato per accompagnarti ogni giorno, con un design versatile facile da abbinare ai tuoi look preferiti.</p>","bearefoot.com","Calzado","Calzado","Scarpe, Novità, Selezione Juanjo","TRUE","Colore","Beige","Talla","36","sledders-barefoot-invierno-beige-36","76.99","169.99","0","continue","assets/products/generated-shoe-beige.png","1","Sledders (barefoot invierno)","Fai ogni passo con più comfort e stile. Sledders (barefoot invierno) è pensato per accompagnarti ogni giorno, con un design versatile facile da abbinare ai tuoi look preferiti."
"sledders-barefoot-invierno","Sledders (barefoot invierno)","<p>Fai ogni passo con più comfort e stile. Sledders (barefoot invierno) è pensato per accompagnarti ogni giorno, con un design versatile facile da abbinare ai tuoi look preferiti.</p>","bearefoot.com","Calzado","Calzado","Scarpe, Novità, Selezione Juanjo","TRUE","Colore","Beige","Talla","37","sledders-barefoot-invierno-beige-37","76.99","169.99","0","continue","assets/products/generated-shoe-beige.png","1","Sledders (barefoot invierno)","Fai ogni passo con più comfort e stile. Sledders (barefoot invierno) è pensato per accompagnarti ogni giorno, con un design versatile facile da abbinare ai tuoi look preferiti."
"sledders-barefoot-invierno","Sledders (barefoot invierno)","<p>Fai ogni passo con più comfort e stile. Sledders (barefoot invierno) è pensato per accompagnarti ogni giorno, con un design versatile facile da abbinare ai tuoi look preferiti.</p>","bearefoot.com","Calzado","Calzado","Scarpe, Novità, Selezione Juanjo","TRUE","Colore","Beige","Talla","38","sledders-barefoot-invierno-beige-38","76.99","169.99","0","continue","assets/products/generated-shoe-beige.png","1","Sledders (barefoot invierno)","Fai ogni passo con più comfort e stile. Sledders (barefoot invierno) è pensato per accompagnarti ogni giorno, con un design versatile facile da abbinare ai tuoi look preferiti."
"sledders-barefoot-invierno","Sledders (barefoot invierno)","<p>Fai ogni passo con più comfort e stile. Sledders (barefoot invierno) è pensato per accompagnarti ogni giorno, con un design versatile facile da abbinare ai tuoi look preferiti.</p>","bearefoot.com","Calzado","Calzado","Scarpe, Novità, Selezione Juanjo","TRUE","Colore","Beige","Talla","39","sledders-barefoot-invierno-beige-39","76.99","169.99","0","continue","assets/products/generated-shoe-beige.png","1","Sledders (barefoot invierno)","Fai ogni passo con più comfort e stile. Sledders (barefoot invierno) è pensato per accompagnarti ogni giorno, con un design versatile facile da abbinare ai tuoi look preferiti."
"sledders-barefoot-invierno","Sledders (barefoot invierno)","<p>Fai ogni passo con più comfort e stile. Sledders (barefoot invierno) è pensato per accompagnarti ogni giorno, con un design versatile facile da abbinare ai tuoi look preferiti.</p>","bearefoot.com","Calzado","Calzado","Scarpe, Novità, Selezione Juanjo","TRUE","Colore","Beige","Talla","40","sledders-barefoot-invierno-beige-40","76.99","169.99","0","continue","assets/products/generated-shoe-beige.png","1","Sledders (barefoot invierno)","Fai ogni passo con più comfort e stile. Sledders (barefoot invierno) è pensato per accompagnarti ogni giorno, con un design versatile facile da abbinare ai tuoi look preferiti."
"sledders-barefoot-invierno","Sledders (barefoot invierno)","<p>Fai ogni passo con più comfort e stile. Sledders (barefoot invierno) è pensato per accompagnarti ogni giorno, con un design versatile facile da abbinare ai tuoi look preferiti.</p>","bearefoot.com","Calzado","Calzado","Scarpe, Novità, Selezione Juanjo","TRUE","Colore","Beige","Talla","41","sledders-barefoot-invierno-beige-41","76.99","169.99","0","continue","assets/products/generated-shoe-beige.png","1","Sledders (barefoot invierno)","Fai ogni passo con più comfort e stile. Sledders (barefoot invierno) è pensato per accompagnarti ogni giorno, con un design versatile facile da abbinare ai tuoi look preferiti."
"sledders-barefoot-invierno","Sledders (barefoot invierno)","<p>Fai ogni passo con più comfort e stile. Sledders (barefoot invierno) è pensato per accompagnarti ogni giorno, con un design versatile facile da abbinare ai tuoi look preferiti.</p>","bearefoot.com","Calzado","Calzado","Scarpe, Novità, Selezione Juanjo","TRUE","Colore","Marrone","Talla","36","sledders-barefoot-invierno-marrone-36","76.99","169.99","0","continue","assets/products/generated-shoe-beige.png","1","Sledders (barefoot invierno)","Fai ogni passo con più comfort e stile. Sledders (barefoot invierno) è pensato per accompagnarti ogni giorno, con un design versatile facile da abbinare ai tuoi look preferiti."
"sledders-barefoot-invierno","Sledders (barefoot invierno)","<p>Fai ogni passo con più comfort e stile. Sledders (barefoot invierno) è pensato per accompagnarti ogni giorno, con un design versatile facile da abbinare ai tuoi look preferiti.</p>","bearefoot.com","Calzado","Calzado","Scarpe, Novità, Selezione Juanjo","TRUE","Colore","Marrone","Talla","37","sledders-barefoot-invierno-marrone-37","76.99","169.99","0","continue","assets/products/generated-shoe-beige.png","1","Sledders (barefoot invierno)","Fai ogni passo con più comfort e stile. Sledders (barefoot invierno) è pensato per accompagnarti ogni giorno, con un design versatile facile da abbinare ai tuoi look preferiti."
"sledders-barefoot-invierno","Sledders (barefoot invierno)","<p>Fai ogni passo con più comfort e stile. Sledders (barefoot invierno) è pensato per accompagnarti ogni giorno, con un design versatile facile da abbinare ai tuoi look preferiti.</p>","bearefoot.com","Calzado","Calzado","Scarpe, Novità, Selezione Juanjo","TRUE","Colore","Marrone","Talla","38","sledders-barefoot-invierno-marrone-38","76.99","169.99","0","continue","assets/products/generated-shoe-beige.png","1","Sledders (barefoot invierno)","Fai ogni passo con più comfort e stile. Sledders (barefoot invierno) è pensato per accompagnarti ogni giorno, con un design versatile facile da abbinare ai tuoi look preferiti."
"sledders-barefoot-invierno","Sledders (barefoot invierno)","<p>Fai ogni passo con più comfort e stile. Sledders (barefoot invierno) è pensato per accompagnarti ogni giorno, con un design versatile facile da abbinare ai tuoi look preferiti.</p>","bearefoot.com","Calzado","Calzado","Scarpe, Novità, Selezione Juanjo","TRUE","Colore","Marrone","Talla","39","sledders-barefoot-invierno-marrone-39","76.99","169.99","0","continue","assets/products/generated-shoe-beige.png","1","Sledders (barefoot invierno)","Fai ogni passo con più comfort e stile. Sledders (barefoot invierno) è pensato per accompagnarti ogni giorno, con un design versatile facile da abbinare ai tuoi look preferiti."
"sledders-barefoot-invierno","Sledders (barefoot invierno)","<p>Fai ogni passo con più comfort e stile. Sledders (barefoot invierno) è pensato per accompagnarti ogni giorno, con un design versatile facile da abbinare ai tuoi look preferiti.</p>","bearefoot.com","Calzado","Calzado","Scarpe, Novità, Selezione Juanjo","TRUE","Colore","Marrone","Talla","40","sledders-barefoot-invierno-marrone-40","76.99","169.99","0","continue","assets/products/generated-shoe-beige.png","1","Sledders (barefoot invierno)","Fai ogni passo con più comfort e stile. Sledders (barefoot invierno) è pensato per accompagnarti ogni giorno, con un design versatile facile da abbinare ai tuoi look preferiti."
"sledders-barefoot-invierno","Sledders (barefoot invierno)","<p>Fai ogni passo con più comfort e stile. Sledders (barefoot invierno) è pensato per accompagnarti ogni giorno, con un design versatile facile da abbinare ai tuoi look preferiti.</p>","bearefoot.com","Calzado","Calzado","Scarpe, Novità, Selezione Juanjo","TRUE","Colore","Marrone","Talla","41","sledders-barefoot-invierno-marrone-41","76.99","169.99","0","continue","assets/products/generated-shoe-beige.png","1","Sledders (barefoot invierno)","Fai ogni passo con più comfort e stile. Sledders (barefoot invierno) è pensato per accompagnarti ogni giorno, con un design versatile facile da abbinare ai tuoi look preferiti."
"sledders-barefoot-invierno","Sledders (barefoot invierno)","<p>Fai ogni passo con più comfort e stile. Sledders (barefoot invierno) è pensato per accompagnarti ogni giorno, con un design versatile facile da abbinare ai tuoi look preferiti.</p>","bearefoot.com","Calzado","Calzado","Scarpe, Novità, Selezione Juanjo","TRUE","Colore","Bianco","Talla","36","sledders-barefoot-invierno-bianco-36","76.99","169.99","0","continue","assets/products/generated-shoe-beige.png","1","Sledders (barefoot invierno)","Fai ogni passo con più comfort e stile. Sledders (barefoot invierno) è pensato per accompagnarti ogni giorno, con un design versatile facile da abbinare ai tuoi look preferiti."
"sledders-barefoot-invierno","Sledders (barefoot invierno)","<p>Fai ogni passo con più comfort e stile. Sledders (barefoot invierno) è pensato per accompagnarti ogni giorno, con un design versatile facile da abbinare ai tuoi look preferiti.</p>","bearefoot.com","Calzado","Calzado","Scarpe, Novità, Selezione Juanjo","TRUE","Colore","Bianco","Talla","37","sledders-barefoot-invierno-bianco-37","76.99","169.99","0","continue","assets/products/generated-shoe-beige.png","1","Sledders (barefoot invierno)","Fai ogni passo con più comfort e stile. Sledders (barefoot invierno) è pensato per accompagnarti ogni giorno, con un design versatile facile da abbinare ai tuoi look preferiti."
"sledders-barefoot-invierno","Sledders (barefoot invierno)","<p>Fai ogni passo con più comfort e stile. Sledders (barefoot invierno) è pensato per accompagnarti ogni giorno, con un design versatile facile da abbinare ai tuoi look preferiti.</p>","bearefoot.com","Calzado","Calzado","Scarpe, Novità, Selezione Juanjo","TRUE","Colore","Bianco","Talla","38","sledders-barefoot-invierno-bianco-38","76.99","169.99","0","continue","assets/products/generated-shoe-beige.png","1","Sledders (barefoot invierno)","Fai ogni passo con più comfort e stile. Sledders (barefoot invierno) è pensato per accompagnarti ogni giorno, con un design versatile facile da abbinare ai tuoi look preferiti."
"sledders-barefoot-invierno","Sledders (barefoot invierno)","<p>Fai ogni passo con più comfort e stile. Sledders (barefoot invierno) è pensato per accompagnarti ogni giorno, con un design versatile facile da abbinare ai tuoi look preferiti.</p>","bearefoot.com","Calzado","Calzado","Scarpe, Novità, Selezione Juanjo","TRUE","Colore","Bianco","Talla","39","sledders-barefoot-invierno-bianco-39","76.99","169.99","0","continue","assets/products/generated-shoe-beige.png","1","Sledders (barefoot invierno)","Fai ogni passo con più comfort e stile. Sledders (barefoot invierno) è pensato per accompagnarti ogni giorno, con un design versatile facile da abbinare ai tuoi look preferiti."
"sledders-barefoot-invierno","Sledders (barefoot invierno)","<p>Fai ogni passo con più comfort e stile. Sledders (barefoot invierno) è pensato per accompagnarti ogni giorno, con un design versatile facile da abbinare ai tuoi look preferiti.</p>","bearefoot.com","Calzado","Calzado","Scarpe, Novità, Selezione Juanjo","TRUE","Colore","Bianco","Talla","40","sledders-barefoot-invierno-bianco-40","76.99","169.99","0","continue","assets/products/generated-shoe-beige.png","1","Sledders (barefoot invierno)","Fai ogni passo con più comfort e stile. Sledders (barefoot invierno) è pensato per accompagnarti ogni giorno, con un design versatile facile da abbinare ai tuoi look preferiti."
"sledders-barefoot-invierno","Sledders (barefoot invierno)","<p>Fai ogni passo con più comfort e stile. Sledders (barefoot invierno) è pensato per accompagnarti ogni giorno, con un design versatile facile da abbinare ai tuoi look preferiti.</p>","bearefoot.com","Calzado","Calzado","Scarpe, Novità, Selezione Juanjo","TRUE","Colore","Bianco","Talla","41","sledders-barefoot-invierno-bianco-41","76.99","169.99","0","continue","assets/products/generated-shoe-beige.png","1","Sledders (barefoot invierno)","Fai ogni passo con più comfort e stile. Sledders (barefoot invierno) è pensato per accompagnarti ogni giorno, con un design versatile facile da abbinare ai tuoi look preferiti."
"piper-western-pull-on-ankle-boots","Piper Western Pull-On Ankle Boots","<p>Fai ogni passo con più comfort e stile. Piper Western Pull-On Ankle Boots è pensato per accompagnarti ogni giorno, con un design versatile facile da abbinare ai tuoi look preferiti.</p>","grace-and-oliver.com","Calzado","Calzado","Scarpe, Novità, Selezione Juanjo","TRUE","Colore","Nero","Talla","36","piper-western-pull-on-ankle-boots-nero-36","44.95","224.95","0","continue","assets/products/generated-shoe-beige.png","1","Piper Western Pull-On Ankle Boots","Fai ogni passo con più comfort e stile. Piper Western Pull-On Ankle Boots è pensato per accompagnarti ogni giorno, con un design versatile facile da abbinare ai tuoi look preferiti."
"piper-western-pull-on-ankle-boots","Piper Western Pull-On Ankle Boots","<p>Fai ogni passo con più comfort e stile. Piper Western Pull-On Ankle Boots è pensato per accompagnarti ogni giorno, con un design versatile facile da abbinare ai tuoi look preferiti.</p>","grace-and-oliver.com","Calzado","Calzado","Scarpe, Novità, Selezione Juanjo","TRUE","Colore","Nero","Talla","37","piper-western-pull-on-ankle-boots-nero-37","44.95","224.95","0","continue","assets/products/generated-shoe-beige.png","1","Piper Western Pull-On Ankle Boots","Fai ogni passo con più comfort e stile. Piper Western Pull-On Ankle Boots è pensato per accompagnarti ogni giorno, con un design versatile facile da abbinare ai tuoi look preferiti."
"piper-western-pull-on-ankle-boots","Piper Western Pull-On Ankle Boots","<p>Fai ogni passo con più comfort e stile. Piper Western Pull-On Ankle Boots è pensato per accompagnarti ogni giorno, con un design versatile facile da abbinare ai tuoi look preferiti.</p>","grace-and-oliver.com","Calzado","Calzado","Scarpe, Novità, Selezione Juanjo","TRUE","Colore","Nero","Talla","38","piper-western-pull-on-ankle-boots-nero-38","44.95","224.95","0","continue","assets/products/generated-shoe-beige.png","1","Piper Western Pull-On Ankle Boots","Fai ogni passo con più comfort e stile. Piper Western Pull-On Ankle Boots è pensato per accompagnarti ogni giorno, con un design versatile facile da abbinare ai tuoi look preferiti."
"piper-western-pull-on-ankle-boots","Piper Western Pull-On Ankle Boots","<p>Fai ogni passo con più comfort e stile. Piper Western Pull-On Ankle Boots è pensato per accompagnarti ogni giorno, con un design versatile facile da abbinare ai tuoi look preferiti.</p>","grace-and-oliver.com","Calzado","Calzado","Scarpe, Novità, Selezione Juanjo","TRUE","Colore","Nero","Talla","39","piper-western-pull-on-ankle-boots-nero-39","44.95","224.95","0","continue","assets/products/generated-shoe-beige.png","1","Piper Western Pull-On Ankle Boots","Fai ogni passo con più comfort e stile. Piper Western Pull-On Ankle Boots è pensato per accompagnarti ogni giorno, con un design versatile facile da abbinare ai tuoi look preferiti."
"piper-western-pull-on-ankle-boots","Piper Western Pull-On Ankle Boots","<p>Fai ogni passo con più comfort e stile. Piper Western Pull-On Ankle Boots è pensato per accompagnarti ogni giorno, con un design versatile facile da abbinare ai tuoi look preferiti.</p>","grace-and-oliver.com","Calzado","Calzado","Scarpe, Novità, Selezione Juanjo","TRUE","Colore","Nero","Talla","40","piper-western-pull-on-ankle-boots-nero-40","44.95","224.95","0","continue","assets/products/generated-shoe-beige.png","1","Piper Western Pull-On Ankle Boots","Fai ogni passo con più comfort e stile. Piper Western Pull-On Ankle Boots è pensato per accompagnarti ogni giorno, con un design versatile facile da abbinare ai tuoi look preferiti."
"piper-western-pull-on-ankle-boots","Piper Western Pull-On Ankle Boots","<p>Fai ogni passo con più comfort e stile. Piper Western Pull-On Ankle Boots è pensato per accompagnarti ogni giorno, con un design versatile facile da abbinare ai tuoi look preferiti.</p>","grace-and-oliver.com","Calzado","Calzado","Scarpe, Novità, Selezione Juanjo","TRUE","Colore","Nero","Talla","41","piper-western-pull-on-ankle-boots-nero-41","44.95","224.95","0","continue","assets/products/generated-shoe-beige.png","1","Piper Western Pull-On Ankle Boots","Fai ogni passo con più comfort e stile. Piper Western Pull-On Ankle Boots è pensato per accompagnarti ogni giorno, con un design versatile facile da abbinare ai tuoi look preferiti."
"piper-western-pull-on-ankle-boots","Piper Western Pull-On Ankle Boots","<p>Fai ogni passo con più comfort e stile. Piper Western Pull-On Ankle Boots è pensato per accompagnarti ogni giorno, con un design versatile facile da abbinare ai tuoi look preferiti.</p>","grace-and-oliver.com","Calzado","Calzado","Scarpe, Novità, Selezione Juanjo","TRUE","Colore","Beige","Talla","36","piper-western-pull-on-ankle-boots-beige-36","44.95","224.95","0","continue","assets/products/generated-shoe-beige.png","1","Piper Western Pull-On Ankle Boots","Fai ogni passo con più comfort e stile. Piper Western Pull-On Ankle Boots è pensato per accompagnarti ogni giorno, con un design versatile facile da abbinare ai tuoi look preferiti."
"piper-western-pull-on-ankle-boots","Piper Western Pull-On Ankle Boots","<p>Fai ogni passo con più comfort e stile. Piper Western Pull-On Ankle Boots è pensato per accompagnarti ogni giorno, con un design versatile facile da abbinare ai tuoi look preferiti.</p>","grace-and-oliver.com","Calzado","Calzado","Scarpe, Novità, Selezione Juanjo","TRUE","Colore","Beige","Talla","37","piper-western-pull-on-ankle-boots-beige-37","44.95","224.95","0","continue","assets/products/generated-shoe-beige.png","1","Piper Western Pull-On Ankle Boots","Fai ogni passo con più comfort e stile. Piper Western Pull-On Ankle Boots è pensato per accompagnarti ogni giorno, con un design versatile facile da abbinare ai tuoi look preferiti."
"piper-western-pull-on-ankle-boots","Piper Western Pull-On Ankle Boots","<p>Fai ogni passo con più comfort e stile. Piper Western Pull-On Ankle Boots è pensato per accompagnarti ogni giorno, con un design versatile facile da abbinare ai tuoi look preferiti.</p>","grace-and-oliver.com","Calzado","Calzado","Scarpe, Novità, Selezione Juanjo","TRUE","Colore","Beige","Talla","38","piper-western-pull-on-ankle-boots-beige-38","44.95","224.95","0","continue","assets/products/generated-shoe-beige.png","1","Piper Western Pull-On Ankle Boots","Fai ogni passo con più comfort e stile. Piper Western Pull-On Ankle Boots è pensato per accompagnarti ogni giorno, con un design versatile facile da abbinare ai tuoi look preferiti."
"piper-western-pull-on-ankle-boots","Piper Western Pull-On Ankle Boots","<p>Fai ogni passo con più comfort e stile. Piper Western Pull-On Ankle Boots è pensato per accompagnarti ogni giorno, con un design versatile facile da abbinare ai tuoi look preferiti.</p>","grace-and-oliver.com","Calzado","Calzado","Scarpe, Novità, Selezione Juanjo","TRUE","Colore","Beige","Talla","39","piper-western-pull-on-ankle-boots-beige-39","44.95","224.95","0","continue","assets/products/generated-shoe-beige.png","1","Piper Western Pull-On Ankle Boots","Fai ogni passo con più comfort e stile. Piper Western Pull-On Ankle Boots è pensato per accompagnarti ogni giorno, con un design versatile facile da abbinare ai tuoi look preferiti."
"piper-western-pull-on-ankle-boots","Piper Western Pull-On Ankle Boots","<p>Fai ogni passo con più comfort e stile. Piper Western Pull-On Ankle Boots è pensato per accompagnarti ogni giorno, con un design versatile facile da abbinare ai tuoi look preferiti.</p>","grace-and-oliver.com","Calzado","Calzado","Scarpe, Novità, Selezione Juanjo","TRUE","Colore","Beige","Talla","40","piper-western-pull-on-ankle-boots-beige-40","44.95","224.95","0","continue","assets/products/generated-shoe-beige.png","1","Piper Western Pull-On Ankle Boots","Fai ogni passo con più comfort e stile. Piper Western Pull-On Ankle Boots è pensato per accompagnarti ogni giorno, con un design versatile facile da abbinare ai tuoi look preferiti."
"piper-western-pull-on-ankle-boots","Piper Western Pull-On Ankle Boots","<p>Fai ogni passo con più comfort e stile. Piper Western Pull-On Ankle Boots è pensato per accompagnarti ogni giorno, con un design versatile facile da abbinare ai tuoi look preferiti.</p>","grace-and-oliver.com","Calzado","Calzado","Scarpe, Novità, Selezione Juanjo","TRUE","Colore","Beige","Talla","41","piper-western-pull-on-ankle-boots-beige-41","44.95","224.95","0","continue","assets/products/generated-shoe-beige.png","1","Piper Western Pull-On Ankle Boots","Fai ogni passo con più comfort e stile. Piper Western Pull-On Ankle Boots è pensato per accompagnarti ogni giorno, con un design versatile facile da abbinare ai tuoi look preferiti."
"piper-western-pull-on-ankle-boots","Piper Western Pull-On Ankle Boots","<p>Fai ogni passo con più comfort e stile. Piper Western Pull-On Ankle Boots è pensato per accompagnarti ogni giorno, con un design versatile facile da abbinare ai tuoi look preferiti.</p>","grace-and-oliver.com","Calzado","Calzado","Scarpe, Novità, Selezione Juanjo","TRUE","Colore","Marrone","Talla","36","piper-western-pull-on-ankle-boots-marrone-36","44.95","224.95","0","continue","assets/products/generated-shoe-beige.png","1","Piper Western Pull-On Ankle Boots","Fai ogni passo con più comfort e stile. Piper Western Pull-On Ankle Boots è pensato per accompagnarti ogni giorno, con un design versatile facile da abbinare ai tuoi look preferiti."
"piper-western-pull-on-ankle-boots","Piper Western Pull-On Ankle Boots","<p>Fai ogni passo con più comfort e stile. Piper Western Pull-On Ankle Boots è pensato per accompagnarti ogni giorno, con un design versatile facile da abbinare ai tuoi look preferiti.</p>","grace-and-oliver.com","Calzado","Calzado","Scarpe, Novità, Selezione Juanjo","TRUE","Colore","Marrone","Talla","37","piper-western-pull-on-ankle-boots-marrone-37","44.95","224.95","0","continue","assets/products/generated-shoe-beige.png","1","Piper Western Pull-On Ankle Boots","Fai ogni passo con più comfort e stile. Piper Western Pull-On Ankle Boots è pensato per accompagnarti ogni giorno, con un design versatile facile da abbinare ai tuoi look preferiti."
"piper-western-pull-on-ankle-boots","Piper Western Pull-On Ankle Boots","<p>Fai ogni passo con più comfort e stile. Piper Western Pull-On Ankle Boots è pensato per accompagnarti ogni giorno, con un design versatile facile da abbinare ai tuoi look preferiti.</p>","grace-and-oliver.com","Calzado","Calzado","Scarpe, Novità, Selezione Juanjo","TRUE","Colore","Marrone","Talla","38","piper-western-pull-on-ankle-boots-marrone-38","44.95","224.95","0","continue","assets/products/generated-shoe-beige.png","1","Piper Western Pull-On Ankle Boots","Fai ogni passo con più comfort e stile. Piper Western Pull-On Ankle Boots è pensato per accompagnarti ogni giorno, con un design versatile facile da abbinare ai tuoi look preferiti."
"piper-western-pull-on-ankle-boots","Piper Western Pull-On Ankle Boots","<p>Fai ogni passo con più comfort e stile. Piper Western Pull-On Ankle Boots è pensato per accompagnarti ogni giorno, con un design versatile facile da abbinare ai tuoi look preferiti.</p>","grace-and-oliver.com","Calzado","Calzado","Scarpe, Novità, Selezione Juanjo","TRUE","Colore","Marrone","Talla","39","piper-western-pull-on-ankle-boots-marrone-39","44.95","224.95","0","continue","assets/products/generated-shoe-beige.png","1","Piper Western Pull-On Ankle Boots","Fai ogni passo con più comfort e stile. Piper Western Pull-On Ankle Boots è pensato per accompagnarti ogni giorno, con un design versatile facile da abbinare ai tuoi look preferiti."
"piper-western-pull-on-ankle-boots","Piper Western Pull-On Ankle Boots","<p>Fai ogni passo con più comfort e stile. Piper Western Pull-On Ankle Boots è pensato per accompagnarti ogni giorno, con un design versatile facile da abbinare ai tuoi look preferiti.</p>","grace-and-oliver.com","Calzado","Calzado","Scarpe, Novità, Selezione Juanjo","TRUE","Colore","Marrone","Talla","40","piper-western-pull-on-ankle-boots-marrone-40","44.95","224.95","0","continue","assets/products/generated-shoe-beige.png","1","Piper Western Pull-On Ankle Boots","Fai ogni passo con più comfort e stile. Piper Western Pull-On Ankle Boots è pensato per accompagnarti ogni giorno, con un design versatile facile da abbinare ai tuoi look preferiti."
"piper-western-pull-on-ankle-boots","Piper Western Pull-On Ankle Boots","<p>Fai ogni passo con più comfort e stile. Piper Western Pull-On Ankle Boots è pensato per accompagnarti ogni giorno, con un design versatile facile da abbinare ai tuoi look preferiti.</p>","grace-and-oliver.com","Calzado","Calzado","Scarpe, Novità, Selezione Juanjo","TRUE","Colore","Marrone","Talla","41","piper-western-pull-on-ankle-boots-marrone-41","44.95","224.95","0","continue","assets/products/generated-shoe-beige.png","1","Piper Western Pull-On Ankle Boots","Fai ogni passo con più comfort e stile. Piper Western Pull-On Ankle Boots è pensato per accompagnarti ogni giorno, con un design versatile facile da abbinare ai tuoi look preferiti."
"piper-western-pull-on-ankle-boots","Piper Western Pull-On Ankle Boots","<p>Fai ogni passo con più comfort e stile. Piper Western Pull-On Ankle Boots è pensato per accompagnarti ogni giorno, con un design versatile facile da abbinare ai tuoi look preferiti.</p>","grace-and-oliver.com","Calzado","Calzado","Scarpe, Novità, Selezione Juanjo","TRUE","Colore","Bianco","Talla","36","piper-western-pull-on-ankle-boots-bianco-36","44.95","224.95","0","continue","assets/products/generated-shoe-beige.png","1","Piper Western Pull-On Ankle Boots","Fai ogni passo con più comfort e stile. Piper Western Pull-On Ankle Boots è pensato per accompagnarti ogni giorno, con un design versatile facile da abbinare ai tuoi look preferiti."
"piper-western-pull-on-ankle-boots","Piper Western Pull-On Ankle Boots","<p>Fai ogni passo con più comfort e stile. Piper Western Pull-On Ankle Boots è pensato per accompagnarti ogni giorno, con un design versatile facile da abbinare ai tuoi look preferiti.</p>","grace-and-oliver.com","Calzado","Calzado","Scarpe, Novità, Selezione Juanjo","TRUE","Colore","Bianco","Talla","37","piper-western-pull-on-ankle-boots-bianco-37","44.95","224.95","0","continue","assets/products/generated-shoe-beige.png","1","Piper Western Pull-On Ankle Boots","Fai ogni passo con più comfort e stile. Piper Western Pull-On Ankle Boots è pensato per accompagnarti ogni giorno, con un design versatile facile da abbinare ai tuoi look preferiti."
"piper-western-pull-on-ankle-boots","Piper Western Pull-On Ankle Boots","<p>Fai ogni passo con più comfort e stile. Piper Western Pull-On Ankle Boots è pensato per accompagnarti ogni giorno, con un design versatile facile da abbinare ai tuoi look preferiti.</p>","grace-and-oliver.com","Calzado","Calzado","Scarpe, Novità, Selezione Juanjo","TRUE","Colore","Bianco","Talla","38","piper-western-pull-on-ankle-boots-bianco-38","44.95","224.95","0","continue","assets/products/generated-shoe-beige.png","1","Piper Western Pull-On Ankle Boots","Fai ogni passo con più comfort e stile. Piper Western Pull-On Ankle Boots è pensato per accompagnarti ogni giorno, con un design versatile facile da abbinare ai tuoi look preferiti."
"piper-western-pull-on-ankle-boots","Piper Western Pull-On Ankle Boots","<p>Fai ogni passo con più comfort e stile. Piper Western Pull-On Ankle Boots è pensato per accompagnarti ogni giorno, con un design versatile facile da abbinare ai tuoi look preferiti.</p>","grace-and-oliver.com","Calzado","Calzado","Scarpe, Novità, Selezione Juanjo","TRUE","Colore","Bianco","Talla","39","piper-western-pull-on-ankle-boots-bianco-39","44.95","224.95","0","continue","assets/products/generated-shoe-beige.png","1","Piper Western Pull-On Ankle Boots","Fai ogni passo con più comfort e stile. Piper Western Pull-On Ankle Boots è pensato per accompagnarti ogni giorno, con un design versatile facile da abbinare ai tuoi look preferiti."
"piper-western-pull-on-ankle-boots","Piper Western Pull-On Ankle Boots","<p>Fai ogni passo con più comfort e stile. Piper Western Pull-On Ankle Boots è pensato per accompagnarti ogni giorno, con un design versatile facile da abbinare ai tuoi look preferiti.</p>","grace-and-oliver.com","Calzado","Calzado","Scarpe, Novità, Selezione Juanjo","TRUE","Colore","Bianco","Talla","40","piper-western-pull-on-ankle-boots-bianco-40","44.95","224.95","0","continue","assets/products/generated-shoe-beige.png","1","Piper Western Pull-On Ankle Boots","Fai ogni passo con più comfort e stile. Piper Western Pull-On Ankle Boots è pensato per accompagnarti ogni giorno, con un design versatile facile da abbinare ai tuoi look preferiti."
"piper-western-pull-on-ankle-boots","Piper Western Pull-On Ankle Boots","<p>Fai ogni passo con più comfort e stile. Piper Western Pull-On Ankle Boots è pensato per accompagnarti ogni giorno, con un design versatile facile da abbinare ai tuoi look preferiti.</p>","grace-and-oliver.com","Calzado","Calzado","Scarpe, Novità, Selezione Juanjo","TRUE","Colore","Bianco","Talla","41","piper-western-pull-on-ankle-boots-bianco-41","44.95","224.95","0","continue","assets/products/generated-shoe-beige.png","1","Piper Western Pull-On Ankle Boots","Fai ogni passo con più comfort e stile. Piper Western Pull-On Ankle Boots è pensato per accompagnarti ogni giorno, con un design versatile facile da abbinare ai tuoi look preferiti."
"100-vegan-suede-clogs","100% Vegan Suede Clogs","<p>Fai ogni passo con più comfort e stile. 100% Vegan Suede Clogs è pensato per accompagnarti ogni giorno, con un design versatile facile da abbinare ai tuoi look preferiti.</p>","qomfortco.com","Calzado","Calzado","Scarpe, Novità, Selezione Juanjo","TRUE","Colore","Nero","Talla","36","100-vegan-suede-clogs-nero-36","69.00","89.00","0","continue","assets/products/generated-shoe-beige.png","1","100% Vegan Suede Clogs","Fai ogni passo con più comfort e stile. 100% Vegan Suede Clogs è pensato per accompagnarti ogni giorno, con un design versatile facile da abbinare ai tuoi look preferiti."
"100-vegan-suede-clogs","100% Vegan Suede Clogs","<p>Fai ogni passo con più comfort e stile. 100% Vegan Suede Clogs è pensato per accompagnarti ogni giorno, con un design versatile facile da abbinare ai tuoi look preferiti.</p>","qomfortco.com","Calzado","Calzado","Scarpe, Novità, Selezione Juanjo","TRUE","Colore","Nero","Talla","37","100-vegan-suede-clogs-nero-37","69.00","89.00","0","continue","assets/products/generated-shoe-beige.png","1","100% Vegan Suede Clogs","Fai ogni passo con più comfort e stile. 100% Vegan Suede Clogs è pensato per accompagnarti ogni giorno, con un design versatile facile da abbinare ai tuoi look preferiti."
"100-vegan-suede-clogs","100% Vegan Suede Clogs","<p>Fai ogni passo con più comfort e stile. 100% Vegan Suede Clogs è pensato per accompagnarti ogni giorno, con un design versatile facile da abbinare ai tuoi look preferiti.</p>","qomfortco.com","Calzado","Calzado","Scarpe, Novità, Selezione Juanjo","TRUE","Colore","Nero","Talla","38","100-vegan-suede-clogs-nero-38","69.00","89.00","0","continue","assets/products/generated-shoe-beige.png","1","100% Vegan Suede Clogs","Fai ogni passo con più comfort e stile. 100% Vegan Suede Clogs è pensato per accompagnarti ogni giorno, con un design versatile facile da abbinare ai tuoi look preferiti."
"100-vegan-suede-clogs","100% Vegan Suede Clogs","<p>Fai ogni passo con più comfort e stile. 100% Vegan Suede Clogs è pensato per accompagnarti ogni giorno, con un design versatile facile da abbinare ai tuoi look preferiti.</p>","qomfortco.com","Calzado","Calzado","Scarpe, Novità, Selezione Juanjo","TRUE","Colore","Nero","Talla","39","100-vegan-suede-clogs-nero-39","69.00","89.00","0","continue","assets/products/generated-shoe-beige.png","1","100% Vegan Suede Clogs","Fai ogni passo con più comfort e stile. 100% Vegan Suede Clogs è pensato per accompagnarti ogni giorno, con un design versatile facile da abbinare ai tuoi look preferiti."
"100-vegan-suede-clogs","100% Vegan Suede Clogs","<p>Fai ogni passo con più comfort e stile. 100% Vegan Suede Clogs è pensato per accompagnarti ogni giorno, con un design versatile facile da abbinare ai tuoi look preferiti.</p>","qomfortco.com","Calzado","Calzado","Scarpe, Novità, Selezione Juanjo","TRUE","Colore","Nero","Talla","40","100-vegan-suede-clogs-nero-40","69.00","89.00","0","continue","assets/products/generated-shoe-beige.png","1","100% Vegan Suede Clogs","Fai ogni passo con più comfort e stile. 100% Vegan Suede Clogs è pensato per accompagnarti ogni giorno, con un design versatile facile da abbinare ai tuoi look preferiti."
"100-vegan-suede-clogs","100% Vegan Suede Clogs","<p>Fai ogni passo con più comfort e stile. 100% Vegan Suede Clogs è pensato per accompagnarti ogni giorno, con un design versatile facile da abbinare ai tuoi look preferiti.</p>","qomfortco.com","Calzado","Calzado","Scarpe, Novità, Selezione Juanjo","TRUE","Colore","Nero","Talla","41","100-vegan-suede-clogs-nero-41","69.00","89.00","0","continue","assets/products/generated-shoe-beige.png","1","100% Vegan Suede Clogs","Fai ogni passo con più comfort e stile. 100% Vegan Suede Clogs è pensato per accompagnarti ogni giorno, con un design versatile facile da abbinare ai tuoi look preferiti."
"100-vegan-suede-clogs","100% Vegan Suede Clogs","<p>Fai ogni passo con più comfort e stile. 100% Vegan Suede Clogs è pensato per accompagnarti ogni giorno, con un design versatile facile da abbinare ai tuoi look preferiti.</p>","qomfortco.com","Calzado","Calzado","Scarpe, Novità, Selezione Juanjo","TRUE","Colore","Beige","Talla","36","100-vegan-suede-clogs-beige-36","69.00","89.00","0","continue","assets/products/generated-shoe-beige.png","1","100% Vegan Suede Clogs","Fai ogni passo con più comfort e stile. 100% Vegan Suede Clogs è pensato per accompagnarti ogni giorno, con un design versatile facile da abbinare ai tuoi look preferiti."
"100-vegan-suede-clogs","100% Vegan Suede Clogs","<p>Fai ogni passo con più comfort e stile. 100% Vegan Suede Clogs è pensato per accompagnarti ogni giorno, con un design versatile facile da abbinare ai tuoi look preferiti.</p>","qomfortco.com","Calzado","Calzado","Scarpe, Novità, Selezione Juanjo","TRUE","Colore","Beige","Talla","37","100-vegan-suede-clogs-beige-37","69.00","89.00","0","continue","assets/products/generated-shoe-beige.png","1","100% Vegan Suede Clogs","Fai ogni passo con più comfort e stile. 100% Vegan Suede Clogs è pensato per accompagnarti ogni giorno, con un design versatile facile da abbinare ai tuoi look preferiti."
"100-vegan-suede-clogs","100% Vegan Suede Clogs","<p>Fai ogni passo con più comfort e stile. 100% Vegan Suede Clogs è pensato per accompagnarti ogni giorno, con un design versatile facile da abbinare ai tuoi look preferiti.</p>","qomfortco.com","Calzado","Calzado","Scarpe, Novità, Selezione Juanjo","TRUE","Colore","Beige","Talla","38","100-vegan-suede-clogs-beige-38","69.00","89.00","0","continue","assets/products/generated-shoe-beige.png","1","100% Vegan Suede Clogs","Fai ogni passo con più comfort e stile. 100% Vegan Suede Clogs è pensato per accompagnarti ogni giorno, con un design versatile facile da abbinare ai tuoi look preferiti."
"100-vegan-suede-clogs","100% Vegan Suede Clogs","<p>Fai ogni passo con più comfort e stile. 100% Vegan Suede Clogs è pensato per accompagnarti ogni giorno, con un design versatile facile da abbinare ai tuoi look preferiti.</p>","qomfortco.com","Calzado","Calzado","Scarpe, Novità, Selezione Juanjo","TRUE","Colore","Beige","Talla","39","100-vegan-suede-clogs-beige-39","69.00","89.00","0","continue","assets/products/generated-shoe-beige.png","1","100% Vegan Suede Clogs","Fai ogni passo con più comfort e stile. 100% Vegan Suede Clogs è pensato per accompagnarti ogni giorno, con un design versatile facile da abbinare ai tuoi look preferiti."
"100-vegan-suede-clogs","100% Vegan Suede Clogs","<p>Fai ogni passo con più comfort e stile. 100% Vegan Suede Clogs è pensato per accompagnarti ogni giorno, con un design versatile facile da abbinare ai tuoi look preferiti.</p>","qomfortco.com","Calzado","Calzado","Scarpe, Novità, Selezione Juanjo","TRUE","Colore","Beige","Talla","40","100-vegan-suede-clogs-beige-40","69.00","89.00","0","continue","assets/products/generated-shoe-beige.png","1","100% Vegan Suede Clogs","Fai ogni passo con più comfort e stile. 100% Vegan Suede Clogs è pensato per accompagnarti ogni giorno, con un design versatile facile da abbinare ai tuoi look preferiti."
"100-vegan-suede-clogs","100% Vegan Suede Clogs","<p>Fai ogni passo con più comfort e stile. 100% Vegan Suede Clogs è pensato per accompagnarti ogni giorno, con un design versatile facile da abbinare ai tuoi look preferiti.</p>","qomfortco.com","Calzado","Calzado","Scarpe, Novità, Selezione Juanjo","TRUE","Colore","Beige","Talla","41","100-vegan-suede-clogs-beige-41","69.00","89.00","0","continue","assets/products/generated-shoe-beige.png","1","100% Vegan Suede Clogs","Fai ogni passo con più comfort e stile. 100% Vegan Suede Clogs è pensato per accompagnarti ogni giorno, con un design versatile facile da abbinare ai tuoi look preferiti."
"100-vegan-suede-clogs","100% Vegan Suede Clogs","<p>Fai ogni passo con più comfort e stile. 100% Vegan Suede Clogs è pensato per accompagnarti ogni giorno, con un design versatile facile da abbinare ai tuoi look preferiti.</p>","qomfortco.com","Calzado","Calzado","Scarpe, Novità, Selezione Juanjo","TRUE","Colore","Marrone","Talla","36","100-vegan-suede-clogs-marrone-36","69.00","89.00","0","continue","assets/products/generated-shoe-beige.png","1","100% Vegan Suede Clogs","Fai ogni passo con più comfort e stile. 100% Vegan Suede Clogs è pensato per accompagnarti ogni giorno, con un design versatile facile da abbinare ai tuoi look preferiti."
"100-vegan-suede-clogs","100% Vegan Suede Clogs","<p>Fai ogni passo con più comfort e stile. 100% Vegan Suede Clogs è pensato per accompagnarti ogni giorno, con un design versatile facile da abbinare ai tuoi look preferiti.</p>","qomfortco.com","Calzado","Calzado","Scarpe, Novità, Selezione Juanjo","TRUE","Colore","Marrone","Talla","37","100-vegan-suede-clogs-marrone-37","69.00","89.00","0","continue","assets/products/generated-shoe-beige.png","1","100% Vegan Suede Clogs","Fai ogni passo con più comfort e stile. 100% Vegan Suede Clogs è pensato per accompagnarti ogni giorno, con un design versatile facile da abbinare ai tuoi look preferiti."
"100-vegan-suede-clogs","100% Vegan Suede Clogs","<p>Fai ogni passo con più comfort e stile. 100% Vegan Suede Clogs è pensato per accompagnarti ogni giorno, con un design versatile facile da abbinare ai tuoi look preferiti.</p>","qomfortco.com","Calzado","Calzado","Scarpe, Novità, Selezione Juanjo","TRUE","Colore","Marrone","Talla","38","100-vegan-suede-clogs-marrone-38","69.00","89.00","0","continue","assets/products/generated-shoe-beige.png","1","100% Vegan Suede Clogs","Fai ogni passo con più comfort e stile. 100% Vegan Suede Clogs è pensato per accompagnarti ogni giorno, con un design versatile facile da abbinare ai tuoi look preferiti."
"100-vegan-suede-clogs","100% Vegan Suede Clogs","<p>Fai ogni passo con più comfort e stile. 100% Vegan Suede Clogs è pensato per accompagnarti ogni giorno, con un design versatile facile da abbinare ai tuoi look preferiti.</p>","qomfortco.com","Calzado","Calzado","Scarpe, Novità, Selezione Juanjo","TRUE","Colore","Marrone","Talla","39","100-vegan-suede-clogs-marrone-39","69.00","89.00","0","continue","assets/products/generated-shoe-beige.png","1","100% Vegan Suede Clogs","Fai ogni passo con più comfort e stile. 100% Vegan Suede Clogs è pensato per accompagnarti ogni giorno, con un design versatile facile da abbinare ai tuoi look preferiti."
"100-vegan-suede-clogs","100% Vegan Suede Clogs","<p>Fai ogni passo con più comfort e stile. 100% Vegan Suede Clogs è pensato per accompagnarti ogni giorno, con un design versatile facile da abbinare ai tuoi look preferiti.</p>","qomfortco.com","Calzado","Calzado","Scarpe, Novità, Selezione Juanjo","TRUE","Colore","Marrone","Talla","40","100-vegan-suede-clogs-marrone-40","69.00","89.00","0","continue","assets/products/generated-shoe-beige.png","1","100% Vegan Suede Clogs","Fai ogni passo con più comfort e stile. 100% Vegan Suede Clogs è pensato per accompagnarti ogni giorno, con un design versatile facile da abbinare ai tuoi look preferiti."
"100-vegan-suede-clogs","100% Vegan Suede Clogs","<p>Fai ogni passo con più comfort e stile. 100% Vegan Suede Clogs è pensato per accompagnarti ogni giorno, con un design versatile facile da abbinare ai tuoi look preferiti.</p>","qomfortco.com","Calzado","Calzado","Scarpe, Novità, Selezione Juanjo","TRUE","Colore","Marrone","Talla","41","100-vegan-suede-clogs-marrone-41","69.00","89.00","0","continue","assets/products/generated-shoe-beige.png","1","100% Vegan Suede Clogs","Fai ogni passo con più comfort e stile. 100% Vegan Suede Clogs è pensato per accompagnarti ogni giorno, con un design versatile facile da abbinare ai tuoi look preferiti."
"100-vegan-suede-clogs","100% Vegan Suede Clogs","<p>Fai ogni passo con più comfort e stile. 100% Vegan Suede Clogs è pensato per accompagnarti ogni giorno, con un design versatile facile da abbinare ai tuoi look preferiti.</p>","qomfortco.com","Calzado","Calzado","Scarpe, Novità, Selezione Juanjo","TRUE","Colore","Bianco","Talla","36","100-vegan-suede-clogs-bianco-36","69.00","89.00","0","continue","assets/products/generated-shoe-beige.png","1","100% Vegan Suede Clogs","Fai ogni passo con più comfort e stile. 100% Vegan Suede Clogs è pensato per accompagnarti ogni giorno, con un design versatile facile da abbinare ai tuoi look preferiti."
"100-vegan-suede-clogs","100% Vegan Suede Clogs","<p>Fai ogni passo con più comfort e stile. 100% Vegan Suede Clogs è pensato per accompagnarti ogni giorno, con un design versatile facile da abbinare ai tuoi look preferiti.</p>","qomfortco.com","Calzado","Calzado","Scarpe, Novità, Selezione Juanjo","TRUE","Colore","Bianco","Talla","37","100-vegan-suede-clogs-bianco-37","69.00","89.00","0","continue","assets/products/generated-shoe-beige.png","1","100% Vegan Suede Clogs","Fai ogni passo con più comfort e stile. 100% Vegan Suede Clogs è pensato per accompagnarti ogni giorno, con un design versatile facile da abbinare ai tuoi look preferiti."
"100-vegan-suede-clogs","100% Vegan Suede Clogs","<p>Fai ogni passo con più comfort e stile. 100% Vegan Suede Clogs è pensato per accompagnarti ogni giorno, con un design versatile facile da abbinare ai tuoi look preferiti.</p>","qomfortco.com","Calzado","Calzado","Scarpe, Novità, Selezione Juanjo","TRUE","Colore","Bianco","Talla","38","100-vegan-suede-clogs-bianco-38","69.00","89.00","0","continue","assets/products/generated-shoe-beige.png","1","100% Vegan Suede Clogs","Fai ogni passo con più comfort e stile. 100% Vegan Suede Clogs è pensato per accompagnarti ogni giorno, con un design versatile facile da abbinare ai tuoi look preferiti."
"100-vegan-suede-clogs","100% Vegan Suede Clogs","<p>Fai ogni passo con più comfort e stile. 100% Vegan Suede Clogs è pensato per accompagnarti ogni giorno, con un design versatile facile da abbinare ai tuoi look preferiti.</p>","qomfortco.com","Calzado","Calzado","Scarpe, Novità, Selezione Juanjo","TRUE","Colore","Bianco","Talla","39","100-vegan-suede-clogs-bianco-39","69.00","89.00","0","continue","assets/products/generated-shoe-beige.png","1","100% Vegan Suede Clogs","Fai ogni passo con più comfort e stile. 100% Vegan Suede Clogs è pensato per accompagnarti ogni giorno, con un design versatile facile da abbinare ai tuoi look preferiti."
"100-vegan-suede-clogs","100% Vegan Suede Clogs","<p>Fai ogni passo con più comfort e stile. 100% Vegan Suede Clogs è pensato per accompagnarti ogni giorno, con un design versatile facile da abbinare ai tuoi look preferiti.</p>","qomfortco.com","Calzado","Calzado","Scarpe, Novità, Selezione Juanjo","TRUE","Colore","Bianco","Talla","40","100-vegan-suede-clogs-bianco-40","69.00","89.00","0","continue","assets/products/generated-shoe-beige.png","1","100% Vegan Suede Clogs","Fai ogni passo con più comfort e stile. 100% Vegan Suede Clogs è pensato per accompagnarti ogni giorno, con un design versatile facile da abbinare ai tuoi look preferiti."
"100-vegan-suede-clogs","100% Vegan Suede Clogs","<p>Fai ogni passo con più comfort e stile. 100% Vegan Suede Clogs è pensato per accompagnarti ogni giorno, con un design versatile facile da abbinare ai tuoi look preferiti.</p>","qomfortco.com","Calzado","Calzado","Scarpe, Novità, Selezione Juanjo","TRUE","Colore","Bianco","Talla","41","100-vegan-suede-clogs-bianco-41","69.00","89.00","0","continue","assets/products/generated-shoe-beige.png","1","100% Vegan Suede Clogs","Fai ogni passo con più comfort e stile. 100% Vegan Suede Clogs è pensato per accompagnarti ogni giorno, con un design versatile facile da abbinare ai tuoi look preferiti."
"paloma-vintage-western-ankle-boots","Paloma Vintage Western Ankle Boots","<p>Fai ogni passo con più comfort e stile. Paloma Vintage Western Ankle Boots è pensato per accompagnarti ogni giorno, con un design versatile facile da abbinare ai tuoi look preferiti.</p>","olyndralondon.com","Calzado","Calzado","Scarpe, Novità, Selezione Juanjo","TRUE","Colore","Nero","Talla","36","paloma-vintage-western-ankle-boots-nero-36","31.00","","0","continue","assets/products/generated-shoe-beige.png","1","Paloma Vintage Western Ankle Boots","Fai ogni passo con più comfort e stile. Paloma Vintage Western Ankle Boots è pensato per accompagnarti ogni giorno, con un design versatile facile da abbinare ai tuoi look preferiti."
"paloma-vintage-western-ankle-boots","Paloma Vintage Western Ankle Boots","<p>Fai ogni passo con più comfort e stile. Paloma Vintage Western Ankle Boots è pensato per accompagnarti ogni giorno, con un design versatile facile da abbinare ai tuoi look preferiti.</p>","olyndralondon.com","Calzado","Calzado","Scarpe, Novità, Selezione Juanjo","TRUE","Colore","Nero","Talla","37","paloma-vintage-western-ankle-boots-nero-37","31.00","","0","continue","assets/products/generated-shoe-beige.png","1","Paloma Vintage Western Ankle Boots","Fai ogni passo con più comfort e stile. Paloma Vintage Western Ankle Boots è pensato per accompagnarti ogni giorno, con un design versatile facile da abbinare ai tuoi look preferiti."
"paloma-vintage-western-ankle-boots","Paloma Vintage Western Ankle Boots","<p>Fai ogni passo con più comfort e stile. Paloma Vintage Western Ankle Boots è pensato per accompagnarti ogni giorno, con un design versatile facile da abbinare ai tuoi look preferiti.</p>","olyndralondon.com","Calzado","Calzado","Scarpe, Novità, Selezione Juanjo","TRUE","Colore","Nero","Talla","38","paloma-vintage-western-ankle-boots-nero-38","31.00","","0","continue","assets/products/generated-shoe-beige.png","1","Paloma Vintage Western Ankle Boots","Fai ogni passo con più comfort e stile. Paloma Vintage Western Ankle Boots è pensato per accompagnarti ogni giorno, con un design versatile facile da abbinare ai tuoi look preferiti."
"paloma-vintage-western-ankle-boots","Paloma Vintage Western Ankle Boots","<p>Fai ogni passo con più comfort e stile. Paloma Vintage Western Ankle Boots è pensato per accompagnarti ogni giorno, con un design versatile facile da abbinare ai tuoi look preferiti.</p>","olyndralondon.com","Calzado","Calzado","Scarpe, Novità, Selezione Juanjo","TRUE","Colore","Nero","Talla","39","paloma-vintage-western-ankle-boots-nero-39","31.00","","0","continue","assets/products/generated-shoe-beige.png","1","Paloma Vintage Western Ankle Boots","Fai ogni passo con più comfort e stile. Paloma Vintage Western Ankle Boots è pensato per accompagnarti ogni giorno, con un design versatile facile da abbinare ai tuoi look preferiti."
"paloma-vintage-western-ankle-boots","Paloma Vintage Western Ankle Boots","<p>Fai ogni passo con più comfort e stile. Paloma Vintage Western Ankle Boots è pensato per accompagnarti ogni giorno, con un design versatile facile da abbinare ai tuoi look preferiti.</p>","olyndralondon.com","Calzado","Calzado","Scarpe, Novità, Selezione Juanjo","TRUE","Colore","Nero","Talla","40","paloma-vintage-western-ankle-boots-nero-40","31.00","","0","continue","assets/products/generated-shoe-beige.png","1","Paloma Vintage Western Ankle Boots","Fai ogni passo con più comfort e stile. Paloma Vintage Western Ankle Boots è pensato per accompagnarti ogni giorno, con un design versatile facile da abbinare ai tuoi look preferiti."
"paloma-vintage-western-ankle-boots","Paloma Vintage Western Ankle Boots","<p>Fai ogni passo con più comfort e stile. Paloma Vintage Western Ankle Boots è pensato per accompagnarti ogni giorno, con un design versatile facile da abbinare ai tuoi look preferiti.</p>","olyndralondon.com","Calzado","Calzado","Scarpe, Novità, Selezione Juanjo","TRUE","Colore","Nero","Talla","41","paloma-vintage-western-ankle-boots-nero-41","31.00","","0","continue","assets/products/generated-shoe-beige.png","1","Paloma Vintage Western Ankle Boots","Fai ogni passo con più comfort e stile. Paloma Vintage Western Ankle Boots è pensato per accompagnarti ogni giorno, con un design versatile facile da abbinare ai tuoi look preferiti."
"paloma-vintage-western-ankle-boots","Paloma Vintage Western Ankle Boots","<p>Fai ogni passo con più comfort e stile. Paloma Vintage Western Ankle Boots è pensato per accompagnarti ogni giorno, con un design versatile facile da abbinare ai tuoi look preferiti.</p>","olyndralondon.com","Calzado","Calzado","Scarpe, Novità, Selezione Juanjo","TRUE","Colore","Beige","Talla","36","paloma-vintage-western-ankle-boots-beige-36","31.00","","0","continue","assets/products/generated-shoe-beige.png","1","Paloma Vintage Western Ankle Boots","Fai ogni passo con più comfort e stile. Paloma Vintage Western Ankle Boots è pensato per accompagnarti ogni giorno, con un design versatile facile da abbinare ai tuoi look preferiti."
"paloma-vintage-western-ankle-boots","Paloma Vintage Western Ankle Boots","<p>Fai ogni passo con più comfort e stile. Paloma Vintage Western Ankle Boots è pensato per accompagnarti ogni giorno, con un design versatile facile da abbinare ai tuoi look preferiti.</p>","olyndralondon.com","Calzado","Calzado","Scarpe, Novità, Selezione Juanjo","TRUE","Colore","Beige","Talla","37","paloma-vintage-western-ankle-boots-beige-37","31.00","","0","continue","assets/products/generated-shoe-beige.png","1","Paloma Vintage Western Ankle Boots","Fai ogni passo con più comfort e stile. Paloma Vintage Western Ankle Boots è pensato per accompagnarti ogni giorno, con un design versatile facile da abbinare ai tuoi look preferiti."
"paloma-vintage-western-ankle-boots","Paloma Vintage Western Ankle Boots","<p>Fai ogni passo con più comfort e stile. Paloma Vintage Western Ankle Boots è pensato per accompagnarti ogni giorno, con un design versatile facile da abbinare ai tuoi look preferiti.</p>","olyndralondon.com","Calzado","Calzado","Scarpe, Novità, Selezione Juanjo","TRUE","Colore","Beige","Talla","38","paloma-vintage-western-ankle-boots-beige-38","31.00","","0","continue","assets/products/generated-shoe-beige.png","1","Paloma Vintage Western Ankle Boots","Fai ogni passo con più comfort e stile. Paloma Vintage Western Ankle Boots è pensato per accompagnarti ogni giorno, con un design versatile facile da abbinare ai tuoi look preferiti."
"paloma-vintage-western-ankle-boots","Paloma Vintage Western Ankle Boots","<p>Fai ogni passo con più comfort e stile. Paloma Vintage Western Ankle Boots è pensato per accompagnarti ogni giorno, con un design versatile facile da abbinare ai tuoi look preferiti.</p>","olyndralondon.com","Calzado","Calzado","Scarpe, Novità, Selezione Juanjo","TRUE","Colore","Beige","Talla","39","paloma-vintage-western-ankle-boots-beige-39","31.00","","0","continue","assets/products/generated-shoe-beige.png","1","Paloma Vintage Western Ankle Boots","Fai ogni passo con più comfort e stile. Paloma Vintage Western Ankle Boots è pensato per accompagnarti ogni giorno, con un design versatile facile da abbinare ai tuoi look preferiti."
"paloma-vintage-western-ankle-boots","Paloma Vintage Western Ankle Boots","<p>Fai ogni passo con più comfort e stile. Paloma Vintage Western Ankle Boots è pensato per accompagnarti ogni giorno, con un design versatile facile da abbinare ai tuoi look preferiti.</p>","olyndralondon.com","Calzado","Calzado","Scarpe, Novità, Selezione Juanjo","TRUE","Colore","Beige","Talla","40","paloma-vintage-western-ankle-boots-beige-40","31.00","","0","continue","assets/products/generated-shoe-beige.png","1","Paloma Vintage Western Ankle Boots","Fai ogni passo con più comfort e stile. Paloma Vintage Western Ankle Boots è pensato per accompagnarti ogni giorno, con un design versatile facile da abbinare ai tuoi look preferiti."
"paloma-vintage-western-ankle-boots","Paloma Vintage Western Ankle Boots","<p>Fai ogni passo con più comfort e stile. Paloma Vintage Western Ankle Boots è pensato per accompagnarti ogni giorno, con un design versatile facile da abbinare ai tuoi look preferiti.</p>","olyndralondon.com","Calzado","Calzado","Scarpe, Novità, Selezione Juanjo","TRUE","Colore","Beige","Talla","41","paloma-vintage-western-ankle-boots-beige-41","31.00","","0","continue","assets/products/generated-shoe-beige.png","1","Paloma Vintage Western Ankle Boots","Fai ogni passo con più comfort e stile. Paloma Vintage Western Ankle Boots è pensato per accompagnarti ogni giorno, con un design versatile facile da abbinare ai tuoi look preferiti."
"paloma-vintage-western-ankle-boots","Paloma Vintage Western Ankle Boots","<p>Fai ogni passo con più comfort e stile. Paloma Vintage Western Ankle Boots è pensato per accompagnarti ogni giorno, con un design versatile facile da abbinare ai tuoi look preferiti.</p>","olyndralondon.com","Calzado","Calzado","Scarpe, Novità, Selezione Juanjo","TRUE","Colore","Marrone","Talla","36","paloma-vintage-western-ankle-boots-marrone-36","31.00","","0","continue","assets/products/generated-shoe-beige.png","1","Paloma Vintage Western Ankle Boots","Fai ogni passo con più comfort e stile. Paloma Vintage Western Ankle Boots è pensato per accompagnarti ogni giorno, con un design versatile facile da abbinare ai tuoi look preferiti."
"paloma-vintage-western-ankle-boots","Paloma Vintage Western Ankle Boots","<p>Fai ogni passo con più comfort e stile. Paloma Vintage Western Ankle Boots è pensato per accompagnarti ogni giorno, con un design versatile facile da abbinare ai tuoi look preferiti.</p>","olyndralondon.com","Calzado","Calzado","Scarpe, Novità, Selezione Juanjo","TRUE","Colore","Marrone","Talla","37","paloma-vintage-western-ankle-boots-marrone-37","31.00","","0","continue","assets/products/generated-shoe-beige.png","1","Paloma Vintage Western Ankle Boots","Fai ogni passo con più comfort e stile. Paloma Vintage Western Ankle Boots è pensato per accompagnarti ogni giorno, con un design versatile facile da abbinare ai tuoi look preferiti."
"paloma-vintage-western-ankle-boots","Paloma Vintage Western Ankle Boots","<p>Fai ogni passo con più comfort e stile. Paloma Vintage Western Ankle Boots è pensato per accompagnarti ogni giorno, con un design versatile facile da abbinare ai tuoi look preferiti.</p>","olyndralondon.com","Calzado","Calzado","Scarpe, Novità, Selezione Juanjo","TRUE","Colore","Marrone","Talla","38","paloma-vintage-western-ankle-boots-marrone-38","31.00","","0","continue","assets/products/generated-shoe-beige.png","1","Paloma Vintage Western Ankle Boots","Fai ogni passo con più comfort e stile. Paloma Vintage Western Ankle Boots è pensato per accompagnarti ogni giorno, con un design versatile facile da abbinare ai tuoi look preferiti."
"paloma-vintage-western-ankle-boots","Paloma Vintage Western Ankle Boots","<p>Fai ogni passo con più comfort e stile. Paloma Vintage Western Ankle Boots è pensato per accompagnarti ogni giorno, con un design versatile facile da abbinare ai tuoi look preferiti.</p>","olyndralondon.com","Calzado","Calzado","Scarpe, Novità, Selezione Juanjo","TRUE","Colore","Marrone","Talla","39","paloma-vintage-western-ankle-boots-marrone-39","31.00","","0","continue","assets/products/generated-shoe-beige.png","1","Paloma Vintage Western Ankle Boots","Fai ogni passo con più comfort e stile. Paloma Vintage Western Ankle Boots è pensato per accompagnarti ogni giorno, con un design versatile facile da abbinare ai tuoi look preferiti."
"paloma-vintage-western-ankle-boots","Paloma Vintage Western Ankle Boots","<p>Fai ogni passo con più comfort e stile. Paloma Vintage Western Ankle Boots è pensato per accompagnarti ogni giorno, con un design versatile facile da abbinare ai tuoi look preferiti.</p>","olyndralondon.com","Calzado","Calzado","Scarpe, Novità, Selezione Juanjo","TRUE","Colore","Marrone","Talla","40","paloma-vintage-western-ankle-boots-marrone-40","31.00","","0","continue","assets/products/generated-shoe-beige.png","1","Paloma Vintage Western Ankle Boots","Fai ogni passo con più comfort e stile. Paloma Vintage Western Ankle Boots è pensato per accompagnarti ogni giorno, con un design versatile facile da abbinare ai tuoi look preferiti."
"paloma-vintage-western-ankle-boots","Paloma Vintage Western Ankle Boots","<p>Fai ogni passo con più comfort e stile. Paloma Vintage Western Ankle Boots è pensato per accompagnarti ogni giorno, con un design versatile facile da abbinare ai tuoi look preferiti.</p>","olyndralondon.com","Calzado","Calzado","Scarpe, Novità, Selezione Juanjo","TRUE","Colore","Marrone","Talla","41","paloma-vintage-western-ankle-boots-marrone-41","31.00","","0","continue","assets/products/generated-shoe-beige.png","1","Paloma Vintage Western Ankle Boots","Fai ogni passo con più comfort e stile. Paloma Vintage Western Ankle Boots è pensato per accompagnarti ogni giorno, con un design versatile facile da abbinare ai tuoi look preferiti."
"paloma-vintage-western-ankle-boots","Paloma Vintage Western Ankle Boots","<p>Fai ogni passo con più comfort e stile. Paloma Vintage Western Ankle Boots è pensato per accompagnarti ogni giorno, con un design versatile facile da abbinare ai tuoi look preferiti.</p>","olyndralondon.com","Calzado","Calzado","Scarpe, Novità, Selezione Juanjo","TRUE","Colore","Bianco","Talla","36","paloma-vintage-western-ankle-boots-bianco-36","31.00","","0","continue","assets/products/generated-shoe-beige.png","1","Paloma Vintage Western Ankle Boots","Fai ogni passo con più comfort e stile. Paloma Vintage Western Ankle Boots è pensato per accompagnarti ogni giorno, con un design versatile facile da abbinare ai tuoi look preferiti."
"paloma-vintage-western-ankle-boots","Paloma Vintage Western Ankle Boots","<p>Fai ogni passo con più comfort e stile. Paloma Vintage Western Ankle Boots è pensato per accompagnarti ogni giorno, con un design versatile facile da abbinare ai tuoi look preferiti.</p>","olyndralondon.com","Calzado","Calzado","Scarpe, Novità, Selezione Juanjo","TRUE","Colore","Bianco","Talla","37","paloma-vintage-western-ankle-boots-bianco-37","31.00","","0","continue","assets/products/generated-shoe-beige.png","1","Paloma Vintage Western Ankle Boots","Fai ogni passo con più comfort e stile. Paloma Vintage Western Ankle Boots è pensato per accompagnarti ogni giorno, con un design versatile facile da abbinare ai tuoi look preferiti."
"paloma-vintage-western-ankle-boots","Paloma Vintage Western Ankle Boots","<p>Fai ogni passo con più comfort e stile. Paloma Vintage Western Ankle Boots è pensato per accompagnarti ogni giorno, con un design versatile facile da abbinare ai tuoi look preferiti.</p>","olyndralondon.com","Calzado","Calzado","Scarpe, Novità, Selezione Juanjo","TRUE","Colore","Bianco","Talla","38","paloma-vintage-western-ankle-boots-bianco-38","31.00","","0","continue","assets/products/generated-shoe-beige.png","1","Paloma Vintage Western Ankle Boots","Fai ogni passo con più comfort e stile. Paloma Vintage Western Ankle Boots è pensato per accompagnarti ogni giorno, con un design versatile facile da abbinare ai tuoi look preferiti."
"paloma-vintage-western-ankle-boots","Paloma Vintage Western Ankle Boots","<p>Fai ogni passo con più comfort e stile. Paloma Vintage Western Ankle Boots è pensato per accompagnarti ogni giorno, con un design versatile facile da abbinare ai tuoi look preferiti.</p>","olyndralondon.com","Calzado","Calzado","Scarpe, Novità, Selezione Juanjo","TRUE","Colore","Bianco","Talla","39","paloma-vintage-western-ankle-boots-bianco-39","31.00","","0","continue","assets/products/generated-shoe-beige.png","1","Paloma Vintage Western Ankle Boots","Fai ogni passo con più comfort e stile. Paloma Vintage Western Ankle Boots è pensato per accompagnarti ogni giorno, con un design versatile facile da abbinare ai tuoi look preferiti."
"paloma-vintage-western-ankle-boots","Paloma Vintage Western Ankle Boots","<p>Fai ogni passo con più comfort e stile. Paloma Vintage Western Ankle Boots è pensato per accompagnarti ogni giorno, con un design versatile facile da abbinare ai tuoi look preferiti.</p>","olyndralondon.com","Calzado","Calzado","Scarpe, Novità, Selezione Juanjo","TRUE","Colore","Bianco","Talla","40","paloma-vintage-western-ankle-boots-bianco-40","31.00","","0","continue","assets/products/generated-shoe-beige.png","1","Paloma Vintage Western Ankle Boots","Fai ogni passo con più comfort e stile. Paloma Vintage Western Ankle Boots è pensato per accompagnarti ogni giorno, con un design versatile facile da abbinare ai tuoi look preferiti."
"paloma-vintage-western-ankle-boots","Paloma Vintage Western Ankle Boots","<p>Fai ogni passo con più comfort e stile. Paloma Vintage Western Ankle Boots è pensato per accompagnarti ogni giorno, con un design versatile facile da abbinare ai tuoi look preferiti.</p>","olyndralondon.com","Calzado","Calzado","Scarpe, Novità, Selezione Juanjo","TRUE","Colore","Bianco","Talla","41","paloma-vintage-western-ankle-boots-bianco-41","31.00","","0","continue","assets/products/generated-shoe-beige.png","1","Paloma Vintage Western Ankle Boots","Fai ogni passo con più comfort e stile. Paloma Vintage Western Ankle Boots è pensato per accompagnarti ogni giorno, con un design versatile facile da abbinare ai tuoi look preferiti."
