Handle,Title,Body (HTML),Vendor,Product Category,Type,Tags,Published,Option1 Name,Option1 Value,Option2 Name,Option2 Value,Variant SKU,Variant Price,Variant Compare At Price,Variant Inventory Qty,Variant Inventory Policy,Image Src,Image Position,SEO Title,SEO Description
"premium-leather-shoulder-bag","Premium Leather Shoulder Bag","<p>Un bolso pensado para seguirte el ritmo sin renunciar al estilo. Premium Leather Shoulder Bag combina una silueta fácil de llevar con espacio para tus esenciales, para que salgas de casa con todo lo que necesitas y un look impecable.</p>","levence.com","Bolsos","Bolsos","Bolsos, Bolsos, Novedades, Selección Juanjo","TRUE","Color","Negro","Talla","Única","premium-leather-shoulder-bag-negro-unica","53.00","105.00","0","continue","","","Premium Leather Shoulder Bag","Un bolso pensado para seguirte el ritmo sin renunciar al estilo. Premium Leather Shoulder Bag combina una silueta fácil de llevar con espacio para tus esenciales, para que salgas de casa con todo lo que necesitas y un look impecable."
"premium-leather-shoulder-bag","Premium Leather Shoulder Bag","<p>Un bolso pensado para seguirte el ritmo sin renunciar al estilo. Premium Leather Shoulder Bag combina una silueta fácil de llevar con espacio para tus esenciales, para que salgas de casa con todo lo que necesitas y un look impecable.</p>","levence.com","Bolsos","Bolsos","Bolsos, Bolsos, Novedades, Selección Juanjo","TRUE","Color","Marrón","Talla","Única","premium-leather-shoulder-bag-marron-unica","53.00","105.00","0","continue","","","Premium Leather Shoulder Bag","Un bolso pensado para seguirte el ritmo sin renunciar al estilo. Premium Leather Shoulder Bag combina una silueta fácil de llevar con espacio para tus esenciales, para que salgas de casa con todo lo que necesitas y un look impecable."
"premium-leather-shoulder-bag","Premium Leather Shoulder Bag","<p>Un bolso pensado para seguirte el ritmo sin renunciar al estilo. Premium Leather Shoulder Bag combina una silueta fácil de llevar con espacio para tus esenciales, para que salgas de casa con todo lo que necesitas y un look impecable.</p>","levence.com","Bolsos","Bolsos","Bolsos, Bolsos, Novedades, Selección Juanjo","TRUE","Color","Beige","Talla","Única","premium-leather-shoulder-bag-beige-unica","53.00","105.00","0","continue","","","Premium Leather Shoulder Bag","Un bolso pensado para seguirte el ritmo sin renunciar al estilo. Premium Leather Shoulder Bag combina una silueta fácil de llevar con espacio para tus esenciales, para que salgas de casa con todo lo que necesitas y un look impecable."
"premium-leather-shoulder-bag","Premium Leather Shoulder Bag","<p>Un bolso pensado para seguirte el ritmo sin renunciar al estilo. Premium Leather Shoulder Bag combina una silueta fácil de llevar con espacio para tus esenciales, para que salgas de casa con todo lo que necesitas y un look impecable.</p>","levence.com","Bolsos","Bolsos","Bolsos, Bolsos, Novedades, Selección Juanjo","TRUE","Color","Crema","Talla","Única","premium-leather-shoulder-bag-crema-unica","53.00","105.00","0","continue","","","Premium Leather Shoulder Bag","Un bolso pensado para seguirte el ritmo sin renunciar al estilo. Premium Leather Shoulder Bag combina una silueta fácil de llevar con espacio para tus esenciales, para que salgas de casa con todo lo que necesitas y un look impecable."
"the-brooklyn-bag","The Brooklyn Bag","<p>Un bolso pensado para seguirte el ritmo sin renunciar al estilo. The Brooklyn Bag combina una silueta fácil de llevar con espacio para tus esenciales, para que salgas de casa con todo lo que necesitas y un look impecable.</p>","ayvaofficial.com","Bolsos","Bolsos","Bolsos, Bolsos, Novedades, Selección Juanjo","TRUE","Color","Negro","Talla","Única","the-brooklyn-bag-negro-unica","48.00","86.00","0","continue","","","The Brooklyn Bag","Un bolso pensado para seguirte el ritmo sin renunciar al estilo. The Brooklyn Bag combina una silueta fácil de llevar con espacio para tus esenciales, para que salgas de casa con todo lo que necesitas y un look impecable."
"the-brooklyn-bag","The Brooklyn Bag","<p>Un bolso pensado para seguirte el ritmo sin renunciar al estilo. The Brooklyn Bag combina una silueta fácil de llevar con espacio para tus esenciales, para que salgas de casa con todo lo que necesitas y un look impecable.</p>","ayvaofficial.com","Bolsos","Bolsos","Bolsos, Bolsos, Novedades, Selección Juanjo","TRUE","Color","Marrón","Talla","Única","the-brooklyn-bag-marron-unica","48.00","86.00","0","continue","","","The Brooklyn Bag","Un bolso pensado para seguirte el ritmo sin renunciar al estilo. The Brooklyn Bag combina una silueta fácil de llevar con espacio para tus esenciales, para que salgas de casa con todo lo que necesitas y un look impecable."
"the-brooklyn-bag","The Brooklyn Bag","<p>Un bolso pensado para seguirte el ritmo sin renunciar al estilo. The Brooklyn Bag combina una silueta fácil de llevar con espacio para tus esenciales, para que salgas de casa con todo lo que necesitas y un look impecable.</p>","ayvaofficial.com","Bolsos","Bolsos","Bolsos, Bolsos, Novedades, Selección Juanjo","TRUE","Color","Beige","Talla","Única","the-brooklyn-bag-beige-unica","48.00","86.00","0","continue","","","The Brooklyn Bag","Un bolso pensado para seguirte el ritmo sin renunciar al estilo. The Brooklyn Bag combina una silueta fácil de llevar con espacio para tus esenciales, para que salgas de casa con todo lo que necesitas y un look impecable."
"the-brooklyn-bag","The Brooklyn Bag","<p>Un bolso pensado para seguirte el ritmo sin renunciar al estilo. The Brooklyn Bag combina una silueta fácil de llevar con espacio para tus esenciales, para que salgas de casa con todo lo que necesitas y un look impecable.</p>","ayvaofficial.com","Bolsos","Bolsos","Bolsos, Bolsos, Novedades, Selección Juanjo","TRUE","Color","Crema","Talla","Única","the-brooklyn-bag-crema-unica","48.00","86.00","0","continue","","","The Brooklyn Bag","Un bolso pensado para seguirte el ritmo sin renunciar al estilo. The Brooklyn Bag combina una silueta fácil de llevar con espacio para tus esenciales, para que salgas de casa con todo lo que necesitas y un look impecable."
"2packbag-travel-kit-mochila-compresion","2PackBag Travel Kit (mochila compresion)","<p>Un bolso pensado para seguirte el ritmo sin renunciar al estilo. 2PackBag Travel Kit (mochila compresion) combina una silueta fácil de llevar con espacio para tus esenciales, para que salgas de casa con todo lo que necesitas y un look impecable.</p>","twopackbag.com","Bolsos","Bolsos","Bolsos, Bolsos, Novedades, Selección Juanjo","TRUE","Color","Negro","Talla","Única","2packbag-travel-kit-mochila-compresion-negro-unica","49.99","99.99","0","continue","","","2PackBag Travel Kit (mochila compresion)","Un bolso pensado para seguirte el ritmo sin renunciar al estilo. 2PackBag Travel Kit (mochila compresion) combina una silueta fácil de llevar con espacio para tus esenciales, para que salgas de casa con todo lo que necesitas y un look impecable."
"2packbag-travel-kit-mochila-compresion","2PackBag Travel Kit (mochila compresion)","<p>Un bolso pensado para seguirte el ritmo sin renunciar al estilo. 2PackBag Travel Kit (mochila compresion) combina una silueta fácil de llevar con espacio para tus esenciales, para que salgas de casa con todo lo que necesitas y un look impecable.</p>","twopackbag.com","Bolsos","Bolsos","Bolsos, Bolsos, Novedades, Selección Juanjo","TRUE","Color","Marrón","Talla","Única","2packbag-travel-kit-mochila-compresion-marron-unica","49.99","99.99","0","continue","","","2PackBag Travel Kit (mochila compresion)","Un bolso pensado para seguirte el ritmo sin renunciar al estilo. 2PackBag Travel Kit (mochila compresion) combina una silueta fácil de llevar con espacio para tus esenciales, para que salgas de casa con todo lo que necesitas y un look impecable."
"2packbag-travel-kit-mochila-compresion","2PackBag Travel Kit (mochila compresion)","<p>Un bolso pensado para seguirte el ritmo sin renunciar al estilo. 2PackBag Travel Kit (mochila compresion) combina una silueta fácil de llevar con espacio para tus esenciales, para que salgas de casa con todo lo que necesitas y un look impecable.</p>","twopackbag.com","Bolsos","Bolsos","Bolsos, Bolsos, Novedades, Selección Juanjo","TRUE","Color","Beige","Talla","Única","2packbag-travel-kit-mochila-compresion-beige-unica","49.99","99.99","0","continue","","","2PackBag Travel Kit (mochila compresion)","Un bolso pensado para seguirte el ritmo sin renunciar al estilo. 2PackBag Travel Kit (mochila compresion) combina una silueta fácil de llevar con espacio para tus esenciales, para que salgas de casa con todo lo que necesitas y un look impecable."
"2packbag-travel-kit-mochila-compresion","2PackBag Travel Kit (mochila compresion)","<p>Un bolso pensado para seguirte el ritmo sin renunciar al estilo. 2PackBag Travel Kit (mochila compresion) combina una silueta fácil de llevar con espacio para tus esenciales, para que salgas de casa con todo lo que necesitas y un look impecable.</p>","twopackbag.com","Bolsos","Bolsos","Bolsos, Bolsos, Novedades, Selección Juanjo","TRUE","Color","Crema","Talla","Única","2packbag-travel-kit-mochila-compresion-crema-unica","49.99","99.99","0","continue","","","2PackBag Travel Kit (mochila compresion)","Un bolso pensado para seguirte el ritmo sin renunciar al estilo. 2PackBag Travel Kit (mochila compresion) combina una silueta fácil de llevar con espacio para tus esenciales, para que salgas de casa con todo lo que necesitas y un look impecable."
"the-foldie-sling-bag","The Foldie Sling Bag","<p>Un bolso pensado para seguirte el ritmo sin renunciar al estilo. The Foldie Sling Bag combina una silueta fácil de llevar con espacio para tus esenciales, para que salgas de casa con todo lo que necesitas y un look impecable.</p>","the-foldie.co.uk","Bolsos","Bolsos","Bolsos, Bolsos, Novedades, Selección Juanjo","TRUE","Color","Negro","Talla","Única","the-foldie-sling-bag-negro-unica","49.95","","0","continue","","","The Foldie Sling Bag","Un bolso pensado para seguirte el ritmo sin renunciar al estilo. The Foldie Sling Bag combina una silueta fácil de llevar con espacio para tus esenciales, para que salgas de casa con todo lo que necesitas y un look impecable."
"the-foldie-sling-bag","The Foldie Sling Bag","<p>Un bolso pensado para seguirte el ritmo sin renunciar al estilo. The Foldie Sling Bag combina una silueta fácil de llevar con espacio para tus esenciales, para que salgas de casa con todo lo que necesitas y un look impecable.</p>","the-foldie.co.uk","Bolsos","Bolsos","Bolsos, Bolsos, Novedades, Selección Juanjo","TRUE","Color","Marrón","Talla","Única","the-foldie-sling-bag-marron-unica","49.95","","0","continue","","","The Foldie Sling Bag","Un bolso pensado para seguirte el ritmo sin renunciar al estilo. The Foldie Sling Bag combina una silueta fácil de llevar con espacio para tus esenciales, para que salgas de casa con todo lo que necesitas y un look impecable."
"the-foldie-sling-bag","The Foldie Sling Bag","<p>Un bolso pensado para seguirte el ritmo sin renunciar al estilo. The Foldie Sling Bag combina una silueta fácil de llevar con espacio para tus esenciales, para que salgas de casa con todo lo que necesitas y un look impecable.</p>","the-foldie.co.uk","Bolsos","Bolsos","Bolsos, Bolsos, Novedades, Selección Juanjo","TRUE","Color","Beige","Talla","Única","the-foldie-sling-bag-beige-unica","49.95","","0","continue","","","The Foldie Sling Bag","Un bolso pensado para seguirte el ritmo sin renunciar al estilo. The Foldie Sling Bag combina una silueta fácil de llevar con espacio para tus esenciales, para que salgas de casa con todo lo que necesitas y un look impecable."
"the-foldie-sling-bag","The Foldie Sling Bag","<p>Un bolso pensado para seguirte el ritmo sin renunciar al estilo. The Foldie Sling Bag combina una silueta fácil de llevar con espacio para tus esenciales, para que salgas de casa con todo lo que necesitas y un look impecable.</p>","the-foldie.co.uk","Bolsos","Bolsos","Bolsos, Bolsos, Novedades, Selección Juanjo","TRUE","Color","Crema","Talla","Única","the-foldie-sling-bag-crema-unica","49.95","","0","continue","","","The Foldie Sling Bag","Un bolso pensado para seguirte el ritmo sin renunciar al estilo. The Foldie Sling Bag combina una silueta fácil de llevar con espacio para tus esenciales, para que salgas de casa con todo lo que necesitas y un look impecable."
"ciara-vintage","Ciara Vintage","<p>Un bolso pensado para seguirte el ritmo sin renunciar al estilo. Ciara Vintage combina una silueta fácil de llevar con espacio para tus esenciales, para que salgas de casa con todo lo que necesitas y un look impecable.</p>","voviabags.com","Bolsos","Bolsos","Bolsos, Bolsos, Novedades, Selección Juanjo","TRUE","Color","Negro","Talla","Única","ciara-vintage-negro-unica","76.00","113.00","0","continue","","","Ciara Vintage","Un bolso pensado para seguirte el ritmo sin renunciar al estilo. Ciara Vintage combina una silueta fácil de llevar con espacio para tus esenciales, para que salgas de casa con todo lo que necesitas y un look impecable."
"ciara-vintage","Ciara Vintage","<p>Un bolso pensado para seguirte el ritmo sin renunciar al estilo. Ciara Vintage combina una silueta fácil de llevar con espacio para tus esenciales, para que salgas de casa con todo lo que necesitas y un look impecable.</p>","voviabags.com","Bolsos","Bolsos","Bolsos, Bolsos, Novedades, Selección Juanjo","TRUE","Color","Marrón","Talla","Única","ciara-vintage-marron-unica","76.00","113.00","0","continue","","","Ciara Vintage","Un bolso pensado para seguirte el ritmo sin renunciar al estilo. Ciara Vintage combina una silueta fácil de llevar con espacio para tus esenciales, para que salgas de casa con todo lo que necesitas y un look impecable."
"ciara-vintage","Ciara Vintage","<p>Un bolso pensado para seguirte el ritmo sin renunciar al estilo. Ciara Vintage combina una silueta fácil de llevar con espacio para tus esenciales, para que salgas de casa con todo lo que necesitas y un look impecable.</p>","voviabags.com","Bolsos","Bolsos","Bolsos, Bolsos, Novedades, Selección Juanjo","TRUE","Color","Beige","Talla","Única","ciara-vintage-beige-unica","76.00","113.00","0","continue","","","Ciara Vintage","Un bolso pensado para seguirte el ritmo sin renunciar al estilo. Ciara Vintage combina una silueta fácil de llevar con espacio para tus esenciales, para que salgas de casa con todo lo que necesitas y un look impecable."
"ciara-vintage","Ciara Vintage","<p>Un bolso pensado para seguirte el ritmo sin renunciar al estilo. Ciara Vintage combina una silueta fácil de llevar con espacio para tus esenciales, para que salgas de casa con todo lo que necesitas y un look impecable.</p>","voviabags.com","Bolsos","Bolsos","Bolsos, Bolsos, Novedades, Selección Juanjo","TRUE","Color","Crema","Talla","Única","ciara-vintage-crema-unica","76.00","113.00","0","continue","","","Ciara Vintage","Un bolso pensado para seguirte el ritmo sin renunciar al estilo. Ciara Vintage combina una silueta fácil de llevar con espacio para tus esenciales, para que salgas de casa con todo lo que necesitas y un look impecable."
"travel-sling-bag-2-0","Travel Sling Bag 2.0","<p>Un bolso pensado para seguirte el ritmo sin renunciar al estilo. Travel Sling Bag 2.0 combina una silueta fácil de llevar con espacio para tus esenciales, para que salgas de casa con todo lo que necesitas y un look impecable.</p>","conceptglobal.co","Bolsos","Bolsos","Bolsos, Bolsos, Novedades, Selección Juanjo","TRUE","Color","Negro","Talla","Única","travel-sling-bag-2-0-negro-unica","44.90","","0","continue","","","Travel Sling Bag 2.0","Un bolso pensado para seguirte el ritmo sin renunciar al estilo. Travel Sling Bag 2.0 combina una silueta fácil de llevar con espacio para tus esenciales, para que salgas de casa con todo lo que necesitas y un look impecable."
"travel-sling-bag-2-0","Travel Sling Bag 2.0","<p>Un bolso pensado para seguirte el ritmo sin renunciar al estilo. Travel Sling Bag 2.0 combina una silueta fácil de llevar con espacio para tus esenciales, para que salgas de casa con todo lo que necesitas y un look impecable.</p>","conceptglobal.co","Bolsos","Bolsos","Bolsos, Bolsos, Novedades, Selección Juanjo","TRUE","Color","Marrón","Talla","Única","travel-sling-bag-2-0-marron-unica","44.90","","0","continue","","","Travel Sling Bag 2.0","Un bolso pensado para seguirte el ritmo sin renunciar al estilo. Travel Sling Bag 2.0 combina una silueta fácil de llevar con espacio para tus esenciales, para que salgas de casa con todo lo que necesitas y un look impecable."
"travel-sling-bag-2-0","Travel Sling Bag 2.0","<p>Un bolso pensado para seguirte el ritmo sin renunciar al estilo. Travel Sling Bag 2.0 combina una silueta fácil de llevar con espacio para tus esenciales, para que salgas de casa con todo lo que necesitas y un look impecable.</p>","conceptglobal.co","Bolsos","Bolsos","Bolsos, Bolsos, Novedades, Selección Juanjo","TRUE","Color","Beige","Talla","Única","travel-sling-bag-2-0-beige-unica","44.90","","0","continue","","","Travel Sling Bag 2.0","Un bolso pensado para seguirte el ritmo sin renunciar al estilo. Travel Sling Bag 2.0 combina una silueta fácil de llevar con espacio para tus esenciales, para que salgas de casa con todo lo que necesitas y un look impecable."
"travel-sling-bag-2-0","Travel Sling Bag 2.0","<p>Un bolso pensado para seguirte el ritmo sin renunciar al estilo. Travel Sling Bag 2.0 combina una silueta fácil de llevar con espacio para tus esenciales, para que salgas de casa con todo lo que necesitas y un look impecable.</p>","conceptglobal.co","Bolsos","Bolsos","Bolsos, Bolsos, Novedades, Selección Juanjo","TRUE","Color","Crema","Talla","Única","travel-sling-bag-2-0-crema-unica","44.90","","0","continue","","","Travel Sling Bag 2.0","Un bolso pensado para seguirte el ritmo sin renunciar al estilo. Travel Sling Bag 2.0 combina una silueta fácil de llevar con espacio para tus esenciales, para que salgas de casa con todo lo que necesitas y un look impecable."
"luxury-leather-hobo-anti-theft-handbag-pouch","Luxury Leather Hobo Anti-Theft Handbag + Pouch","<p>Un bolso pensado para seguirte el ritmo sin renunciar al estilo. Luxury Leather Hobo Anti-Theft Handbag + Pouch combina una silueta fácil de llevar con espacio para tus esenciales, para que salgas de casa con todo lo que necesitas y un look impecable.</p>","libracases.com","Bolsos","Bolsos","Bolsos, Bolsos, Novedades, Selección Juanjo","TRUE","Color","Negro","Talla","Única","luxury-leather-hobo-anti-theft-handbag-pouch-negro-unica","39.95","79.90","0","continue","","","Luxury Leather Hobo Anti-Theft Handbag + Pouch","Un bolso pensado para seguirte el ritmo sin renunciar al estilo. Luxury Leather Hobo Anti-Theft Handbag + Pouch combina una silueta fácil de llevar con espacio para tus esenciales, para que salgas de casa con todo lo que necesitas y un look impecable."
"luxury-leather-hobo-anti-theft-handbag-pouch","Luxury Leather Hobo Anti-Theft Handbag + Pouch","<p>Un bolso pensado para seguirte el ritmo sin renunciar al estilo. Luxury Leather Hobo Anti-Theft Handbag + Pouch combina una silueta fácil de llevar con espacio para tus esenciales, para que salgas de casa con todo lo que necesitas y un look impecable.</p>","libracases.com","Bolsos","Bolsos","Bolsos, Bolsos, Novedades, Selección Juanjo","TRUE","Color","Marrón","Talla","Única","luxury-leather-hobo-anti-theft-handbag-pouch-marron-unica","39.95","79.90","0","continue","","","Luxury Leather Hobo Anti-Theft Handbag + Pouch","Un bolso pensado para seguirte el ritmo sin renunciar al estilo. Luxury Leather Hobo Anti-Theft Handbag + Pouch combina una silueta fácil de llevar con espacio para tus esenciales, para que salgas de casa con todo lo que necesitas y un look impecable."
"luxury-leather-hobo-anti-theft-handbag-pouch","Luxury Leather Hobo Anti-Theft Handbag + Pouch","<p>Un bolso pensado para seguirte el ritmo sin renunciar al estilo. Luxury Leather Hobo Anti-Theft Handbag + Pouch combina una silueta fácil de llevar con espacio para tus esenciales, para que salgas de casa con todo lo que necesitas y un look impecable.</p>","libracases.com","Bolsos","Bolsos","Bolsos, Bolsos, Novedades, Selección Juanjo","TRUE","Color","Beige","Talla","Única","luxury-leather-hobo-anti-theft-handbag-pouch-beige-unica","39.95","79.90","0","continue","","","Luxury Leather Hobo Anti-Theft Handbag + Pouch","Un bolso pensado para seguirte el ritmo sin renunciar al estilo. Luxury Leather Hobo Anti-Theft Handbag + Pouch combina una silueta fácil de llevar con espacio para tus esenciales, para que salgas de casa con todo lo que necesitas y un look impecable."
"luxury-leather-hobo-anti-theft-handbag-pouch","Luxury Leather Hobo Anti-Theft Handbag + Pouch","<p>Un bolso pensado para seguirte el ritmo sin renunciar al estilo. Luxury Leather Hobo Anti-Theft Handbag + Pouch combina una silueta fácil de llevar con espacio para tus esenciales, para que salgas de casa con todo lo que necesitas y un look impecable.</p>","libracases.com","Bolsos","Bolsos","Bolsos, Bolsos, Novedades, Selección Juanjo","TRUE","Color","Crema","Talla","Única","luxury-leather-hobo-anti-theft-handbag-pouch-crema-unica","39.95","79.90","0","continue","","","Luxury Leather Hobo Anti-Theft Handbag + Pouch","Un bolso pensado para seguirte el ritmo sin renunciar al estilo. Luxury Leather Hobo Anti-Theft Handbag + Pouch combina una silueta fácil de llevar con espacio para tus esenciales, para que salgas de casa con todo lo que necesitas y un look impecable."
"luxury-leather-hobo-anti-theft-handbag-2-0","Luxury Leather Hobo Anti-Theft Handbag 2.0","<p>Un bolso pensado para seguirte el ritmo sin renunciar al estilo. Luxury Leather Hobo Anti-Theft Handbag 2.0 combina una silueta fácil de llevar con espacio para tus esenciales, para que salgas de casa con todo lo que necesitas y un look impecable.</p>","libracases.com","Bolsos","Bolsos","Bolsos, Bolsos, Novedades, Selección Juanjo","TRUE","Color","Negro","Talla","Única","luxury-leather-hobo-anti-theft-handbag-2-0-negro-unica","54.95","109.90","0","continue","","","Luxury Leather Hobo Anti-Theft Handbag 2.0","Un bolso pensado para seguirte el ritmo sin renunciar al estilo. Luxury Leather Hobo Anti-Theft Handbag 2.0 combina una silueta fácil de llevar con espacio para tus esenciales, para que salgas de casa con todo lo que necesitas y un look impecable."
"luxury-leather-hobo-anti-theft-handbag-2-0","Luxury Leather Hobo Anti-Theft Handbag 2.0","<p>Un bolso pensado para seguirte el ritmo sin renunciar al estilo. Luxury Leather Hobo Anti-Theft Handbag 2.0 combina una silueta fácil de llevar con espacio para tus esenciales, para que salgas de casa con todo lo que necesitas y un look impecable.</p>","libracases.com","Bolsos","Bolsos","Bolsos, Bolsos, Novedades, Selección Juanjo","TRUE","Color","Marrón","Talla","Única","luxury-leather-hobo-anti-theft-handbag-2-0-marron-unica","54.95","109.90","0","continue","","","Luxury Leather Hobo Anti-Theft Handbag 2.0","Un bolso pensado para seguirte el ritmo sin renunciar al estilo. Luxury Leather Hobo Anti-Theft Handbag 2.0 combina una silueta fácil de llevar con espacio para tus esenciales, para que salgas de casa con todo lo que necesitas y un look impecable."
"luxury-leather-hobo-anti-theft-handbag-2-0","Luxury Leather Hobo Anti-Theft Handbag 2.0","<p>Un bolso pensado para seguirte el ritmo sin renunciar al estilo. Luxury Leather Hobo Anti-Theft Handbag 2.0 combina una silueta fácil de llevar con espacio para tus esenciales, para que salgas de casa con todo lo que necesitas y un look impecable.</p>","libracases.com","Bolsos","Bolsos","Bolsos, Bolsos, Novedades, Selección Juanjo","TRUE","Color","Beige","Talla","Única","luxury-leather-hobo-anti-theft-handbag-2-0-beige-unica","54.95","109.90","0","continue","","","Luxury Leather Hobo Anti-Theft Handbag 2.0","Un bolso pensado para seguirte el ritmo sin renunciar al estilo. Luxury Leather Hobo Anti-Theft Handbag 2.0 combina una silueta fácil de llevar con espacio para tus esenciales, para que salgas de casa con todo lo que necesitas y un look impecable."
"luxury-leather-hobo-anti-theft-handbag-2-0","Luxury Leather Hobo Anti-Theft Handbag 2.0","<p>Un bolso pensado para seguirte el ritmo sin renunciar al estilo. Luxury Leather Hobo Anti-Theft Handbag 2.0 combina una silueta fácil de llevar con espacio para tus esenciales, para que salgas de casa con todo lo que necesitas y un look impecable.</p>","libracases.com","Bolsos","Bolsos","Bolsos, Bolsos, Novedades, Selección Juanjo","TRUE","Color","Crema","Talla","Única","luxury-leather-hobo-anti-theft-handbag-2-0-crema-unica","54.95","109.90","0","continue","","","Luxury Leather Hobo Anti-Theft Handbag 2.0","Un bolso pensado para seguirte el ritmo sin renunciar al estilo. Luxury Leather Hobo Anti-Theft Handbag 2.0 combina una silueta fácil de llevar con espacio para tus esenciales, para que salgas de casa con todo lo que necesitas y un look impecable."
"overpackbag-mochila-compresion","OverPackBag (mochila compresion)","<p>Un bolso pensado para seguirte el ritmo sin renunciar al estilo. OverPackBag (mochila compresion) combina una silueta fácil de llevar con espacio para tus esenciales, para que salgas de casa con todo lo que necesitas y un look impecable.</p>","overpackbag.com","Bolsos","Bolsos","Bolsos, Bolsos, Novedades, Selección Juanjo","TRUE","Color","Negro","Talla","Única","overpackbag-mochila-compresion-negro-unica","49.99","99.98","0","continue","","","OverPackBag (mochila compresion)","Un bolso pensado para seguirte el ritmo sin renunciar al estilo. OverPackBag (mochila compresion) combina una silueta fácil de llevar con espacio para tus esenciales, para que salgas de casa con todo lo que necesitas y un look impecable."
"overpackbag-mochila-compresion","OverPackBag (mochila compresion)","<p>Un bolso pensado para seguirte el ritmo sin renunciar al estilo. OverPackBag (mochila compresion) combina una silueta fácil de llevar con espacio para tus esenciales, para que salgas de casa con todo lo que necesitas y un look impecable.</p>","overpackbag.com","Bolsos","Bolsos","Bolsos, Bolsos, Novedades, Selección Juanjo","TRUE","Color","Marrón","Talla","Única","overpackbag-mochila-compresion-marron-unica","49.99","99.98","0","continue","","","OverPackBag (mochila compresion)","Un bolso pensado para seguirte el ritmo sin renunciar al estilo. OverPackBag (mochila compresion) combina una silueta fácil de llevar con espacio para tus esenciales, para que salgas de casa con todo lo que necesitas y un look impecable."
"overpackbag-mochila-compresion","OverPackBag (mochila compresion)","<p>Un bolso pensado para seguirte el ritmo sin renunciar al estilo. OverPackBag (mochila compresion) combina una silueta fácil de llevar con espacio para tus esenciales, para que salgas de casa con todo lo que necesitas y un look impecable.</p>","overpackbag.com","Bolsos","Bolsos","Bolsos, Bolsos, Novedades, Selección Juanjo","TRUE","Color","Beige","Talla","Única","overpackbag-mochila-compresion-beige-unica","49.99","99.98","0","continue","","","OverPackBag (mochila compresion)","Un bolso pensado para seguirte el ritmo sin renunciar al estilo. OverPackBag (mochila compresion) combina una silueta fácil de llevar con espacio para tus esenciales, para que salgas de casa con todo lo que necesitas y un look impecable."
"overpackbag-mochila-compresion","OverPackBag (mochila compresion)","<p>Un bolso pensado para seguirte el ritmo sin renunciar al estilo. OverPackBag (mochila compresion) combina una silueta fácil de llevar con espacio para tus esenciales, para que salgas de casa con todo lo que necesitas y un look impecable.</p>","overpackbag.com","Bolsos","Bolsos","Bolsos, Bolsos, Novedades, Selección Juanjo","TRUE","Color","Crema","Talla","Única","overpackbag-mochila-compresion-crema-unica","49.99","99.98","0","continue","","","OverPackBag (mochila compresion)","Un bolso pensado para seguirte el ritmo sin renunciar al estilo. OverPackBag (mochila compresion) combina una silueta fácil de llevar con espacio para tus esenciales, para que salgas de casa con todo lo que necesitas y un look impecable."
"tri-sling-bag","Tri-Sling Bag","<p>Un bolso pensado para seguirte el ritmo sin renunciar al estilo. Tri-Sling Bag combina una silueta fácil de llevar con espacio para tus esenciales, para que salgas de casa con todo lo que necesitas y un look impecable.</p>","armarex.store","Bolsos","Bolsos","Bolsos, Bolsos, Novedades, Selección Juanjo","TRUE","Color","Negro","Talla","Única","tri-sling-bag-negro-unica","90.00","","0","continue","","","Tri-Sling Bag","Un bolso pensado para seguirte el ritmo sin renunciar al estilo. Tri-Sling Bag combina una silueta fácil de llevar con espacio para tus esenciales, para que salgas de casa con todo lo que necesitas y un look impecable."
"tri-sling-bag","Tri-Sling Bag","<p>Un bolso pensado para seguirte el ritmo sin renunciar al estilo. Tri-Sling Bag combina una silueta fácil de llevar con espacio para tus esenciales, para que salgas de casa con todo lo que necesitas y un look impecable.</p>","armarex.store","Bolsos","Bolsos","Bolsos, Bolsos, Novedades, Selección Juanjo","TRUE","Color","Marrón","Talla","Única","tri-sling-bag-marron-unica","90.00","","0","continue","","","Tri-Sling Bag","Un bolso pensado para seguirte el ritmo sin renunciar al estilo. Tri-Sling Bag combina una silueta fácil de llevar con espacio para tus esenciales, para que salgas de casa con todo lo que necesitas y un look impecable."
"tri-sling-bag","Tri-Sling Bag","<p>Un bolso pensado para seguirte el ritmo sin renunciar al estilo. Tri-Sling Bag combina una silueta fácil de llevar con espacio para tus esenciales, para que salgas de casa con todo lo que necesitas y un look impecable.</p>","armarex.store","Bolsos","Bolsos","Bolsos, Bolsos, Novedades, Selección Juanjo","TRUE","Color","Beige","Talla","Única","tri-sling-bag-beige-unica","90.00","","0","continue","","","Tri-Sling Bag","Un bolso pensado para seguirte el ritmo sin renunciar al estilo. Tri-Sling Bag combina una silueta fácil de llevar con espacio para tus esenciales, para que salgas de casa con todo lo que necesitas y un look impecable."
"tri-sling-bag","Tri-Sling Bag","<p>Un bolso pensado para seguirte el ritmo sin renunciar al estilo. Tri-Sling Bag combina una silueta fácil de llevar con espacio para tus esenciales, para que salgas de casa con todo lo que necesitas y un look impecable.</p>","armarex.store","Bolsos","Bolsos","Bolsos, Bolsos, Novedades, Selección Juanjo","TRUE","Color","Crema","Talla","Única","tri-sling-bag-crema-unica","90.00","","0","continue","","","Tri-Sling Bag","Un bolso pensado para seguirte el ritmo sin renunciar al estilo. Tri-Sling Bag combina una silueta fácil de llevar con espacio para tus esenciales, para que salgas de casa con todo lo que necesitas y un look impecable."
"ona-soft-bag","Ona Soft Bag","<p>Un bolso pensado para seguirte el ritmo sin renunciar al estilo. Ona Soft Bag combina una silueta fácil de llevar con espacio para tus esenciales, para que salgas de casa con todo lo que necesitas y un look impecable.</p>","olend.net","Bolsos","Bolsos","Bolsos, Bolsos, Novedades, Selección Juanjo","TRUE","Color","Negro","Talla","Única","ona-soft-bag-negro-unica","82.00","","0","continue","","","Ona Soft Bag","Un bolso pensado para seguirte el ritmo sin renunciar al estilo. Ona Soft Bag combina una silueta fácil de llevar con espacio para tus esenciales, para que salgas de casa con todo lo que necesitas y un look impecable."
"ona-soft-bag","Ona Soft Bag","<p>Un bolso pensado para seguirte el ritmo sin renunciar al estilo. Ona Soft Bag combina una silueta fácil de llevar con espacio para tus esenciales, para que salgas de casa con todo lo que necesitas y un look impecable.</p>","olend.net","Bolsos","Bolsos","Bolsos, Bolsos, Novedades, Selección Juanjo","TRUE","Color","Marrón","Talla","Única","ona-soft-bag-marron-unica","82.00","","0","continue","","","Ona Soft Bag","Un bolso pensado para seguirte el ritmo sin renunciar al estilo. Ona Soft Bag combina una silueta fácil de llevar con espacio para tus esenciales, para que salgas de casa con todo lo que necesitas y un look impecable."
"ona-soft-bag","Ona Soft Bag","<p>Un bolso pensado para seguirte el ritmo sin renunciar al estilo. Ona Soft Bag combina una silueta fácil de llevar con espacio para tus esenciales, para que salgas de casa con todo lo que necesitas y un look impecable.</p>","olend.net","Bolsos","Bolsos","Bolsos, Bolsos, Novedades, Selección Juanjo","TRUE","Color","Beige","Talla","Única","ona-soft-bag-beige-unica","82.00","","0","continue","","","Ona Soft Bag","Un bolso pensado para seguirte el ritmo sin renunciar al estilo. Ona Soft Bag combina una silueta fácil de llevar con espacio para tus esenciales, para que salgas de casa con todo lo que necesitas y un look impecable."
"ona-soft-bag","Ona Soft Bag","<p>Un bolso pensado para seguirte el ritmo sin renunciar al estilo. Ona Soft Bag combina una silueta fácil de llevar con espacio para tus esenciales, para que salgas de casa con todo lo que necesitas y un look impecable.</p>","olend.net","Bolsos","Bolsos","Bolsos, Bolsos, Novedades, Selección Juanjo","TRUE","Color","Crema","Talla","Única","ona-soft-bag-crema-unica","82.00","","0","continue","","","Ona Soft Bag","Un bolso pensado para seguirte el ritmo sin renunciar al estilo. Ona Soft Bag combina una silueta fácil de llevar con espacio para tus esenciales, para que salgas de casa con todo lo que necesitas y un look impecable."
"the-maya-tote","The Maya (tote)","<p>Un bolso pensado para seguirte el ritmo sin renunciar al estilo. The Maya (tote) combina una silueta fácil de llevar con espacio para tus esenciales, para que salgas de casa con todo lo que necesitas y un look impecable.</p>","ooomay.com","Bolsos","Bolsos","Bolsos, Bolsos, Novedades, Selección Juanjo","TRUE","Color","Negro","Talla","Única","the-maya-tote-negro-unica","44.00","89.00","0","continue","","","The Maya (tote)","Un bolso pensado para seguirte el ritmo sin renunciar al estilo. The Maya (tote) combina una silueta fácil de llevar con espacio para tus esenciales, para que salgas de casa con todo lo que necesitas y un look impecable."
"the-maya-tote","The Maya (tote)","<p>Un bolso pensado para seguirte el ritmo sin renunciar al estilo. The Maya (tote) combina una silueta fácil de llevar con espacio para tus esenciales, para que salgas de casa con todo lo que necesitas y un look impecable.</p>","ooomay.com","Bolsos","Bolsos","Bolsos, Bolsos, Novedades, Selección Juanjo","TRUE","Color","Marrón","Talla","Única","the-maya-tote-marron-unica","44.00","89.00","0","continue","","","The Maya (tote)","Un bolso pensado para seguirte el ritmo sin renunciar al estilo. The Maya (tote) combina una silueta fácil de llevar con espacio para tus esenciales, para que salgas de casa con todo lo que necesitas y un look impecable."
"the-maya-tote","The Maya (tote)","<p>Un bolso pensado para seguirte el ritmo sin renunciar al estilo. The Maya (tote) combina una silueta fácil de llevar con espacio para tus esenciales, para que salgas de casa con todo lo que necesitas y un look impecable.</p>","ooomay.com","Bolsos","Bolsos","Bolsos, Bolsos, Novedades, Selección Juanjo","TRUE","Color","Beige","Talla","Única","the-maya-tote-beige-unica","44.00","89.00","0","continue","","","The Maya (tote)","Un bolso pensado para seguirte el ritmo sin renunciar al estilo. The Maya (tote) combina una silueta fácil de llevar con espacio para tus esenciales, para que salgas de casa con todo lo que necesitas y un look impecable."
"the-maya-tote","The Maya (tote)","<p>Un bolso pensado para seguirte el ritmo sin renunciar al estilo. The Maya (tote) combina una silueta fácil de llevar con espacio para tus esenciales, para que salgas de casa con todo lo que necesitas y un look impecable.</p>","ooomay.com","Bolsos","Bolsos","Bolsos, Bolsos, Novedades, Selección Juanjo","TRUE","Color","Crema","Talla","Única","the-maya-tote-crema-unica","44.00","89.00","0","continue","","","The Maya (tote)","Un bolso pensado para seguirte el ritmo sin renunciar al estilo. The Maya (tote) combina una silueta fácil de llevar con espacio para tus esenciales, para que salgas de casa con todo lo que necesitas y un look impecable."
"nova-sling","Nova Sling","<p>Un bolso pensado para seguirte el ritmo sin renunciar al estilo. Nova Sling combina una silueta fácil de llevar con espacio para tus esenciales, para que salgas de casa con todo lo que necesitas y un look impecable.</p>","ayvaofficial.com","Bolsos","Bolsos","Bolsos, Bolsos, Novedades, Selección Juanjo","TRUE","Color","Negro","Talla","Única","nova-sling-negro-unica","35.00","70.00","0","continue","","","Nova Sling","Un bolso pensado para seguirte el ritmo sin renunciar al estilo. Nova Sling combina una silueta fácil de llevar con espacio para tus esenciales, para que salgas de casa con todo lo que necesitas y un look impecable."
"nova-sling","Nova Sling","<p>Un bolso pensado para seguirte el ritmo sin renunciar al estilo. Nova Sling combina una silueta fácil de llevar con espacio para tus esenciales, para que salgas de casa con todo lo que necesitas y un look impecable.</p>","ayvaofficial.com","Bolsos","Bolsos","Bolsos, Bolsos, Novedades, Selección Juanjo","TRUE","Color","Marrón","Talla","Única","nova-sling-marron-unica","35.00","70.00","0","continue","","","Nova Sling","Un bolso pensado para seguirte el ritmo sin renunciar al estilo. Nova Sling combina una silueta fácil de llevar con espacio para tus esenciales, para que salgas de casa con todo lo que necesitas y un look impecable."
"nova-sling","Nova Sling","<p>Un bolso pensado para seguirte el ritmo sin renunciar al estilo. Nova Sling combina una silueta fácil de llevar con espacio para tus esenciales, para que salgas de casa con todo lo que necesitas y un look impecable.</p>","ayvaofficial.com","Bolsos","Bolsos","Bolsos, Bolsos, Novedades, Selección Juanjo","TRUE","Color","Beige","Talla","Única","nova-sling-beige-unica","35.00","70.00","0","continue","","","Nova Sling","Un bolso pensado para seguirte el ritmo sin renunciar al estilo. Nova Sling combina una silueta fácil de llevar con espacio para tus esenciales, para que salgas de casa con todo lo que necesitas y un look impecable."
"nova-sling","Nova Sling","<p>Un bolso pensado para seguirte el ritmo sin renunciar al estilo. Nova Sling combina una silueta fácil de llevar con espacio para tus esenciales, para que salgas de casa con todo lo que necesitas y un look impecable.</p>","ayvaofficial.com","Bolsos","Bolsos","Bolsos, Bolsos, Novedades, Selección Juanjo","TRUE","Color","Crema","Talla","Única","nova-sling-crema-unica","35.00","70.00","0","continue","","","Nova Sling","Un bolso pensado para seguirte el ritmo sin renunciar al estilo. Nova Sling combina una silueta fácil de llevar con espacio para tus esenciales, para que salgas de casa con todo lo que necesitas y un look impecable."
"florvane-leather-handbag","Florvane Leather Handbag","<p>Un bolso pensado para seguirte el ritmo sin renunciar al estilo. Florvane Leather Handbag combina una silueta fácil de llevar con espacio para tus esenciales, para que salgas de casa con todo lo que necesitas y un look impecable.</p>","chiccharm.group","Bolsos","Bolsos","Bolsos, Bolsos, Novedades, Selección Juanjo","TRUE","Color","Negro","Talla","Única","florvane-leather-handbag-negro-unica","68.00","121.00","0","continue","","","Florvane Leather Handbag","Un bolso pensado para seguirte el ritmo sin renunciar al estilo. Florvane Leather Handbag combina una silueta fácil de llevar con espacio para tus esenciales, para que salgas de casa con todo lo que necesitas y un look impecable."
"florvane-leather-handbag","Florvane Leather Handbag","<p>Un bolso pensado para seguirte el ritmo sin renunciar al estilo. Florvane Leather Handbag combina una silueta fácil de llevar con espacio para tus esenciales, para que salgas de casa con todo lo que necesitas y un look impecable.</p>","chiccharm.group","Bolsos","Bolsos","Bolsos, Bolsos, Novedades, Selección Juanjo","TRUE","Color","Marrón","Talla","Única","florvane-leather-handbag-marron-unica","68.00","121.00","0","continue","","","Florvane Leather Handbag","Un bolso pensado para seguirte el ritmo sin renunciar al estilo. Florvane Leather Handbag combina una silueta fácil de llevar con espacio para tus esenciales, para que salgas de casa con todo lo que necesitas y un look impecable."
"florvane-leather-handbag","Florvane Leather Handbag","<p>Un bolso pensado para seguirte el ritmo sin renunciar al estilo. Florvane Leather Handbag combina una silueta fácil de llevar con espacio para tus esenciales, para que salgas de casa con todo lo que necesitas y un look impecable.</p>","chiccharm.group","Bolsos","Bolsos","Bolsos, Bolsos, Novedades, Selección Juanjo","TRUE","Color","Beige","Talla","Única","florvane-leather-handbag-beige-unica","68.00","121.00","0","continue","","","Florvane Leather Handbag","Un bolso pensado para seguirte el ritmo sin renunciar al estilo. Florvane Leather Handbag combina una silueta fácil de llevar con espacio para tus esenciales, para que salgas de casa con todo lo que necesitas y un look impecable."
"florvane-leather-handbag","Florvane Leather Handbag","<p>Un bolso pensado para seguirte el ritmo sin renunciar al estilo. Florvane Leather Handbag combina una silueta fácil de llevar con espacio para tus esenciales, para que salgas de casa con todo lo que necesitas y un look impecable.</p>","chiccharm.group","Bolsos","Bolsos","Bolsos, Bolsos, Novedades, Selección Juanjo","TRUE","Color","Crema","Talla","Única","florvane-leather-handbag-crema-unica","68.00","121.00","0","continue","","","Florvane Leather Handbag","Un bolso pensado para seguirte el ritmo sin renunciar al estilo. Florvane Leather Handbag combina una silueta fácil de llevar con espacio para tus esenciales, para que salgas de casa con todo lo que necesitas y un look impecable."
"wander-anti-theft-travel-bag","WANDER+ Anti-Theft Travel Bag","<p>Un bolso pensado para seguirte el ritmo sin renunciar al estilo. WANDER+ Anti-Theft Travel Bag combina una silueta fácil de llevar con espacio para tus esenciales, para que salgas de casa con todo lo que necesitas y un look impecable.</p>","wander-plus.com","Bolsos","Bolsos","Bolsos, Bolsos, Novedades, Selección Juanjo","TRUE","Color","Negro","Talla","Única","wander-anti-theft-travel-bag-negro-unica","29.99","","0","continue","","","WANDER+ Anti-Theft Travel Bag","Un bolso pensado para seguirte el ritmo sin renunciar al estilo. WANDER+ Anti-Theft Travel Bag combina una silueta fácil de llevar con espacio para tus esenciales, para que salgas de casa con todo lo que necesitas y un look impecable."
"wander-anti-theft-travel-bag","WANDER+ Anti-Theft Travel Bag","<p>Un bolso pensado para seguirte el ritmo sin renunciar al estilo. WANDER+ Anti-Theft Travel Bag combina una silueta fácil de llevar con espacio para tus esenciales, para que salgas de casa con todo lo que necesitas y un look impecable.</p>","wander-plus.com","Bolsos","Bolsos","Bolsos, Bolsos, Novedades, Selección Juanjo","TRUE","Color","Marrón","Talla","Única","wander-anti-theft-travel-bag-marron-unica","29.99","","0","continue","","","WANDER+ Anti-Theft Travel Bag","Un bolso pensado para seguirte el ritmo sin renunciar al estilo. WANDER+ Anti-Theft Travel Bag combina una silueta fácil de llevar con espacio para tus esenciales, para que salgas de casa con todo lo que necesitas y un look impecable."
"wander-anti-theft-travel-bag","WANDER+ Anti-Theft Travel Bag","<p>Un bolso pensado para seguirte el ritmo sin renunciar al estilo. WANDER+ Anti-Theft Travel Bag combina una silueta fácil de llevar con espacio para tus esenciales, para que salgas de casa con todo lo que necesitas y un look impecable.</p>","wander-plus.com","Bolsos","Bolsos","Bolsos, Bolsos, Novedades, Selección Juanjo","TRUE","Color","Beige","Talla","Única","wander-anti-theft-travel-bag-beige-unica","29.99","","0","continue","","","WANDER+ Anti-Theft Travel Bag","Un bolso pensado para seguirte el ritmo sin renunciar al estilo. WANDER+ Anti-Theft Travel Bag combina una silueta fácil de llevar con espacio para tus esenciales, para que salgas de casa con todo lo que necesitas y un look impecable."
"wander-anti-theft-travel-bag","WANDER+ Anti-Theft Travel Bag","<p>Un bolso pensado para seguirte el ritmo sin renunciar al estilo. WANDER+ Anti-Theft Travel Bag combina una silueta fácil de llevar con espacio para tus esenciales, para que salgas de casa con todo lo que necesitas y un look impecable.</p>","wander-plus.com","Bolsos","Bolsos","Bolsos, Bolsos, Novedades, Selección Juanjo","TRUE","Color","Crema","Talla","Única","wander-anti-theft-travel-bag-crema-unica","29.99","","0","continue","","","WANDER+ Anti-Theft Travel Bag","Un bolso pensado para seguirte el ritmo sin renunciar al estilo. WANDER+ Anti-Theft Travel Bag combina una silueta fácil de llevar con espacio para tus esenciales, para que salgas de casa con todo lo que necesitas y un look impecable."
"aryna-bag","Aryna Bag","<p>Un bolso pensado para seguirte el ritmo sin renunciar al estilo. Aryna Bag combina una silueta fácil de llevar con espacio para tus esenciales, para que salgas de casa con todo lo que necesitas y un look impecable.</p>","maisonginza.com","Bolsos","Bolsos","Bolsos, Bolsos, Novedades, Selección Juanjo","TRUE","Color","Negro","Talla","Única","aryna-bag-negro-unica","0.00","","0","continue","","","Aryna Bag","Un bolso pensado para seguirte el ritmo sin renunciar al estilo. Aryna Bag combina una silueta fácil de llevar con espacio para tus esenciales, para que salgas de casa con todo lo que necesitas y un look impecable."
"aryna-bag","Aryna Bag","<p>Un bolso pensado para seguirte el ritmo sin renunciar al estilo. Aryna Bag combina una silueta fácil de llevar con espacio para tus esenciales, para que salgas de casa con todo lo que necesitas y un look impecable.</p>","maisonginza.com","Bolsos","Bolsos","Bolsos, Bolsos, Novedades, Selección Juanjo","TRUE","Color","Marrón","Talla","Única","aryna-bag-marron-unica","0.00","","0","continue","","","Aryna Bag","Un bolso pensado para seguirte el ritmo sin renunciar al estilo. Aryna Bag combina una silueta fácil de llevar con espacio para tus esenciales, para que salgas de casa con todo lo que necesitas y un look impecable."
"aryna-bag","Aryna Bag","<p>Un bolso pensado para seguirte el ritmo sin renunciar al estilo. Aryna Bag combina una silueta fácil de llevar con espacio para tus esenciales, para que salgas de casa con todo lo que necesitas y un look impecable.</p>","maisonginza.com","Bolsos","Bolsos","Bolsos, Bolsos, Novedades, Selección Juanjo","TRUE","Color","Beige","Talla","Única","aryna-bag-beige-unica","0.00","","0","continue","","","Aryna Bag","Un bolso pensado para seguirte el ritmo sin renunciar al estilo. Aryna Bag combina una silueta fácil de llevar con espacio para tus esenciales, para que salgas de casa con todo lo que necesitas y un look impecable."
"aryna-bag","Aryna Bag","<p>Un bolso pensado para seguirte el ritmo sin renunciar al estilo. Aryna Bag combina una silueta fácil de llevar con espacio para tus esenciales, para que salgas de casa con todo lo que necesitas y un look impecable.</p>","maisonginza.com","Bolsos","Bolsos","Bolsos, Bolsos, Novedades, Selección Juanjo","TRUE","Color","Crema","Talla","Única","aryna-bag-crema-unica","0.00","","0","continue","","","Aryna Bag","Un bolso pensado para seguirte el ritmo sin renunciar al estilo. Aryna Bag combina una silueta fácil de llevar con espacio para tus esenciales, para que salgas de casa con todo lo que necesitas y un look impecable."
"dumpling-bag","Dumpling Bag","<p>Un bolso pensado para seguirte el ritmo sin renunciar al estilo. Dumpling Bag combina una silueta fácil de llevar con espacio para tus esenciales, para que salgas de casa con todo lo que necesitas y un look impecable.</p>","olend.net","Bolsos","Bolsos","Bolsos, Bolsos, Novedades, Selección Juanjo","TRUE","Color","Negro","Talla","Única","dumpling-bag-negro-unica","87.00","","0","continue","","","Dumpling Bag","Un bolso pensado para seguirte el ritmo sin renunciar al estilo. Dumpling Bag combina una silueta fácil de llevar con espacio para tus esenciales, para que salgas de casa con todo lo que necesitas y un look impecable."
"dumpling-bag","Dumpling Bag","<p>Un bolso pensado para seguirte el ritmo sin renunciar al estilo. Dumpling Bag combina una silueta fácil de llevar con espacio para tus esenciales, para que salgas de casa con todo lo que necesitas y un look impecable.</p>","olend.net","Bolsos","Bolsos","Bolsos, Bolsos, Novedades, Selección Juanjo","TRUE","Color","Marrón","Talla","Única","dumpling-bag-marron-unica","87.00","","0","continue","","","Dumpling Bag","Un bolso pensado para seguirte el ritmo sin renunciar al estilo. Dumpling Bag combina una silueta fácil de llevar con espacio para tus esenciales, para que salgas de casa con todo lo que necesitas y un look impecable."
"dumpling-bag","Dumpling Bag","<p>Un bolso pensado para seguirte el ritmo sin renunciar al estilo. Dumpling Bag combina una silueta fácil de llevar con espacio para tus esenciales, para que salgas de casa con todo lo que necesitas y un look impecable.</p>","olend.net","Bolsos","Bolsos","Bolsos, Bolsos, Novedades, Selección Juanjo","TRUE","Color","Beige","Talla","Única","dumpling-bag-beige-unica","87.00","","0","continue","","","Dumpling Bag","Un bolso pensado para seguirte el ritmo sin renunciar al estilo. Dumpling Bag combina una silueta fácil de llevar con espacio para tus esenciales, para que salgas de casa con todo lo que necesitas y un look impecable."
"dumpling-bag","Dumpling Bag","<p>Un bolso pensado para seguirte el ritmo sin renunciar al estilo. Dumpling Bag combina una silueta fácil de llevar con espacio para tus esenciales, para que salgas de casa con todo lo que necesitas y un look impecable.</p>","olend.net","Bolsos","Bolsos","Bolsos, Bolsos, Novedades, Selección Juanjo","TRUE","Color","Crema","Talla","Única","dumpling-bag-crema-unica","87.00","","0","continue","","","Dumpling Bag","Un bolso pensado para seguirte el ritmo sin renunciar al estilo. Dumpling Bag combina una silueta fácil de llevar con espacio para tus esenciales, para que salgas de casa con todo lo que necesitas y un look impecable."
"the-blair-tote","The Blair (tote)","<p>Un bolso pensado para seguirte el ritmo sin renunciar al estilo. The Blair (tote) combina una silueta fácil de llevar con espacio para tus esenciales, para que salgas de casa con todo lo que necesitas y un look impecable.</p>","ooomay.com","Bolsos","Bolsos","Bolsos, Bolsos, Novedades, Selección Juanjo","TRUE","Color","Negro","Talla","Única","the-blair-tote-negro-unica","69.00","119.00","0","continue","","","The Blair (tote)","Un bolso pensado para seguirte el ritmo sin renunciar al estilo. The Blair (tote) combina una silueta fácil de llevar con espacio para tus esenciales, para que salgas de casa con todo lo que necesitas y un look impecable."
"the-blair-tote","The Blair (tote)","<p>Un bolso pensado para seguirte el ritmo sin renunciar al estilo. The Blair (tote) combina una silueta fácil de llevar con espacio para tus esenciales, para que salgas de casa con todo lo que necesitas y un look impecable.</p>","ooomay.com","Bolsos","Bolsos","Bolsos, Bolsos, Novedades, Selección Juanjo","TRUE","Color","Marrón","Talla","Única","the-blair-tote-marron-unica","69.00","119.00","0","continue","","","The Blair (tote)","Un bolso pensado para seguirte el ritmo sin renunciar al estilo. The Blair (tote) combina una silueta fácil de llevar con espacio para tus esenciales, para que salgas de casa con todo lo que necesitas y un look impecable."
"the-blair-tote","The Blair (tote)","<p>Un bolso pensado para seguirte el ritmo sin renunciar al estilo. The Blair (tote) combina una silueta fácil de llevar con espacio para tus esenciales, para que salgas de casa con todo lo que necesitas y un look impecable.</p>","ooomay.com","Bolsos","Bolsos","Bolsos, Bolsos, Novedades, Selección Juanjo","TRUE","Color","Beige","Talla","Única","the-blair-tote-beige-unica","69.00","119.00","0","continue","","","The Blair (tote)","Un bolso pensado para seguirte el ritmo sin renunciar al estilo. The Blair (tote) combina una silueta fácil de llevar con espacio para tus esenciales, para que salgas de casa con todo lo que necesitas y un look impecable."
"the-blair-tote","The Blair (tote)","<p>Un bolso pensado para seguirte el ritmo sin renunciar al estilo. The Blair (tote) combina una silueta fácil de llevar con espacio para tus esenciales, para que salgas de casa con todo lo que necesitas y un look impecable.</p>","ooomay.com","Bolsos","Bolsos","Bolsos, Bolsos, Novedades, Selección Juanjo","TRUE","Color","Crema","Talla","Única","the-blair-tote-crema-unica","69.00","119.00","0","continue","","","The Blair (tote)","Un bolso pensado para seguirte el ritmo sin renunciar al estilo. The Blair (tote) combina una silueta fácil de llevar con espacio para tus esenciales, para que salgas de casa con todo lo que necesitas y un look impecable."
"lucia-woven-bag","Lucia Woven Bag","<p>Un bolso pensado para seguirte el ritmo sin renunciar al estilo. Lucia Woven Bag combina una silueta fácil de llevar con espacio para tus esenciales, para que salgas de casa con todo lo que necesitas y un look impecable.</p>","soera-store.com","Bolsos","Bolsos","Bolsos, Bolsos, Novedades, Selección Juanjo","TRUE","Color","Negro","Talla","Única","lucia-woven-bag-negro-unica","74.00","136.00","0","continue","","","Lucia Woven Bag","Un bolso pensado para seguirte el ritmo sin renunciar al estilo. Lucia Woven Bag combina una silueta fácil de llevar con espacio para tus esenciales, para que salgas de casa con todo lo que necesitas y un look impecable."
"lucia-woven-bag","Lucia Woven Bag","<p>Un bolso pensado para seguirte el ritmo sin renunciar al estilo. Lucia Woven Bag combina una silueta fácil de llevar con espacio para tus esenciales, para que salgas de casa con todo lo que necesitas y un look impecable.</p>","soera-store.com","Bolsos","Bolsos","Bolsos, Bolsos, Novedades, Selección Juanjo","TRUE","Color","Marrón","Talla","Única","lucia-woven-bag-marron-unica","74.00","136.00","0","continue","","","Lucia Woven Bag","Un bolso pensado para seguirte el ritmo sin renunciar al estilo. Lucia Woven Bag combina una silueta fácil de llevar con espacio para tus esenciales, para que salgas de casa con todo lo que necesitas y un look impecable."
"lucia-woven-bag","Lucia Woven Bag","<p>Un bolso pensado para seguirte el ritmo sin renunciar al estilo. Lucia Woven Bag combina una silueta fácil de llevar con espacio para tus esenciales, para que salgas de casa con todo lo que necesitas y un look impecable.</p>","soera-store.com","Bolsos","Bolsos","Bolsos, Bolsos, Novedades, Selección Juanjo","TRUE","Color","Beige","Talla","Única","lucia-woven-bag-beige-unica","74.00","136.00","0","continue","","","Lucia Woven Bag","Un bolso pensado para seguirte el ritmo sin renunciar al estilo. Lucia Woven Bag combina una silueta fácil de llevar con espacio para tus esenciales, para que salgas de casa con todo lo que necesitas y un look impecable."
"lucia-woven-bag","Lucia Woven Bag","<p>Un bolso pensado para seguirte el ritmo sin renunciar al estilo. Lucia Woven Bag combina una silueta fácil de llevar con espacio para tus esenciales, para que salgas de casa con todo lo que necesitas y un look impecable.</p>","soera-store.com","Bolsos","Bolsos","Bolsos, Bolsos, Novedades, Selección Juanjo","TRUE","Color","Crema","Talla","Única","lucia-woven-bag-crema-unica","74.00","136.00","0","continue","","","Lucia Woven Bag","Un bolso pensado para seguirte el ritmo sin renunciar al estilo. Lucia Woven Bag combina una silueta fácil de llevar con espacio para tus esenciales, para que salgas de casa con todo lo que necesitas y un look impecable."
"gofree-the-roomiest-bum-bag","GoFree - The Roomiest Bum Bag","<p>Un bolso pensado para seguirte el ritmo sin renunciar al estilo. GoFree - The Roomiest Bum Bag combina una silueta fácil de llevar con espacio para tus esenciales, para que salgas de casa con todo lo que necesitas y un look impecable.</p>","emmafy.com","Bolsos","Bolsos","Bolsos, Bolsos, Novedades, Selección Juanjo","TRUE","Color","Negro","Talla","Única","gofree-the-roomiest-bum-bag-negro-unica","69.97","","0","continue","","","GoFree - The Roomiest Bum Bag","Un bolso pensado para seguirte el ritmo sin renunciar al estilo. GoFree - The Roomiest Bum Bag combina una silueta fácil de llevar con espacio para tus esenciales, para que salgas de casa con todo lo que necesitas y un look impecable."
"gofree-the-roomiest-bum-bag","GoFree - The Roomiest Bum Bag","<p>Un bolso pensado para seguirte el ritmo sin renunciar al estilo. GoFree - The Roomiest Bum Bag combina una silueta fácil de llevar con espacio para tus esenciales, para que salgas de casa con todo lo que necesitas y un look impecable.</p>","emmafy.com","Bolsos","Bolsos","Bolsos, Bolsos, Novedades, Selección Juanjo","TRUE","Color","Marrón","Talla","Única","gofree-the-roomiest-bum-bag-marron-unica","69.97","","0","continue","","","GoFree - The Roomiest Bum Bag","Un bolso pensado para seguirte el ritmo sin renunciar al estilo. GoFree - The Roomiest Bum Bag combina una silueta fácil de llevar con espacio para tus esenciales, para que salgas de casa con todo lo que necesitas y un look impecable."
"gofree-the-roomiest-bum-bag","GoFree - The Roomiest Bum Bag","<p>Un bolso pensado para seguirte el ritmo sin renunciar al estilo. GoFree - The Roomiest Bum Bag combina una silueta fácil de llevar con espacio para tus esenciales, para que salgas de casa con todo lo que necesitas y un look impecable.</p>","emmafy.com","Bolsos","Bolsos","Bolsos, Bolsos, Novedades, Selección Juanjo","TRUE","Color","Beige","Talla","Única","gofree-the-roomiest-bum-bag-beige-unica","69.97","","0","continue","","","GoFree - The Roomiest Bum Bag","Un bolso pensado para seguirte el ritmo sin renunciar al estilo. GoFree - The Roomiest Bum Bag combina una silueta fácil de llevar con espacio para tus esenciales, para que salgas de casa con todo lo que necesitas y un look impecable."
"gofree-the-roomiest-bum-bag","GoFree - The Roomiest Bum Bag","<p>Un bolso pensado para seguirte el ritmo sin renunciar al estilo. GoFree - The Roomiest Bum Bag combina una silueta fácil de llevar con espacio para tus esenciales, para que salgas de casa con todo lo que necesitas y un look impecable.</p>","emmafy.com","Bolsos","Bolsos","Bolsos, Bolsos, Novedades, Selección Juanjo","TRUE","Color","Crema","Talla","Única","gofree-the-roomiest-bum-bag-crema-unica","69.97","","0","continue","","","GoFree - The Roomiest Bum Bag","Un bolso pensado para seguirte el ritmo sin renunciar al estilo. GoFree - The Roomiest Bum Bag combina una silueta fácil de llevar con espacio para tus esenciales, para que salgas de casa con todo lo que necesitas y un look impecable."
"siv-sling-bag","SIV Sling Bag","<p>Un bolso pensado para seguirte el ritmo sin renunciar al estilo. SIV Sling Bag combina una silueta fácil de llevar con espacio para tus esenciales, para que salgas de casa con todo lo que necesitas y un look impecable.</p>","totelabel.com","Bolsos","Bolsos","Bolsos, Bolsos, Novedades, Selección Juanjo","TRUE","Color","Negro","Talla","Única","siv-sling-bag-negro-unica","51.00","69.00","0","continue","","","SIV Sling Bag","Un bolso pensado para seguirte el ritmo sin renunciar al estilo. SIV Sling Bag combina una silueta fácil de llevar con espacio para tus esenciales, para que salgas de casa con todo lo que necesitas y un look impecable."
"siv-sling-bag","SIV Sling Bag","<p>Un bolso pensado para seguirte el ritmo sin renunciar al estilo. SIV Sling Bag combina una silueta fácil de llevar con espacio para tus esenciales, para que salgas de casa con todo lo que necesitas y un look impecable.</p>","totelabel.com","Bolsos","Bolsos","Bolsos, Bolsos, Novedades, Selección Juanjo","TRUE","Color","Marrón","Talla","Única","siv-sling-bag-marron-unica","51.00","69.00","0","continue","","","SIV Sling Bag","Un bolso pensado para seguirte el ritmo sin renunciar al estilo. SIV Sling Bag combina una silueta fácil de llevar con espacio para tus esenciales, para que salgas de casa con todo lo que necesitas y un look impecable."
"siv-sling-bag","SIV Sling Bag","<p>Un bolso pensado para seguirte el ritmo sin renunciar al estilo. SIV Sling Bag combina una silueta fácil de llevar con espacio para tus esenciales, para que salgas de casa con todo lo que necesitas y un look impecable.</p>","totelabel.com","Bolsos","Bolsos","Bolsos, Bolsos, Novedades, Selección Juanjo","TRUE","Color","Beige","Talla","Única","siv-sling-bag-beige-unica","51.00","69.00","0","continue","","","SIV Sling Bag","Un bolso pensado para seguirte el ritmo sin renunciar al estilo. SIV Sling Bag combina una silueta fácil de llevar con espacio para tus esenciales, para que salgas de casa con todo lo que necesitas y un look impecable."
"siv-sling-bag","SIV Sling Bag","<p>Un bolso pensado para seguirte el ritmo sin renunciar al estilo. SIV Sling Bag combina una silueta fácil de llevar con espacio para tus esenciales, para que salgas de casa con todo lo que necesitas y un look impecable.</p>","totelabel.com","Bolsos","Bolsos","Bolsos, Bolsos, Novedades, Selección Juanjo","TRUE","Color","Crema","Talla","Única","siv-sling-bag-crema-unica","51.00","69.00","0","continue","","","SIV Sling Bag","Un bolso pensado para seguirte el ritmo sin renunciar al estilo. SIV Sling Bag combina una silueta fácil de llevar con espacio para tus esenciales, para que salgas de casa con todo lo que necesitas y un look impecable."
"ciara-essential","Ciara Essential","<p>Un bolso pensado para seguirte el ritmo sin renunciar al estilo. Ciara Essential combina una silueta fácil de llevar con espacio para tus esenciales, para que salgas de casa con todo lo que necesitas y un look impecable.</p>","voviabags.com","Bolsos","Bolsos","Bolsos, Bolsos, Novedades, Selección Juanjo","TRUE","Color","Negro","Talla","Única","ciara-essential-negro-unica","78.00","109.00","0","continue","","","Ciara Essential","Un bolso pensado para seguirte el ritmo sin renunciar al estilo. Ciara Essential combina una silueta fácil de llevar con espacio para tus esenciales, para que salgas de casa con todo lo que necesitas y un look impecable."
"ciara-essential","Ciara Essential","<p>Un bolso pensado para seguirte el ritmo sin renunciar al estilo. Ciara Essential combina una silueta fácil de llevar con espacio para tus esenciales, para que salgas de casa con todo lo que necesitas y un look impecable.</p>","voviabags.com","Bolsos","Bolsos","Bolsos, Bolsos, Novedades, Selección Juanjo","TRUE","Color","Marrón","Talla","Única","ciara-essential-marron-unica","78.00","109.00","0","continue","","","Ciara Essential","Un bolso pensado para seguirte el ritmo sin renunciar al estilo. Ciara Essential combina una silueta fácil de llevar con espacio para tus esenciales, para que salgas de casa con todo lo que necesitas y un look impecable."
"ciara-essential","Ciara Essential","<p>Un bolso pensado para seguirte el ritmo sin renunciar al estilo. Ciara Essential combina una silueta fácil de llevar con espacio para tus esenciales, para que salgas de casa con todo lo que necesitas y un look impecable.</p>","voviabags.com","Bolsos","Bolsos","Bolsos, Bolsos, Novedades, Selección Juanjo","TRUE","Color","Beige","Talla","Única","ciara-essential-beige-unica","78.00","109.00","0","continue","","","Ciara Essential","Un bolso pensado para seguirte el ritmo sin renunciar al estilo. Ciara Essential combina una silueta fácil de llevar con espacio para tus esenciales, para que salgas de casa con todo lo que necesitas y un look impecable."
"ciara-essential","Ciara Essential","<p>Un bolso pensado para seguirte el ritmo sin renunciar al estilo. Ciara Essential combina una silueta fácil de llevar con espacio para tus esenciales, para que salgas de casa con todo lo que necesitas y un look impecable.</p>","voviabags.com","Bolsos","Bolsos","Bolsos, Bolsos, Novedades, Selección Juanjo","TRUE","Color","Crema","Talla","Única","ciara-essential-crema-unica","78.00","109.00","0","continue","","","Ciara Essential","Un bolso pensado para seguirte el ritmo sin renunciar al estilo. Ciara Essential combina una silueta fácil de llevar con espacio para tus esenciales, para que salgas de casa con todo lo que necesitas y un look impecable."
"the-foldie-crossbody","The Foldie Crossbody","<p>Un bolso pensado para seguirte el ritmo sin renunciar al estilo. The Foldie Crossbody combina una silueta fácil de llevar con espacio para tus esenciales, para que salgas de casa con todo lo que necesitas y un look impecable.</p>","the-foldie.co.uk","Bolsos","Bolsos","Bolsos, Bolsos, Novedades, Selección Juanjo","TRUE","Color","Negro","Talla","Única","the-foldie-crossbody-negro-unica","49.95","","0","continue","","","The Foldie Crossbody","Un bolso pensado para seguirte el ritmo sin renunciar al estilo. The Foldie Crossbody combina una silueta fácil de llevar con espacio para tus esenciales, para que salgas de casa con todo lo que necesitas y un look impecable."
"the-foldie-crossbody","The Foldie Crossbody","<p>Un bolso pensado para seguirte el ritmo sin renunciar al estilo. The Foldie Crossbody combina una silueta fácil de llevar con espacio para tus esenciales, para que salgas de casa con todo lo que necesitas y un look impecable.</p>","the-foldie.co.uk","Bolsos","Bolsos","Bolsos, Bolsos, Novedades, Selección Juanjo","TRUE","Color","Marrón","Talla","Única","the-foldie-crossbody-marron-unica","49.95","","0","continue","","","The Foldie Crossbody","Un bolso pensado para seguirte el ritmo sin renunciar al estilo. The Foldie Crossbody combina una silueta fácil de llevar con espacio para tus esenciales, para que salgas de casa con todo lo que necesitas y un look impecable."
"the-foldie-crossbody","The Foldie Crossbody","<p>Un bolso pensado para seguirte el ritmo sin renunciar al estilo. The Foldie Crossbody combina una silueta fácil de llevar con espacio para tus esenciales, para que salgas de casa con todo lo que necesitas y un look impecable.</p>","the-foldie.co.uk","Bolsos","Bolsos","Bolsos, Bolsos, Novedades, Selección Juanjo","TRUE","Color","Beige","Talla","Única","the-foldie-crossbody-beige-unica","49.95","","0","continue","","","The Foldie Crossbody","Un bolso pensado para seguirte el ritmo sin renunciar al estilo. The Foldie Crossbody combina una silueta fácil de llevar con espacio para tus esenciales, para que salgas de casa con todo lo que necesitas y un look impecable."
"the-foldie-crossbody","The Foldie Crossbody","<p>Un bolso pensado para seguirte el ritmo sin renunciar al estilo. The Foldie Crossbody combina una silueta fácil de llevar con espacio para tus esenciales, para que salgas de casa con todo lo que necesitas y un look impecable.</p>","the-foldie.co.uk","Bolsos","Bolsos","Bolsos, Bolsos, Novedades, Selección Juanjo","TRUE","Color","Crema","Talla","Única","the-foldie-crossbody-crema-unica","49.95","","0","continue","","","The Foldie Crossbody","Un bolso pensado para seguirte el ritmo sin renunciar al estilo. The Foldie Crossbody combina una silueta fácil de llevar con espacio para tus esenciales, para que salgas de casa con todo lo que necesitas y un look impecable."
"the-marseille","The Marseille","<p>Un bolso pensado para seguirte el ritmo sin renunciar al estilo. The Marseille combina una silueta fácil de llevar con espacio para tus esenciales, para que salgas de casa con todo lo que necesitas y un look impecable.</p>","ayvaofficial.com","Bolsos","Bolsos","Bolsos, Bolsos, Novedades, Selección Juanjo","TRUE","Color","Negro","Talla","Única","the-marseille-negro-unica","70.00","87.00","0","continue","","","The Marseille","Un bolso pensado para seguirte el ritmo sin renunciar al estilo. The Marseille combina una silueta fácil de llevar con espacio para tus esenciales, para que salgas de casa con todo lo que necesitas y un look impecable."
"the-marseille","The Marseille","<p>Un bolso pensado para seguirte el ritmo sin renunciar al estilo. The Marseille combina una silueta fácil de llevar con espacio para tus esenciales, para que salgas de casa con todo lo que necesitas y un look impecable.</p>","ayvaofficial.com","Bolsos","Bolsos","Bolsos, Bolsos, Novedades, Selección Juanjo","TRUE","Color","Marrón","Talla","Única","the-marseille-marron-unica","70.00","87.00","0","continue","","","The Marseille","Un bolso pensado para seguirte el ritmo sin renunciar al estilo. The Marseille combina una silueta fácil de llevar con espacio para tus esenciales, para que salgas de casa con todo lo que necesitas y un look impecable."
"the-marseille","The Marseille","<p>Un bolso pensado para seguirte el ritmo sin renunciar al estilo. The Marseille combina una silueta fácil de llevar con espacio para tus esenciales, para que salgas de casa con todo lo que necesitas y un look impecable.</p>","ayvaofficial.com","Bolsos","Bolsos","Bolsos, Bolsos, Novedades, Selección Juanjo","TRUE","Color","Beige","Talla","Única","the-marseille-beige-unica","70.00","87.00","0","continue","","","The Marseille","Un bolso pensado para seguirte el ritmo sin renunciar al estilo. The Marseille combina una silueta fácil de llevar con espacio para tus esenciales, para que salgas de casa con todo lo que necesitas y un look impecable."
"the-marseille","The Marseille","<p>Un bolso pensado para seguirte el ritmo sin renunciar al estilo. The Marseille combina una silueta fácil de llevar con espacio para tus esenciales, para que salgas de casa con todo lo que necesitas y un look impecable.</p>","ayvaofficial.com","Bolsos","Bolsos","Bolsos, Bolsos, Novedades, Selección Juanjo","TRUE","Color","Crema","Talla","Única","the-marseille-crema-unica","70.00","87.00","0","continue","","","The Marseille","Un bolso pensado para seguirte el ritmo sin renunciar al estilo. The Marseille combina una silueta fácil de llevar con espacio para tus esenciales, para que salgas de casa con todo lo que necesitas y un look impecable."
"vintage-bag","Vintage Bag","<p>Un bolso pensado para seguirte el ritmo sin renunciar al estilo. Vintage Bag combina una silueta fácil de llevar con espacio para tus esenciales, para que salgas de casa con todo lo que necesitas y un look impecable.</p>","libracases.com","Bolsos","Bolsos","Bolsos, Bolsos, Novedades, Selección Juanjo","TRUE","Color","Negro","Talla","Única","vintage-bag-negro-unica","34.95","69.90","0","continue","","","Vintage Bag","Un bolso pensado para seguirte el ritmo sin renunciar al estilo. Vintage Bag combina una silueta fácil de llevar con espacio para tus esenciales, para que salgas de casa con todo lo que necesitas y un look impecable."
"vintage-bag","Vintage Bag","<p>Un bolso pensado para seguirte el ritmo sin renunciar al estilo. Vintage Bag combina una silueta fácil de llevar con espacio para tus esenciales, para que salgas de casa con todo lo que necesitas y un look impecable.</p>","libracases.com","Bolsos","Bolsos","Bolsos, Bolsos, Novedades, Selección Juanjo","TRUE","Color","Marrón","Talla","Única","vintage-bag-marron-unica","34.95","69.90","0","continue","","","Vintage Bag","Un bolso pensado para seguirte el ritmo sin renunciar al estilo. Vintage Bag combina una silueta fácil de llevar con espacio para tus esenciales, para que salgas de casa con todo lo que necesitas y un look impecable."
"vintage-bag","Vintage Bag","<p>Un bolso pensado para seguirte el ritmo sin renunciar al estilo. Vintage Bag combina una silueta fácil de llevar con espacio para tus esenciales, para que salgas de casa con todo lo que necesitas y un look impecable.</p>","libracases.com","Bolsos","Bolsos","Bolsos, Bolsos, Novedades, Selección Juanjo","TRUE","Color","Beige","Talla","Única","vintage-bag-beige-unica","34.95","69.90","0","continue","","","Vintage Bag","Un bolso pensado para seguirte el ritmo sin renunciar al estilo. Vintage Bag combina una silueta fácil de llevar con espacio para tus esenciales, para que salgas de casa con todo lo que necesitas y un look impecable."
"vintage-bag","Vintage Bag","<p>Un bolso pensado para seguirte el ritmo sin renunciar al estilo. Vintage Bag combina una silueta fácil de llevar con espacio para tus esenciales, para que salgas de casa con todo lo que necesitas y un look impecable.</p>","libracases.com","Bolsos","Bolsos","Bolsos, Bolsos, Novedades, Selección Juanjo","TRUE","Color","Crema","Talla","Única","vintage-bag-crema-unica","34.95","69.90","0","continue","","","Vintage Bag","Un bolso pensado para seguirte el ritmo sin renunciar al estilo. Vintage Bag combina una silueta fácil de llevar con espacio para tus esenciales, para que salgas de casa con todo lo que necesitas y un look impecable."
"crossbody-bag-2-0","Crossbody Bag 2.0","<p>Un bolso pensado para seguirte el ritmo sin renunciar al estilo. Crossbody Bag 2.0 combina una silueta fácil de llevar con espacio para tus esenciales, para que salgas de casa con todo lo que necesitas y un look impecable.</p>","conceptglobal.co","Bolsos","Bolsos","Bolsos, Bolsos, Novedades, Selección Juanjo","TRUE","Color","Negro","Talla","Única","crossbody-bag-2-0-negro-unica","39.90","","0","continue","","","Crossbody Bag 2.0","Un bolso pensado para seguirte el ritmo sin renunciar al estilo. Crossbody Bag 2.0 combina una silueta fácil de llevar con espacio para tus esenciales, para que salgas de casa con todo lo que necesitas y un look impecable."
"crossbody-bag-2-0","Crossbody Bag 2.0","<p>Un bolso pensado para seguirte el ritmo sin renunciar al estilo. Crossbody Bag 2.0 combina una silueta fácil de llevar con espacio para tus esenciales, para que salgas de casa con todo lo que necesitas y un look impecable.</p>","conceptglobal.co","Bolsos","Bolsos","Bolsos, Bolsos, Novedades, Selección Juanjo","TRUE","Color","Marrón","Talla","Única","crossbody-bag-2-0-marron-unica","39.90","","0","continue","","","Crossbody Bag 2.0","Un bolso pensado para seguirte el ritmo sin renunciar al estilo. Crossbody Bag 2.0 combina una silueta fácil de llevar con espacio para tus esenciales, para que salgas de casa con todo lo que necesitas y un look impecable."
"crossbody-bag-2-0","Crossbody Bag 2.0","<p>Un bolso pensado para seguirte el ritmo sin renunciar al estilo. Crossbody Bag 2.0 combina una silueta fácil de llevar con espacio para tus esenciales, para que salgas de casa con todo lo que necesitas y un look impecable.</p>","conceptglobal.co","Bolsos","Bolsos","Bolsos, Bolsos, Novedades, Selección Juanjo","TRUE","Color","Beige","Talla","Única","crossbody-bag-2-0-beige-unica","39.90","","0","continue","","","Crossbody Bag 2.0","Un bolso pensado para seguirte el ritmo sin renunciar al estilo. Crossbody Bag 2.0 combina una silueta fácil de llevar con espacio para tus esenciales, para que salgas de casa con todo lo que necesitas y un look impecable."
"crossbody-bag-2-0","Crossbody Bag 2.0","<p>Un bolso pensado para seguirte el ritmo sin renunciar al estilo. Crossbody Bag 2.0 combina una silueta fácil de llevar con espacio para tus esenciales, para que salgas de casa con todo lo que necesitas y un look impecable.</p>","conceptglobal.co","Bolsos","Bolsos","Bolsos, Bolsos, Novedades, Selección Juanjo","TRUE","Color","Crema","Talla","Única","crossbody-bag-2-0-crema-unica","39.90","","0","continue","","","Crossbody Bag 2.0","Un bolso pensado para seguirte el ritmo sin renunciar al estilo. Crossbody Bag 2.0 combina una silueta fácil de llevar con espacio para tus esenciales, para que salgas de casa con todo lo que necesitas y un look impecable."
"the-julie-crossbody","The Julie (crossbody)","<p>Un bolso pensado para seguirte el ritmo sin renunciar al estilo. The Julie (crossbody) combina una silueta fácil de llevar con espacio para tus esenciales, para que salgas de casa con todo lo que necesitas y un look impecable.</p>","ooomay.com","Bolsos","Bolsos","Bolsos, Bolsos, Novedades, Selección Juanjo","TRUE","Color","Negro","Talla","Única","the-julie-crossbody-negro-unica","49.00","90.00","0","continue","","","The Julie (crossbody)","Un bolso pensado para seguirte el ritmo sin renunciar al estilo. The Julie (crossbody) combina una silueta fácil de llevar con espacio para tus esenciales, para que salgas de casa con todo lo que necesitas y un look impecable."
"the-julie-crossbody","The Julie (crossbody)","<p>Un bolso pensado para seguirte el ritmo sin renunciar al estilo. The Julie (crossbody) combina una silueta fácil de llevar con espacio para tus esenciales, para que salgas de casa con todo lo que necesitas y un look impecable.</p>","ooomay.com","Bolsos","Bolsos","Bolsos, Bolsos, Novedades, Selección Juanjo","TRUE","Color","Marrón","Talla","Única","the-julie-crossbody-marron-unica","49.00","90.00","0","continue","","","The Julie (crossbody)","Un bolso pensado para seguirte el ritmo sin renunciar al estilo. The Julie (crossbody) combina una silueta fácil de llevar con espacio para tus esenciales, para que salgas de casa con todo lo que necesitas y un look impecable."
"the-julie-crossbody","The Julie (crossbody)","<p>Un bolso pensado para seguirte el ritmo sin renunciar al estilo. The Julie (crossbody) combina una silueta fácil de llevar con espacio para tus esenciales, para que salgas de casa con todo lo que necesitas y un look impecable.</p>","ooomay.com","Bolsos","Bolsos","Bolsos, Bolsos, Novedades, Selección Juanjo","TRUE","Color","Beige","Talla","Única","the-julie-crossbody-beige-unica","49.00","90.00","0","continue","","","The Julie (crossbody)","Un bolso pensado para seguirte el ritmo sin renunciar al estilo. The Julie (crossbody) combina una silueta fácil de llevar con espacio para tus esenciales, para que salgas de casa con todo lo que necesitas y un look impecable."
"the-julie-crossbody","The Julie (crossbody)","<p>Un bolso pensado para seguirte el ritmo sin renunciar al estilo. The Julie (crossbody) combina una silueta fácil de llevar con espacio para tus esenciales, para que salgas de casa con todo lo que necesitas y un look impecable.</p>","ooomay.com","Bolsos","Bolsos","Bolsos, Bolsos, Novedades, Selección Juanjo","TRUE","Color","Crema","Talla","Única","the-julie-crossbody-crema-unica","49.00","90.00","0","continue","","","The Julie (crossbody)","Un bolso pensado para seguirte el ritmo sin renunciar al estilo. The Julie (crossbody) combina una silueta fácil de llevar con espacio para tus esenciales, para que salgas de casa con todo lo que necesitas y un look impecable."
"gerda-shopper-bag","Gerda Shopper Bag","<p>Un bolso pensado para seguirte el ritmo sin renunciar al estilo. Gerda Shopper Bag combina una silueta fácil de llevar con espacio para tus esenciales, para que salgas de casa con todo lo que necesitas y un look impecable.</p>","soera-store.com","Bolsos","Bolsos","Bolsos, Bolsos, Novedades, Selección Juanjo","TRUE","Color","Negro","Talla","Única","gerda-shopper-bag-negro-unica","74.00","","0","continue","","","Gerda Shopper Bag","Un bolso pensado para seguirte el ritmo sin renunciar al estilo. Gerda Shopper Bag combina una silueta fácil de llevar con espacio para tus esenciales, para que salgas de casa con todo lo que necesitas y un look impecable."
"gerda-shopper-bag","Gerda Shopper Bag","<p>Un bolso pensado para seguirte el ritmo sin renunciar al estilo. Gerda Shopper Bag combina una silueta fácil de llevar con espacio para tus esenciales, para que salgas de casa con todo lo que necesitas y un look impecable.</p>","soera-store.com","Bolsos","Bolsos","Bolsos, Bolsos, Novedades, Selección Juanjo","TRUE","Color","Marrón","Talla","Única","gerda-shopper-bag-marron-unica","74.00","","0","continue","","","Gerda Shopper Bag","Un bolso pensado para seguirte el ritmo sin renunciar al estilo. Gerda Shopper Bag combina una silueta fácil de llevar con espacio para tus esenciales, para que salgas de casa con todo lo que necesitas y un look impecable."
"gerda-shopper-bag","Gerda Shopper Bag","<p>Un bolso pensado para seguirte el ritmo sin renunciar al estilo. Gerda Shopper Bag combina una silueta fácil de llevar con espacio para tus esenciales, para que salgas de casa con todo lo que necesitas y un look impecable.</p>","soera-store.com","Bolsos","Bolsos","Bolsos, Bolsos, Novedades, Selección Juanjo","TRUE","Color","Beige","Talla","Única","gerda-shopper-bag-beige-unica","74.00","","0","continue","","","Gerda Shopper Bag","Un bolso pensado para seguirte el ritmo sin renunciar al estilo. Gerda Shopper Bag combina una silueta fácil de llevar con espacio para tus esenciales, para que salgas de casa con todo lo que necesitas y un look impecable."
"gerda-shopper-bag","Gerda Shopper Bag","<p>Un bolso pensado para seguirte el ritmo sin renunciar al estilo. Gerda Shopper Bag combina una silueta fácil de llevar con espacio para tus esenciales, para que salgas de casa con todo lo que necesitas y un look impecable.</p>","soera-store.com","Bolsos","Bolsos","Bolsos, Bolsos, Novedades, Selección Juanjo","TRUE","Color","Crema","Talla","Única","gerda-shopper-bag-crema-unica","74.00","","0","continue","","","Gerda Shopper Bag","Un bolso pensado para seguirte el ritmo sin renunciar al estilo. Gerda Shopper Bag combina una silueta fácil de llevar con espacio para tus esenciales, para que salgas de casa con todo lo que necesitas y un look impecable."
"miniona-soft-bag","MiniOna Soft Bag","<p>Un bolso pensado para seguirte el ritmo sin renunciar al estilo. MiniOna Soft Bag combina una silueta fácil de llevar con espacio para tus esenciales, para que salgas de casa con todo lo que necesitas y un look impecable.</p>","olend.net","Bolsos","Bolsos","Bolsos, Bolsos, Novedades, Selección Juanjo","TRUE","Color","Negro","Talla","Única","miniona-soft-bag-negro-unica","77.00","","0","continue","","","MiniOna Soft Bag","Un bolso pensado para seguirte el ritmo sin renunciar al estilo. MiniOna Soft Bag combina una silueta fácil de llevar con espacio para tus esenciales, para que salgas de casa con todo lo que necesitas y un look impecable."
"miniona-soft-bag","MiniOna Soft Bag","<p>Un bolso pensado para seguirte el ritmo sin renunciar al estilo. MiniOna Soft Bag combina una silueta fácil de llevar con espacio para tus esenciales, para que salgas de casa con todo lo que necesitas y un look impecable.</p>","olend.net","Bolsos","Bolsos","Bolsos, Bolsos, Novedades, Selección Juanjo","TRUE","Color","Marrón","Talla","Única","miniona-soft-bag-marron-unica","77.00","","0","continue","","","MiniOna Soft Bag","Un bolso pensado para seguirte el ritmo sin renunciar al estilo. MiniOna Soft Bag combina una silueta fácil de llevar con espacio para tus esenciales, para que salgas de casa con todo lo que necesitas y un look impecable."
"miniona-soft-bag","MiniOna Soft Bag","<p>Un bolso pensado para seguirte el ritmo sin renunciar al estilo. MiniOna Soft Bag combina una silueta fácil de llevar con espacio para tus esenciales, para que salgas de casa con todo lo que necesitas y un look impecable.</p>","olend.net","Bolsos","Bolsos","Bolsos, Bolsos, Novedades, Selección Juanjo","TRUE","Color","Beige","Talla","Única","miniona-soft-bag-beige-unica","77.00","","0","continue","","","MiniOna Soft Bag","Un bolso pensado para seguirte el ritmo sin renunciar al estilo. MiniOna Soft Bag combina una silueta fácil de llevar con espacio para tus esenciales, para que salgas de casa con todo lo que necesitas y un look impecable."
"miniona-soft-bag","MiniOna Soft Bag","<p>Un bolso pensado para seguirte el ritmo sin renunciar al estilo. MiniOna Soft Bag combina una silueta fácil de llevar con espacio para tus esenciales, para que salgas de casa con todo lo que necesitas y un look impecable.</p>","olend.net","Bolsos","Bolsos","Bolsos, Bolsos, Novedades, Selección Juanjo","TRUE","Color","Crema","Talla","Única","miniona-soft-bag-crema-unica","77.00","","0","continue","","","MiniOna Soft Bag","Un bolso pensado para seguirte el ritmo sin renunciar al estilo. MiniOna Soft Bag combina una silueta fácil de llevar con espacio para tus esenciales, para que salgas de casa con todo lo que necesitas y un look impecable."
"ciara-suede","Ciara Suede","<p>Un bolso pensado para seguirte el ritmo sin renunciar al estilo. Ciara Suede combina una silueta fácil de llevar con espacio para tus esenciales, para que salgas de casa con todo lo que necesitas y un look impecable.</p>","voviabags.com","Bolsos","Bolsos","Bolsos, Bolsos, Novedades, Selección Juanjo","TRUE","Color","Negro","Talla","Única","ciara-suede-negro-unica","65.00","86.00","0","continue","","","Ciara Suede","Un bolso pensado para seguirte el ritmo sin renunciar al estilo. Ciara Suede combina una silueta fácil de llevar con espacio para tus esenciales, para que salgas de casa con todo lo que necesitas y un look impecable."
"ciara-suede","Ciara Suede","<p>Un bolso pensado para seguirte el ritmo sin renunciar al estilo. Ciara Suede combina una silueta fácil de llevar con espacio para tus esenciales, para que salgas de casa con todo lo que necesitas y un look impecable.</p>","voviabags.com","Bolsos","Bolsos","Bolsos, Bolsos, Novedades, Selección Juanjo","TRUE","Color","Marrón","Talla","Única","ciara-suede-marron-unica","65.00","86.00","0","continue","","","Ciara Suede","Un bolso pensado para seguirte el ritmo sin renunciar al estilo. Ciara Suede combina una silueta fácil de llevar con espacio para tus esenciales, para que salgas de casa con todo lo que necesitas y un look impecable."
"ciara-suede","Ciara Suede","<p>Un bolso pensado para seguirte el ritmo sin renunciar al estilo. Ciara Suede combina una silueta fácil de llevar con espacio para tus esenciales, para que salgas de casa con todo lo que necesitas y un look impecable.</p>","voviabags.com","Bolsos","Bolsos","Bolsos, Bolsos, Novedades, Selección Juanjo","TRUE","Color","Beige","Talla","Única","ciara-suede-beige-unica","65.00","86.00","0","continue","","","Ciara Suede","Un bolso pensado para seguirte el ritmo sin renunciar al estilo. Ciara Suede combina una silueta fácil de llevar con espacio para tus esenciales, para que salgas de casa con todo lo que necesitas y un look impecable."
"ciara-suede","Ciara Suede","<p>Un bolso pensado para seguirte el ritmo sin renunciar al estilo. Ciara Suede combina una silueta fácil de llevar con espacio para tus esenciales, para que salgas de casa con todo lo que necesitas y un look impecable.</p>","voviabags.com","Bolsos","Bolsos","Bolsos, Bolsos, Novedades, Selección Juanjo","TRUE","Color","Crema","Talla","Única","ciara-suede-crema-unica","65.00","86.00","0","continue","","","Ciara Suede","Un bolso pensado para seguirte el ritmo sin renunciar al estilo. Ciara Suede combina una silueta fácil de llevar con espacio para tus esenciales, para que salgas de casa con todo lo que necesitas y un look impecable."
"woven-oversized","Woven Oversized","<p>Un bolso pensado para seguirte el ritmo sin renunciar al estilo. Woven Oversized combina una silueta fácil de llevar con espacio para tus esenciales, para que salgas de casa con todo lo que necesitas y un look impecable.</p>","voviabags.com","Bolsos","Bolsos","Bolsos, Bolsos, Novedades, Selección Juanjo","TRUE","Color","Negro","Talla","Única","woven-oversized-negro-unica","60.00","82.00","0","continue","","","Woven Oversized","Un bolso pensado para seguirte el ritmo sin renunciar al estilo. Woven Oversized combina una silueta fácil de llevar con espacio para tus esenciales, para que salgas de casa con todo lo que necesitas y un look impecable."
"woven-oversized","Woven Oversized","<p>Un bolso pensado para seguirte el ritmo sin renunciar al estilo. Woven Oversized combina una silueta fácil de llevar con espacio para tus esenciales, para que salgas de casa con todo lo que necesitas y un look impecable.</p>","voviabags.com","Bolsos","Bolsos","Bolsos, Bolsos, Novedades, Selección Juanjo","TRUE","Color","Marrón","Talla","Única","woven-oversized-marron-unica","60.00","82.00","0","continue","","","Woven Oversized","Un bolso pensado para seguirte el ritmo sin renunciar al estilo. Woven Oversized combina una silueta fácil de llevar con espacio para tus esenciales, para que salgas de casa con todo lo que necesitas y un look impecable."
"woven-oversized","Woven Oversized","<p>Un bolso pensado para seguirte el ritmo sin renunciar al estilo. Woven Oversized combina una silueta fácil de llevar con espacio para tus esenciales, para que salgas de casa con todo lo que necesitas y un look impecable.</p>","voviabags.com","Bolsos","Bolsos","Bolsos, Bolsos, Novedades, Selección Juanjo","TRUE","Color","Beige","Talla","Única","woven-oversized-beige-unica","60.00","82.00","0","continue","","","Woven Oversized","Un bolso pensado para seguirte el ritmo sin renunciar al estilo. Woven Oversized combina una silueta fácil de llevar con espacio para tus esenciales, para que salgas de casa con todo lo que necesitas y un look impecable."
"woven-oversized","Woven Oversized","<p>Un bolso pensado para seguirte el ritmo sin renunciar al estilo. Woven Oversized combina una silueta fácil de llevar con espacio para tus esenciales, para que salgas de casa con todo lo que necesitas y un look impecable.</p>","voviabags.com","Bolsos","Bolsos","Bolsos, Bolsos, Novedades, Selección Juanjo","TRUE","Color","Crema","Talla","Única","woven-oversized-crema-unica","60.00","82.00","0","continue","","","Woven Oversized","Un bolso pensado para seguirte el ritmo sin renunciar al estilo. Woven Oversized combina una silueta fácil de llevar con espacio para tus esenciales, para que salgas de casa con todo lo que necesitas y un look impecable."
"ciara-vintage-limited-edition","Ciara Vintage - Limited Edition","<p>Un bolso pensado para seguirte el ritmo sin renunciar al estilo. Ciara Vintage - Limited Edition combina una silueta fácil de llevar con espacio para tus esenciales, para que salgas de casa con todo lo que necesitas y un look impecable.</p>","voviabags.com","Bolsos","Bolsos","Bolsos, Bolsos, Novedades, Selección Juanjo","TRUE","Color","Negro","Talla","Única","ciara-vintage-limited-edition-negro-unica","76.00","109.00","0","continue","","","Ciara Vintage - Limited Edition","Un bolso pensado para seguirte el ritmo sin renunciar al estilo. Ciara Vintage - Limited Edition combina una silueta fácil de llevar con espacio para tus esenciales, para que salgas de casa con todo lo que necesitas y un look impecable."
"ciara-vintage-limited-edition","Ciara Vintage - Limited Edition","<p>Un bolso pensado para seguirte el ritmo sin renunciar al estilo. Ciara Vintage - Limited Edition combina una silueta fácil de llevar con espacio para tus esenciales, para que salgas de casa con todo lo que necesitas y un look impecable.</p>","voviabags.com","Bolsos","Bolsos","Bolsos, Bolsos, Novedades, Selección Juanjo","TRUE","Color","Marrón","Talla","Única","ciara-vintage-limited-edition-marron-unica","76.00","109.00","0","continue","","","Ciara Vintage - Limited Edition","Un bolso pensado para seguirte el ritmo sin renunciar al estilo. Ciara Vintage - Limited Edition combina una silueta fácil de llevar con espacio para tus esenciales, para que salgas de casa con todo lo que necesitas y un look impecable."
"ciara-vintage-limited-edition","Ciara Vintage - Limited Edition","<p>Un bolso pensado para seguirte el ritmo sin renunciar al estilo. Ciara Vintage - Limited Edition combina una silueta fácil de llevar con espacio para tus esenciales, para que salgas de casa con todo lo que necesitas y un look impecable.</p>","voviabags.com","Bolsos","Bolsos","Bolsos, Bolsos, Novedades, Selección Juanjo","TRUE","Color","Beige","Talla","Única","ciara-vintage-limited-edition-beige-unica","76.00","109.00","0","continue","","","Ciara Vintage - Limited Edition","Un bolso pensado para seguirte el ritmo sin renunciar al estilo. Ciara Vintage - Limited Edition combina una silueta fácil de llevar con espacio para tus esenciales, para que salgas de casa con todo lo que necesitas y un look impecable."
"ciara-vintage-limited-edition","Ciara Vintage - Limited Edition","<p>Un bolso pensado para seguirte el ritmo sin renunciar al estilo. Ciara Vintage - Limited Edition combina una silueta fácil de llevar con espacio para tus esenciales, para que salgas de casa con todo lo que necesitas y un look impecable.</p>","voviabags.com","Bolsos","Bolsos","Bolsos, Bolsos, Novedades, Selección Juanjo","TRUE","Color","Crema","Talla","Única","ciara-vintage-limited-edition-crema-unica","76.00","109.00","0","continue","","","Ciara Vintage - Limited Edition","Un bolso pensado para seguirte el ritmo sin renunciar al estilo. Ciara Vintage - Limited Edition combina una silueta fácil de llevar con espacio para tus esenciales, para que salgas de casa con todo lo que necesitas y un look impecable."
"ciara-genuine-leather","Ciara Genuine Leather","<p>Un bolso pensado para seguirte el ritmo sin renunciar al estilo. Ciara Genuine Leather combina una silueta fácil de llevar con espacio para tus esenciales, para que salgas de casa con todo lo que necesitas y un look impecable.</p>","voviabags.com","Bolsos","Bolsos","Bolsos, Bolsos, Novedades, Selección Juanjo","TRUE","Color","Negro","Talla","Única","ciara-genuine-leather-negro-unica","82.00","121.00","0","continue","","","Ciara Genuine Leather","Un bolso pensado para seguirte el ritmo sin renunciar al estilo. Ciara Genuine Leather combina una silueta fácil de llevar con espacio para tus esenciales, para que salgas de casa con todo lo que necesitas y un look impecable."
"ciara-genuine-leather","Ciara Genuine Leather","<p>Un bolso pensado para seguirte el ritmo sin renunciar al estilo. Ciara Genuine Leather combina una silueta fácil de llevar con espacio para tus esenciales, para que salgas de casa con todo lo que necesitas y un look impecable.</p>","voviabags.com","Bolsos","Bolsos","Bolsos, Bolsos, Novedades, Selección Juanjo","TRUE","Color","Marrón","Talla","Única","ciara-genuine-leather-marron-unica","82.00","121.00","0","continue","","","Ciara Genuine Leather","Un bolso pensado para seguirte el ritmo sin renunciar al estilo. Ciara Genuine Leather combina una silueta fácil de llevar con espacio para tus esenciales, para que salgas de casa con todo lo que necesitas y un look impecable."
"ciara-genuine-leather","Ciara Genuine Leather","<p>Un bolso pensado para seguirte el ritmo sin renunciar al estilo. Ciara Genuine Leather combina una silueta fácil de llevar con espacio para tus esenciales, para que salgas de casa con todo lo que necesitas y un look impecable.</p>","voviabags.com","Bolsos","Bolsos","Bolsos, Bolsos, Novedades, Selección Juanjo","TRUE","Color","Beige","Talla","Única","ciara-genuine-leather-beige-unica","82.00","121.00","0","continue","","","Ciara Genuine Leather","Un bolso pensado para seguirte el ritmo sin renunciar al estilo. Ciara Genuine Leather combina una silueta fácil de llevar con espacio para tus esenciales, para que salgas de casa con todo lo que necesitas y un look impecable."
"ciara-genuine-leather","Ciara Genuine Leather","<p>Un bolso pensado para seguirte el ritmo sin renunciar al estilo. Ciara Genuine Leather combina una silueta fácil de llevar con espacio para tus esenciales, para que salgas de casa con todo lo que necesitas y un look impecable.</p>","voviabags.com","Bolsos","Bolsos","Bolsos, Bolsos, Novedades, Selección Juanjo","TRUE","Color","Crema","Talla","Única","ciara-genuine-leather-crema-unica","82.00","121.00","0","continue","","","Ciara Genuine Leather","Un bolso pensado para seguirte el ritmo sin renunciar al estilo. Ciara Genuine Leather combina una silueta fácil de llevar con espacio para tus esenciales, para que salgas de casa con todo lo que necesitas y un look impecable."
"ciara-mini","Ciara Mini","<p>Un bolso pensado para seguirte el ritmo sin renunciar al estilo. Ciara Mini combina una silueta fácil de llevar con espacio para tus esenciales, para que salgas de casa con todo lo que necesitas y un look impecable.</p>","voviabags.com","Bolsos","Bolsos","Bolsos, Bolsos, Novedades, Selección Juanjo","TRUE","Color","Negro","Talla","Única","ciara-mini-negro-unica","60.00","","0","continue","","","Ciara Mini","Un bolso pensado para seguirte el ritmo sin renunciar al estilo. Ciara Mini combina una silueta fácil de llevar con espacio para tus esenciales, para que salgas de casa con todo lo que necesitas y un look impecable."
"ciara-mini","Ciara Mini","<p>Un bolso pensado para seguirte el ritmo sin renunciar al estilo. Ciara Mini combina una silueta fácil de llevar con espacio para tus esenciales, para que salgas de casa con todo lo que necesitas y un look impecable.</p>","voviabags.com","Bolsos","Bolsos","Bolsos, Bolsos, Novedades, Selección Juanjo","TRUE","Color","Marrón","Talla","Única","ciara-mini-marron-unica","60.00","","0","continue","","","Ciara Mini","Un bolso pensado para seguirte el ritmo sin renunciar al estilo. Ciara Mini combina una silueta fácil de llevar con espacio para tus esenciales, para que salgas de casa con todo lo que necesitas y un look impecable."
"ciara-mini","Ciara Mini","<p>Un bolso pensado para seguirte el ritmo sin renunciar al estilo. Ciara Mini combina una silueta fácil de llevar con espacio para tus esenciales, para que salgas de casa con todo lo que necesitas y un look impecable.</p>","voviabags.com","Bolsos","Bolsos","Bolsos, Bolsos, Novedades, Selección Juanjo","TRUE","Color","Beige","Talla","Única","ciara-mini-beige-unica","60.00","","0","continue","","","Ciara Mini","Un bolso pensado para seguirte el ritmo sin renunciar al estilo. Ciara Mini combina una silueta fácil de llevar con espacio para tus esenciales, para que salgas de casa con todo lo que necesitas y un look impecable."
"ciara-mini","Ciara Mini","<p>Un bolso pensado para seguirte el ritmo sin renunciar al estilo. Ciara Mini combina una silueta fácil de llevar con espacio para tus esenciales, para que salgas de casa con todo lo que necesitas y un look impecable.</p>","voviabags.com","Bolsos","Bolsos","Bolsos, Bolsos, Novedades, Selección Juanjo","TRUE","Color","Crema","Talla","Única","ciara-mini-crema-unica","60.00","","0","continue","","","Ciara Mini","Un bolso pensado para seguirte el ritmo sin renunciar al estilo. Ciara Mini combina una silueta fácil de llevar con espacio para tus esenciales, para que salgas de casa con todo lo que necesitas y un look impecable."
"ciara-nova","Ciara Nova","<p>Un bolso pensado para seguirte el ritmo sin renunciar al estilo. Ciara Nova combina una silueta fácil de llevar con espacio para tus esenciales, para que salgas de casa con todo lo que necesitas y un look impecable.</p>","voviabags.com","Bolsos","Bolsos","Bolsos, Bolsos, Novedades, Selección Juanjo","TRUE","Color","Negro","Talla","Única","ciara-nova-negro-unica","51.00","","0","continue","","","Ciara Nova","Un bolso pensado para seguirte el ritmo sin renunciar al estilo. Ciara Nova combina una silueta fácil de llevar con espacio para tus esenciales, para que salgas de casa con todo lo que necesitas y un look impecable."
"ciara-nova","Ciara Nova","<p>Un bolso pensado para seguirte el ritmo sin renunciar al estilo. Ciara Nova combina una silueta fácil de llevar con espacio para tus esenciales, para que salgas de casa con todo lo que necesitas y un look impecable.</p>","voviabags.com","Bolsos","Bolsos","Bolsos, Bolsos, Novedades, Selección Juanjo","TRUE","Color","Marrón","Talla","Única","ciara-nova-marron-unica","51.00","","0","continue","","","Ciara Nova","Un bolso pensado para seguirte el ritmo sin renunciar al estilo. Ciara Nova combina una silueta fácil de llevar con espacio para tus esenciales, para que salgas de casa con todo lo que necesitas y un look impecable."
"ciara-nova","Ciara Nova","<p>Un bolso pensado para seguirte el ritmo sin renunciar al estilo. Ciara Nova combina una silueta fácil de llevar con espacio para tus esenciales, para que salgas de casa con todo lo que necesitas y un look impecable.</p>","voviabags.com","Bolsos","Bolsos","Bolsos, Bolsos, Novedades, Selección Juanjo","TRUE","Color","Beige","Talla","Única","ciara-nova-beige-unica","51.00","","0","continue","","","Ciara Nova","Un bolso pensado para seguirte el ritmo sin renunciar al estilo. Ciara Nova combina una silueta fácil de llevar con espacio para tus esenciales, para que salgas de casa con todo lo que necesitas y un look impecable."
"ciara-nova","Ciara Nova","<p>Un bolso pensado para seguirte el ritmo sin renunciar al estilo. Ciara Nova combina una silueta fácil de llevar con espacio para tus esenciales, para que salgas de casa con todo lo que necesitas y un look impecable.</p>","voviabags.com","Bolsos","Bolsos","Bolsos, Bolsos, Novedades, Selección Juanjo","TRUE","Color","Crema","Talla","Única","ciara-nova-crema-unica","51.00","","0","continue","","","Ciara Nova","Un bolso pensado para seguirte el ritmo sin renunciar al estilo. Ciara Nova combina una silueta fácil de llevar con espacio para tus esenciales, para que salgas de casa con todo lo que necesitas y un look impecable."
"vintage-tote","Vintage Tote","<p>Un bolso pensado para seguirte el ritmo sin renunciar al estilo. Vintage Tote combina una silueta fácil de llevar con espacio para tus esenciales, para que salgas de casa con todo lo que necesitas y un look impecable.</p>","voviabags.com","Bolsos","Bolsos","Bolsos, Bolsos, Novedades, Selección Juanjo","TRUE","Color","Negro","Talla","Única","vintage-tote-negro-unica","42.00","60.00","0","continue","","","Vintage Tote","Un bolso pensado para seguirte el ritmo sin renunciar al estilo. Vintage Tote combina una silueta fácil de llevar con espacio para tus esenciales, para que salgas de casa con todo lo que necesitas y un look impecable."
"vintage-tote","Vintage Tote","<p>Un bolso pensado para seguirte el ritmo sin renunciar al estilo. Vintage Tote combina una silueta fácil de llevar con espacio para tus esenciales, para que salgas de casa con todo lo que necesitas y un look impecable.</p>","voviabags.com","Bolsos","Bolsos","Bolsos, Bolsos, Novedades, Selección Juanjo","TRUE","Color","Marrón","Talla","Única","vintage-tote-marron-unica","42.00","60.00","0","continue","","","Vintage Tote","Un bolso pensado para seguirte el ritmo sin renunciar al estilo. Vintage Tote combina una silueta fácil de llevar con espacio para tus esenciales, para que salgas de casa con todo lo que necesitas y un look impecable."
"vintage-tote","Vintage Tote","<p>Un bolso pensado para seguirte el ritmo sin renunciar al estilo. Vintage Tote combina una silueta fácil de llevar con espacio para tus esenciales, para que salgas de casa con todo lo que necesitas y un look impecable.</p>","voviabags.com","Bolsos","Bolsos","Bolsos, Bolsos, Novedades, Selección Juanjo","TRUE","Color","Beige","Talla","Única","vintage-tote-beige-unica","42.00","60.00","0","continue","","","Vintage Tote","Un bolso pensado para seguirte el ritmo sin renunciar al estilo. Vintage Tote combina una silueta fácil de llevar con espacio para tus esenciales, para que salgas de casa con todo lo que necesitas y un look impecable."
"vintage-tote","Vintage Tote","<p>Un bolso pensado para seguirte el ritmo sin renunciar al estilo. Vintage Tote combina una silueta fácil de llevar con espacio para tus esenciales, para que salgas de casa con todo lo que necesitas y un look impecable.</p>","voviabags.com","Bolsos","Bolsos","Bolsos, Bolsos, Novedades, Selección Juanjo","TRUE","Color","Crema","Talla","Única","vintage-tote-crema-unica","42.00","60.00","0","continue","","","Vintage Tote","Un bolso pensado para seguirte el ritmo sin renunciar al estilo. Vintage Tote combina una silueta fácil de llevar con espacio para tus esenciales, para que salgas de casa con todo lo que necesitas y un look impecable."
"hailey-woven","Hailey Woven","<p>Un bolso pensado para seguirte el ritmo sin renunciar al estilo. Hailey Woven combina una silueta fácil de llevar con espacio para tus esenciales, para que salgas de casa con todo lo que necesitas y un look impecable.</p>","voviabags.com","Bolsos","Bolsos","Bolsos, Bolsos, Novedades, Selección Juanjo","TRUE","Color","Negro","Talla","Única","hailey-woven-negro-unica","65.00","86.00","0","continue","","","Hailey Woven","Un bolso pensado para seguirte el ritmo sin renunciar al estilo. Hailey Woven combina una silueta fácil de llevar con espacio para tus esenciales, para que salgas de casa con todo lo que necesitas y un look impecable."
"hailey-woven","Hailey Woven","<p>Un bolso pensado para seguirte el ritmo sin renunciar al estilo. Hailey Woven combina una silueta fácil de llevar con espacio para tus esenciales, para que salgas de casa con todo lo que necesitas y un look impecable.</p>","voviabags.com","Bolsos","Bolsos","Bolsos, Bolsos, Novedades, Selección Juanjo","TRUE","Color","Marrón","Talla","Única","hailey-woven-marron-unica","65.00","86.00","0","continue","","","Hailey Woven","Un bolso pensado para seguirte el ritmo sin renunciar al estilo. Hailey Woven combina una silueta fácil de llevar con espacio para tus esenciales, para que salgas de casa con todo lo que necesitas y un look impecable."
"hailey-woven","Hailey Woven","<p>Un bolso pensado para seguirte el ritmo sin renunciar al estilo. Hailey Woven combina una silueta fácil de llevar con espacio para tus esenciales, para que salgas de casa con todo lo que necesitas y un look impecable.</p>","voviabags.com","Bolsos","Bolsos","Bolsos, Bolsos, Novedades, Selección Juanjo","TRUE","Color","Beige","Talla","Única","hailey-woven-beige-unica","65.00","86.00","0","continue","","","Hailey Woven","Un bolso pensado para seguirte el ritmo sin renunciar al estilo. Hailey Woven combina una silueta fácil de llevar con espacio para tus esenciales, para que salgas de casa con todo lo que necesitas y un look impecable."
"hailey-woven","Hailey Woven","<p>Un bolso pensado para seguirte el ritmo sin renunciar al estilo. Hailey Woven combina una silueta fácil de llevar con espacio para tus esenciales, para que salgas de casa con todo lo que necesitas y un look impecable.</p>","voviabags.com","Bolsos","Bolsos","Bolsos, Bolsos, Novedades, Selección Juanjo","TRUE","Color","Crema","Talla","Única","hailey-woven-crema-unica","65.00","86.00","0","continue","","","Hailey Woven","Un bolso pensado para seguirte el ritmo sin renunciar al estilo. Hailey Woven combina una silueta fácil de llevar con espacio para tus esenciales, para que salgas de casa con todo lo que necesitas y un look impecable."
"lara-suede","Lara Suede","<p>Un bolso pensado para seguirte el ritmo sin renunciar al estilo. Lara Suede combina una silueta fácil de llevar con espacio para tus esenciales, para que salgas de casa con todo lo que necesitas y un look impecable.</p>","voviabags.com","Bolsos","Bolsos","Bolsos, Bolsos, Novedades, Selección Juanjo","TRUE","Color","Negro","Talla","Única","lara-suede-negro-unica","69.00","100.00","0","continue","","","Lara Suede","Un bolso pensado para seguirte el ritmo sin renunciar al estilo. Lara Suede combina una silueta fácil de llevar con espacio para tus esenciales, para que salgas de casa con todo lo que necesitas y un look impecable."
"lara-suede","Lara Suede","<p>Un bolso pensado para seguirte el ritmo sin renunciar al estilo. Lara Suede combina una silueta fácil de llevar con espacio para tus esenciales, para que salgas de casa con todo lo que necesitas y un look impecable.</p>","voviabags.com","Bolsos","Bolsos","Bolsos, Bolsos, Novedades, Selección Juanjo","TRUE","Color","Marrón","Talla","Única","lara-suede-marron-unica","69.00","100.00","0","continue","","","Lara Suede","Un bolso pensado para seguirte el ritmo sin renunciar al estilo. Lara Suede combina una silueta fácil de llevar con espacio para tus esenciales, para que salgas de casa con todo lo que necesitas y un look impecable."
"lara-suede","Lara Suede","<p>Un bolso pensado para seguirte el ritmo sin renunciar al estilo. Lara Suede combina una silueta fácil de llevar con espacio para tus esenciales, para que salgas de casa con todo lo que necesitas y un look impecable.</p>","voviabags.com","Bolsos","Bolsos","Bolsos, Bolsos, Novedades, Selección Juanjo","TRUE","Color","Beige","Talla","Única","lara-suede-beige-unica","69.00","100.00","0","continue","","","Lara Suede","Un bolso pensado para seguirte el ritmo sin renunciar al estilo. Lara Suede combina una silueta fácil de llevar con espacio para tus esenciales, para que salgas de casa con todo lo que necesitas y un look impecable."
"lara-suede","Lara Suede","<p>Un bolso pensado para seguirte el ritmo sin renunciar al estilo. Lara Suede combina una silueta fácil de llevar con espacio para tus esenciales, para que salgas de casa con todo lo que necesitas y un look impecable.</p>","voviabags.com","Bolsos","Bolsos","Bolsos, Bolsos, Novedades, Selección Juanjo","TRUE","Color","Crema","Talla","Única","lara-suede-crema-unica","69.00","100.00","0","continue","","","Lara Suede","Un bolso pensado para seguirte el ritmo sin renunciar al estilo. Lara Suede combina una silueta fácil de llevar con espacio para tus esenciales, para que salgas de casa con todo lo que necesitas y un look impecable."
"rhea-oversized","Rhea Oversized","<p>Un bolso pensado para seguirte el ritmo sin renunciar al estilo. Rhea Oversized combina una silueta fácil de llevar con espacio para tus esenciales, para que salgas de casa con todo lo que necesitas y un look impecable.</p>","voviabags.com","Bolsos","Bolsos","Bolsos, Bolsos, Novedades, Selección Juanjo","TRUE","Color","Negro","Talla","Única","rhea-oversized-negro-unica","78.00","101.00","0","continue","","","Rhea Oversized","Un bolso pensado para seguirte el ritmo sin renunciar al estilo. Rhea Oversized combina una silueta fácil de llevar con espacio para tus esenciales, para que salgas de casa con todo lo que necesitas y un look impecable."
"rhea-oversized","Rhea Oversized","<p>Un bolso pensado para seguirte el ritmo sin renunciar al estilo. Rhea Oversized combina una silueta fácil de llevar con espacio para tus esenciales, para que salgas de casa con todo lo que necesitas y un look impecable.</p>","voviabags.com","Bolsos","Bolsos","Bolsos, Bolsos, Novedades, Selección Juanjo","TRUE","Color","Marrón","Talla","Única","rhea-oversized-marron-unica","78.00","101.00","0","continue","","","Rhea Oversized","Un bolso pensado para seguirte el ritmo sin renunciar al estilo. Rhea Oversized combina una silueta fácil de llevar con espacio para tus esenciales, para que salgas de casa con todo lo que necesitas y un look impecable."
"rhea-oversized","Rhea Oversized","<p>Un bolso pensado para seguirte el ritmo sin renunciar al estilo. Rhea Oversized combina una silueta fácil de llevar con espacio para tus esenciales, para que salgas de casa con todo lo que necesitas y un look impecable.</p>","voviabags.com","Bolsos","Bolsos","Bolsos, Bolsos, Novedades, Selección Juanjo","TRUE","Color","Beige","Talla","Única","rhea-oversized-beige-unica","78.00","101.00","0","continue","","","Rhea Oversized","Un bolso pensado para seguirte el ritmo sin renunciar al estilo. Rhea Oversized combina una silueta fácil de llevar con espacio para tus esenciales, para que salgas de casa con todo lo que necesitas y un look impecable."
"rhea-oversized","Rhea Oversized","<p>Un bolso pensado para seguirte el ritmo sin renunciar al estilo. Rhea Oversized combina una silueta fácil de llevar con espacio para tus esenciales, para que salgas de casa con todo lo que necesitas y un look impecable.</p>","voviabags.com","Bolsos","Bolsos","Bolsos, Bolsos, Novedades, Selección Juanjo","TRUE","Color","Crema","Talla","Única","rhea-oversized-crema-unica","78.00","101.00","0","continue","","","Rhea Oversized","Un bolso pensado para seguirte el ritmo sin renunciar al estilo. Rhea Oversized combina una silueta fácil de llevar con espacio para tus esenciales, para que salgas de casa con todo lo que necesitas y un look impecable."
"baggy-vegan-leather","Baggy Vegan Leather","<p>Un bolso pensado para seguirte el ritmo sin renunciar al estilo. Baggy Vegan Leather combina una silueta fácil de llevar con espacio para tus esenciales, para que salgas de casa con todo lo que necesitas y un look impecable.</p>","voviabags.com","Bolsos","Bolsos","Bolsos, Bolsos, Novedades, Selección Juanjo","TRUE","Color","Negro","Talla","Única","baggy-vegan-leather-negro-unica","54.00","","0","continue","","","Baggy Vegan Leather","Un bolso pensado para seguirte el ritmo sin renunciar al estilo. Baggy Vegan Leather combina una silueta fácil de llevar con espacio para tus esenciales, para que salgas de casa con todo lo que necesitas y un look impecable."
"baggy-vegan-leather","Baggy Vegan Leather","<p>Un bolso pensado para seguirte el ritmo sin renunciar al estilo. Baggy Vegan Leather combina una silueta fácil de llevar con espacio para tus esenciales, para que salgas de casa con todo lo que necesitas y un look impecable.</p>","voviabags.com","Bolsos","Bolsos","Bolsos, Bolsos, Novedades, Selección Juanjo","TRUE","Color","Marrón","Talla","Única","baggy-vegan-leather-marron-unica","54.00","","0","continue","","","Baggy Vegan Leather","Un bolso pensado para seguirte el ritmo sin renunciar al estilo. Baggy Vegan Leather combina una silueta fácil de llevar con espacio para tus esenciales, para que salgas de casa con todo lo que necesitas y un look impecable."
"baggy-vegan-leather","Baggy Vegan Leather","<p>Un bolso pensado para seguirte el ritmo sin renunciar al estilo. Baggy Vegan Leather combina una silueta fácil de llevar con espacio para tus esenciales, para que salgas de casa con todo lo que necesitas y un look impecable.</p>","voviabags.com","Bolsos","Bolsos","Bolsos, Bolsos, Novedades, Selección Juanjo","TRUE","Color","Beige","Talla","Única","baggy-vegan-leather-beige-unica","54.00","","0","continue","","","Baggy Vegan Leather","Un bolso pensado para seguirte el ritmo sin renunciar al estilo. Baggy Vegan Leather combina una silueta fácil de llevar con espacio para tus esenciales, para que salgas de casa con todo lo que necesitas y un look impecable."
"baggy-vegan-leather","Baggy Vegan Leather","<p>Un bolso pensado para seguirte el ritmo sin renunciar al estilo. Baggy Vegan Leather combina una silueta fácil de llevar con espacio para tus esenciales, para que salgas de casa con todo lo que necesitas y un look impecable.</p>","voviabags.com","Bolsos","Bolsos","Bolsos, Bolsos, Novedades, Selección Juanjo","TRUE","Color","Crema","Talla","Única","baggy-vegan-leather-crema-unica","54.00","","0","continue","","","Baggy Vegan Leather","Un bolso pensado para seguirte el ritmo sin renunciar al estilo. Baggy Vegan Leather combina una silueta fácil de llevar con espacio para tus esenciales, para que salgas de casa con todo lo que necesitas y un look impecable."
"valentina-tote","Valentina Tote","<p>Un bolso pensado para seguirte el ritmo sin renunciar al estilo. Valentina Tote combina una silueta fácil de llevar con espacio para tus esenciales, para que salgas de casa con todo lo que necesitas y un look impecable.</p>","voviabags.com","Bolsos","Bolsos","Bolsos, Bolsos, Novedades, Selección Juanjo","TRUE","Color","Negro","Talla","Única","valentina-tote-negro-unica","56.00","78.00","0","continue","","","Valentina Tote","Un bolso pensado para seguirte el ritmo sin renunciar al estilo. Valentina Tote combina una silueta fácil de llevar con espacio para tus esenciales, para que salgas de casa con todo lo que necesitas y un look impecable."
"valentina-tote","Valentina Tote","<p>Un bolso pensado para seguirte el ritmo sin renunciar al estilo. Valentina Tote combina una silueta fácil de llevar con espacio para tus esenciales, para que salgas de casa con todo lo que necesitas y un look impecable.</p>","voviabags.com","Bolsos","Bolsos","Bolsos, Bolsos, Novedades, Selección Juanjo","TRUE","Color","Marrón","Talla","Única","valentina-tote-marron-unica","56.00","78.00","0","continue","","","Valentina Tote","Un bolso pensado para seguirte el ritmo sin renunciar al estilo. Valentina Tote combina una silueta fácil de llevar con espacio para tus esenciales, para que salgas de casa con todo lo que necesitas y un look impecable."
"valentina-tote","Valentina Tote","<p>Un bolso pensado para seguirte el ritmo sin renunciar al estilo. Valentina Tote combina una silueta fácil de llevar con espacio para tus esenciales, para que salgas de casa con todo lo que necesitas y un look impecable.</p>","voviabags.com","Bolsos","Bolsos","Bolsos, Bolsos, Novedades, Selección Juanjo","TRUE","Color","Beige","Talla","Única","valentina-tote-beige-unica","56.00","78.00","0","continue","","","Valentina Tote","Un bolso pensado para seguirte el ritmo sin renunciar al estilo. Valentina Tote combina una silueta fácil de llevar con espacio para tus esenciales, para que salgas de casa con todo lo que necesitas y un look impecable."
"valentina-tote","Valentina Tote","<p>Un bolso pensado para seguirte el ritmo sin renunciar al estilo. Valentina Tote combina una silueta fácil de llevar con espacio para tus esenciales, para que salgas de casa con todo lo que necesitas y un look impecable.</p>","voviabags.com","Bolsos","Bolsos","Bolsos, Bolsos, Novedades, Selección Juanjo","TRUE","Color","Crema","Talla","Única","valentina-tote-crema-unica","56.00","78.00","0","continue","","","Valentina Tote","Un bolso pensado para seguirte el ritmo sin renunciar al estilo. Valentina Tote combina una silueta fácil de llevar con espacio para tus esenciales, para que salgas de casa con todo lo que necesitas y un look impecable."
"moire-suede","Moiré Suede","<p>Un bolso pensado para seguirte el ritmo sin renunciar al estilo. Moiré Suede combina una silueta fácil de llevar con espacio para tus esenciales, para que salgas de casa con todo lo que necesitas y un look impecable.</p>","voviabags.com","Bolsos","Bolsos","Bolsos, Bolsos, Novedades, Selección Juanjo","TRUE","Color","Negro","Talla","Única","moire-suede-negro-unica","55.00","","0","continue","","","Moiré Suede","Un bolso pensado para seguirte el ritmo sin renunciar al estilo. Moiré Suede combina una silueta fácil de llevar con espacio para tus esenciales, para que salgas de casa con todo lo que necesitas y un look impecable."
"moire-suede","Moiré Suede","<p>Un bolso pensado para seguirte el ritmo sin renunciar al estilo. Moiré Suede combina una silueta fácil de llevar con espacio para tus esenciales, para que salgas de casa con todo lo que necesitas y un look impecable.</p>","voviabags.com","Bolsos","Bolsos","Bolsos, Bolsos, Novedades, Selección Juanjo","TRUE","Color","Marrón","Talla","Única","moire-suede-marron-unica","55.00","","0","continue","","","Moiré Suede","Un bolso pensado para seguirte el ritmo sin renunciar al estilo. Moiré Suede combina una silueta fácil de llevar con espacio para tus esenciales, para que salgas de casa con todo lo que necesitas y un look impecable."
"moire-suede","Moiré Suede","<p>Un bolso pensado para seguirte el ritmo sin renunciar al estilo. Moiré Suede combina una silueta fácil de llevar con espacio para tus esenciales, para que salgas de casa con todo lo que necesitas y un look impecable.</p>","voviabags.com","Bolsos","Bolsos","Bolsos, Bolsos, Novedades, Selección Juanjo","TRUE","Color","Beige","Talla","Única","moire-suede-beige-unica","55.00","","0","continue","","","Moiré Suede","Un bolso pensado para seguirte el ritmo sin renunciar al estilo. Moiré Suede combina una silueta fácil de llevar con espacio para tus esenciales, para que salgas de casa con todo lo que necesitas y un look impecable."
"moire-suede","Moiré Suede","<p>Un bolso pensado para seguirte el ritmo sin renunciar al estilo. Moiré Suede combina una silueta fácil de llevar con espacio para tus esenciales, para que salgas de casa con todo lo que necesitas y un look impecable.</p>","voviabags.com","Bolsos","Bolsos","Bolsos, Bolsos, Novedades, Selección Juanjo","TRUE","Color","Crema","Talla","Única","moire-suede-crema-unica","55.00","","0","continue","","","Moiré Suede","Un bolso pensado para seguirte el ritmo sin renunciar al estilo. Moiré Suede combina una silueta fácil de llevar con espacio para tus esenciales, para que salgas de casa con todo lo que necesitas y un look impecable."
"vintage-work","Vintage Work","<p>Un bolso pensado para seguirte el ritmo sin renunciar al estilo. Vintage Work combina una silueta fácil de llevar con espacio para tus esenciales, para que salgas de casa con todo lo que necesitas y un look impecable.</p>","voviabags.com","Bolsos","Bolsos","Bolsos, Bolsos, Novedades, Selección Juanjo","TRUE","Color","Negro","Talla","Única","vintage-work-negro-unica","68.00","","0","continue","","","Vintage Work","Un bolso pensado para seguirte el ritmo sin renunciar al estilo. Vintage Work combina una silueta fácil de llevar con espacio para tus esenciales, para que salgas de casa con todo lo que necesitas y un look impecable."
"vintage-work","Vintage Work","<p>Un bolso pensado para seguirte el ritmo sin renunciar al estilo. Vintage Work combina una silueta fácil de llevar con espacio para tus esenciales, para que salgas de casa con todo lo que necesitas y un look impecable.</p>","voviabags.com","Bolsos","Bolsos","Bolsos, Bolsos, Novedades, Selección Juanjo","TRUE","Color","Marrón","Talla","Única","vintage-work-marron-unica","68.00","","0","continue","","","Vintage Work","Un bolso pensado para seguirte el ritmo sin renunciar al estilo. Vintage Work combina una silueta fácil de llevar con espacio para tus esenciales, para que salgas de casa con todo lo que necesitas y un look impecable."
"vintage-work","Vintage Work","<p>Un bolso pensado para seguirte el ritmo sin renunciar al estilo. Vintage Work combina una silueta fácil de llevar con espacio para tus esenciales, para que salgas de casa con todo lo que necesitas y un look impecable.</p>","voviabags.com","Bolsos","Bolsos","Bolsos, Bolsos, Novedades, Selección Juanjo","TRUE","Color","Beige","Talla","Única","vintage-work-beige-unica","68.00","","0","continue","","","Vintage Work","Un bolso pensado para seguirte el ritmo sin renunciar al estilo. Vintage Work combina una silueta fácil de llevar con espacio para tus esenciales, para que salgas de casa con todo lo que necesitas y un look impecable."
"vintage-work","Vintage Work","<p>Un bolso pensado para seguirte el ritmo sin renunciar al estilo. Vintage Work combina una silueta fácil de llevar con espacio para tus esenciales, para que salgas de casa con todo lo que necesitas y un look impecable.</p>","voviabags.com","Bolsos","Bolsos","Bolsos, Bolsos, Novedades, Selección Juanjo","TRUE","Color","Crema","Talla","Única","vintage-work-crema-unica","68.00","","0","continue","","","Vintage Work","Un bolso pensado para seguirte el ritmo sin renunciar al estilo. Vintage Work combina una silueta fácil de llevar con espacio para tus esenciales, para que salgas de casa con todo lo que necesitas y un look impecable."
"ciara-beauty-bag","Ciara Beauty Bag","<p>Un bolso pensado para seguirte el ritmo sin renunciar al estilo. Ciara Beauty Bag combina una silueta fácil de llevar con espacio para tus esenciales, para que salgas de casa con todo lo que necesitas y un look impecable.</p>","voviabags.com","Bolsos","Bolsos","Bolsos, Bolsos, Novedades, Selección Juanjo","TRUE","Color","Negro","Talla","Única","ciara-beauty-bag-negro-unica","40.00","","0","continue","","","Ciara Beauty Bag","Un bolso pensado para seguirte el ritmo sin renunciar al estilo. Ciara Beauty Bag combina una silueta fácil de llevar con espacio para tus esenciales, para que salgas de casa con todo lo que necesitas y un look impecable."
"ciara-beauty-bag","Ciara Beauty Bag","<p>Un bolso pensado para seguirte el ritmo sin renunciar al estilo. Ciara Beauty Bag combina una silueta fácil de llevar con espacio para tus esenciales, para que salgas de casa con todo lo que necesitas y un look impecable.</p>","voviabags.com","Bolsos","Bolsos","Bolsos, Bolsos, Novedades, Selección Juanjo","TRUE","Color","Marrón","Talla","Única","ciara-beauty-bag-marron-unica","40.00","","0","continue","","","Ciara Beauty Bag","Un bolso pensado para seguirte el ritmo sin renunciar al estilo. Ciara Beauty Bag combina una silueta fácil de llevar con espacio para tus esenciales, para que salgas de casa con todo lo que necesitas y un look impecable."
"ciara-beauty-bag","Ciara Beauty Bag","<p>Un bolso pensado para seguirte el ritmo sin renunciar al estilo. Ciara Beauty Bag combina una silueta fácil de llevar con espacio para tus esenciales, para que salgas de casa con todo lo que necesitas y un look impecable.</p>","voviabags.com","Bolsos","Bolsos","Bolsos, Bolsos, Novedades, Selección Juanjo","TRUE","Color","Beige","Talla","Única","ciara-beauty-bag-beige-unica","40.00","","0","continue","","","Ciara Beauty Bag","Un bolso pensado para seguirte el ritmo sin renunciar al estilo. Ciara Beauty Bag combina una silueta fácil de llevar con espacio para tus esenciales, para que salgas de casa con todo lo que necesitas y un look impecable."
"ciara-beauty-bag","Ciara Beauty Bag","<p>Un bolso pensado para seguirte el ritmo sin renunciar al estilo. Ciara Beauty Bag combina una silueta fácil de llevar con espacio para tus esenciales, para que salgas de casa con todo lo que necesitas y un look impecable.</p>","voviabags.com","Bolsos","Bolsos","Bolsos, Bolsos, Novedades, Selección Juanjo","TRUE","Color","Crema","Talla","Única","ciara-beauty-bag-crema-unica","40.00","","0","continue","","","Ciara Beauty Bag","Un bolso pensado para seguirte el ritmo sin renunciar al estilo. Ciara Beauty Bag combina una silueta fácil de llevar con espacio para tus esenciales, para que salgas de casa con todo lo que necesitas y un look impecable."
"wallet-vintage","Wallet Vintage","<p>Un bolso pensado para seguirte el ritmo sin renunciar al estilo. Wallet Vintage combina una silueta fácil de llevar con espacio para tus esenciales, para que salgas de casa con todo lo que necesitas y un look impecable.</p>","voviabags.com","Bolsos","Bolsos","Bolsos, Bolsos, Novedades, Selección Juanjo","TRUE","Color","Negro","Talla","Única","wallet-vintage-negro-unica","21.00","28.00","0","continue","","","Wallet Vintage","Un bolso pensado para seguirte el ritmo sin renunciar al estilo. Wallet Vintage combina una silueta fácil de llevar con espacio para tus esenciales, para que salgas de casa con todo lo que necesitas y un look impecable."
"wallet-vintage","Wallet Vintage","<p>Un bolso pensado para seguirte el ritmo sin renunciar al estilo. Wallet Vintage combina una silueta fácil de llevar con espacio para tus esenciales, para que salgas de casa con todo lo que necesitas y un look impecable.</p>","voviabags.com","Bolsos","Bolsos","Bolsos, Bolsos, Novedades, Selección Juanjo","TRUE","Color","Marrón","Talla","Única","wallet-vintage-marron-unica","21.00","28.00","0","continue","","","Wallet Vintage","Un bolso pensado para seguirte el ritmo sin renunciar al estilo. Wallet Vintage combina una silueta fácil de llevar con espacio para tus esenciales, para que salgas de casa con todo lo que necesitas y un look impecable."
"wallet-vintage","Wallet Vintage","<p>Un bolso pensado para seguirte el ritmo sin renunciar al estilo. Wallet Vintage combina una silueta fácil de llevar con espacio para tus esenciales, para que salgas de casa con todo lo que necesitas y un look impecable.</p>","voviabags.com","Bolsos","Bolsos","Bolsos, Bolsos, Novedades, Selección Juanjo","TRUE","Color","Beige","Talla","Única","wallet-vintage-beige-unica","21.00","28.00","0","continue","","","Wallet Vintage","Un bolso pensado para seguirte el ritmo sin renunciar al estilo. Wallet Vintage combina una silueta fácil de llevar con espacio para tus esenciales, para que salgas de casa con todo lo que necesitas y un look impecable."
"wallet-vintage","Wallet Vintage","<p>Un bolso pensado para seguirte el ritmo sin renunciar al estilo. Wallet Vintage combina una silueta fácil de llevar con espacio para tus esenciales, para que salgas de casa con todo lo que necesitas y un look impecable.</p>","voviabags.com","Bolsos","Bolsos","Bolsos, Bolsos, Novedades, Selección Juanjo","TRUE","Color","Crema","Talla","Única","wallet-vintage-crema-unica","21.00","28.00","0","continue","","","Wallet Vintage","Un bolso pensado para seguirte el ritmo sin renunciar al estilo. Wallet Vintage combina una silueta fácil de llevar con espacio para tus esenciales, para que salgas de casa con todo lo que necesitas y un look impecable."
"ciara-vintage-pouch","Ciara Vintage Pouch","<p>Un bolso pensado para seguirte el ritmo sin renunciar al estilo. Ciara Vintage Pouch combina una silueta fácil de llevar con espacio para tus esenciales, para que salgas de casa con todo lo que necesitas y un look impecable.</p>","voviabags.com","Bolsos","Bolsos","Bolsos, Bolsos, Novedades, Selección Juanjo","TRUE","Color","Negro","Talla","Única","ciara-vintage-pouch-negro-unica","15.00","28.00","0","continue","","","Ciara Vintage Pouch","Un bolso pensado para seguirte el ritmo sin renunciar al estilo. Ciara Vintage Pouch combina una silueta fácil de llevar con espacio para tus esenciales, para que salgas de casa con todo lo que necesitas y un look impecable."
"ciara-vintage-pouch","Ciara Vintage Pouch","<p>Un bolso pensado para seguirte el ritmo sin renunciar al estilo. Ciara Vintage Pouch combina una silueta fácil de llevar con espacio para tus esenciales, para que salgas de casa con todo lo que necesitas y un look impecable.</p>","voviabags.com","Bolsos","Bolsos","Bolsos, Bolsos, Novedades, Selección Juanjo","TRUE","Color","Marrón","Talla","Única","ciara-vintage-pouch-marron-unica","15.00","28.00","0","continue","","","Ciara Vintage Pouch","Un bolso pensado para seguirte el ritmo sin renunciar al estilo. Ciara Vintage Pouch combina una silueta fácil de llevar con espacio para tus esenciales, para que salgas de casa con todo lo que necesitas y un look impecable."
"ciara-vintage-pouch","Ciara Vintage Pouch","<p>Un bolso pensado para seguirte el ritmo sin renunciar al estilo. Ciara Vintage Pouch combina una silueta fácil de llevar con espacio para tus esenciales, para que salgas de casa con todo lo que necesitas y un look impecable.</p>","voviabags.com","Bolsos","Bolsos","Bolsos, Bolsos, Novedades, Selección Juanjo","TRUE","Color","Beige","Talla","Única","ciara-vintage-pouch-beige-unica","15.00","28.00","0","continue","","","Ciara Vintage Pouch","Un bolso pensado para seguirte el ritmo sin renunciar al estilo. Ciara Vintage Pouch combina una silueta fácil de llevar con espacio para tus esenciales, para que salgas de casa con todo lo que necesitas y un look impecable."
"ciara-vintage-pouch","Ciara Vintage Pouch","<p>Un bolso pensado para seguirte el ritmo sin renunciar al estilo. Ciara Vintage Pouch combina una silueta fácil de llevar con espacio para tus esenciales, para que salgas de casa con todo lo que necesitas y un look impecable.</p>","voviabags.com","Bolsos","Bolsos","Bolsos, Bolsos, Novedades, Selección Juanjo","TRUE","Color","Crema","Talla","Única","ciara-vintage-pouch-crema-unica","15.00","28.00","0","continue","","","Ciara Vintage Pouch","Un bolso pensado para seguirte el ritmo sin renunciar al estilo. Ciara Vintage Pouch combina una silueta fácil de llevar con espacio para tus esenciales, para que salgas de casa con todo lo que necesitas y un look impecable."
"wallet-suede","Wallet Suede","<p>Un bolso pensado para seguirte el ritmo sin renunciar al estilo. Wallet Suede combina una silueta fácil de llevar con espacio para tus esenciales, para que salgas de casa con todo lo que necesitas y un look impecable.</p>","voviabags.com","Bolsos","Bolsos","Bolsos, Bolsos, Novedades, Selección Juanjo","TRUE","Color","Negro","Talla","Única","wallet-suede-negro-unica","23.00","28.00","0","continue","","","Wallet Suede","Un bolso pensado para seguirte el ritmo sin renunciar al estilo. Wallet Suede combina una silueta fácil de llevar con espacio para tus esenciales, para que salgas de casa con todo lo que necesitas y un look impecable."
"wallet-suede","Wallet Suede","<p>Un bolso pensado para seguirte el ritmo sin renunciar al estilo. Wallet Suede combina una silueta fácil de llevar con espacio para tus esenciales, para que salgas de casa con todo lo que necesitas y un look impecable.</p>","voviabags.com","Bolsos","Bolsos","Bolsos, Bolsos, Novedades, Selección Juanjo","TRUE","Color","Marrón","Talla","Única","wallet-suede-marron-unica","23.00","28.00","0","continue","","","Wallet Suede","Un bolso pensado para seguirte el ritmo sin renunciar al estilo. Wallet Suede combina una silueta fácil de llevar con espacio para tus esenciales, para que salgas de casa con todo lo que necesitas y un look impecable."
"wallet-suede","Wallet Suede","<p>Un bolso pensado para seguirte el ritmo sin renunciar al estilo. Wallet Suede combina una silueta fácil de llevar con espacio para tus esenciales, para que salgas de casa con todo lo que necesitas y un look impecable.</p>","voviabags.com","Bolsos","Bolsos","Bolsos, Bolsos, Novedades, Selección Juanjo","TRUE","Color","Beige","Talla","Única","wallet-suede-beige-unica","23.00","28.00","0","continue","","","Wallet Suede","Un bolso pensado para seguirte el ritmo sin renunciar al estilo. Wallet Suede combina una silueta fácil de llevar con espacio para tus esenciales, para que salgas de casa con todo lo que necesitas y un look impecable."
"wallet-suede","Wallet Suede","<p>Un bolso pensado para seguirte el ritmo sin renunciar al estilo. Wallet Suede combina una silueta fácil de llevar con espacio para tus esenciales, para que salgas de casa con todo lo que necesitas y un look impecable.</p>","voviabags.com","Bolsos","Bolsos","Bolsos, Bolsos, Novedades, Selección Juanjo","TRUE","Color","Crema","Talla","Única","wallet-suede-crema-unica","23.00","28.00","0","continue","","","Wallet Suede","Un bolso pensado para seguirte el ritmo sin renunciar al estilo. Wallet Suede combina una silueta fácil de llevar con espacio para tus esenciales, para que salgas de casa con todo lo que necesitas y un look impecable."
"ciara-suede-pouch","Ciara Suede Pouch","<p>Un bolso pensado para seguirte el ritmo sin renunciar al estilo. Ciara Suede Pouch combina una silueta fácil de llevar con espacio para tus esenciales, para que salgas de casa con todo lo que necesitas y un look impecable.</p>","voviabags.com","Bolsos","Bolsos","Bolsos, Bolsos, Novedades, Selección Juanjo","TRUE","Color","Negro","Talla","Única","ciara-suede-pouch-negro-unica","17.00","28.00","0","continue","","","Ciara Suede Pouch","Un bolso pensado para seguirte el ritmo sin renunciar al estilo. Ciara Suede Pouch combina una silueta fácil de llevar con espacio para tus esenciales, para que salgas de casa con todo lo que necesitas y un look impecable."
"ciara-suede-pouch","Ciara Suede Pouch","<p>Un bolso pensado para seguirte el ritmo sin renunciar al estilo. Ciara Suede Pouch combina una silueta fácil de llevar con espacio para tus esenciales, para que salgas de casa con todo lo que necesitas y un look impecable.</p>","voviabags.com","Bolsos","Bolsos","Bolsos, Bolsos, Novedades, Selección Juanjo","TRUE","Color","Marrón","Talla","Única","ciara-suede-pouch-marron-unica","17.00","28.00","0","continue","","","Ciara Suede Pouch","Un bolso pensado para seguirte el ritmo sin renunciar al estilo. Ciara Suede Pouch combina una silueta fácil de llevar con espacio para tus esenciales, para que salgas de casa con todo lo que necesitas y un look impecable."
"ciara-suede-pouch","Ciara Suede Pouch","<p>Un bolso pensado para seguirte el ritmo sin renunciar al estilo. Ciara Suede Pouch combina una silueta fácil de llevar con espacio para tus esenciales, para que salgas de casa con todo lo que necesitas y un look impecable.</p>","voviabags.com","Bolsos","Bolsos","Bolsos, Bolsos, Novedades, Selección Juanjo","TRUE","Color","Beige","Talla","Única","ciara-suede-pouch-beige-unica","17.00","28.00","0","continue","","","Ciara Suede Pouch","Un bolso pensado para seguirte el ritmo sin renunciar al estilo. Ciara Suede Pouch combina una silueta fácil de llevar con espacio para tus esenciales, para que salgas de casa con todo lo que necesitas y un look impecable."
"ciara-suede-pouch","Ciara Suede Pouch","<p>Un bolso pensado para seguirte el ritmo sin renunciar al estilo. Ciara Suede Pouch combina una silueta fácil de llevar con espacio para tus esenciales, para que salgas de casa con todo lo que necesitas y un look impecable.</p>","voviabags.com","Bolsos","Bolsos","Bolsos, Bolsos, Novedades, Selección Juanjo","TRUE","Color","Crema","Talla","Única","ciara-suede-pouch-crema-unica","17.00","28.00","0","continue","","","Ciara Suede Pouch","Un bolso pensado para seguirte el ritmo sin renunciar al estilo. Ciara Suede Pouch combina una silueta fácil de llevar con espacio para tus esenciales, para que salgas de casa con todo lo que necesitas y un look impecable."
"ciara-wallet","Ciara Wallet","<p>Un bolso pensado para seguirte el ritmo sin renunciar al estilo. Ciara Wallet combina una silueta fácil de llevar con espacio para tus esenciales, para que salgas de casa con todo lo que necesitas y un look impecable.</p>","voviabags.com","Bolsos","Bolsos","Bolsos, Bolsos, Novedades, Selección Juanjo","TRUE","Color","Negro","Talla","Única","ciara-wallet-negro-unica","34.00","","0","continue","","","Ciara Wallet","Un bolso pensado para seguirte el ritmo sin renunciar al estilo. Ciara Wallet combina una silueta fácil de llevar con espacio para tus esenciales, para que salgas de casa con todo lo que necesitas y un look impecable."
"ciara-wallet","Ciara Wallet","<p>Un bolso pensado para seguirte el ritmo sin renunciar al estilo. Ciara Wallet combina una silueta fácil de llevar con espacio para tus esenciales, para que salgas de casa con todo lo que necesitas y un look impecable.</p>","voviabags.com","Bolsos","Bolsos","Bolsos, Bolsos, Novedades, Selección Juanjo","TRUE","Color","Marrón","Talla","Única","ciara-wallet-marron-unica","34.00","","0","continue","","","Ciara Wallet","Un bolso pensado para seguirte el ritmo sin renunciar al estilo. Ciara Wallet combina una silueta fácil de llevar con espacio para tus esenciales, para que salgas de casa con todo lo que necesitas y un look impecable."
"ciara-wallet","Ciara Wallet","<p>Un bolso pensado para seguirte el ritmo sin renunciar al estilo. Ciara Wallet combina una silueta fácil de llevar con espacio para tus esenciales, para que salgas de casa con todo lo que necesitas y un look impecable.</p>","voviabags.com","Bolsos","Bolsos","Bolsos, Bolsos, Novedades, Selección Juanjo","TRUE","Color","Beige","Talla","Única","ciara-wallet-beige-unica","34.00","","0","continue","","","Ciara Wallet","Un bolso pensado para seguirte el ritmo sin renunciar al estilo. Ciara Wallet combina una silueta fácil de llevar con espacio para tus esenciales, para que salgas de casa con todo lo que necesitas y un look impecable."
"ciara-wallet","Ciara Wallet","<p>Un bolso pensado para seguirte el ritmo sin renunciar al estilo. Ciara Wallet combina una silueta fácil de llevar con espacio para tus esenciales, para que salgas de casa con todo lo que necesitas y un look impecable.</p>","voviabags.com","Bolsos","Bolsos","Bolsos, Bolsos, Novedades, Selección Juanjo","TRUE","Color","Crema","Talla","Única","ciara-wallet-crema-unica","34.00","","0","continue","","","Ciara Wallet","Un bolso pensado para seguirte el ritmo sin renunciar al estilo. Ciara Wallet combina una silueta fácil de llevar con espacio para tus esenciales, para que salgas de casa con todo lo que necesitas y un look impecable."
"sculpt-brief-braguita-moldeadora","Sculpt Brief (braguita moldeadora)","<p>Tu nuevo básico para vestir sin complicarte. Sculpt Brief (braguita moldeadora) aporta un toque especial a tus looks y se combina fácilmente para que te sientas cómoda, arreglada y tú misma en cualquier plan.</p>","saybeam.com","Ropa","Ropa","Ropa, Ropa, Novedades, Selección Juanjo","TRUE","Color","Negro","Talla","S","sculpt-brief-braguita-moldeadora-negro-s","30.57","","0","continue","","","Sculpt Brief (braguita moldeadora)","Tu nuevo básico para vestir sin complicarte. Sculpt Brief (braguita moldeadora) aporta un toque especial a tus looks y se combina fácilmente para que te sientas cómoda, arreglada y tú misma en cualquier plan."
"sculpt-brief-braguita-moldeadora","Sculpt Brief (braguita moldeadora)","<p>Tu nuevo básico para vestir sin complicarte. Sculpt Brief (braguita moldeadora) aporta un toque especial a tus looks y se combina fácilmente para que te sientas cómoda, arreglada y tú misma en cualquier plan.</p>","saybeam.com","Ropa","Ropa","Ropa, Ropa, Novedades, Selección Juanjo","TRUE","Color","Negro","Talla","M","sculpt-brief-braguita-moldeadora-negro-m","30.57","","0","continue","","","Sculpt Brief (braguita moldeadora)","Tu nuevo básico para vestir sin complicarte. Sculpt Brief (braguita moldeadora) aporta un toque especial a tus looks y se combina fácilmente para que te sientas cómoda, arreglada y tú misma en cualquier plan."
"sculpt-brief-braguita-moldeadora","Sculpt Brief (braguita moldeadora)","<p>Tu nuevo básico para vestir sin complicarte. Sculpt Brief (braguita moldeadora) aporta un toque especial a tus looks y se combina fácilmente para que te sientas cómoda, arreglada y tú misma en cualquier plan.</p>","saybeam.com","Ropa","Ropa","Ropa, Ropa, Novedades, Selección Juanjo","TRUE","Color","Negro","Talla","L","sculpt-brief-braguita-moldeadora-negro-l","30.57","","0","continue","","","Sculpt Brief (braguita moldeadora)","Tu nuevo básico para vestir sin complicarte. Sculpt Brief (braguita moldeadora) aporta un toque especial a tus looks y se combina fácilmente para que te sientas cómoda, arreglada y tú misma en cualquier plan."
"sculpt-brief-braguita-moldeadora","Sculpt Brief (braguita moldeadora)","<p>Tu nuevo básico para vestir sin complicarte. Sculpt Brief (braguita moldeadora) aporta un toque especial a tus looks y se combina fácilmente para que te sientas cómoda, arreglada y tú misma en cualquier plan.</p>","saybeam.com","Ropa","Ropa","Ropa, Ropa, Novedades, Selección Juanjo","TRUE","Color","Negro","Talla","XL","sculpt-brief-braguita-moldeadora-negro-xl","30.57","","0","continue","","","Sculpt Brief (braguita moldeadora)","Tu nuevo básico para vestir sin complicarte. Sculpt Brief (braguita moldeadora) aporta un toque especial a tus looks y se combina fácilmente para que te sientas cómoda, arreglada y tú misma en cualquier plan."
"sculpt-brief-braguita-moldeadora","Sculpt Brief (braguita moldeadora)","<p>Tu nuevo básico para vestir sin complicarte. Sculpt Brief (braguita moldeadora) aporta un toque especial a tus looks y se combina fácilmente para que te sientas cómoda, arreglada y tú misma en cualquier plan.</p>","saybeam.com","Ropa","Ropa","Ropa, Ropa, Novedades, Selección Juanjo","TRUE","Color","Beige","Talla","S","sculpt-brief-braguita-moldeadora-beige-s","30.57","","0","continue","","","Sculpt Brief (braguita moldeadora)","Tu nuevo básico para vestir sin complicarte. Sculpt Brief (braguita moldeadora) aporta un toque especial a tus looks y se combina fácilmente para que te sientas cómoda, arreglada y tú misma en cualquier plan."
"sculpt-brief-braguita-moldeadora","Sculpt Brief (braguita moldeadora)","<p>Tu nuevo básico para vestir sin complicarte. Sculpt Brief (braguita moldeadora) aporta un toque especial a tus looks y se combina fácilmente para que te sientas cómoda, arreglada y tú misma en cualquier plan.</p>","saybeam.com","Ropa","Ropa","Ropa, Ropa, Novedades, Selección Juanjo","TRUE","Color","Beige","Talla","M","sculpt-brief-braguita-moldeadora-beige-m","30.57","","0","continue","","","Sculpt Brief (braguita moldeadora)","Tu nuevo básico para vestir sin complicarte. Sculpt Brief (braguita moldeadora) aporta un toque especial a tus looks y se combina fácilmente para que te sientas cómoda, arreglada y tú misma en cualquier plan."
"sculpt-brief-braguita-moldeadora","Sculpt Brief (braguita moldeadora)","<p>Tu nuevo básico para vestir sin complicarte. Sculpt Brief (braguita moldeadora) aporta un toque especial a tus looks y se combina fácilmente para que te sientas cómoda, arreglada y tú misma en cualquier plan.</p>","saybeam.com","Ropa","Ropa","Ropa, Ropa, Novedades, Selección Juanjo","TRUE","Color","Beige","Talla","L","sculpt-brief-braguita-moldeadora-beige-l","30.57","","0","continue","","","Sculpt Brief (braguita moldeadora)","Tu nuevo básico para vestir sin complicarte. Sculpt Brief (braguita moldeadora) aporta un toque especial a tus looks y se combina fácilmente para que te sientas cómoda, arreglada y tú misma en cualquier plan."
"sculpt-brief-braguita-moldeadora","Sculpt Brief (braguita moldeadora)","<p>Tu nuevo básico para vestir sin complicarte. Sculpt Brief (braguita moldeadora) aporta un toque especial a tus looks y se combina fácilmente para que te sientas cómoda, arreglada y tú misma en cualquier plan.</p>","saybeam.com","Ropa","Ropa","Ropa, Ropa, Novedades, Selección Juanjo","TRUE","Color","Beige","Talla","XL","sculpt-brief-braguita-moldeadora-beige-xl","30.57","","0","continue","","","Sculpt Brief (braguita moldeadora)","Tu nuevo básico para vestir sin complicarte. Sculpt Brief (braguita moldeadora) aporta un toque especial a tus looks y se combina fácilmente para que te sientas cómoda, arreglada y tú misma en cualquier plan."
"sculpt-brief-braguita-moldeadora","Sculpt Brief (braguita moldeadora)","<p>Tu nuevo básico para vestir sin complicarte. Sculpt Brief (braguita moldeadora) aporta un toque especial a tus looks y se combina fácilmente para que te sientas cómoda, arreglada y tú misma en cualquier plan.</p>","saybeam.com","Ropa","Ropa","Ropa, Ropa, Novedades, Selección Juanjo","TRUE","Color","Blanco","Talla","S","sculpt-brief-braguita-moldeadora-blanco-s","30.57","","0","continue","","","Sculpt Brief (braguita moldeadora)","Tu nuevo básico para vestir sin complicarte. Sculpt Brief (braguita moldeadora) aporta un toque especial a tus looks y se combina fácilmente para que te sientas cómoda, arreglada y tú misma en cualquier plan."
"sculpt-brief-braguita-moldeadora","Sculpt Brief (braguita moldeadora)","<p>Tu nuevo básico para vestir sin complicarte. Sculpt Brief (braguita moldeadora) aporta un toque especial a tus looks y se combina fácilmente para que te sientas cómoda, arreglada y tú misma en cualquier plan.</p>","saybeam.com","Ropa","Ropa","Ropa, Ropa, Novedades, Selección Juanjo","TRUE","Color","Blanco","Talla","M","sculpt-brief-braguita-moldeadora-blanco-m","30.57","","0","continue","","","Sculpt Brief (braguita moldeadora)","Tu nuevo básico para vestir sin complicarte. Sculpt Brief (braguita moldeadora) aporta un toque especial a tus looks y se combina fácilmente para que te sientas cómoda, arreglada y tú misma en cualquier plan."
"sculpt-brief-braguita-moldeadora","Sculpt Brief (braguita moldeadora)","<p>Tu nuevo básico para vestir sin complicarte. Sculpt Brief (braguita moldeadora) aporta un toque especial a tus looks y se combina fácilmente para que te sientas cómoda, arreglada y tú misma en cualquier plan.</p>","saybeam.com","Ropa","Ropa","Ropa, Ropa, Novedades, Selección Juanjo","TRUE","Color","Blanco","Talla","L","sculpt-brief-braguita-moldeadora-blanco-l","30.57","","0","continue","","","Sculpt Brief (braguita moldeadora)","Tu nuevo básico para vestir sin complicarte. Sculpt Brief (braguita moldeadora) aporta un toque especial a tus looks y se combina fácilmente para que te sientas cómoda, arreglada y tú misma en cualquier plan."
"sculpt-brief-braguita-moldeadora","Sculpt Brief (braguita moldeadora)","<p>Tu nuevo básico para vestir sin complicarte. Sculpt Brief (braguita moldeadora) aporta un toque especial a tus looks y se combina fácilmente para que te sientas cómoda, arreglada y tú misma en cualquier plan.</p>","saybeam.com","Ropa","Ropa","Ropa, Ropa, Novedades, Selección Juanjo","TRUE","Color","Blanco","Talla","XL","sculpt-brief-braguita-moldeadora-blanco-xl","30.57","","0","continue","","","Sculpt Brief (braguita moldeadora)","Tu nuevo básico para vestir sin complicarte. Sculpt Brief (braguita moldeadora) aporta un toque especial a tus looks y se combina fácilmente para que te sientas cómoda, arreglada y tú misma en cualquier plan."
"sculpt-brief-braguita-moldeadora","Sculpt Brief (braguita moldeadora)","<p>Tu nuevo básico para vestir sin complicarte. Sculpt Brief (braguita moldeadora) aporta un toque especial a tus looks y se combina fácilmente para que te sientas cómoda, arreglada y tú misma en cualquier plan.</p>","saybeam.com","Ropa","Ropa","Ropa, Ropa, Novedades, Selección Juanjo","TRUE","Color","Verde","Talla","S","sculpt-brief-braguita-moldeadora-verde-s","30.57","","0","continue","","","Sculpt Brief (braguita moldeadora)","Tu nuevo básico para vestir sin complicarte. Sculpt Brief (braguita moldeadora) aporta un toque especial a tus looks y se combina fácilmente para que te sientas cómoda, arreglada y tú misma en cualquier plan."
"sculpt-brief-braguita-moldeadora","Sculpt Brief (braguita moldeadora)","<p>Tu nuevo básico para vestir sin complicarte. Sculpt Brief (braguita moldeadora) aporta un toque especial a tus looks y se combina fácilmente para que te sientas cómoda, arreglada y tú misma en cualquier plan.</p>","saybeam.com","Ropa","Ropa","Ropa, Ropa, Novedades, Selección Juanjo","TRUE","Color","Verde","Talla","M","sculpt-brief-braguita-moldeadora-verde-m","30.57","","0","continue","","","Sculpt Brief (braguita moldeadora)","Tu nuevo básico para vestir sin complicarte. Sculpt Brief (braguita moldeadora) aporta un toque especial a tus looks y se combina fácilmente para que te sientas cómoda, arreglada y tú misma en cualquier plan."
"sculpt-brief-braguita-moldeadora","Sculpt Brief (braguita moldeadora)","<p>Tu nuevo básico para vestir sin complicarte. Sculpt Brief (braguita moldeadora) aporta un toque especial a tus looks y se combina fácilmente para que te sientas cómoda, arreglada y tú misma en cualquier plan.</p>","saybeam.com","Ropa","Ropa","Ropa, Ropa, Novedades, Selección Juanjo","TRUE","Color","Verde","Talla","L","sculpt-brief-braguita-moldeadora-verde-l","30.57","","0","continue","","","Sculpt Brief (braguita moldeadora)","Tu nuevo básico para vestir sin complicarte. Sculpt Brief (braguita moldeadora) aporta un toque especial a tus looks y se combina fácilmente para que te sientas cómoda, arreglada y tú misma en cualquier plan."
"sculpt-brief-braguita-moldeadora","Sculpt Brief (braguita moldeadora)","<p>Tu nuevo básico para vestir sin complicarte. Sculpt Brief (braguita moldeadora) aporta un toque especial a tus looks y se combina fácilmente para que te sientas cómoda, arreglada y tú misma en cualquier plan.</p>","saybeam.com","Ropa","Ropa","Ropa, Ropa, Novedades, Selección Juanjo","TRUE","Color","Verde","Talla","XL","sculpt-brief-braguita-moldeadora-verde-xl","30.57","","0","continue","","","Sculpt Brief (braguita moldeadora)","Tu nuevo básico para vestir sin complicarte. Sculpt Brief (braguita moldeadora) aporta un toque especial a tus looks y se combina fácilmente para que te sientas cómoda, arreglada y tú misma en cualquier plan."
"stm-tex-short-oversized-rain-jacket","STM-TEX Short Oversized Rain Jacket","<p>Tu nuevo básico para vestir sin complicarte. STM-TEX Short Oversized Rain Jacket aporta un toque especial a tus looks y se combina fácilmente para que te sientas cómoda, arreglada y tú misma en cualquier plan.</p>","puffit.com","Ropa","Ropa","Ropa, Ropa, Novedades, Selección Juanjo","TRUE","Color","Negro","Talla","S","stm-tex-short-oversized-rain-jacket-negro-s","54.99","79.99","0","continue","","","STM-TEX Short Oversized Rain Jacket","Tu nuevo básico para vestir sin complicarte. STM-TEX Short Oversized Rain Jacket aporta un toque especial a tus looks y se combina fácilmente para que te sientas cómoda, arreglada y tú misma en cualquier plan."
"stm-tex-short-oversized-rain-jacket","STM-TEX Short Oversized Rain Jacket","<p>Tu nuevo básico para vestir sin complicarte. STM-TEX Short Oversized Rain Jacket aporta un toque especial a tus looks y se combina fácilmente para que te sientas cómoda, arreglada y tú misma en cualquier plan.</p>","puffit.com","Ropa","Ropa","Ropa, Ropa, Novedades, Selección Juanjo","TRUE","Color","Negro","Talla","M","stm-tex-short-oversized-rain-jacket-negro-m","54.99","79.99","0","continue","","","STM-TEX Short Oversized Rain Jacket","Tu nuevo básico para vestir sin complicarte. STM-TEX Short Oversized Rain Jacket aporta un toque especial a tus looks y se combina fácilmente para que te sientas cómoda, arreglada y tú misma en cualquier plan."
"stm-tex-short-oversized-rain-jacket","STM-TEX Short Oversized Rain Jacket","<p>Tu nuevo básico para vestir sin complicarte. STM-TEX Short Oversized Rain Jacket aporta un toque especial a tus looks y se combina fácilmente para que te sientas cómoda, arreglada y tú misma en cualquier plan.</p>","puffit.com","Ropa","Ropa","Ropa, Ropa, Novedades, Selección Juanjo","TRUE","Color","Negro","Talla","L","stm-tex-short-oversized-rain-jacket-negro-l","54.99","79.99","0","continue","","","STM-TEX Short Oversized Rain Jacket","Tu nuevo básico para vestir sin complicarte. STM-TEX Short Oversized Rain Jacket aporta un toque especial a tus looks y se combina fácilmente para que te sientas cómoda, arreglada y tú misma en cualquier plan."
"stm-tex-short-oversized-rain-jacket","STM-TEX Short Oversized Rain Jacket","<p>Tu nuevo básico para vestir sin complicarte. STM-TEX Short Oversized Rain Jacket aporta un toque especial a tus looks y se combina fácilmente para que te sientas cómoda, arreglada y tú misma en cualquier plan.</p>","puffit.com","Ropa","Ropa","Ropa, Ropa, Novedades, Selección Juanjo","TRUE","Color","Negro","Talla","XL","stm-tex-short-oversized-rain-jacket-negro-xl","54.99","79.99","0","continue","","","STM-TEX Short Oversized Rain Jacket","Tu nuevo básico para vestir sin complicarte. STM-TEX Short Oversized Rain Jacket aporta un toque especial a tus looks y se combina fácilmente para que te sientas cómoda, arreglada y tú misma en cualquier plan."
"stm-tex-short-oversized-rain-jacket","STM-TEX Short Oversized Rain Jacket","<p>Tu nuevo básico para vestir sin complicarte. STM-TEX Short Oversized Rain Jacket aporta un toque especial a tus looks y se combina fácilmente para que te sientas cómoda, arreglada y tú misma en cualquier plan.</p>","puffit.com","Ropa","Ropa","Ropa, Ropa, Novedades, Selección Juanjo","TRUE","Color","Beige","Talla","S","stm-tex-short-oversized-rain-jacket-beige-s","54.99","79.99","0","continue","","","STM-TEX Short Oversized Rain Jacket","Tu nuevo básico para vestir sin complicarte. STM-TEX Short Oversized Rain Jacket aporta un toque especial a tus looks y se combina fácilmente para que te sientas cómoda, arreglada y tú misma en cualquier plan."
"stm-tex-short-oversized-rain-jacket","STM-TEX Short Oversized Rain Jacket","<p>Tu nuevo básico para vestir sin complicarte. STM-TEX Short Oversized Rain Jacket aporta un toque especial a tus looks y se combina fácilmente para que te sientas cómoda, arreglada y tú misma en cualquier plan.</p>","puffit.com","Ropa","Ropa","Ropa, Ropa, Novedades, Selección Juanjo","TRUE","Color","Beige","Talla","M","stm-tex-short-oversized-rain-jacket-beige-m","54.99","79.99","0","continue","","","STM-TEX Short Oversized Rain Jacket","Tu nuevo básico para vestir sin complicarte. STM-TEX Short Oversized Rain Jacket aporta un toque especial a tus looks y se combina fácilmente para que te sientas cómoda, arreglada y tú misma en cualquier plan."
"stm-tex-short-oversized-rain-jacket","STM-TEX Short Oversized Rain Jacket","<p>Tu nuevo básico para vestir sin complicarte. STM-TEX Short Oversized Rain Jacket aporta un toque especial a tus looks y se combina fácilmente para que te sientas cómoda, arreglada y tú misma en cualquier plan.</p>","puffit.com","Ropa","Ropa","Ropa, Ropa, Novedades, Selección Juanjo","TRUE","Color","Beige","Talla","L","stm-tex-short-oversized-rain-jacket-beige-l","54.99","79.99","0","continue","","","STM-TEX Short Oversized Rain Jacket","Tu nuevo básico para vestir sin complicarte. STM-TEX Short Oversized Rain Jacket aporta un toque especial a tus looks y se combina fácilmente para que te sientas cómoda, arreglada y tú misma en cualquier plan."
"stm-tex-short-oversized-rain-jacket","STM-TEX Short Oversized Rain Jacket","<p>Tu nuevo básico para vestir sin complicarte. STM-TEX Short Oversized Rain Jacket aporta un toque especial a tus looks y se combina fácilmente para que te sientas cómoda, arreglada y tú misma en cualquier plan.</p>","puffit.com","Ropa","Ropa","Ropa, Ropa, Novedades, Selección Juanjo","TRUE","Color","Beige","Talla","XL","stm-tex-short-oversized-rain-jacket-beige-xl","54.99","79.99","0","continue","","","STM-TEX Short Oversized Rain Jacket","Tu nuevo básico para vestir sin complicarte. STM-TEX Short Oversized Rain Jacket aporta un toque especial a tus looks y se combina fácilmente para que te sientas cómoda, arreglada y tú misma en cualquier plan."
"stm-tex-short-oversized-rain-jacket","STM-TEX Short Oversized Rain Jacket","<p>Tu nuevo básico para vestir sin complicarte. STM-TEX Short Oversized Rain Jacket aporta un toque especial a tus looks y se combina fácilmente para que te sientas cómoda, arreglada y tú misma en cualquier plan.</p>","puffit.com","Ropa","Ropa","Ropa, Ropa, Novedades, Selección Juanjo","TRUE","Color","Blanco","Talla","S","stm-tex-short-oversized-rain-jacket-blanco-s","54.99","79.99","0","continue","","","STM-TEX Short Oversized Rain Jacket","Tu nuevo básico para vestir sin complicarte. STM-TEX Short Oversized Rain Jacket aporta un toque especial a tus looks y se combina fácilmente para que te sientas cómoda, arreglada y tú misma en cualquier plan."
"stm-tex-short-oversized-rain-jacket","STM-TEX Short Oversized Rain Jacket","<p>Tu nuevo básico para vestir sin complicarte. STM-TEX Short Oversized Rain Jacket aporta un toque especial a tus looks y se combina fácilmente para que te sientas cómoda, arreglada y tú misma en cualquier plan.</p>","puffit.com","Ropa","Ropa","Ropa, Ropa, Novedades, Selección Juanjo","TRUE","Color","Blanco","Talla","M","stm-tex-short-oversized-rain-jacket-blanco-m","54.99","79.99","0","continue","","","STM-TEX Short Oversized Rain Jacket","Tu nuevo básico para vestir sin complicarte. STM-TEX Short Oversized Rain Jacket aporta un toque especial a tus looks y se combina fácilmente para que te sientas cómoda, arreglada y tú misma en cualquier plan."
"stm-tex-short-oversized-rain-jacket","STM-TEX Short Oversized Rain Jacket","<p>Tu nuevo básico para vestir sin complicarte. STM-TEX Short Oversized Rain Jacket aporta un toque especial a tus looks y se combina fácilmente para que te sientas cómoda, arreglada y tú misma en cualquier plan.</p>","puffit.com","Ropa","Ropa","Ropa, Ropa, Novedades, Selección Juanjo","TRUE","Color","Blanco","Talla","L","stm-tex-short-oversized-rain-jacket-blanco-l","54.99","79.99","0","continue","","","STM-TEX Short Oversized Rain Jacket","Tu nuevo básico para vestir sin complicarte. STM-TEX Short Oversized Rain Jacket aporta un toque especial a tus looks y se combina fácilmente para que te sientas cómoda, arreglada y tú misma en cualquier plan."
"stm-tex-short-oversized-rain-jacket","STM-TEX Short Oversized Rain Jacket","<p>Tu nuevo básico para vestir sin complicarte. STM-TEX Short Oversized Rain Jacket aporta un toque especial a tus looks y se combina fácilmente para que te sientas cómoda, arreglada y tú misma en cualquier plan.</p>","puffit.com","Ropa","Ropa","Ropa, Ropa, Novedades, Selección Juanjo","TRUE","Color","Blanco","Talla","XL","stm-tex-short-oversized-rain-jacket-blanco-xl","54.99","79.99","0","continue","","","STM-TEX Short Oversized Rain Jacket","Tu nuevo básico para vestir sin complicarte. STM-TEX Short Oversized Rain Jacket aporta un toque especial a tus looks y se combina fácilmente para que te sientas cómoda, arreglada y tú misma en cualquier plan."
"stm-tex-short-oversized-rain-jacket","STM-TEX Short Oversized Rain Jacket","<p>Tu nuevo básico para vestir sin complicarte. STM-TEX Short Oversized Rain Jacket aporta un toque especial a tus looks y se combina fácilmente para que te sientas cómoda, arreglada y tú misma en cualquier plan.</p>","puffit.com","Ropa","Ropa","Ropa, Ropa, Novedades, Selección Juanjo","TRUE","Color","Verde","Talla","S","stm-tex-short-oversized-rain-jacket-verde-s","54.99","79.99","0","continue","","","STM-TEX Short Oversized Rain Jacket","Tu nuevo básico para vestir sin complicarte. STM-TEX Short Oversized Rain Jacket aporta un toque especial a tus looks y se combina fácilmente para que te sientas cómoda, arreglada y tú misma en cualquier plan."
"stm-tex-short-oversized-rain-jacket","STM-TEX Short Oversized Rain Jacket","<p>Tu nuevo básico para vestir sin complicarte. STM-TEX Short Oversized Rain Jacket aporta un toque especial a tus looks y se combina fácilmente para que te sientas cómoda, arreglada y tú misma en cualquier plan.</p>","puffit.com","Ropa","Ropa","Ropa, Ropa, Novedades, Selección Juanjo","TRUE","Color","Verde","Talla","M","stm-tex-short-oversized-rain-jacket-verde-m","54.99","79.99","0","continue","","","STM-TEX Short Oversized Rain Jacket","Tu nuevo básico para vestir sin complicarte. STM-TEX Short Oversized Rain Jacket aporta un toque especial a tus looks y se combina fácilmente para que te sientas cómoda, arreglada y tú misma en cualquier plan."
"stm-tex-short-oversized-rain-jacket","STM-TEX Short Oversized Rain Jacket","<p>Tu nuevo básico para vestir sin complicarte. STM-TEX Short Oversized Rain Jacket aporta un toque especial a tus looks y se combina fácilmente para que te sientas cómoda, arreglada y tú misma en cualquier plan.</p>","puffit.com","Ropa","Ropa","Ropa, Ropa, Novedades, Selección Juanjo","TRUE","Color","Verde","Talla","L","stm-tex-short-oversized-rain-jacket-verde-l","54.99","79.99","0","continue","","","STM-TEX Short Oversized Rain Jacket","Tu nuevo básico para vestir sin complicarte. STM-TEX Short Oversized Rain Jacket aporta un toque especial a tus looks y se combina fácilmente para que te sientas cómoda, arreglada y tú misma en cualquier plan."
"stm-tex-short-oversized-rain-jacket","STM-TEX Short Oversized Rain Jacket","<p>Tu nuevo básico para vestir sin complicarte. STM-TEX Short Oversized Rain Jacket aporta un toque especial a tus looks y se combina fácilmente para que te sientas cómoda, arreglada y tú misma en cualquier plan.</p>","puffit.com","Ropa","Ropa","Ropa, Ropa, Novedades, Selección Juanjo","TRUE","Color","Verde","Talla","XL","stm-tex-short-oversized-rain-jacket-verde-xl","54.99","79.99","0","continue","","","STM-TEX Short Oversized Rain Jacket","Tu nuevo básico para vestir sin complicarte. STM-TEX Short Oversized Rain Jacket aporta un toque especial a tus looks y se combina fácilmente para que te sientas cómoda, arreglada y tú misma en cualquier plan."
"anti-roll-shaper-shorts","Anti-Roll Shaper Shorts","<p>Tu nuevo básico para vestir sin complicarte. Anti-Roll Shaper Shorts aporta un toque especial a tus looks y se combina fácilmente para que te sientas cómoda, arreglada y tú misma en cualquier plan.</p>","tryfemlush.com","Ropa","Ropa","Ropa, Ropa, Novedades, Selección Juanjo","TRUE","Color","Negro","Talla","S","anti-roll-shaper-shorts-negro-s","0.00","","0","continue","","","Anti-Roll Shaper Shorts","Tu nuevo básico para vestir sin complicarte. Anti-Roll Shaper Shorts aporta un toque especial a tus looks y se combina fácilmente para que te sientas cómoda, arreglada y tú misma en cualquier plan."
"anti-roll-shaper-shorts","Anti-Roll Shaper Shorts","<p>Tu nuevo básico para vestir sin complicarte. Anti-Roll Shaper Shorts aporta un toque especial a tus looks y se combina fácilmente para que te sientas cómoda, arreglada y tú misma en cualquier plan.</p>","tryfemlush.com","Ropa","Ropa","Ropa, Ropa, Novedades, Selección Juanjo","TRUE","Color","Negro","Talla","M","anti-roll-shaper-shorts-negro-m","0.00","","0","continue","","","Anti-Roll Shaper Shorts","Tu nuevo básico para vestir sin complicarte. Anti-Roll Shaper Shorts aporta un toque especial a tus looks y se combina fácilmente para que te sientas cómoda, arreglada y tú misma en cualquier plan."
"anti-roll-shaper-shorts","Anti-Roll Shaper Shorts","<p>Tu nuevo básico para vestir sin complicarte. Anti-Roll Shaper Shorts aporta un toque especial a tus looks y se combina fácilmente para que te sientas cómoda, arreglada y tú misma en cualquier plan.</p>","tryfemlush.com","Ropa","Ropa","Ropa, Ropa, Novedades, Selección Juanjo","TRUE","Color","Negro","Talla","L","anti-roll-shaper-shorts-negro-l","0.00","","0","continue","","","Anti-Roll Shaper Shorts","Tu nuevo básico para vestir sin complicarte. Anti-Roll Shaper Shorts aporta un toque especial a tus looks y se combina fácilmente para que te sientas cómoda, arreglada y tú misma en cualquier plan."
"anti-roll-shaper-shorts","Anti-Roll Shaper Shorts","<p>Tu nuevo básico para vestir sin complicarte. Anti-Roll Shaper Shorts aporta un toque especial a tus looks y se combina fácilmente para que te sientas cómoda, arreglada y tú misma en cualquier plan.</p>","tryfemlush.com","Ropa","Ropa","Ropa, Ropa, Novedades, Selección Juanjo","TRUE","Color","Negro","Talla","XL","anti-roll-shaper-shorts-negro-xl","0.00","","0","continue","","","Anti-Roll Shaper Shorts","Tu nuevo básico para vestir sin complicarte. Anti-Roll Shaper Shorts aporta un toque especial a tus looks y se combina fácilmente para que te sientas cómoda, arreglada y tú misma en cualquier plan."
"anti-roll-shaper-shorts","Anti-Roll Shaper Shorts","<p>Tu nuevo básico para vestir sin complicarte. Anti-Roll Shaper Shorts aporta un toque especial a tus looks y se combina fácilmente para que te sientas cómoda, arreglada y tú misma en cualquier plan.</p>","tryfemlush.com","Ropa","Ropa","Ropa, Ropa, Novedades, Selección Juanjo","TRUE","Color","Beige","Talla","S","anti-roll-shaper-shorts-beige-s","0.00","","0","continue","","","Anti-Roll Shaper Shorts","Tu nuevo básico para vestir sin complicarte. Anti-Roll Shaper Shorts aporta un toque especial a tus looks y se combina fácilmente para que te sientas cómoda, arreglada y tú misma en cualquier plan."
"anti-roll-shaper-shorts","Anti-Roll Shaper Shorts","<p>Tu nuevo básico para vestir sin complicarte. Anti-Roll Shaper Shorts aporta un toque especial a tus looks y se combina fácilmente para que te sientas cómoda, arreglada y tú misma en cualquier plan.</p>","tryfemlush.com","Ropa","Ropa","Ropa, Ropa, Novedades, Selección Juanjo","TRUE","Color","Beige","Talla","M","anti-roll-shaper-shorts-beige-m","0.00","","0","continue","","","Anti-Roll Shaper Shorts","Tu nuevo básico para vestir sin complicarte. Anti-Roll Shaper Shorts aporta un toque especial a tus looks y se combina fácilmente para que te sientas cómoda, arreglada y tú misma en cualquier plan."
"anti-roll-shaper-shorts","Anti-Roll Shaper Shorts","<p>Tu nuevo básico para vestir sin complicarte. Anti-Roll Shaper Shorts aporta un toque especial a tus looks y se combina fácilmente para que te sientas cómoda, arreglada y tú misma en cualquier plan.</p>","tryfemlush.com","Ropa","Ropa","Ropa, Ropa, Novedades, Selección Juanjo","TRUE","Color","Beige","Talla","L","anti-roll-shaper-shorts-beige-l","0.00","","0","continue","","","Anti-Roll Shaper Shorts","Tu nuevo básico para vestir sin complicarte. Anti-Roll Shaper Shorts aporta un toque especial a tus looks y se combina fácilmente para que te sientas cómoda, arreglada y tú misma en cualquier plan."
"anti-roll-shaper-shorts","Anti-Roll Shaper Shorts","<p>Tu nuevo básico para vestir sin complicarte. Anti-Roll Shaper Shorts aporta un toque especial a tus looks y se combina fácilmente para que te sientas cómoda, arreglada y tú misma en cualquier plan.</p>","tryfemlush.com","Ropa","Ropa","Ropa, Ropa, Novedades, Selección Juanjo","TRUE","Color","Beige","Talla","XL","anti-roll-shaper-shorts-beige-xl","0.00","","0","continue","","","Anti-Roll Shaper Shorts","Tu nuevo básico para vestir sin complicarte. Anti-Roll Shaper Shorts aporta un toque especial a tus looks y se combina fácilmente para que te sientas cómoda, arreglada y tú misma en cualquier plan."
"anti-roll-shaper-shorts","Anti-Roll Shaper Shorts","<p>Tu nuevo básico para vestir sin complicarte. Anti-Roll Shaper Shorts aporta un toque especial a tus looks y se combina fácilmente para que te sientas cómoda, arreglada y tú misma en cualquier plan.</p>","tryfemlush.com","Ropa","Ropa","Ropa, Ropa, Novedades, Selección Juanjo","TRUE","Color","Blanco","Talla","S","anti-roll-shaper-shorts-blanco-s","0.00","","0","continue","","","Anti-Roll Shaper Shorts","Tu nuevo básico para vestir sin complicarte. Anti-Roll Shaper Shorts aporta un toque especial a tus looks y se combina fácilmente para que te sientas cómoda, arreglada y tú misma en cualquier plan."
"anti-roll-shaper-shorts","Anti-Roll Shaper Shorts","<p>Tu nuevo básico para vestir sin complicarte. Anti-Roll Shaper Shorts aporta un toque especial a tus looks y se combina fácilmente para que te sientas cómoda, arreglada y tú misma en cualquier plan.</p>","tryfemlush.com","Ropa","Ropa","Ropa, Ropa, Novedades, Selección Juanjo","TRUE","Color","Blanco","Talla","M","anti-roll-shaper-shorts-blanco-m","0.00","","0","continue","","","Anti-Roll Shaper Shorts","Tu nuevo básico para vestir sin complicarte. Anti-Roll Shaper Shorts aporta un toque especial a tus looks y se combina fácilmente para que te sientas cómoda, arreglada y tú misma en cualquier plan."
"anti-roll-shaper-shorts","Anti-Roll Shaper Shorts","<p>Tu nuevo básico para vestir sin complicarte. Anti-Roll Shaper Shorts aporta un toque especial a tus looks y se combina fácilmente para que te sientas cómoda, arreglada y tú misma en cualquier plan.</p>","tryfemlush.com","Ropa","Ropa","Ropa, Ropa, Novedades, Selección Juanjo","TRUE","Color","Blanco","Talla","L","anti-roll-shaper-shorts-blanco-l","0.00","","0","continue","","","Anti-Roll Shaper Shorts","Tu nuevo básico para vestir sin complicarte. Anti-Roll Shaper Shorts aporta un toque especial a tus looks y se combina fácilmente para que te sientas cómoda, arreglada y tú misma en cualquier plan."
"anti-roll-shaper-shorts","Anti-Roll Shaper Shorts","<p>Tu nuevo básico para vestir sin complicarte. Anti-Roll Shaper Shorts aporta un toque especial a tus looks y se combina fácilmente para que te sientas cómoda, arreglada y tú misma en cualquier plan.</p>","tryfemlush.com","Ropa","Ropa","Ropa, Ropa, Novedades, Selección Juanjo","TRUE","Color","Blanco","Talla","XL","anti-roll-shaper-shorts-blanco-xl","0.00","","0","continue","","","Anti-Roll Shaper Shorts","Tu nuevo básico para vestir sin complicarte. Anti-Roll Shaper Shorts aporta un toque especial a tus looks y se combina fácilmente para que te sientas cómoda, arreglada y tú misma en cualquier plan."
"anti-roll-shaper-shorts","Anti-Roll Shaper Shorts","<p>Tu nuevo básico para vestir sin complicarte. Anti-Roll Shaper Shorts aporta un toque especial a tus looks y se combina fácilmente para que te sientas cómoda, arreglada y tú misma en cualquier plan.</p>","tryfemlush.com","Ropa","Ropa","Ropa, Ropa, Novedades, Selección Juanjo","TRUE","Color","Verde","Talla","S","anti-roll-shaper-shorts-verde-s","0.00","","0","continue","","","Anti-Roll Shaper Shorts","Tu nuevo básico para vestir sin complicarte. Anti-Roll Shaper Shorts aporta un toque especial a tus looks y se combina fácilmente para que te sientas cómoda, arreglada y tú misma en cualquier plan."
"anti-roll-shaper-shorts","Anti-Roll Shaper Shorts","<p>Tu nuevo básico para vestir sin complicarte. Anti-Roll Shaper Shorts aporta un toque especial a tus looks y se combina fácilmente para que te sientas cómoda, arreglada y tú misma en cualquier plan.</p>","tryfemlush.com","Ropa","Ropa","Ropa, Ropa, Novedades, Selección Juanjo","TRUE","Color","Verde","Talla","M","anti-roll-shaper-shorts-verde-m","0.00","","0","continue","","","Anti-Roll Shaper Shorts","Tu nuevo básico para vestir sin complicarte. Anti-Roll Shaper Shorts aporta un toque especial a tus looks y se combina fácilmente para que te sientas cómoda, arreglada y tú misma en cualquier plan."
"anti-roll-shaper-shorts","Anti-Roll Shaper Shorts","<p>Tu nuevo básico para vestir sin complicarte. Anti-Roll Shaper Shorts aporta un toque especial a tus looks y se combina fácilmente para que te sientas cómoda, arreglada y tú misma en cualquier plan.</p>","tryfemlush.com","Ropa","Ropa","Ropa, Ropa, Novedades, Selección Juanjo","TRUE","Color","Verde","Talla","L","anti-roll-shaper-shorts-verde-l","0.00","","0","continue","","","Anti-Roll Shaper Shorts","Tu nuevo básico para vestir sin complicarte. Anti-Roll Shaper Shorts aporta un toque especial a tus looks y se combina fácilmente para que te sientas cómoda, arreglada y tú misma en cualquier plan."
"anti-roll-shaper-shorts","Anti-Roll Shaper Shorts","<p>Tu nuevo básico para vestir sin complicarte. Anti-Roll Shaper Shorts aporta un toque especial a tus looks y se combina fácilmente para que te sientas cómoda, arreglada y tú misma en cualquier plan.</p>","tryfemlush.com","Ropa","Ropa","Ropa, Ropa, Novedades, Selección Juanjo","TRUE","Color","Verde","Talla","XL","anti-roll-shaper-shorts-verde-xl","0.00","","0","continue","","","Anti-Roll Shaper Shorts","Tu nuevo básico para vestir sin complicarte. Anti-Roll Shaper Shorts aporta un toque especial a tus looks y se combina fácilmente para que te sientas cómoda, arreglada y tú misma en cualquier plan."
"sheer-illusion-fleece-lined-tights","Sheer Illusion Fleece-Lined Tights","<p>Tu nuevo básico para vestir sin complicarte. Sheer Illusion Fleece-Lined Tights aporta un toque especial a tus looks y se combina fácilmente para que te sientas cómoda, arreglada y tú misma en cualquier plan.</p>","irazia.com","Ropa","Ropa","Ropa, Ropa, Novedades, Selección Juanjo","TRUE","Color","Negro","Talla","S","sheer-illusion-fleece-lined-tights-negro-s","27.00","46.00","0","continue","","","Sheer Illusion Fleece-Lined Tights","Tu nuevo básico para vestir sin complicarte. Sheer Illusion Fleece-Lined Tights aporta un toque especial a tus looks y se combina fácilmente para que te sientas cómoda, arreglada y tú misma en cualquier plan."
"sheer-illusion-fleece-lined-tights","Sheer Illusion Fleece-Lined Tights","<p>Tu nuevo básico para vestir sin complicarte. Sheer Illusion Fleece-Lined Tights aporta un toque especial a tus looks y se combina fácilmente para que te sientas cómoda, arreglada y tú misma en cualquier plan.</p>","irazia.com","Ropa","Ropa","Ropa, Ropa, Novedades, Selección Juanjo","TRUE","Color","Negro","Talla","M","sheer-illusion-fleece-lined-tights-negro-m","27.00","46.00","0","continue","","","Sheer Illusion Fleece-Lined Tights","Tu nuevo básico para vestir sin complicarte. Sheer Illusion Fleece-Lined Tights aporta un toque especial a tus looks y se combina fácilmente para que te sientas cómoda, arreglada y tú misma en cualquier plan."
"sheer-illusion-fleece-lined-tights","Sheer Illusion Fleece-Lined Tights","<p>Tu nuevo básico para vestir sin complicarte. Sheer Illusion Fleece-Lined Tights aporta un toque especial a tus looks y se combina fácilmente para que te sientas cómoda, arreglada y tú misma en cualquier plan.</p>","irazia.com","Ropa","Ropa","Ropa, Ropa, Novedades, Selección Juanjo","TRUE","Color","Negro","Talla","L","sheer-illusion-fleece-lined-tights-negro-l","27.00","46.00","0","continue","","","Sheer Illusion Fleece-Lined Tights","Tu nuevo básico para vestir sin complicarte. Sheer Illusion Fleece-Lined Tights aporta un toque especial a tus looks y se combina fácilmente para que te sientas cómoda, arreglada y tú misma en cualquier plan."
"sheer-illusion-fleece-lined-tights","Sheer Illusion Fleece-Lined Tights","<p>Tu nuevo básico para vestir sin complicarte. Sheer Illusion Fleece-Lined Tights aporta un toque especial a tus looks y se combina fácilmente para que te sientas cómoda, arreglada y tú misma en cualquier plan.</p>","irazia.com","Ropa","Ropa","Ropa, Ropa, Novedades, Selección Juanjo","TRUE","Color","Negro","Talla","XL","sheer-illusion-fleece-lined-tights-negro-xl","27.00","46.00","0","continue","","","Sheer Illusion Fleece-Lined Tights","Tu nuevo básico para vestir sin complicarte. Sheer Illusion Fleece-Lined Tights aporta un toque especial a tus looks y se combina fácilmente para que te sientas cómoda, arreglada y tú misma en cualquier plan."
"sheer-illusion-fleece-lined-tights","Sheer Illusion Fleece-Lined Tights","<p>Tu nuevo básico para vestir sin complicarte. Sheer Illusion Fleece-Lined Tights aporta un toque especial a tus looks y se combina fácilmente para que te sientas cómoda, arreglada y tú misma en cualquier plan.</p>","irazia.com","Ropa","Ropa","Ropa, Ropa, Novedades, Selección Juanjo","TRUE","Color","Beige","Talla","S","sheer-illusion-fleece-lined-tights-beige-s","27.00","46.00","0","continue","","","Sheer Illusion Fleece-Lined Tights","Tu nuevo básico para vestir sin complicarte. Sheer Illusion Fleece-Lined Tights aporta un toque especial a tus looks y se combina fácilmente para que te sientas cómoda, arreglada y tú misma en cualquier plan."
"sheer-illusion-fleece-lined-tights","Sheer Illusion Fleece-Lined Tights","<p>Tu nuevo básico para vestir sin complicarte. Sheer Illusion Fleece-Lined Tights aporta un toque especial a tus looks y se combina fácilmente para que te sientas cómoda, arreglada y tú misma en cualquier plan.</p>","irazia.com","Ropa","Ropa","Ropa, Ropa, Novedades, Selección Juanjo","TRUE","Color","Beige","Talla","M","sheer-illusion-fleece-lined-tights-beige-m","27.00","46.00","0","continue","","","Sheer Illusion Fleece-Lined Tights","Tu nuevo básico para vestir sin complicarte. Sheer Illusion Fleece-Lined Tights aporta un toque especial a tus looks y se combina fácilmente para que te sientas cómoda, arreglada y tú misma en cualquier plan."
"sheer-illusion-fleece-lined-tights","Sheer Illusion Fleece-Lined Tights","<p>Tu nuevo básico para vestir sin complicarte. Sheer Illusion Fleece-Lined Tights aporta un toque especial a tus looks y se combina fácilmente para que te sientas cómoda, arreglada y tú misma en cualquier plan.</p>","irazia.com","Ropa","Ropa","Ropa, Ropa, Novedades, Selección Juanjo","TRUE","Color","Beige","Talla","L","sheer-illusion-fleece-lined-tights-beige-l","27.00","46.00","0","continue","","","Sheer Illusion Fleece-Lined Tights","Tu nuevo básico para vestir sin complicarte. Sheer Illusion Fleece-Lined Tights aporta un toque especial a tus looks y se combina fácilmente para que te sientas cómoda, arreglada y tú misma en cualquier plan."
"sheer-illusion-fleece-lined-tights","Sheer Illusion Fleece-Lined Tights","<p>Tu nuevo básico para vestir sin complicarte. Sheer Illusion Fleece-Lined Tights aporta un toque especial a tus looks y se combina fácilmente para que te sientas cómoda, arreglada y tú misma en cualquier plan.</p>","irazia.com","Ropa","Ropa","Ropa, Ropa, Novedades, Selección Juanjo","TRUE","Color","Beige","Talla","XL","sheer-illusion-fleece-lined-tights-beige-xl","27.00","46.00","0","continue","","","Sheer Illusion Fleece-Lined Tights","Tu nuevo básico para vestir sin complicarte. Sheer Illusion Fleece-Lined Tights aporta un toque especial a tus looks y se combina fácilmente para que te sientas cómoda, arreglada y tú misma en cualquier plan."
"sheer-illusion-fleece-lined-tights","Sheer Illusion Fleece-Lined Tights","<p>Tu nuevo básico para vestir sin complicarte. Sheer Illusion Fleece-Lined Tights aporta un toque especial a tus looks y se combina fácilmente para que te sientas cómoda, arreglada y tú misma en cualquier plan.</p>","irazia.com","Ropa","Ropa","Ropa, Ropa, Novedades, Selección Juanjo","TRUE","Color","Blanco","Talla","S","sheer-illusion-fleece-lined-tights-blanco-s","27.00","46.00","0","continue","","","Sheer Illusion Fleece-Lined Tights","Tu nuevo básico para vestir sin complicarte. Sheer Illusion Fleece-Lined Tights aporta un toque especial a tus looks y se combina fácilmente para que te sientas cómoda, arreglada y tú misma en cualquier plan."
"sheer-illusion-fleece-lined-tights","Sheer Illusion Fleece-Lined Tights","<p>Tu nuevo básico para vestir sin complicarte. Sheer Illusion Fleece-Lined Tights aporta un toque especial a tus looks y se combina fácilmente para que te sientas cómoda, arreglada y tú misma en cualquier plan.</p>","irazia.com","Ropa","Ropa","Ropa, Ropa, Novedades, Selección Juanjo","TRUE","Color","Blanco","Talla","M","sheer-illusion-fleece-lined-tights-blanco-m","27.00","46.00","0","continue","","","Sheer Illusion Fleece-Lined Tights","Tu nuevo básico para vestir sin complicarte. Sheer Illusion Fleece-Lined Tights aporta un toque especial a tus looks y se combina fácilmente para que te sientas cómoda, arreglada y tú misma en cualquier plan."
"sheer-illusion-fleece-lined-tights","Sheer Illusion Fleece-Lined Tights","<p>Tu nuevo básico para vestir sin complicarte. Sheer Illusion Fleece-Lined Tights aporta un toque especial a tus looks y se combina fácilmente para que te sientas cómoda, arreglada y tú misma en cualquier plan.</p>","irazia.com","Ropa","Ropa","Ropa, Ropa, Novedades, Selección Juanjo","TRUE","Color","Blanco","Talla","L","sheer-illusion-fleece-lined-tights-blanco-l","27.00","46.00","0","continue","","","Sheer Illusion Fleece-Lined Tights","Tu nuevo básico para vestir sin complicarte. Sheer Illusion Fleece-Lined Tights aporta un toque especial a tus looks y se combina fácilmente para que te sientas cómoda, arreglada y tú misma en cualquier plan."
"sheer-illusion-fleece-lined-tights","Sheer Illusion Fleece-Lined Tights","<p>Tu nuevo básico para vestir sin complicarte. Sheer Illusion Fleece-Lined Tights aporta un toque especial a tus looks y se combina fácilmente para que te sientas cómoda, arreglada y tú misma en cualquier plan.</p>","irazia.com","Ropa","Ropa","Ropa, Ropa, Novedades, Selección Juanjo","TRUE","Color","Blanco","Talla","XL","sheer-illusion-fleece-lined-tights-blanco-xl","27.00","46.00","0","continue","","","Sheer Illusion Fleece-Lined Tights","Tu nuevo básico para vestir sin complicarte. Sheer Illusion Fleece-Lined Tights aporta un toque especial a tus looks y se combina fácilmente para que te sientas cómoda, arreglada y tú misma en cualquier plan."
"sheer-illusion-fleece-lined-tights","Sheer Illusion Fleece-Lined Tights","<p>Tu nuevo básico para vestir sin complicarte. Sheer Illusion Fleece-Lined Tights aporta un toque especial a tus looks y se combina fácilmente para que te sientas cómoda, arreglada y tú misma en cualquier plan.</p>","irazia.com","Ropa","Ropa","Ropa, Ropa, Novedades, Selección Juanjo","TRUE","Color","Verde","Talla","S","sheer-illusion-fleece-lined-tights-verde-s","27.00","46.00","0","continue","","","Sheer Illusion Fleece-Lined Tights","Tu nuevo básico para vestir sin complicarte. Sheer Illusion Fleece-Lined Tights aporta un toque especial a tus looks y se combina fácilmente para que te sientas cómoda, arreglada y tú misma en cualquier plan."
"sheer-illusion-fleece-lined-tights","Sheer Illusion Fleece-Lined Tights","<p>Tu nuevo básico para vestir sin complicarte. Sheer Illusion Fleece-Lined Tights aporta un toque especial a tus looks y se combina fácilmente para que te sientas cómoda, arreglada y tú misma en cualquier plan.</p>","irazia.com","Ropa","Ropa","Ropa, Ropa, Novedades, Selección Juanjo","TRUE","Color","Verde","Talla","M","sheer-illusion-fleece-lined-tights-verde-m","27.00","46.00","0","continue","","","Sheer Illusion Fleece-Lined Tights","Tu nuevo básico para vestir sin complicarte. Sheer Illusion Fleece-Lined Tights aporta un toque especial a tus looks y se combina fácilmente para que te sientas cómoda, arreglada y tú misma en cualquier plan."
"sheer-illusion-fleece-lined-tights","Sheer Illusion Fleece-Lined Tights","<p>Tu nuevo básico para vestir sin complicarte. Sheer Illusion Fleece-Lined Tights aporta un toque especial a tus looks y se combina fácilmente para que te sientas cómoda, arreglada y tú misma en cualquier plan.</p>","irazia.com","Ropa","Ropa","Ropa, Ropa, Novedades, Selección Juanjo","TRUE","Color","Verde","Talla","L","sheer-illusion-fleece-lined-tights-verde-l","27.00","46.00","0","continue","","","Sheer Illusion Fleece-Lined Tights","Tu nuevo básico para vestir sin complicarte. Sheer Illusion Fleece-Lined Tights aporta un toque especial a tus looks y se combina fácilmente para que te sientas cómoda, arreglada y tú misma en cualquier plan."
"sheer-illusion-fleece-lined-tights","Sheer Illusion Fleece-Lined Tights","<p>Tu nuevo básico para vestir sin complicarte. Sheer Illusion Fleece-Lined Tights aporta un toque especial a tus looks y se combina fácilmente para que te sientas cómoda, arreglada y tú misma en cualquier plan.</p>","irazia.com","Ropa","Ropa","Ropa, Ropa, Novedades, Selección Juanjo","TRUE","Color","Verde","Talla","XL","sheer-illusion-fleece-lined-tights-verde-xl","27.00","46.00","0","continue","","","Sheer Illusion Fleece-Lined Tights","Tu nuevo básico para vestir sin complicarte. Sheer Illusion Fleece-Lined Tights aporta un toque especial a tus looks y se combina fácilmente para que te sientas cómoda, arreglada y tú misma en cualquier plan."
"tuck-n-lift-seamless-slip-short","Tuck-N-Lift Seamless Slip Short","<p>Tu nuevo básico para vestir sin complicarte. Tuck-N-Lift Seamless Slip Short aporta un toque especial a tus looks y se combina fácilmente para que te sientas cómoda, arreglada y tú misma en cualquier plan.</p>","bellashapewear.com","Ropa","Ropa","Ropa, Ropa, Novedades, Selección Juanjo","TRUE","Color","Negro","Talla","S","tuck-n-lift-seamless-slip-short-negro-s","35.00","","0","continue","","","Tuck-N-Lift Seamless Slip Short","Tu nuevo básico para vestir sin complicarte. Tuck-N-Lift Seamless Slip Short aporta un toque especial a tus looks y se combina fácilmente para que te sientas cómoda, arreglada y tú misma en cualquier plan."
"tuck-n-lift-seamless-slip-short","Tuck-N-Lift Seamless Slip Short","<p>Tu nuevo básico para vestir sin complicarte. Tuck-N-Lift Seamless Slip Short aporta un toque especial a tus looks y se combina fácilmente para que te sientas cómoda, arreglada y tú misma en cualquier plan.</p>","bellashapewear.com","Ropa","Ropa","Ropa, Ropa, Novedades, Selección Juanjo","TRUE","Color","Negro","Talla","M","tuck-n-lift-seamless-slip-short-negro-m","35.00","","0","continue","","","Tuck-N-Lift Seamless Slip Short","Tu nuevo básico para vestir sin complicarte. Tuck-N-Lift Seamless Slip Short aporta un toque especial a tus looks y se combina fácilmente para que te sientas cómoda, arreglada y tú misma en cualquier plan."
"tuck-n-lift-seamless-slip-short","Tuck-N-Lift Seamless Slip Short","<p>Tu nuevo básico para vestir sin complicarte. Tuck-N-Lift Seamless Slip Short aporta un toque especial a tus looks y se combina fácilmente para que te sientas cómoda, arreglada y tú misma en cualquier plan.</p>","bellashapewear.com","Ropa","Ropa","Ropa, Ropa, Novedades, Selección Juanjo","TRUE","Color","Negro","Talla","L","tuck-n-lift-seamless-slip-short-negro-l","35.00","","0","continue","","","Tuck-N-Lift Seamless Slip Short","Tu nuevo básico para vestir sin complicarte. Tuck-N-Lift Seamless Slip Short aporta un toque especial a tus looks y se combina fácilmente para que te sientas cómoda, arreglada y tú misma en cualquier plan."
"tuck-n-lift-seamless-slip-short","Tuck-N-Lift Seamless Slip Short","<p>Tu nuevo básico para vestir sin complicarte. Tuck-N-Lift Seamless Slip Short aporta un toque especial a tus looks y se combina fácilmente para que te sientas cómoda, arreglada y tú misma en cualquier plan.</p>","bellashapewear.com","Ropa","Ropa","Ropa, Ropa, Novedades, Selección Juanjo","TRUE","Color","Negro","Talla","XL","tuck-n-lift-seamless-slip-short-negro-xl","35.00","","0","continue","","","Tuck-N-Lift Seamless Slip Short","Tu nuevo básico para vestir sin complicarte. Tuck-N-Lift Seamless Slip Short aporta un toque especial a tus looks y se combina fácilmente para que te sientas cómoda, arreglada y tú misma en cualquier plan."
"tuck-n-lift-seamless-slip-short","Tuck-N-Lift Seamless Slip Short","<p>Tu nuevo básico para vestir sin complicarte. Tuck-N-Lift Seamless Slip Short aporta un toque especial a tus looks y se combina fácilmente para que te sientas cómoda, arreglada y tú misma en cualquier plan.</p>","bellashapewear.com","Ropa","Ropa","Ropa, Ropa, Novedades, Selección Juanjo","TRUE","Color","Beige","Talla","S","tuck-n-lift-seamless-slip-short-beige-s","35.00","","0","continue","","","Tuck-N-Lift Seamless Slip Short","Tu nuevo básico para vestir sin complicarte. Tuck-N-Lift Seamless Slip Short aporta un toque especial a tus looks y se combina fácilmente para que te sientas cómoda, arreglada y tú misma en cualquier plan."
"tuck-n-lift-seamless-slip-short","Tuck-N-Lift Seamless Slip Short","<p>Tu nuevo básico para vestir sin complicarte. Tuck-N-Lift Seamless Slip Short aporta un toque especial a tus looks y se combina fácilmente para que te sientas cómoda, arreglada y tú misma en cualquier plan.</p>","bellashapewear.com","Ropa","Ropa","Ropa, Ropa, Novedades, Selección Juanjo","TRUE","Color","Beige","Talla","M","tuck-n-lift-seamless-slip-short-beige-m","35.00","","0","continue","","","Tuck-N-Lift Seamless Slip Short","Tu nuevo básico para vestir sin complicarte. Tuck-N-Lift Seamless Slip Short aporta un toque especial a tus looks y se combina fácilmente para que te sientas cómoda, arreglada y tú misma en cualquier plan."
"tuck-n-lift-seamless-slip-short","Tuck-N-Lift Seamless Slip Short","<p>Tu nuevo básico para vestir sin complicarte. Tuck-N-Lift Seamless Slip Short aporta un toque especial a tus looks y se combina fácilmente para que te sientas cómoda, arreglada y tú misma en cualquier plan.</p>","bellashapewear.com","Ropa","Ropa","Ropa, Ropa, Novedades, Selección Juanjo","TRUE","Color","Beige","Talla","L","tuck-n-lift-seamless-slip-short-beige-l","35.00","","0","continue","","","Tuck-N-Lift Seamless Slip Short","Tu nuevo básico para vestir sin complicarte. Tuck-N-Lift Seamless Slip Short aporta un toque especial a tus looks y se combina fácilmente para que te sientas cómoda, arreglada y tú misma en cualquier plan."
"tuck-n-lift-seamless-slip-short","Tuck-N-Lift Seamless Slip Short","<p>Tu nuevo básico para vestir sin complicarte. Tuck-N-Lift Seamless Slip Short aporta un toque especial a tus looks y se combina fácilmente para que te sientas cómoda, arreglada y tú misma en cualquier plan.</p>","bellashapewear.com","Ropa","Ropa","Ropa, Ropa, Novedades, Selección Juanjo","TRUE","Color","Beige","Talla","XL","tuck-n-lift-seamless-slip-short-beige-xl","35.00","","0","continue","","","Tuck-N-Lift Seamless Slip Short","Tu nuevo básico para vestir sin complicarte. Tuck-N-Lift Seamless Slip Short aporta un toque especial a tus looks y se combina fácilmente para que te sientas cómoda, arreglada y tú misma en cualquier plan."
"tuck-n-lift-seamless-slip-short","Tuck-N-Lift Seamless Slip Short","<p>Tu nuevo básico para vestir sin complicarte. Tuck-N-Lift Seamless Slip Short aporta un toque especial a tus looks y se combina fácilmente para que te sientas cómoda, arreglada y tú misma en cualquier plan.</p>","bellashapewear.com","Ropa","Ropa","Ropa, Ropa, Novedades, Selección Juanjo","TRUE","Color","Blanco","Talla","S","tuck-n-lift-seamless-slip-short-blanco-s","35.00","","0","continue","","","Tuck-N-Lift Seamless Slip Short","Tu nuevo básico para vestir sin complicarte. Tuck-N-Lift Seamless Slip Short aporta un toque especial a tus looks y se combina fácilmente para que te sientas cómoda, arreglada y tú misma en cualquier plan."
"tuck-n-lift-seamless-slip-short","Tuck-N-Lift Seamless Slip Short","<p>Tu nuevo básico para vestir sin complicarte. Tuck-N-Lift Seamless Slip Short aporta un toque especial a tus looks y se combina fácilmente para que te sientas cómoda, arreglada y tú misma en cualquier plan.</p>","bellashapewear.com","Ropa","Ropa","Ropa, Ropa, Novedades, Selección Juanjo","TRUE","Color","Blanco","Talla","M","tuck-n-lift-seamless-slip-short-blanco-m","35.00","","0","continue","","","Tuck-N-Lift Seamless Slip Short","Tu nuevo básico para vestir sin complicarte. Tuck-N-Lift Seamless Slip Short aporta un toque especial a tus looks y se combina fácilmente para que te sientas cómoda, arreglada y tú misma en cualquier plan."
"tuck-n-lift-seamless-slip-short","Tuck-N-Lift Seamless Slip Short","<p>Tu nuevo básico para vestir sin complicarte. Tuck-N-Lift Seamless Slip Short aporta un toque especial a tus looks y se combina fácilmente para que te sientas cómoda, arreglada y tú misma en cualquier plan.</p>","bellashapewear.com","Ropa","Ropa","Ropa, Ropa, Novedades, Selección Juanjo","TRUE","Color","Blanco","Talla","L","tuck-n-lift-seamless-slip-short-blanco-l","35.00","","0","continue","","","Tuck-N-Lift Seamless Slip Short","Tu nuevo básico para vestir sin complicarte. Tuck-N-Lift Seamless Slip Short aporta un toque especial a tus looks y se combina fácilmente para que te sientas cómoda, arreglada y tú misma en cualquier plan."
"tuck-n-lift-seamless-slip-short","Tuck-N-Lift Seamless Slip Short","<p>Tu nuevo básico para vestir sin complicarte. Tuck-N-Lift Seamless Slip Short aporta un toque especial a tus looks y se combina fácilmente para que te sientas cómoda, arreglada y tú misma en cualquier plan.</p>","bellashapewear.com","Ropa","Ropa","Ropa, Ropa, Novedades, Selección Juanjo","TRUE","Color","Blanco","Talla","XL","tuck-n-lift-seamless-slip-short-blanco-xl","35.00","","0","continue","","","Tuck-N-Lift Seamless Slip Short","Tu nuevo básico para vestir sin complicarte. Tuck-N-Lift Seamless Slip Short aporta un toque especial a tus looks y se combina fácilmente para que te sientas cómoda, arreglada y tú misma en cualquier plan."
"tuck-n-lift-seamless-slip-short","Tuck-N-Lift Seamless Slip Short","<p>Tu nuevo básico para vestir sin complicarte. Tuck-N-Lift Seamless Slip Short aporta un toque especial a tus looks y se combina fácilmente para que te sientas cómoda, arreglada y tú misma en cualquier plan.</p>","bellashapewear.com","Ropa","Ropa","Ropa, Ropa, Novedades, Selección Juanjo","TRUE","Color","Verde","Talla","S","tuck-n-lift-seamless-slip-short-verde-s","35.00","","0","continue","","","Tuck-N-Lift Seamless Slip Short","Tu nuevo básico para vestir sin complicarte. Tuck-N-Lift Seamless Slip Short aporta un toque especial a tus looks y se combina fácilmente para que te sientas cómoda, arreglada y tú misma en cualquier plan."
"tuck-n-lift-seamless-slip-short","Tuck-N-Lift Seamless Slip Short","<p>Tu nuevo básico para vestir sin complicarte. Tuck-N-Lift Seamless Slip Short aporta un toque especial a tus looks y se combina fácilmente para que te sientas cómoda, arreglada y tú misma en cualquier plan.</p>","bellashapewear.com","Ropa","Ropa","Ropa, Ropa, Novedades, Selección Juanjo","TRUE","Color","Verde","Talla","M","tuck-n-lift-seamless-slip-short-verde-m","35.00","","0","continue","","","Tuck-N-Lift Seamless Slip Short","Tu nuevo básico para vestir sin complicarte. Tuck-N-Lift Seamless Slip Short aporta un toque especial a tus looks y se combina fácilmente para que te sientas cómoda, arreglada y tú misma en cualquier plan."
"tuck-n-lift-seamless-slip-short","Tuck-N-Lift Seamless Slip Short","<p>Tu nuevo básico para vestir sin complicarte. Tuck-N-Lift Seamless Slip Short aporta un toque especial a tus looks y se combina fácilmente para que te sientas cómoda, arreglada y tú misma en cualquier plan.</p>","bellashapewear.com","Ropa","Ropa","Ropa, Ropa, Novedades, Selección Juanjo","TRUE","Color","Verde","Talla","L","tuck-n-lift-seamless-slip-short-verde-l","35.00","","0","continue","","","Tuck-N-Lift Seamless Slip Short","Tu nuevo básico para vestir sin complicarte. Tuck-N-Lift Seamless Slip Short aporta un toque especial a tus looks y se combina fácilmente para que te sientas cómoda, arreglada y tú misma en cualquier plan."
"tuck-n-lift-seamless-slip-short","Tuck-N-Lift Seamless Slip Short","<p>Tu nuevo básico para vestir sin complicarte. Tuck-N-Lift Seamless Slip Short aporta un toque especial a tus looks y se combina fácilmente para que te sientas cómoda, arreglada y tú misma en cualquier plan.</p>","bellashapewear.com","Ropa","Ropa","Ropa, Ropa, Novedades, Selección Juanjo","TRUE","Color","Verde","Talla","XL","tuck-n-lift-seamless-slip-short-verde-xl","35.00","","0","continue","","","Tuck-N-Lift Seamless Slip Short","Tu nuevo básico para vestir sin complicarte. Tuck-N-Lift Seamless Slip Short aporta un toque especial a tus looks y se combina fácilmente para que te sientas cómoda, arreglada y tú misma en cualquier plan."
"wireless-lifting-jelly-bra","Wireless Lifting Jelly Bra","<p>Tu nuevo básico para vestir sin complicarte. Wireless Lifting Jelly Bra aporta un toque especial a tus looks y se combina fácilmente para que te sientas cómoda, arreglada y tú misma en cualquier plan.</p>","madammuse.co","Ropa","Ropa","Ropa, Ropa, Novedades, Selección Juanjo","TRUE","Color","Negro","Talla","S","wireless-lifting-jelly-bra-negro-s","19.95","39.90","0","continue","","","Wireless Lifting Jelly Bra","Tu nuevo básico para vestir sin complicarte. Wireless Lifting Jelly Bra aporta un toque especial a tus looks y se combina fácilmente para que te sientas cómoda, arreglada y tú misma en cualquier plan."
"wireless-lifting-jelly-bra","Wireless Lifting Jelly Bra","<p>Tu nuevo básico para vestir sin complicarte. Wireless Lifting Jelly Bra aporta un toque especial a tus looks y se combina fácilmente para que te sientas cómoda, arreglada y tú misma en cualquier plan.</p>","madammuse.co","Ropa","Ropa","Ropa, Ropa, Novedades, Selección Juanjo","TRUE","Color","Negro","Talla","M","wireless-lifting-jelly-bra-negro-m","19.95","39.90","0","continue","","","Wireless Lifting Jelly Bra","Tu nuevo básico para vestir sin complicarte. Wireless Lifting Jelly Bra aporta un toque especial a tus looks y se combina fácilmente para que te sientas cómoda, arreglada y tú misma en cualquier plan."
"wireless-lifting-jelly-bra","Wireless Lifting Jelly Bra","<p>Tu nuevo básico para vestir sin complicarte. Wireless Lifting Jelly Bra aporta un toque especial a tus looks y se combina fácilmente para que te sientas cómoda, arreglada y tú misma en cualquier plan.</p>","madammuse.co","Ropa","Ropa","Ropa, Ropa, Novedades, Selección Juanjo","TRUE","Color","Negro","Talla","L","wireless-lifting-jelly-bra-negro-l","19.95","39.90","0","continue","","","Wireless Lifting Jelly Bra","Tu nuevo básico para vestir sin complicarte. Wireless Lifting Jelly Bra aporta un toque especial a tus looks y se combina fácilmente para que te sientas cómoda, arreglada y tú misma en cualquier plan."
"wireless-lifting-jelly-bra","Wireless Lifting Jelly Bra","<p>Tu nuevo básico para vestir sin complicarte. Wireless Lifting Jelly Bra aporta un toque especial a tus looks y se combina fácilmente para que te sientas cómoda, arreglada y tú misma en cualquier plan.</p>","madammuse.co","Ropa","Ropa","Ropa, Ropa, Novedades, Selección Juanjo","TRUE","Color","Negro","Talla","XL","wireless-lifting-jelly-bra-negro-xl","19.95","39.90","0","continue","","","Wireless Lifting Jelly Bra","Tu nuevo básico para vestir sin complicarte. Wireless Lifting Jelly Bra aporta un toque especial a tus looks y se combina fácilmente para que te sientas cómoda, arreglada y tú misma en cualquier plan."
"wireless-lifting-jelly-bra","Wireless Lifting Jelly Bra","<p>Tu nuevo básico para vestir sin complicarte. Wireless Lifting Jelly Bra aporta un toque especial a tus looks y se combina fácilmente para que te sientas cómoda, arreglada y tú misma en cualquier plan.</p>","madammuse.co","Ropa","Ropa","Ropa, Ropa, Novedades, Selección Juanjo","TRUE","Color","Beige","Talla","S","wireless-lifting-jelly-bra-beige-s","19.95","39.90","0","continue","","","Wireless Lifting Jelly Bra","Tu nuevo básico para vestir sin complicarte. Wireless Lifting Jelly Bra aporta un toque especial a tus looks y se combina fácilmente para que te sientas cómoda, arreglada y tú misma en cualquier plan."
"wireless-lifting-jelly-bra","Wireless Lifting Jelly Bra","<p>Tu nuevo básico para vestir sin complicarte. Wireless Lifting Jelly Bra aporta un toque especial a tus looks y se combina fácilmente para que te sientas cómoda, arreglada y tú misma en cualquier plan.</p>","madammuse.co","Ropa","Ropa","Ropa, Ropa, Novedades, Selección Juanjo","TRUE","Color","Beige","Talla","M","wireless-lifting-jelly-bra-beige-m","19.95","39.90","0","continue","","","Wireless Lifting Jelly Bra","Tu nuevo básico para vestir sin complicarte. Wireless Lifting Jelly Bra aporta un toque especial a tus looks y se combina fácilmente para que te sientas cómoda, arreglada y tú misma en cualquier plan."
"wireless-lifting-jelly-bra","Wireless Lifting Jelly Bra","<p>Tu nuevo básico para vestir sin complicarte. Wireless Lifting Jelly Bra aporta un toque especial a tus looks y se combina fácilmente para que te sientas cómoda, arreglada y tú misma en cualquier plan.</p>","madammuse.co","Ropa","Ropa","Ropa, Ropa, Novedades, Selección Juanjo","TRUE","Color","Beige","Talla","L","wireless-lifting-jelly-bra-beige-l","19.95","39.90","0","continue","","","Wireless Lifting Jelly Bra","Tu nuevo básico para vestir sin complicarte. Wireless Lifting Jelly Bra aporta un toque especial a tus looks y se combina fácilmente para que te sientas cómoda, arreglada y tú misma en cualquier plan."
"wireless-lifting-jelly-bra","Wireless Lifting Jelly Bra","<p>Tu nuevo básico para vestir sin complicarte. Wireless Lifting Jelly Bra aporta un toque especial a tus looks y se combina fácilmente para que te sientas cómoda, arreglada y tú misma en cualquier plan.</p>","madammuse.co","Ropa","Ropa","Ropa, Ropa, Novedades, Selección Juanjo","TRUE","Color","Beige","Talla","XL","wireless-lifting-jelly-bra-beige-xl","19.95","39.90","0","continue","","","Wireless Lifting Jelly Bra","Tu nuevo básico para vestir sin complicarte. Wireless Lifting Jelly Bra aporta un toque especial a tus looks y se combina fácilmente para que te sientas cómoda, arreglada y tú misma en cualquier plan."
"wireless-lifting-jelly-bra","Wireless Lifting Jelly Bra","<p>Tu nuevo básico para vestir sin complicarte. Wireless Lifting Jelly Bra aporta un toque especial a tus looks y se combina fácilmente para que te sientas cómoda, arreglada y tú misma en cualquier plan.</p>","madammuse.co","Ropa","Ropa","Ropa, Ropa, Novedades, Selección Juanjo","TRUE","Color","Blanco","Talla","S","wireless-lifting-jelly-bra-blanco-s","19.95","39.90","0","continue","","","Wireless Lifting Jelly Bra","Tu nuevo básico para vestir sin complicarte. Wireless Lifting Jelly Bra aporta un toque especial a tus looks y se combina fácilmente para que te sientas cómoda, arreglada y tú misma en cualquier plan."
"wireless-lifting-jelly-bra","Wireless Lifting Jelly Bra","<p>Tu nuevo básico para vestir sin complicarte. Wireless Lifting Jelly Bra aporta un toque especial a tus looks y se combina fácilmente para que te sientas cómoda, arreglada y tú misma en cualquier plan.</p>","madammuse.co","Ropa","Ropa","Ropa, Ropa, Novedades, Selección Juanjo","TRUE","Color","Blanco","Talla","M","wireless-lifting-jelly-bra-blanco-m","19.95","39.90","0","continue","","","Wireless Lifting Jelly Bra","Tu nuevo básico para vestir sin complicarte. Wireless Lifting Jelly Bra aporta un toque especial a tus looks y se combina fácilmente para que te sientas cómoda, arreglada y tú misma en cualquier plan."
"wireless-lifting-jelly-bra","Wireless Lifting Jelly Bra","<p>Tu nuevo básico para vestir sin complicarte. Wireless Lifting Jelly Bra aporta un toque especial a tus looks y se combina fácilmente para que te sientas cómoda, arreglada y tú misma en cualquier plan.</p>","madammuse.co","Ropa","Ropa","Ropa, Ropa, Novedades, Selección Juanjo","TRUE","Color","Blanco","Talla","L","wireless-lifting-jelly-bra-blanco-l","19.95","39.90","0","continue","","","Wireless Lifting Jelly Bra","Tu nuevo básico para vestir sin complicarte. Wireless Lifting Jelly Bra aporta un toque especial a tus looks y se combina fácilmente para que te sientas cómoda, arreglada y tú misma en cualquier plan."
"wireless-lifting-jelly-bra","Wireless Lifting Jelly Bra","<p>Tu nuevo básico para vestir sin complicarte. Wireless Lifting Jelly Bra aporta un toque especial a tus looks y se combina fácilmente para que te sientas cómoda, arreglada y tú misma en cualquier plan.</p>","madammuse.co","Ropa","Ropa","Ropa, Ropa, Novedades, Selección Juanjo","TRUE","Color","Blanco","Talla","XL","wireless-lifting-jelly-bra-blanco-xl","19.95","39.90","0","continue","","","Wireless Lifting Jelly Bra","Tu nuevo básico para vestir sin complicarte. Wireless Lifting Jelly Bra aporta un toque especial a tus looks y se combina fácilmente para que te sientas cómoda, arreglada y tú misma en cualquier plan."
"wireless-lifting-jelly-bra","Wireless Lifting Jelly Bra","<p>Tu nuevo básico para vestir sin complicarte. Wireless Lifting Jelly Bra aporta un toque especial a tus looks y se combina fácilmente para que te sientas cómoda, arreglada y tú misma en cualquier plan.</p>","madammuse.co","Ropa","Ropa","Ropa, Ropa, Novedades, Selección Juanjo","TRUE","Color","Verde","Talla","S","wireless-lifting-jelly-bra-verde-s","19.95","39.90","0","continue","","","Wireless Lifting Jelly Bra","Tu nuevo básico para vestir sin complicarte. Wireless Lifting Jelly Bra aporta un toque especial a tus looks y se combina fácilmente para que te sientas cómoda, arreglada y tú misma en cualquier plan."
"wireless-lifting-jelly-bra","Wireless Lifting Jelly Bra","<p>Tu nuevo básico para vestir sin complicarte. Wireless Lifting Jelly Bra aporta un toque especial a tus looks y se combina fácilmente para que te sientas cómoda, arreglada y tú misma en cualquier plan.</p>","madammuse.co","Ropa","Ropa","Ropa, Ropa, Novedades, Selección Juanjo","TRUE","Color","Verde","Talla","M","wireless-lifting-jelly-bra-verde-m","19.95","39.90","0","continue","","","Wireless Lifting Jelly Bra","Tu nuevo básico para vestir sin complicarte. Wireless Lifting Jelly Bra aporta un toque especial a tus looks y se combina fácilmente para que te sientas cómoda, arreglada y tú misma en cualquier plan."
"wireless-lifting-jelly-bra","Wireless Lifting Jelly Bra","<p>Tu nuevo básico para vestir sin complicarte. Wireless Lifting Jelly Bra aporta un toque especial a tus looks y se combina fácilmente para que te sientas cómoda, arreglada y tú misma en cualquier plan.</p>","madammuse.co","Ropa","Ropa","Ropa, Ropa, Novedades, Selección Juanjo","TRUE","Color","Verde","Talla","L","wireless-lifting-jelly-bra-verde-l","19.95","39.90","0","continue","","","Wireless Lifting Jelly Bra","Tu nuevo básico para vestir sin complicarte. Wireless Lifting Jelly Bra aporta un toque especial a tus looks y se combina fácilmente para que te sientas cómoda, arreglada y tú misma en cualquier plan."
"wireless-lifting-jelly-bra","Wireless Lifting Jelly Bra","<p>Tu nuevo básico para vestir sin complicarte. Wireless Lifting Jelly Bra aporta un toque especial a tus looks y se combina fácilmente para que te sientas cómoda, arreglada y tú misma en cualquier plan.</p>","madammuse.co","Ropa","Ropa","Ropa, Ropa, Novedades, Selección Juanjo","TRUE","Color","Verde","Talla","XL","wireless-lifting-jelly-bra-verde-xl","19.95","39.90","0","continue","","","Wireless Lifting Jelly Bra","Tu nuevo básico para vestir sin complicarte. Wireless Lifting Jelly Bra aporta un toque especial a tus looks y se combina fácilmente para que te sientas cómoda, arreglada y tú misma en cualquier plan."
"stm-tex-classic-relaxed-fit-rain-hoodie","STM-TEX Classic Relaxed Fit Rain Hoodie","<p>Tu nuevo básico para vestir sin complicarte. STM-TEX Classic Relaxed Fit Rain Hoodie aporta un toque especial a tus looks y se combina fácilmente para que te sientas cómoda, arreglada y tú misma en cualquier plan.</p>","puffit.com","Ropa","Ropa","Ropa, Ropa, Novedades, Selección Juanjo","TRUE","Color","Negro","Talla","S","stm-tex-classic-relaxed-fit-rain-hoodie-negro-s","49.99","79.99","0","continue","","","STM-TEX Classic Relaxed Fit Rain Hoodie","Tu nuevo básico para vestir sin complicarte. STM-TEX Classic Relaxed Fit Rain Hoodie aporta un toque especial a tus looks y se combina fácilmente para que te sientas cómoda, arreglada y tú misma en cualquier plan."
"stm-tex-classic-relaxed-fit-rain-hoodie","STM-TEX Classic Relaxed Fit Rain Hoodie","<p>Tu nuevo básico para vestir sin complicarte. STM-TEX Classic Relaxed Fit Rain Hoodie aporta un toque especial a tus looks y se combina fácilmente para que te sientas cómoda, arreglada y tú misma en cualquier plan.</p>","puffit.com","Ropa","Ropa","Ropa, Ropa, Novedades, Selección Juanjo","TRUE","Color","Negro","Talla","M","stm-tex-classic-relaxed-fit-rain-hoodie-negro-m","49.99","79.99","0","continue","","","STM-TEX Classic Relaxed Fit Rain Hoodie","Tu nuevo básico para vestir sin complicarte. STM-TEX Classic Relaxed Fit Rain Hoodie aporta un toque especial a tus looks y se combina fácilmente para que te sientas cómoda, arreglada y tú misma en cualquier plan."
"stm-tex-classic-relaxed-fit-rain-hoodie","STM-TEX Classic Relaxed Fit Rain Hoodie","<p>Tu nuevo básico para vestir sin complicarte. STM-TEX Classic Relaxed Fit Rain Hoodie aporta un toque especial a tus looks y se combina fácilmente para que te sientas cómoda, arreglada y tú misma en cualquier plan.</p>","puffit.com","Ropa","Ropa","Ropa, Ropa, Novedades, Selección Juanjo","TRUE","Color","Negro","Talla","L","stm-tex-classic-relaxed-fit-rain-hoodie-negro-l","49.99","79.99","0","continue","","","STM-TEX Classic Relaxed Fit Rain Hoodie","Tu nuevo básico para vestir sin complicarte. STM-TEX Classic Relaxed Fit Rain Hoodie aporta un toque especial a tus looks y se combina fácilmente para que te sientas cómoda, arreglada y tú misma en cualquier plan."
"stm-tex-classic-relaxed-fit-rain-hoodie","STM-TEX Classic Relaxed Fit Rain Hoodie","<p>Tu nuevo básico para vestir sin complicarte. STM-TEX Classic Relaxed Fit Rain Hoodie aporta un toque especial a tus looks y se combina fácilmente para que te sientas cómoda, arreglada y tú misma en cualquier plan.</p>","puffit.com","Ropa","Ropa","Ropa, Ropa, Novedades, Selección Juanjo","TRUE","Color","Negro","Talla","XL","stm-tex-classic-relaxed-fit-rain-hoodie-negro-xl","49.99","79.99","0","continue","","","STM-TEX Classic Relaxed Fit Rain Hoodie","Tu nuevo básico para vestir sin complicarte. STM-TEX Classic Relaxed Fit Rain Hoodie aporta un toque especial a tus looks y se combina fácilmente para que te sientas cómoda, arreglada y tú misma en cualquier plan."
"stm-tex-classic-relaxed-fit-rain-hoodie","STM-TEX Classic Relaxed Fit Rain Hoodie","<p>Tu nuevo básico para vestir sin complicarte. STM-TEX Classic Relaxed Fit Rain Hoodie aporta un toque especial a tus looks y se combina fácilmente para que te sientas cómoda, arreglada y tú misma en cualquier plan.</p>","puffit.com","Ropa","Ropa","Ropa, Ropa, Novedades, Selección Juanjo","TRUE","Color","Beige","Talla","S","stm-tex-classic-relaxed-fit-rain-hoodie-beige-s","49.99","79.99","0","continue","","","STM-TEX Classic Relaxed Fit Rain Hoodie","Tu nuevo básico para vestir sin complicarte. STM-TEX Classic Relaxed Fit Rain Hoodie aporta un toque especial a tus looks y se combina fácilmente para que te sientas cómoda, arreglada y tú misma en cualquier plan."
"stm-tex-classic-relaxed-fit-rain-hoodie","STM-TEX Classic Relaxed Fit Rain Hoodie","<p>Tu nuevo básico para vestir sin complicarte. STM-TEX Classic Relaxed Fit Rain Hoodie aporta un toque especial a tus looks y se combina fácilmente para que te sientas cómoda, arreglada y tú misma en cualquier plan.</p>","puffit.com","Ropa","Ropa","Ropa, Ropa, Novedades, Selección Juanjo","TRUE","Color","Beige","Talla","M","stm-tex-classic-relaxed-fit-rain-hoodie-beige-m","49.99","79.99","0","continue","","","STM-TEX Classic Relaxed Fit Rain Hoodie","Tu nuevo básico para vestir sin complicarte. STM-TEX Classic Relaxed Fit Rain Hoodie aporta un toque especial a tus looks y se combina fácilmente para que te sientas cómoda, arreglada y tú misma en cualquier plan."
"stm-tex-classic-relaxed-fit-rain-hoodie","STM-TEX Classic Relaxed Fit Rain Hoodie","<p>Tu nuevo básico para vestir sin complicarte. STM-TEX Classic Relaxed Fit Rain Hoodie aporta un toque especial a tus looks y se combina fácilmente para que te sientas cómoda, arreglada y tú misma en cualquier plan.</p>","puffit.com","Ropa","Ropa","Ropa, Ropa, Novedades, Selección Juanjo","TRUE","Color","Beige","Talla","L","stm-tex-classic-relaxed-fit-rain-hoodie-beige-l","49.99","79.99","0","continue","","","STM-TEX Classic Relaxed Fit Rain Hoodie","Tu nuevo básico para vestir sin complicarte. STM-TEX Classic Relaxed Fit Rain Hoodie aporta un toque especial a tus looks y se combina fácilmente para que te sientas cómoda, arreglada y tú misma en cualquier plan."
"stm-tex-classic-relaxed-fit-rain-hoodie","STM-TEX Classic Relaxed Fit Rain Hoodie","<p>Tu nuevo básico para vestir sin complicarte. STM-TEX Classic Relaxed Fit Rain Hoodie aporta un toque especial a tus looks y se combina fácilmente para que te sientas cómoda, arreglada y tú misma en cualquier plan.</p>","puffit.com","Ropa","Ropa","Ropa, Ropa, Novedades, Selección Juanjo","TRUE","Color","Beige","Talla","XL","stm-tex-classic-relaxed-fit-rain-hoodie-beige-xl","49.99","79.99","0","continue","","","STM-TEX Classic Relaxed Fit Rain Hoodie","Tu nuevo básico para vestir sin complicarte. STM-TEX Classic Relaxed Fit Rain Hoodie aporta un toque especial a tus looks y se combina fácilmente para que te sientas cómoda, arreglada y tú misma en cualquier plan."
"stm-tex-classic-relaxed-fit-rain-hoodie","STM-TEX Classic Relaxed Fit Rain Hoodie","<p>Tu nuevo básico para vestir sin complicarte. STM-TEX Classic Relaxed Fit Rain Hoodie aporta un toque especial a tus looks y se combina fácilmente para que te sientas cómoda, arreglada y tú misma en cualquier plan.</p>","puffit.com","Ropa","Ropa","Ropa, Ropa, Novedades, Selección Juanjo","TRUE","Color","Blanco","Talla","S","stm-tex-classic-relaxed-fit-rain-hoodie-blanco-s","49.99","79.99","0","continue","","","STM-TEX Classic Relaxed Fit Rain Hoodie","Tu nuevo básico para vestir sin complicarte. STM-TEX Classic Relaxed Fit Rain Hoodie aporta un toque especial a tus looks y se combina fácilmente para que te sientas cómoda, arreglada y tú misma en cualquier plan."
"stm-tex-classic-relaxed-fit-rain-hoodie","STM-TEX Classic Relaxed Fit Rain Hoodie","<p>Tu nuevo básico para vestir sin complicarte. STM-TEX Classic Relaxed Fit Rain Hoodie aporta un toque especial a tus looks y se combina fácilmente para que te sientas cómoda, arreglada y tú misma en cualquier plan.</p>","puffit.com","Ropa","Ropa","Ropa, Ropa, Novedades, Selección Juanjo","TRUE","Color","Blanco","Talla","M","stm-tex-classic-relaxed-fit-rain-hoodie-blanco-m","49.99","79.99","0","continue","","","STM-TEX Classic Relaxed Fit Rain Hoodie","Tu nuevo básico para vestir sin complicarte. STM-TEX Classic Relaxed Fit Rain Hoodie aporta un toque especial a tus looks y se combina fácilmente para que te sientas cómoda, arreglada y tú misma en cualquier plan."
"stm-tex-classic-relaxed-fit-rain-hoodie","STM-TEX Classic Relaxed Fit Rain Hoodie","<p>Tu nuevo básico para vestir sin complicarte. STM-TEX Classic Relaxed Fit Rain Hoodie aporta un toque especial a tus looks y se combina fácilmente para que te sientas cómoda, arreglada y tú misma en cualquier plan.</p>","puffit.com","Ropa","Ropa","Ropa, Ropa, Novedades, Selección Juanjo","TRUE","Color","Blanco","Talla","L","stm-tex-classic-relaxed-fit-rain-hoodie-blanco-l","49.99","79.99","0","continue","","","STM-TEX Classic Relaxed Fit Rain Hoodie","Tu nuevo básico para vestir sin complicarte. STM-TEX Classic Relaxed Fit Rain Hoodie aporta un toque especial a tus looks y se combina fácilmente para que te sientas cómoda, arreglada y tú misma en cualquier plan."
"stm-tex-classic-relaxed-fit-rain-hoodie","STM-TEX Classic Relaxed Fit Rain Hoodie","<p>Tu nuevo básico para vestir sin complicarte. STM-TEX Classic Relaxed Fit Rain Hoodie aporta un toque especial a tus looks y se combina fácilmente para que te sientas cómoda, arreglada y tú misma en cualquier plan.</p>","puffit.com","Ropa","Ropa","Ropa, Ropa, Novedades, Selección Juanjo","TRUE","Color","Blanco","Talla","XL","stm-tex-classic-relaxed-fit-rain-hoodie-blanco-xl","49.99","79.99","0","continue","","","STM-TEX Classic Relaxed Fit Rain Hoodie","Tu nuevo básico para vestir sin complicarte. STM-TEX Classic Relaxed Fit Rain Hoodie aporta un toque especial a tus looks y se combina fácilmente para que te sientas cómoda, arreglada y tú misma en cualquier plan."
"stm-tex-classic-relaxed-fit-rain-hoodie","STM-TEX Classic Relaxed Fit Rain Hoodie","<p>Tu nuevo básico para vestir sin complicarte. STM-TEX Classic Relaxed Fit Rain Hoodie aporta un toque especial a tus looks y se combina fácilmente para que te sientas cómoda, arreglada y tú misma en cualquier plan.</p>","puffit.com","Ropa","Ropa","Ropa, Ropa, Novedades, Selección Juanjo","TRUE","Color","Verde","Talla","S","stm-tex-classic-relaxed-fit-rain-hoodie-verde-s","49.99","79.99","0","continue","","","STM-TEX Classic Relaxed Fit Rain Hoodie","Tu nuevo básico para vestir sin complicarte. STM-TEX Classic Relaxed Fit Rain Hoodie aporta un toque especial a tus looks y se combina fácilmente para que te sientas cómoda, arreglada y tú misma en cualquier plan."
"stm-tex-classic-relaxed-fit-rain-hoodie","STM-TEX Classic Relaxed Fit Rain Hoodie","<p>Tu nuevo básico para vestir sin complicarte. STM-TEX Classic Relaxed Fit Rain Hoodie aporta un toque especial a tus looks y se combina fácilmente para que te sientas cómoda, arreglada y tú misma en cualquier plan.</p>","puffit.com","Ropa","Ropa","Ropa, Ropa, Novedades, Selección Juanjo","TRUE","Color","Verde","Talla","M","stm-tex-classic-relaxed-fit-rain-hoodie-verde-m","49.99","79.99","0","continue","","","STM-TEX Classic Relaxed Fit Rain Hoodie","Tu nuevo básico para vestir sin complicarte. STM-TEX Classic Relaxed Fit Rain Hoodie aporta un toque especial a tus looks y se combina fácilmente para que te sientas cómoda, arreglada y tú misma en cualquier plan."
"stm-tex-classic-relaxed-fit-rain-hoodie","STM-TEX Classic Relaxed Fit Rain Hoodie","<p>Tu nuevo básico para vestir sin complicarte. STM-TEX Classic Relaxed Fit Rain Hoodie aporta un toque especial a tus looks y se combina fácilmente para que te sientas cómoda, arreglada y tú misma en cualquier plan.</p>","puffit.com","Ropa","Ropa","Ropa, Ropa, Novedades, Selección Juanjo","TRUE","Color","Verde","Talla","L","stm-tex-classic-relaxed-fit-rain-hoodie-verde-l","49.99","79.99","0","continue","","","STM-TEX Classic Relaxed Fit Rain Hoodie","Tu nuevo básico para vestir sin complicarte. STM-TEX Classic Relaxed Fit Rain Hoodie aporta un toque especial a tus looks y se combina fácilmente para que te sientas cómoda, arreglada y tú misma en cualquier plan."
"stm-tex-classic-relaxed-fit-rain-hoodie","STM-TEX Classic Relaxed Fit Rain Hoodie","<p>Tu nuevo básico para vestir sin complicarte. STM-TEX Classic Relaxed Fit Rain Hoodie aporta un toque especial a tus looks y se combina fácilmente para que te sientas cómoda, arreglada y tú misma en cualquier plan.</p>","puffit.com","Ropa","Ropa","Ropa, Ropa, Novedades, Selección Juanjo","TRUE","Color","Verde","Talla","XL","stm-tex-classic-relaxed-fit-rain-hoodie-verde-xl","49.99","79.99","0","continue","","","STM-TEX Classic Relaxed Fit Rain Hoodie","Tu nuevo básico para vestir sin complicarte. STM-TEX Classic Relaxed Fit Rain Hoodie aporta un toque especial a tus looks y se combina fácilmente para que te sientas cómoda, arreglada y tú misma en cualquier plan."
"elevate-sculpting-flare-leggings","Elevate Sculpting Flare Leggings","<p>Tu nuevo básico para vestir sin complicarte. Elevate Sculpting Flare Leggings aporta un toque especial a tus looks y se combina fácilmente para que te sientas cómoda, arreglada y tú misma en cualquier plan.</p>","thrivin.com","Ropa","Ropa","Ropa, Ropa, Novedades, Selección Juanjo","TRUE","Color","Negro","Talla","S","elevate-sculpting-flare-leggings-negro-s","48.00","61.00","0","continue","","","Elevate Sculpting Flare Leggings","Tu nuevo básico para vestir sin complicarte. Elevate Sculpting Flare Leggings aporta un toque especial a tus looks y se combina fácilmente para que te sientas cómoda, arreglada y tú misma en cualquier plan."
"elevate-sculpting-flare-leggings","Elevate Sculpting Flare Leggings","<p>Tu nuevo básico para vestir sin complicarte. Elevate Sculpting Flare Leggings aporta un toque especial a tus looks y se combina fácilmente para que te sientas cómoda, arreglada y tú misma en cualquier plan.</p>","thrivin.com","Ropa","Ropa","Ropa, Ropa, Novedades, Selección Juanjo","TRUE","Color","Negro","Talla","M","elevate-sculpting-flare-leggings-negro-m","48.00","61.00","0","continue","","","Elevate Sculpting Flare Leggings","Tu nuevo básico para vestir sin complicarte. Elevate Sculpting Flare Leggings aporta un toque especial a tus looks y se combina fácilmente para que te sientas cómoda, arreglada y tú misma en cualquier plan."
"elevate-sculpting-flare-leggings","Elevate Sculpting Flare Leggings","<p>Tu nuevo básico para vestir sin complicarte. Elevate Sculpting Flare Leggings aporta un toque especial a tus looks y se combina fácilmente para que te sientas cómoda, arreglada y tú misma en cualquier plan.</p>","thrivin.com","Ropa","Ropa","Ropa, Ropa, Novedades, Selección Juanjo","TRUE","Color","Negro","Talla","L","elevate-sculpting-flare-leggings-negro-l","48.00","61.00","0","continue","","","Elevate Sculpting Flare Leggings","Tu nuevo básico para vestir sin complicarte. Elevate Sculpting Flare Leggings aporta un toque especial a tus looks y se combina fácilmente para que te sientas cómoda, arreglada y tú misma en cualquier plan."
"elevate-sculpting-flare-leggings","Elevate Sculpting Flare Leggings","<p>Tu nuevo básico para vestir sin complicarte. Elevate Sculpting Flare Leggings aporta un toque especial a tus looks y se combina fácilmente para que te sientas cómoda, arreglada y tú misma en cualquier plan.</p>","thrivin.com","Ropa","Ropa","Ropa, Ropa, Novedades, Selección Juanjo","TRUE","Color","Negro","Talla","XL","elevate-sculpting-flare-leggings-negro-xl","48.00","61.00","0","continue","","","Elevate Sculpting Flare Leggings","Tu nuevo básico para vestir sin complicarte. Elevate Sculpting Flare Leggings aporta un toque especial a tus looks y se combina fácilmente para que te sientas cómoda, arreglada y tú misma en cualquier plan."
"elevate-sculpting-flare-leggings","Elevate Sculpting Flare Leggings","<p>Tu nuevo básico para vestir sin complicarte. Elevate Sculpting Flare Leggings aporta un toque especial a tus looks y se combina fácilmente para que te sientas cómoda, arreglada y tú misma en cualquier plan.</p>","thrivin.com","Ropa","Ropa","Ropa, Ropa, Novedades, Selección Juanjo","TRUE","Color","Beige","Talla","S","elevate-sculpting-flare-leggings-beige-s","48.00","61.00","0","continue","","","Elevate Sculpting Flare Leggings","Tu nuevo básico para vestir sin complicarte. Elevate Sculpting Flare Leggings aporta un toque especial a tus looks y se combina fácilmente para que te sientas cómoda, arreglada y tú misma en cualquier plan."
"elevate-sculpting-flare-leggings","Elevate Sculpting Flare Leggings","<p>Tu nuevo básico para vestir sin complicarte. Elevate Sculpting Flare Leggings aporta un toque especial a tus looks y se combina fácilmente para que te sientas cómoda, arreglada y tú misma en cualquier plan.</p>","thrivin.com","Ropa","Ropa","Ropa, Ropa, Novedades, Selección Juanjo","TRUE","Color","Beige","Talla","M","elevate-sculpting-flare-leggings-beige-m","48.00","61.00","0","continue","","","Elevate Sculpting Flare Leggings","Tu nuevo básico para vestir sin complicarte. Elevate Sculpting Flare Leggings aporta un toque especial a tus looks y se combina fácilmente para que te sientas cómoda, arreglada y tú misma en cualquier plan."
"elevate-sculpting-flare-leggings","Elevate Sculpting Flare Leggings","<p>Tu nuevo básico para vestir sin complicarte. Elevate Sculpting Flare Leggings aporta un toque especial a tus looks y se combina fácilmente para que te sientas cómoda, arreglada y tú misma en cualquier plan.</p>","thrivin.com","Ropa","Ropa","Ropa, Ropa, Novedades, Selección Juanjo","TRUE","Color","Beige","Talla","L","elevate-sculpting-flare-leggings-beige-l","48.00","61.00","0","continue","","","Elevate Sculpting Flare Leggings","Tu nuevo básico para vestir sin complicarte. Elevate Sculpting Flare Leggings aporta un toque especial a tus looks y se combina fácilmente para que te sientas cómoda, arreglada y tú misma en cualquier plan."
"elevate-sculpting-flare-leggings","Elevate Sculpting Flare Leggings","<p>Tu nuevo básico para vestir sin complicarte. Elevate Sculpting Flare Leggings aporta un toque especial a tus looks y se combina fácilmente para que te sientas cómoda, arreglada y tú misma en cualquier plan.</p>","thrivin.com","Ropa","Ropa","Ropa, Ropa, Novedades, Selección Juanjo","TRUE","Color","Beige","Talla","XL","elevate-sculpting-flare-leggings-beige-xl","48.00","61.00","0","continue","","","Elevate Sculpting Flare Leggings","Tu nuevo básico para vestir sin complicarte. Elevate Sculpting Flare Leggings aporta un toque especial a tus looks y se combina fácilmente para que te sientas cómoda, arreglada y tú misma en cualquier plan."
"elevate-sculpting-flare-leggings","Elevate Sculpting Flare Leggings","<p>Tu nuevo básico para vestir sin complicarte. Elevate Sculpting Flare Leggings aporta un toque especial a tus looks y se combina fácilmente para que te sientas cómoda, arreglada y tú misma en cualquier plan.</p>","thrivin.com","Ropa","Ropa","Ropa, Ropa, Novedades, Selección Juanjo","TRUE","Color","Blanco","Talla","S","elevate-sculpting-flare-leggings-blanco-s","48.00","61.00","0","continue","","","Elevate Sculpting Flare Leggings","Tu nuevo básico para vestir sin complicarte. Elevate Sculpting Flare Leggings aporta un toque especial a tus looks y se combina fácilmente para que te sientas cómoda, arreglada y tú misma en cualquier plan."
"elevate-sculpting-flare-leggings","Elevate Sculpting Flare Leggings","<p>Tu nuevo básico para vestir sin complicarte. Elevate Sculpting Flare Leggings aporta un toque especial a tus looks y se combina fácilmente para que te sientas cómoda, arreglada y tú misma en cualquier plan.</p>","thrivin.com","Ropa","Ropa","Ropa, Ropa, Novedades, Selección Juanjo","TRUE","Color","Blanco","Talla","M","elevate-sculpting-flare-leggings-blanco-m","48.00","61.00","0","continue","","","Elevate Sculpting Flare Leggings","Tu nuevo básico para vestir sin complicarte. Elevate Sculpting Flare Leggings aporta un toque especial a tus looks y se combina fácilmente para que te sientas cómoda, arreglada y tú misma en cualquier plan."
"elevate-sculpting-flare-leggings","Elevate Sculpting Flare Leggings","<p>Tu nuevo básico para vestir sin complicarte. Elevate Sculpting Flare Leggings aporta un toque especial a tus looks y se combina fácilmente para que te sientas cómoda, arreglada y tú misma en cualquier plan.</p>","thrivin.com","Ropa","Ropa","Ropa, Ropa, Novedades, Selección Juanjo","TRUE","Color","Blanco","Talla","L","elevate-sculpting-flare-leggings-blanco-l","48.00","61.00","0","continue","","","Elevate Sculpting Flare Leggings","Tu nuevo básico para vestir sin complicarte. Elevate Sculpting Flare Leggings aporta un toque especial a tus looks y se combina fácilmente para que te sientas cómoda, arreglada y tú misma en cualquier plan."
"elevate-sculpting-flare-leggings","Elevate Sculpting Flare Leggings","<p>Tu nuevo básico para vestir sin complicarte. Elevate Sculpting Flare Leggings aporta un toque especial a tus looks y se combina fácilmente para que te sientas cómoda, arreglada y tú misma en cualquier plan.</p>","thrivin.com","Ropa","Ropa","Ropa, Ropa, Novedades, Selección Juanjo","TRUE","Color","Blanco","Talla","XL","elevate-sculpting-flare-leggings-blanco-xl","48.00","61.00","0","continue","","","Elevate Sculpting Flare Leggings","Tu nuevo básico para vestir sin complicarte. Elevate Sculpting Flare Leggings aporta un toque especial a tus looks y se combina fácilmente para que te sientas cómoda, arreglada y tú misma en cualquier plan."
"elevate-sculpting-flare-leggings","Elevate Sculpting Flare Leggings","<p>Tu nuevo básico para vestir sin complicarte. Elevate Sculpting Flare Leggings aporta un toque especial a tus looks y se combina fácilmente para que te sientas cómoda, arreglada y tú misma en cualquier plan.</p>","thrivin.com","Ropa","Ropa","Ropa, Ropa, Novedades, Selección Juanjo","TRUE","Color","Verde","Talla","S","elevate-sculpting-flare-leggings-verde-s","48.00","61.00","0","continue","","","Elevate Sculpting Flare Leggings","Tu nuevo básico para vestir sin complicarte. Elevate Sculpting Flare Leggings aporta un toque especial a tus looks y se combina fácilmente para que te sientas cómoda, arreglada y tú misma en cualquier plan."
"elevate-sculpting-flare-leggings","Elevate Sculpting Flare Leggings","<p>Tu nuevo básico para vestir sin complicarte. Elevate Sculpting Flare Leggings aporta un toque especial a tus looks y se combina fácilmente para que te sientas cómoda, arreglada y tú misma en cualquier plan.</p>","thrivin.com","Ropa","Ropa","Ropa, Ropa, Novedades, Selección Juanjo","TRUE","Color","Verde","Talla","M","elevate-sculpting-flare-leggings-verde-m","48.00","61.00","0","continue","","","Elevate Sculpting Flare Leggings","Tu nuevo básico para vestir sin complicarte. Elevate Sculpting Flare Leggings aporta un toque especial a tus looks y se combina fácilmente para que te sientas cómoda, arreglada y tú misma en cualquier plan."
"elevate-sculpting-flare-leggings","Elevate Sculpting Flare Leggings","<p>Tu nuevo básico para vestir sin complicarte. Elevate Sculpting Flare Leggings aporta un toque especial a tus looks y se combina fácilmente para que te sientas cómoda, arreglada y tú misma en cualquier plan.</p>","thrivin.com","Ropa","Ropa","Ropa, Ropa, Novedades, Selección Juanjo","TRUE","Color","Verde","Talla","L","elevate-sculpting-flare-leggings-verde-l","48.00","61.00","0","continue","","","Elevate Sculpting Flare Leggings","Tu nuevo básico para vestir sin complicarte. Elevate Sculpting Flare Leggings aporta un toque especial a tus looks y se combina fácilmente para que te sientas cómoda, arreglada y tú misma en cualquier plan."
"elevate-sculpting-flare-leggings","Elevate Sculpting Flare Leggings","<p>Tu nuevo básico para vestir sin complicarte. Elevate Sculpting Flare Leggings aporta un toque especial a tus looks y se combina fácilmente para que te sientas cómoda, arreglada y tú misma en cualquier plan.</p>","thrivin.com","Ropa","Ropa","Ropa, Ropa, Novedades, Selección Juanjo","TRUE","Color","Verde","Talla","XL","elevate-sculpting-flare-leggings-verde-xl","48.00","61.00","0","continue","","","Elevate Sculpting Flare Leggings","Tu nuevo básico para vestir sin complicarte. Elevate Sculpting Flare Leggings aporta un toque especial a tus looks y se combina fácilmente para que te sientas cómoda, arreglada y tú misma en cualquier plan."
"women-s-relaxed-fit-denim-coverall-jumpsuit","Women's Relaxed Fit Denim Coverall Jumpsuit","<p>Tu nuevo básico para vestir sin complicarte. Women's Relaxed Fit Denim Coverall Jumpsuit aporta un toque especial a tus looks y se combina fácilmente para que te sientas cómoda, arreglada y tú misma en cualquier plan.</p>","madepants.com","Ropa","Ropa","Ropa, Ropa, Novedades, Selección Juanjo","TRUE","Color","Negro","Talla","S","women-s-relaxed-fit-denim-coverall-jumpsuit-negro-s","0.00","","0","continue","","","Women's Relaxed Fit Denim Coverall Jumpsuit","Tu nuevo básico para vestir sin complicarte. Women's Relaxed Fit Denim Coverall Jumpsuit aporta un toque especial a tus looks y se combina fácilmente para que te sientas cómoda, arreglada y tú misma en cualquier plan."
"women-s-relaxed-fit-denim-coverall-jumpsuit","Women's Relaxed Fit Denim Coverall Jumpsuit","<p>Tu nuevo básico para vestir sin complicarte. Women's Relaxed Fit Denim Coverall Jumpsuit aporta un toque especial a tus looks y se combina fácilmente para que te sientas cómoda, arreglada y tú misma en cualquier plan.</p>","madepants.com","Ropa","Ropa","Ropa, Ropa, Novedades, Selección Juanjo","TRUE","Color","Negro","Talla","M","women-s-relaxed-fit-denim-coverall-jumpsuit-negro-m","0.00","","0","continue","","","Women's Relaxed Fit Denim Coverall Jumpsuit","Tu nuevo básico para vestir sin complicarte. Women's Relaxed Fit Denim Coverall Jumpsuit aporta un toque especial a tus looks y se combina fácilmente para que te sientas cómoda, arreglada y tú misma en cualquier plan."
"women-s-relaxed-fit-denim-coverall-jumpsuit","Women's Relaxed Fit Denim Coverall Jumpsuit","<p>Tu nuevo básico para vestir sin complicarte. Women's Relaxed Fit Denim Coverall Jumpsuit aporta un toque especial a tus looks y se combina fácilmente para que te sientas cómoda, arreglada y tú misma en cualquier plan.</p>","madepants.com","Ropa","Ropa","Ropa, Ropa, Novedades, Selección Juanjo","TRUE","Color","Negro","Talla","L","women-s-relaxed-fit-denim-coverall-jumpsuit-negro-l","0.00","","0","continue","","","Women's Relaxed Fit Denim Coverall Jumpsuit","Tu nuevo básico para vestir sin complicarte. Women's Relaxed Fit Denim Coverall Jumpsuit aporta un toque especial a tus looks y se combina fácilmente para que te sientas cómoda, arreglada y tú misma en cualquier plan."
"women-s-relaxed-fit-denim-coverall-jumpsuit","Women's Relaxed Fit Denim Coverall Jumpsuit","<p>Tu nuevo básico para vestir sin complicarte. Women's Relaxed Fit Denim Coverall Jumpsuit aporta un toque especial a tus looks y se combina fácilmente para que te sientas cómoda, arreglada y tú misma en cualquier plan.</p>","madepants.com","Ropa","Ropa","Ropa, Ropa, Novedades, Selección Juanjo","TRUE","Color","Negro","Talla","XL","women-s-relaxed-fit-denim-coverall-jumpsuit-negro-xl","0.00","","0","continue","","","Women's Relaxed Fit Denim Coverall Jumpsuit","Tu nuevo básico para vestir sin complicarte. Women's Relaxed Fit Denim Coverall Jumpsuit aporta un toque especial a tus looks y se combina fácilmente para que te sientas cómoda, arreglada y tú misma en cualquier plan."
"women-s-relaxed-fit-denim-coverall-jumpsuit","Women's Relaxed Fit Denim Coverall Jumpsuit","<p>Tu nuevo básico para vestir sin complicarte. Women's Relaxed Fit Denim Coverall Jumpsuit aporta un toque especial a tus looks y se combina fácilmente para que te sientas cómoda, arreglada y tú misma en cualquier plan.</p>","madepants.com","Ropa","Ropa","Ropa, Ropa, Novedades, Selección Juanjo","TRUE","Color","Beige","Talla","S","women-s-relaxed-fit-denim-coverall-jumpsuit-beige-s","0.00","","0","continue","","","Women's Relaxed Fit Denim Coverall Jumpsuit","Tu nuevo básico para vestir sin complicarte. Women's Relaxed Fit Denim Coverall Jumpsuit aporta un toque especial a tus looks y se combina fácilmente para que te sientas cómoda, arreglada y tú misma en cualquier plan."
"women-s-relaxed-fit-denim-coverall-jumpsuit","Women's Relaxed Fit Denim Coverall Jumpsuit","<p>Tu nuevo básico para vestir sin complicarte. Women's Relaxed Fit Denim Coverall Jumpsuit aporta un toque especial a tus looks y se combina fácilmente para que te sientas cómoda, arreglada y tú misma en cualquier plan.</p>","madepants.com","Ropa","Ropa","Ropa, Ropa, Novedades, Selección Juanjo","TRUE","Color","Beige","Talla","M","women-s-relaxed-fit-denim-coverall-jumpsuit-beige-m","0.00","","0","continue","","","Women's Relaxed Fit Denim Coverall Jumpsuit","Tu nuevo básico para vestir sin complicarte. Women's Relaxed Fit Denim Coverall Jumpsuit aporta un toque especial a tus looks y se combina fácilmente para que te sientas cómoda, arreglada y tú misma en cualquier plan."
"women-s-relaxed-fit-denim-coverall-jumpsuit","Women's Relaxed Fit Denim Coverall Jumpsuit","<p>Tu nuevo básico para vestir sin complicarte. Women's Relaxed Fit Denim Coverall Jumpsuit aporta un toque especial a tus looks y se combina fácilmente para que te sientas cómoda, arreglada y tú misma en cualquier plan.</p>","madepants.com","Ropa","Ropa","Ropa, Ropa, Novedades, Selección Juanjo","TRUE","Color","Beige","Talla","L","women-s-relaxed-fit-denim-coverall-jumpsuit-beige-l","0.00","","0","continue","","","Women's Relaxed Fit Denim Coverall Jumpsuit","Tu nuevo básico para vestir sin complicarte. Women's Relaxed Fit Denim Coverall Jumpsuit aporta un toque especial a tus looks y se combina fácilmente para que te sientas cómoda, arreglada y tú misma en cualquier plan."
"women-s-relaxed-fit-denim-coverall-jumpsuit","Women's Relaxed Fit Denim Coverall Jumpsuit","<p>Tu nuevo básico para vestir sin complicarte. Women's Relaxed Fit Denim Coverall Jumpsuit aporta un toque especial a tus looks y se combina fácilmente para que te sientas cómoda, arreglada y tú misma en cualquier plan.</p>","madepants.com","Ropa","Ropa","Ropa, Ropa, Novedades, Selección Juanjo","TRUE","Color","Beige","Talla","XL","women-s-relaxed-fit-denim-coverall-jumpsuit-beige-xl","0.00","","0","continue","","","Women's Relaxed Fit Denim Coverall Jumpsuit","Tu nuevo básico para vestir sin complicarte. Women's Relaxed Fit Denim Coverall Jumpsuit aporta un toque especial a tus looks y se combina fácilmente para que te sientas cómoda, arreglada y tú misma en cualquier plan."
"women-s-relaxed-fit-denim-coverall-jumpsuit","Women's Relaxed Fit Denim Coverall Jumpsuit","<p>Tu nuevo básico para vestir sin complicarte. Women's Relaxed Fit Denim Coverall Jumpsuit aporta un toque especial a tus looks y se combina fácilmente para que te sientas cómoda, arreglada y tú misma en cualquier plan.</p>","madepants.com","Ropa","Ropa","Ropa, Ropa, Novedades, Selección Juanjo","TRUE","Color","Blanco","Talla","S","women-s-relaxed-fit-denim-coverall-jumpsuit-blanco-s","0.00","","0","continue","","","Women's Relaxed Fit Denim Coverall Jumpsuit","Tu nuevo básico para vestir sin complicarte. Women's Relaxed Fit Denim Coverall Jumpsuit aporta un toque especial a tus looks y se combina fácilmente para que te sientas cómoda, arreglada y tú misma en cualquier plan."
"women-s-relaxed-fit-denim-coverall-jumpsuit","Women's Relaxed Fit Denim Coverall Jumpsuit","<p>Tu nuevo básico para vestir sin complicarte. Women's Relaxed Fit Denim Coverall Jumpsuit aporta un toque especial a tus looks y se combina fácilmente para que te sientas cómoda, arreglada y tú misma en cualquier plan.</p>","madepants.com","Ropa","Ropa","Ropa, Ropa, Novedades, Selección Juanjo","TRUE","Color","Blanco","Talla","M","women-s-relaxed-fit-denim-coverall-jumpsuit-blanco-m","0.00","","0","continue","","","Women's Relaxed Fit Denim Coverall Jumpsuit","Tu nuevo básico para vestir sin complicarte. Women's Relaxed Fit Denim Coverall Jumpsuit aporta un toque especial a tus looks y se combina fácilmente para que te sientas cómoda, arreglada y tú misma en cualquier plan."
"women-s-relaxed-fit-denim-coverall-jumpsuit","Women's Relaxed Fit Denim Coverall Jumpsuit","<p>Tu nuevo básico para vestir sin complicarte. Women's Relaxed Fit Denim Coverall Jumpsuit aporta un toque especial a tus looks y se combina fácilmente para que te sientas cómoda, arreglada y tú misma en cualquier plan.</p>","madepants.com","Ropa","Ropa","Ropa, Ropa, Novedades, Selección Juanjo","TRUE","Color","Blanco","Talla","L","women-s-relaxed-fit-denim-coverall-jumpsuit-blanco-l","0.00","","0","continue","","","Women's Relaxed Fit Denim Coverall Jumpsuit","Tu nuevo básico para vestir sin complicarte. Women's Relaxed Fit Denim Coverall Jumpsuit aporta un toque especial a tus looks y se combina fácilmente para que te sientas cómoda, arreglada y tú misma en cualquier plan."
"women-s-relaxed-fit-denim-coverall-jumpsuit","Women's Relaxed Fit Denim Coverall Jumpsuit","<p>Tu nuevo básico para vestir sin complicarte. Women's Relaxed Fit Denim Coverall Jumpsuit aporta un toque especial a tus looks y se combina fácilmente para que te sientas cómoda, arreglada y tú misma en cualquier plan.</p>","madepants.com","Ropa","Ropa","Ropa, Ropa, Novedades, Selección Juanjo","TRUE","Color","Blanco","Talla","XL","women-s-relaxed-fit-denim-coverall-jumpsuit-blanco-xl","0.00","","0","continue","","","Women's Relaxed Fit Denim Coverall Jumpsuit","Tu nuevo básico para vestir sin complicarte. Women's Relaxed Fit Denim Coverall Jumpsuit aporta un toque especial a tus looks y se combina fácilmente para que te sientas cómoda, arreglada y tú misma en cualquier plan."
"women-s-relaxed-fit-denim-coverall-jumpsuit","Women's Relaxed Fit Denim Coverall Jumpsuit","<p>Tu nuevo básico para vestir sin complicarte. Women's Relaxed Fit Denim Coverall Jumpsuit aporta un toque especial a tus looks y se combina fácilmente para que te sientas cómoda, arreglada y tú misma en cualquier plan.</p>","madepants.com","Ropa","Ropa","Ropa, Ropa, Novedades, Selección Juanjo","TRUE","Color","Verde","Talla","S","women-s-relaxed-fit-denim-coverall-jumpsuit-verde-s","0.00","","0","continue","","","Women's Relaxed Fit Denim Coverall Jumpsuit","Tu nuevo básico para vestir sin complicarte. Women's Relaxed Fit Denim Coverall Jumpsuit aporta un toque especial a tus looks y se combina fácilmente para que te sientas cómoda, arreglada y tú misma en cualquier plan."
"women-s-relaxed-fit-denim-coverall-jumpsuit","Women's Relaxed Fit Denim Coverall Jumpsuit","<p>Tu nuevo básico para vestir sin complicarte. Women's Relaxed Fit Denim Coverall Jumpsuit aporta un toque especial a tus looks y se combina fácilmente para que te sientas cómoda, arreglada y tú misma en cualquier plan.</p>","madepants.com","Ropa","Ropa","Ropa, Ropa, Novedades, Selección Juanjo","TRUE","Color","Verde","Talla","M","women-s-relaxed-fit-denim-coverall-jumpsuit-verde-m","0.00","","0","continue","","","Women's Relaxed Fit Denim Coverall Jumpsuit","Tu nuevo básico para vestir sin complicarte. Women's Relaxed Fit Denim Coverall Jumpsuit aporta un toque especial a tus looks y se combina fácilmente para que te sientas cómoda, arreglada y tú misma en cualquier plan."
"women-s-relaxed-fit-denim-coverall-jumpsuit","Women's Relaxed Fit Denim Coverall Jumpsuit","<p>Tu nuevo básico para vestir sin complicarte. Women's Relaxed Fit Denim Coverall Jumpsuit aporta un toque especial a tus looks y se combina fácilmente para que te sientas cómoda, arreglada y tú misma en cualquier plan.</p>","madepants.com","Ropa","Ropa","Ropa, Ropa, Novedades, Selección Juanjo","TRUE","Color","Verde","Talla","L","women-s-relaxed-fit-denim-coverall-jumpsuit-verde-l","0.00","","0","continue","","","Women's Relaxed Fit Denim Coverall Jumpsuit","Tu nuevo básico para vestir sin complicarte. Women's Relaxed Fit Denim Coverall Jumpsuit aporta un toque especial a tus looks y se combina fácilmente para que te sientas cómoda, arreglada y tú misma en cualquier plan."
"women-s-relaxed-fit-denim-coverall-jumpsuit","Women's Relaxed Fit Denim Coverall Jumpsuit","<p>Tu nuevo básico para vestir sin complicarte. Women's Relaxed Fit Denim Coverall Jumpsuit aporta un toque especial a tus looks y se combina fácilmente para que te sientas cómoda, arreglada y tú misma en cualquier plan.</p>","madepants.com","Ropa","Ropa","Ropa, Ropa, Novedades, Selección Juanjo","TRUE","Color","Verde","Talla","XL","women-s-relaxed-fit-denim-coverall-jumpsuit-verde-xl","0.00","","0","continue","","","Women's Relaxed Fit Denim Coverall Jumpsuit","Tu nuevo básico para vestir sin complicarte. Women's Relaxed Fit Denim Coverall Jumpsuit aporta un toque especial a tus looks y se combina fácilmente para que te sientas cómoda, arreglada y tú misma en cualquier plan."
"women-s-plaid-wide-leg-overalls","Women's Plaid Wide-Leg Overalls","<p>Tu nuevo básico para vestir sin complicarte. Women's Plaid Wide-Leg Overalls aporta un toque especial a tus looks y se combina fácilmente para que te sientas cómoda, arreglada y tú misma en cualquier plan.</p>","madepants.com","Ropa","Ropa","Ropa, Ropa, Novedades, Selección Juanjo","TRUE","Color","Negro","Talla","S","women-s-plaid-wide-leg-overalls-negro-s","0.00","","0","continue","","","Women's Plaid Wide-Leg Overalls","Tu nuevo básico para vestir sin complicarte. Women's Plaid Wide-Leg Overalls aporta un toque especial a tus looks y se combina fácilmente para que te sientas cómoda, arreglada y tú misma en cualquier plan."
"women-s-plaid-wide-leg-overalls","Women's Plaid Wide-Leg Overalls","<p>Tu nuevo básico para vestir sin complicarte. Women's Plaid Wide-Leg Overalls aporta un toque especial a tus looks y se combina fácilmente para que te sientas cómoda, arreglada y tú misma en cualquier plan.</p>","madepants.com","Ropa","Ropa","Ropa, Ropa, Novedades, Selección Juanjo","TRUE","Color","Negro","Talla","M","women-s-plaid-wide-leg-overalls-negro-m","0.00","","0","continue","","","Women's Plaid Wide-Leg Overalls","Tu nuevo básico para vestir sin complicarte. Women's Plaid Wide-Leg Overalls aporta un toque especial a tus looks y se combina fácilmente para que te sientas cómoda, arreglada y tú misma en cualquier plan."
"women-s-plaid-wide-leg-overalls","Women's Plaid Wide-Leg Overalls","<p>Tu nuevo básico para vestir sin complicarte. Women's Plaid Wide-Leg Overalls aporta un toque especial a tus looks y se combina fácilmente para que te sientas cómoda, arreglada y tú misma en cualquier plan.</p>","madepants.com","Ropa","Ropa","Ropa, Ropa, Novedades, Selección Juanjo","TRUE","Color","Negro","Talla","L","women-s-plaid-wide-leg-overalls-negro-l","0.00","","0","continue","","","Women's Plaid Wide-Leg Overalls","Tu nuevo básico para vestir sin complicarte. Women's Plaid Wide-Leg Overalls aporta un toque especial a tus looks y se combina fácilmente para que te sientas cómoda, arreglada y tú misma en cualquier plan."
"women-s-plaid-wide-leg-overalls","Women's Plaid Wide-Leg Overalls","<p>Tu nuevo básico para vestir sin complicarte. Women's Plaid Wide-Leg Overalls aporta un toque especial a tus looks y se combina fácilmente para que te sientas cómoda, arreglada y tú misma en cualquier plan.</p>","madepants.com","Ropa","Ropa","Ropa, Ropa, Novedades, Selección Juanjo","TRUE","Color","Negro","Talla","XL","women-s-plaid-wide-leg-overalls-negro-xl","0.00","","0","continue","","","Women's Plaid Wide-Leg Overalls","Tu nuevo básico para vestir sin complicarte. Women's Plaid Wide-Leg Overalls aporta un toque especial a tus looks y se combina fácilmente para que te sientas cómoda, arreglada y tú misma en cualquier plan."
"women-s-plaid-wide-leg-overalls","Women's Plaid Wide-Leg Overalls","<p>Tu nuevo básico para vestir sin complicarte. Women's Plaid Wide-Leg Overalls aporta un toque especial a tus looks y se combina fácilmente para que te sientas cómoda, arreglada y tú misma en cualquier plan.</p>","madepants.com","Ropa","Ropa","Ropa, Ropa, Novedades, Selección Juanjo","TRUE","Color","Beige","Talla","S","women-s-plaid-wide-leg-overalls-beige-s","0.00","","0","continue","","","Women's Plaid Wide-Leg Overalls","Tu nuevo básico para vestir sin complicarte. Women's Plaid Wide-Leg Overalls aporta un toque especial a tus looks y se combina fácilmente para que te sientas cómoda, arreglada y tú misma en cualquier plan."
"women-s-plaid-wide-leg-overalls","Women's Plaid Wide-Leg Overalls","<p>Tu nuevo básico para vestir sin complicarte. Women's Plaid Wide-Leg Overalls aporta un toque especial a tus looks y se combina fácilmente para que te sientas cómoda, arreglada y tú misma en cualquier plan.</p>","madepants.com","Ropa","Ropa","Ropa, Ropa, Novedades, Selección Juanjo","TRUE","Color","Beige","Talla","M","women-s-plaid-wide-leg-overalls-beige-m","0.00","","0","continue","","","Women's Plaid Wide-Leg Overalls","Tu nuevo básico para vestir sin complicarte. Women's Plaid Wide-Leg Overalls aporta un toque especial a tus looks y se combina fácilmente para que te sientas cómoda, arreglada y tú misma en cualquier plan."
"women-s-plaid-wide-leg-overalls","Women's Plaid Wide-Leg Overalls","<p>Tu nuevo básico para vestir sin complicarte. Women's Plaid Wide-Leg Overalls aporta un toque especial a tus looks y se combina fácilmente para que te sientas cómoda, arreglada y tú misma en cualquier plan.</p>","madepants.com","Ropa","Ropa","Ropa, Ropa, Novedades, Selección Juanjo","TRUE","Color","Beige","Talla","L","women-s-plaid-wide-leg-overalls-beige-l","0.00","","0","continue","","","Women's Plaid Wide-Leg Overalls","Tu nuevo básico para vestir sin complicarte. Women's Plaid Wide-Leg Overalls aporta un toque especial a tus looks y se combina fácilmente para que te sientas cómoda, arreglada y tú misma en cualquier plan."
"women-s-plaid-wide-leg-overalls","Women's Plaid Wide-Leg Overalls","<p>Tu nuevo básico para vestir sin complicarte. Women's Plaid Wide-Leg Overalls aporta un toque especial a tus looks y se combina fácilmente para que te sientas cómoda, arreglada y tú misma en cualquier plan.</p>","madepants.com","Ropa","Ropa","Ropa, Ropa, Novedades, Selección Juanjo","TRUE","Color","Beige","Talla","XL","women-s-plaid-wide-leg-overalls-beige-xl","0.00","","0","continue","","","Women's Plaid Wide-Leg Overalls","Tu nuevo básico para vestir sin complicarte. Women's Plaid Wide-Leg Overalls aporta un toque especial a tus looks y se combina fácilmente para que te sientas cómoda, arreglada y tú misma en cualquier plan."
"women-s-plaid-wide-leg-overalls","Women's Plaid Wide-Leg Overalls","<p>Tu nuevo básico para vestir sin complicarte. Women's Plaid Wide-Leg Overalls aporta un toque especial a tus looks y se combina fácilmente para que te sientas cómoda, arreglada y tú misma en cualquier plan.</p>","madepants.com","Ropa","Ropa","Ropa, Ropa, Novedades, Selección Juanjo","TRUE","Color","Blanco","Talla","S","women-s-plaid-wide-leg-overalls-blanco-s","0.00","","0","continue","","","Women's Plaid Wide-Leg Overalls","Tu nuevo básico para vestir sin complicarte. Women's Plaid Wide-Leg Overalls aporta un toque especial a tus looks y se combina fácilmente para que te sientas cómoda, arreglada y tú misma en cualquier plan."
"women-s-plaid-wide-leg-overalls","Women's Plaid Wide-Leg Overalls","<p>Tu nuevo básico para vestir sin complicarte. Women's Plaid Wide-Leg Overalls aporta un toque especial a tus looks y se combina fácilmente para que te sientas cómoda, arreglada y tú misma en cualquier plan.</p>","madepants.com","Ropa","Ropa","Ropa, Ropa, Novedades, Selección Juanjo","TRUE","Color","Blanco","Talla","M","women-s-plaid-wide-leg-overalls-blanco-m","0.00","","0","continue","","","Women's Plaid Wide-Leg Overalls","Tu nuevo básico para vestir sin complicarte. Women's Plaid Wide-Leg Overalls aporta un toque especial a tus looks y se combina fácilmente para que te sientas cómoda, arreglada y tú misma en cualquier plan."
"women-s-plaid-wide-leg-overalls","Women's Plaid Wide-Leg Overalls","<p>Tu nuevo básico para vestir sin complicarte. Women's Plaid Wide-Leg Overalls aporta un toque especial a tus looks y se combina fácilmente para que te sientas cómoda, arreglada y tú misma en cualquier plan.</p>","madepants.com","Ropa","Ropa","Ropa, Ropa, Novedades, Selección Juanjo","TRUE","Color","Blanco","Talla","L","women-s-plaid-wide-leg-overalls-blanco-l","0.00","","0","continue","","","Women's Plaid Wide-Leg Overalls","Tu nuevo básico para vestir sin complicarte. Women's Plaid Wide-Leg Overalls aporta un toque especial a tus looks y se combina fácilmente para que te sientas cómoda, arreglada y tú misma en cualquier plan."
"women-s-plaid-wide-leg-overalls","Women's Plaid Wide-Leg Overalls","<p>Tu nuevo básico para vestir sin complicarte. Women's Plaid Wide-Leg Overalls aporta un toque especial a tus looks y se combina fácilmente para que te sientas cómoda, arreglada y tú misma en cualquier plan.</p>","madepants.com","Ropa","Ropa","Ropa, Ropa, Novedades, Selección Juanjo","TRUE","Color","Blanco","Talla","XL","women-s-plaid-wide-leg-overalls-blanco-xl","0.00","","0","continue","","","Women's Plaid Wide-Leg Overalls","Tu nuevo básico para vestir sin complicarte. Women's Plaid Wide-Leg Overalls aporta un toque especial a tus looks y se combina fácilmente para que te sientas cómoda, arreglada y tú misma en cualquier plan."
"women-s-plaid-wide-leg-overalls","Women's Plaid Wide-Leg Overalls","<p>Tu nuevo básico para vestir sin complicarte. Women's Plaid Wide-Leg Overalls aporta un toque especial a tus looks y se combina fácilmente para que te sientas cómoda, arreglada y tú misma en cualquier plan.</p>","madepants.com","Ropa","Ropa","Ropa, Ropa, Novedades, Selección Juanjo","TRUE","Color","Verde","Talla","S","women-s-plaid-wide-leg-overalls-verde-s","0.00","","0","continue","","","Women's Plaid Wide-Leg Overalls","Tu nuevo básico para vestir sin complicarte. Women's Plaid Wide-Leg Overalls aporta un toque especial a tus looks y se combina fácilmente para que te sientas cómoda, arreglada y tú misma en cualquier plan."
"women-s-plaid-wide-leg-overalls","Women's Plaid Wide-Leg Overalls","<p>Tu nuevo básico para vestir sin complicarte. Women's Plaid Wide-Leg Overalls aporta un toque especial a tus looks y se combina fácilmente para que te sientas cómoda, arreglada y tú misma en cualquier plan.</p>","madepants.com","Ropa","Ropa","Ropa, Ropa, Novedades, Selección Juanjo","TRUE","Color","Verde","Talla","M","women-s-plaid-wide-leg-overalls-verde-m","0.00","","0","continue","","","Women's Plaid Wide-Leg Overalls","Tu nuevo básico para vestir sin complicarte. Women's Plaid Wide-Leg Overalls aporta un toque especial a tus looks y se combina fácilmente para que te sientas cómoda, arreglada y tú misma en cualquier plan."
"women-s-plaid-wide-leg-overalls","Women's Plaid Wide-Leg Overalls","<p>Tu nuevo básico para vestir sin complicarte. Women's Plaid Wide-Leg Overalls aporta un toque especial a tus looks y se combina fácilmente para que te sientas cómoda, arreglada y tú misma en cualquier plan.</p>","madepants.com","Ropa","Ropa","Ropa, Ropa, Novedades, Selección Juanjo","TRUE","Color","Verde","Talla","L","women-s-plaid-wide-leg-overalls-verde-l","0.00","","0","continue","","","Women's Plaid Wide-Leg Overalls","Tu nuevo básico para vestir sin complicarte. Women's Plaid Wide-Leg Overalls aporta un toque especial a tus looks y se combina fácilmente para que te sientas cómoda, arreglada y tú misma en cualquier plan."
"women-s-plaid-wide-leg-overalls","Women's Plaid Wide-Leg Overalls","<p>Tu nuevo básico para vestir sin complicarte. Women's Plaid Wide-Leg Overalls aporta un toque especial a tus looks y se combina fácilmente para que te sientas cómoda, arreglada y tú misma en cualquier plan.</p>","madepants.com","Ropa","Ropa","Ropa, Ropa, Novedades, Selección Juanjo","TRUE","Color","Verde","Talla","XL","women-s-plaid-wide-leg-overalls-verde-xl","0.00","","0","continue","","","Women's Plaid Wide-Leg Overalls","Tu nuevo básico para vestir sin complicarte. Women's Plaid Wide-Leg Overalls aporta un toque especial a tus looks y se combina fácilmente para que te sientas cómoda, arreglada y tú misma en cualquier plan."
"stm-tex-fleece-lined-short-oversized-rain-jacket","STM-TEX Fleece Lined Short Oversized Rain Jacket","<p>Tu nuevo básico para vestir sin complicarte. STM-TEX Fleece Lined Short Oversized Rain Jacket aporta un toque especial a tus looks y se combina fácilmente para que te sientas cómoda, arreglada y tú misma en cualquier plan.</p>","puffit.com","Ropa","Ropa","Ropa, Ropa, Novedades, Selección Juanjo","TRUE","Color","Negro","Talla","S","stm-tex-fleece-lined-short-oversized-rain-jacket-negro-s","69.99","109.99","0","continue","","","STM-TEX Fleece Lined Short Oversized Rain Jacket","Tu nuevo básico para vestir sin complicarte. STM-TEX Fleece Lined Short Oversized Rain Jacket aporta un toque especial a tus looks y se combina fácilmente para que te sientas cómoda, arreglada y tú misma en cualquier plan."
"stm-tex-fleece-lined-short-oversized-rain-jacket","STM-TEX Fleece Lined Short Oversized Rain Jacket","<p>Tu nuevo básico para vestir sin complicarte. STM-TEX Fleece Lined Short Oversized Rain Jacket aporta un toque especial a tus looks y se combina fácilmente para que te sientas cómoda, arreglada y tú misma en cualquier plan.</p>","puffit.com","Ropa","Ropa","Ropa, Ropa, Novedades, Selección Juanjo","TRUE","Color","Negro","Talla","M","stm-tex-fleece-lined-short-oversized-rain-jacket-negro-m","69.99","109.99","0","continue","","","STM-TEX Fleece Lined Short Oversized Rain Jacket","Tu nuevo básico para vestir sin complicarte. STM-TEX Fleece Lined Short Oversized Rain Jacket aporta un toque especial a tus looks y se combina fácilmente para que te sientas cómoda, arreglada y tú misma en cualquier plan."
"stm-tex-fleece-lined-short-oversized-rain-jacket","STM-TEX Fleece Lined Short Oversized Rain Jacket","<p>Tu nuevo básico para vestir sin complicarte. STM-TEX Fleece Lined Short Oversized Rain Jacket aporta un toque especial a tus looks y se combina fácilmente para que te sientas cómoda, arreglada y tú misma en cualquier plan.</p>","puffit.com","Ropa","Ropa","Ropa, Ropa, Novedades, Selección Juanjo","TRUE","Color","Negro","Talla","L","stm-tex-fleece-lined-short-oversized-rain-jacket-negro-l","69.99","109.99","0","continue","","","STM-TEX Fleece Lined Short Oversized Rain Jacket","Tu nuevo básico para vestir sin complicarte. STM-TEX Fleece Lined Short Oversized Rain Jacket aporta un toque especial a tus looks y se combina fácilmente para que te sientas cómoda, arreglada y tú misma en cualquier plan."
"stm-tex-fleece-lined-short-oversized-rain-jacket","STM-TEX Fleece Lined Short Oversized Rain Jacket","<p>Tu nuevo básico para vestir sin complicarte. STM-TEX Fleece Lined Short Oversized Rain Jacket aporta un toque especial a tus looks y se combina fácilmente para que te sientas cómoda, arreglada y tú misma en cualquier plan.</p>","puffit.com","Ropa","Ropa","Ropa, Ropa, Novedades, Selección Juanjo","TRUE","Color","Negro","Talla","XL","stm-tex-fleece-lined-short-oversized-rain-jacket-negro-xl","69.99","109.99","0","continue","","","STM-TEX Fleece Lined Short Oversized Rain Jacket","Tu nuevo básico para vestir sin complicarte. STM-TEX Fleece Lined Short Oversized Rain Jacket aporta un toque especial a tus looks y se combina fácilmente para que te sientas cómoda, arreglada y tú misma en cualquier plan."
"stm-tex-fleece-lined-short-oversized-rain-jacket","STM-TEX Fleece Lined Short Oversized Rain Jacket","<p>Tu nuevo básico para vestir sin complicarte. STM-TEX Fleece Lined Short Oversized Rain Jacket aporta un toque especial a tus looks y se combina fácilmente para que te sientas cómoda, arreglada y tú misma en cualquier plan.</p>","puffit.com","Ropa","Ropa","Ropa, Ropa, Novedades, Selección Juanjo","TRUE","Color","Beige","Talla","S","stm-tex-fleece-lined-short-oversized-rain-jacket-beige-s","69.99","109.99","0","continue","","","STM-TEX Fleece Lined Short Oversized Rain Jacket","Tu nuevo básico para vestir sin complicarte. STM-TEX Fleece Lined Short Oversized Rain Jacket aporta un toque especial a tus looks y se combina fácilmente para que te sientas cómoda, arreglada y tú misma en cualquier plan."
"stm-tex-fleece-lined-short-oversized-rain-jacket","STM-TEX Fleece Lined Short Oversized Rain Jacket","<p>Tu nuevo básico para vestir sin complicarte. STM-TEX Fleece Lined Short Oversized Rain Jacket aporta un toque especial a tus looks y se combina fácilmente para que te sientas cómoda, arreglada y tú misma en cualquier plan.</p>","puffit.com","Ropa","Ropa","Ropa, Ropa, Novedades, Selección Juanjo","TRUE","Color","Beige","Talla","M","stm-tex-fleece-lined-short-oversized-rain-jacket-beige-m","69.99","109.99","0","continue","","","STM-TEX Fleece Lined Short Oversized Rain Jacket","Tu nuevo básico para vestir sin complicarte. STM-TEX Fleece Lined Short Oversized Rain Jacket aporta un toque especial a tus looks y se combina fácilmente para que te sientas cómoda, arreglada y tú misma en cualquier plan."
"stm-tex-fleece-lined-short-oversized-rain-jacket","STM-TEX Fleece Lined Short Oversized Rain Jacket","<p>Tu nuevo básico para vestir sin complicarte. STM-TEX Fleece Lined Short Oversized Rain Jacket aporta un toque especial a tus looks y se combina fácilmente para que te sientas cómoda, arreglada y tú misma en cualquier plan.</p>","puffit.com","Ropa","Ropa","Ropa, Ropa, Novedades, Selección Juanjo","TRUE","Color","Beige","Talla","L","stm-tex-fleece-lined-short-oversized-rain-jacket-beige-l","69.99","109.99","0","continue","","","STM-TEX Fleece Lined Short Oversized Rain Jacket","Tu nuevo básico para vestir sin complicarte. STM-TEX Fleece Lined Short Oversized Rain Jacket aporta un toque especial a tus looks y se combina fácilmente para que te sientas cómoda, arreglada y tú misma en cualquier plan."
"stm-tex-fleece-lined-short-oversized-rain-jacket","STM-TEX Fleece Lined Short Oversized Rain Jacket","<p>Tu nuevo básico para vestir sin complicarte. STM-TEX Fleece Lined Short Oversized Rain Jacket aporta un toque especial a tus looks y se combina fácilmente para que te sientas cómoda, arreglada y tú misma en cualquier plan.</p>","puffit.com","Ropa","Ropa","Ropa, Ropa, Novedades, Selección Juanjo","TRUE","Color","Beige","Talla","XL","stm-tex-fleece-lined-short-oversized-rain-jacket-beige-xl","69.99","109.99","0","continue","","","STM-TEX Fleece Lined Short Oversized Rain Jacket","Tu nuevo básico para vestir sin complicarte. STM-TEX Fleece Lined Short Oversized Rain Jacket aporta un toque especial a tus looks y se combina fácilmente para que te sientas cómoda, arreglada y tú misma en cualquier plan."
"stm-tex-fleece-lined-short-oversized-rain-jacket","STM-TEX Fleece Lined Short Oversized Rain Jacket","<p>Tu nuevo básico para vestir sin complicarte. STM-TEX Fleece Lined Short Oversized Rain Jacket aporta un toque especial a tus looks y se combina fácilmente para que te sientas cómoda, arreglada y tú misma en cualquier plan.</p>","puffit.com","Ropa","Ropa","Ropa, Ropa, Novedades, Selección Juanjo","TRUE","Color","Blanco","Talla","S","stm-tex-fleece-lined-short-oversized-rain-jacket-blanco-s","69.99","109.99","0","continue","","","STM-TEX Fleece Lined Short Oversized Rain Jacket","Tu nuevo básico para vestir sin complicarte. STM-TEX Fleece Lined Short Oversized Rain Jacket aporta un toque especial a tus looks y se combina fácilmente para que te sientas cómoda, arreglada y tú misma en cualquier plan."
"stm-tex-fleece-lined-short-oversized-rain-jacket","STM-TEX Fleece Lined Short Oversized Rain Jacket","<p>Tu nuevo básico para vestir sin complicarte. STM-TEX Fleece Lined Short Oversized Rain Jacket aporta un toque especial a tus looks y se combina fácilmente para que te sientas cómoda, arreglada y tú misma en cualquier plan.</p>","puffit.com","Ropa","Ropa","Ropa, Ropa, Novedades, Selección Juanjo","TRUE","Color","Blanco","Talla","M","stm-tex-fleece-lined-short-oversized-rain-jacket-blanco-m","69.99","109.99","0","continue","","","STM-TEX Fleece Lined Short Oversized Rain Jacket","Tu nuevo básico para vestir sin complicarte. STM-TEX Fleece Lined Short Oversized Rain Jacket aporta un toque especial a tus looks y se combina fácilmente para que te sientas cómoda, arreglada y tú misma en cualquier plan."
"stm-tex-fleece-lined-short-oversized-rain-jacket","STM-TEX Fleece Lined Short Oversized Rain Jacket","<p>Tu nuevo básico para vestir sin complicarte. STM-TEX Fleece Lined Short Oversized Rain Jacket aporta un toque especial a tus looks y se combina fácilmente para que te sientas cómoda, arreglada y tú misma en cualquier plan.</p>","puffit.com","Ropa","Ropa","Ropa, Ropa, Novedades, Selección Juanjo","TRUE","Color","Blanco","Talla","L","stm-tex-fleece-lined-short-oversized-rain-jacket-blanco-l","69.99","109.99","0","continue","","","STM-TEX Fleece Lined Short Oversized Rain Jacket","Tu nuevo básico para vestir sin complicarte. STM-TEX Fleece Lined Short Oversized Rain Jacket aporta un toque especial a tus looks y se combina fácilmente para que te sientas cómoda, arreglada y tú misma en cualquier plan."
"stm-tex-fleece-lined-short-oversized-rain-jacket","STM-TEX Fleece Lined Short Oversized Rain Jacket","<p>Tu nuevo básico para vestir sin complicarte. STM-TEX Fleece Lined Short Oversized Rain Jacket aporta un toque especial a tus looks y se combina fácilmente para que te sientas cómoda, arreglada y tú misma en cualquier plan.</p>","puffit.com","Ropa","Ropa","Ropa, Ropa, Novedades, Selección Juanjo","TRUE","Color","Blanco","Talla","XL","stm-tex-fleece-lined-short-oversized-rain-jacket-blanco-xl","69.99","109.99","0","continue","","","STM-TEX Fleece Lined Short Oversized Rain Jacket","Tu nuevo básico para vestir sin complicarte. STM-TEX Fleece Lined Short Oversized Rain Jacket aporta un toque especial a tus looks y se combina fácilmente para que te sientas cómoda, arreglada y tú misma en cualquier plan."
"stm-tex-fleece-lined-short-oversized-rain-jacket","STM-TEX Fleece Lined Short Oversized Rain Jacket","<p>Tu nuevo básico para vestir sin complicarte. STM-TEX Fleece Lined Short Oversized Rain Jacket aporta un toque especial a tus looks y se combina fácilmente para que te sientas cómoda, arreglada y tú misma en cualquier plan.</p>","puffit.com","Ropa","Ropa","Ropa, Ropa, Novedades, Selección Juanjo","TRUE","Color","Verde","Talla","S","stm-tex-fleece-lined-short-oversized-rain-jacket-verde-s","69.99","109.99","0","continue","","","STM-TEX Fleece Lined Short Oversized Rain Jacket","Tu nuevo básico para vestir sin complicarte. STM-TEX Fleece Lined Short Oversized Rain Jacket aporta un toque especial a tus looks y se combina fácilmente para que te sientas cómoda, arreglada y tú misma en cualquier plan."
"stm-tex-fleece-lined-short-oversized-rain-jacket","STM-TEX Fleece Lined Short Oversized Rain Jacket","<p>Tu nuevo básico para vestir sin complicarte. STM-TEX Fleece Lined Short Oversized Rain Jacket aporta un toque especial a tus looks y se combina fácilmente para que te sientas cómoda, arreglada y tú misma en cualquier plan.</p>","puffit.com","Ropa","Ropa","Ropa, Ropa, Novedades, Selección Juanjo","TRUE","Color","Verde","Talla","M","stm-tex-fleece-lined-short-oversized-rain-jacket-verde-m","69.99","109.99","0","continue","","","STM-TEX Fleece Lined Short Oversized Rain Jacket","Tu nuevo básico para vestir sin complicarte. STM-TEX Fleece Lined Short Oversized Rain Jacket aporta un toque especial a tus looks y se combina fácilmente para que te sientas cómoda, arreglada y tú misma en cualquier plan."
"stm-tex-fleece-lined-short-oversized-rain-jacket","STM-TEX Fleece Lined Short Oversized Rain Jacket","<p>Tu nuevo básico para vestir sin complicarte. STM-TEX Fleece Lined Short Oversized Rain Jacket aporta un toque especial a tus looks y se combina fácilmente para que te sientas cómoda, arreglada y tú misma en cualquier plan.</p>","puffit.com","Ropa","Ropa","Ropa, Ropa, Novedades, Selección Juanjo","TRUE","Color","Verde","Talla","L","stm-tex-fleece-lined-short-oversized-rain-jacket-verde-l","69.99","109.99","0","continue","","","STM-TEX Fleece Lined Short Oversized Rain Jacket","Tu nuevo básico para vestir sin complicarte. STM-TEX Fleece Lined Short Oversized Rain Jacket aporta un toque especial a tus looks y se combina fácilmente para que te sientas cómoda, arreglada y tú misma en cualquier plan."
"stm-tex-fleece-lined-short-oversized-rain-jacket","STM-TEX Fleece Lined Short Oversized Rain Jacket","<p>Tu nuevo básico para vestir sin complicarte. STM-TEX Fleece Lined Short Oversized Rain Jacket aporta un toque especial a tus looks y se combina fácilmente para que te sientas cómoda, arreglada y tú misma en cualquier plan.</p>","puffit.com","Ropa","Ropa","Ropa, Ropa, Novedades, Selección Juanjo","TRUE","Color","Verde","Talla","XL","stm-tex-fleece-lined-short-oversized-rain-jacket-verde-xl","69.99","109.99","0","continue","","","STM-TEX Fleece Lined Short Oversized Rain Jacket","Tu nuevo básico para vestir sin complicarte. STM-TEX Fleece Lined Short Oversized Rain Jacket aporta un toque especial a tus looks y se combina fácilmente para que te sientas cómoda, arreglada y tú misma en cualquier plan."
"warmcore-faux-fur-lined-hooded-short-puffer","WarmCore Faux Fur Lined Hooded Short Puffer","<p>Tu nuevo básico para vestir sin complicarte. WarmCore Faux Fur Lined Hooded Short Puffer aporta un toque especial a tus looks y se combina fácilmente para que te sientas cómoda, arreglada y tú misma en cualquier plan.</p>","puffit.com","Ropa","Ropa","Ropa, Ropa, Novedades, Selección Juanjo","TRUE","Color","Negro","Talla","S","warmcore-faux-fur-lined-hooded-short-puffer-negro-s","79.99","129.99","0","continue","","","WarmCore Faux Fur Lined Hooded Short Puffer","Tu nuevo básico para vestir sin complicarte. WarmCore Faux Fur Lined Hooded Short Puffer aporta un toque especial a tus looks y se combina fácilmente para que te sientas cómoda, arreglada y tú misma en cualquier plan."
"warmcore-faux-fur-lined-hooded-short-puffer","WarmCore Faux Fur Lined Hooded Short Puffer","<p>Tu nuevo básico para vestir sin complicarte. WarmCore Faux Fur Lined Hooded Short Puffer aporta un toque especial a tus looks y se combina fácilmente para que te sientas cómoda, arreglada y tú misma en cualquier plan.</p>","puffit.com","Ropa","Ropa","Ropa, Ropa, Novedades, Selección Juanjo","TRUE","Color","Negro","Talla","M","warmcore-faux-fur-lined-hooded-short-puffer-negro-m","79.99","129.99","0","continue","","","WarmCore Faux Fur Lined Hooded Short Puffer","Tu nuevo básico para vestir sin complicarte. WarmCore Faux Fur Lined Hooded Short Puffer aporta un toque especial a tus looks y se combina fácilmente para que te sientas cómoda, arreglada y tú misma en cualquier plan."
"warmcore-faux-fur-lined-hooded-short-puffer","WarmCore Faux Fur Lined Hooded Short Puffer","<p>Tu nuevo básico para vestir sin complicarte. WarmCore Faux Fur Lined Hooded Short Puffer aporta un toque especial a tus looks y se combina fácilmente para que te sientas cómoda, arreglada y tú misma en cualquier plan.</p>","puffit.com","Ropa","Ropa","Ropa, Ropa, Novedades, Selección Juanjo","TRUE","Color","Negro","Talla","L","warmcore-faux-fur-lined-hooded-short-puffer-negro-l","79.99","129.99","0","continue","","","WarmCore Faux Fur Lined Hooded Short Puffer","Tu nuevo básico para vestir sin complicarte. WarmCore Faux Fur Lined Hooded Short Puffer aporta un toque especial a tus looks y se combina fácilmente para que te sientas cómoda, arreglada y tú misma en cualquier plan."
"warmcore-faux-fur-lined-hooded-short-puffer","WarmCore Faux Fur Lined Hooded Short Puffer","<p>Tu nuevo básico para vestir sin complicarte. WarmCore Faux Fur Lined Hooded Short Puffer aporta un toque especial a tus looks y se combina fácilmente para que te sientas cómoda, arreglada y tú misma en cualquier plan.</p>","puffit.com","Ropa","Ropa","Ropa, Ropa, Novedades, Selección Juanjo","TRUE","Color","Negro","Talla","XL","warmcore-faux-fur-lined-hooded-short-puffer-negro-xl","79.99","129.99","0","continue","","","WarmCore Faux Fur Lined Hooded Short Puffer","Tu nuevo básico para vestir sin complicarte. WarmCore Faux Fur Lined Hooded Short Puffer aporta un toque especial a tus looks y se combina fácilmente para que te sientas cómoda, arreglada y tú misma en cualquier plan."
"warmcore-faux-fur-lined-hooded-short-puffer","WarmCore Faux Fur Lined Hooded Short Puffer","<p>Tu nuevo básico para vestir sin complicarte. WarmCore Faux Fur Lined Hooded Short Puffer aporta un toque especial a tus looks y se combina fácilmente para que te sientas cómoda, arreglada y tú misma en cualquier plan.</p>","puffit.com","Ropa","Ropa","Ropa, Ropa, Novedades, Selección Juanjo","TRUE","Color","Beige","Talla","S","warmcore-faux-fur-lined-hooded-short-puffer-beige-s","79.99","129.99","0","continue","","","WarmCore Faux Fur Lined Hooded Short Puffer","Tu nuevo básico para vestir sin complicarte. WarmCore Faux Fur Lined Hooded Short Puffer aporta un toque especial a tus looks y se combina fácilmente para que te sientas cómoda, arreglada y tú misma en cualquier plan."
"warmcore-faux-fur-lined-hooded-short-puffer","WarmCore Faux Fur Lined Hooded Short Puffer","<p>Tu nuevo básico para vestir sin complicarte. WarmCore Faux Fur Lined Hooded Short Puffer aporta un toque especial a tus looks y se combina fácilmente para que te sientas cómoda, arreglada y tú misma en cualquier plan.</p>","puffit.com","Ropa","Ropa","Ropa, Ropa, Novedades, Selección Juanjo","TRUE","Color","Beige","Talla","M","warmcore-faux-fur-lined-hooded-short-puffer-beige-m","79.99","129.99","0","continue","","","WarmCore Faux Fur Lined Hooded Short Puffer","Tu nuevo básico para vestir sin complicarte. WarmCore Faux Fur Lined Hooded Short Puffer aporta un toque especial a tus looks y se combina fácilmente para que te sientas cómoda, arreglada y tú misma en cualquier plan."
"warmcore-faux-fur-lined-hooded-short-puffer","WarmCore Faux Fur Lined Hooded Short Puffer","<p>Tu nuevo básico para vestir sin complicarte. WarmCore Faux Fur Lined Hooded Short Puffer aporta un toque especial a tus looks y se combina fácilmente para que te sientas cómoda, arreglada y tú misma en cualquier plan.</p>","puffit.com","Ropa","Ropa","Ropa, Ropa, Novedades, Selección Juanjo","TRUE","Color","Beige","Talla","L","warmcore-faux-fur-lined-hooded-short-puffer-beige-l","79.99","129.99","0","continue","","","WarmCore Faux Fur Lined Hooded Short Puffer","Tu nuevo básico para vestir sin complicarte. WarmCore Faux Fur Lined Hooded Short Puffer aporta un toque especial a tus looks y se combina fácilmente para que te sientas cómoda, arreglada y tú misma en cualquier plan."
"warmcore-faux-fur-lined-hooded-short-puffer","WarmCore Faux Fur Lined Hooded Short Puffer","<p>Tu nuevo básico para vestir sin complicarte. WarmCore Faux Fur Lined Hooded Short Puffer aporta un toque especial a tus looks y se combina fácilmente para que te sientas cómoda, arreglada y tú misma en cualquier plan.</p>","puffit.com","Ropa","Ropa","Ropa, Ropa, Novedades, Selección Juanjo","TRUE","Color","Beige","Talla","XL","warmcore-faux-fur-lined-hooded-short-puffer-beige-xl","79.99","129.99","0","continue","","","WarmCore Faux Fur Lined Hooded Short Puffer","Tu nuevo básico para vestir sin complicarte. WarmCore Faux Fur Lined Hooded Short Puffer aporta un toque especial a tus looks y se combina fácilmente para que te sientas cómoda, arreglada y tú misma en cualquier plan."
"warmcore-faux-fur-lined-hooded-short-puffer","WarmCore Faux Fur Lined Hooded Short Puffer","<p>Tu nuevo básico para vestir sin complicarte. WarmCore Faux Fur Lined Hooded Short Puffer aporta un toque especial a tus looks y se combina fácilmente para que te sientas cómoda, arreglada y tú misma en cualquier plan.</p>","puffit.com","Ropa","Ropa","Ropa, Ropa, Novedades, Selección Juanjo","TRUE","Color","Blanco","Talla","S","warmcore-faux-fur-lined-hooded-short-puffer-blanco-s","79.99","129.99","0","continue","","","WarmCore Faux Fur Lined Hooded Short Puffer","Tu nuevo básico para vestir sin complicarte. WarmCore Faux Fur Lined Hooded Short Puffer aporta un toque especial a tus looks y se combina fácilmente para que te sientas cómoda, arreglada y tú misma en cualquier plan."
"warmcore-faux-fur-lined-hooded-short-puffer","WarmCore Faux Fur Lined Hooded Short Puffer","<p>Tu nuevo básico para vestir sin complicarte. WarmCore Faux Fur Lined Hooded Short Puffer aporta un toque especial a tus looks y se combina fácilmente para que te sientas cómoda, arreglada y tú misma en cualquier plan.</p>","puffit.com","Ropa","Ropa","Ropa, Ropa, Novedades, Selección Juanjo","TRUE","Color","Blanco","Talla","M","warmcore-faux-fur-lined-hooded-short-puffer-blanco-m","79.99","129.99","0","continue","","","WarmCore Faux Fur Lined Hooded Short Puffer","Tu nuevo básico para vestir sin complicarte. WarmCore Faux Fur Lined Hooded Short Puffer aporta un toque especial a tus looks y se combina fácilmente para que te sientas cómoda, arreglada y tú misma en cualquier plan."
"warmcore-faux-fur-lined-hooded-short-puffer","WarmCore Faux Fur Lined Hooded Short Puffer","<p>Tu nuevo básico para vestir sin complicarte. WarmCore Faux Fur Lined Hooded Short Puffer aporta un toque especial a tus looks y se combina fácilmente para que te sientas cómoda, arreglada y tú misma en cualquier plan.</p>","puffit.com","Ropa","Ropa","Ropa, Ropa, Novedades, Selección Juanjo","TRUE","Color","Blanco","Talla","L","warmcore-faux-fur-lined-hooded-short-puffer-blanco-l","79.99","129.99","0","continue","","","WarmCore Faux Fur Lined Hooded Short Puffer","Tu nuevo básico para vestir sin complicarte. WarmCore Faux Fur Lined Hooded Short Puffer aporta un toque especial a tus looks y se combina fácilmente para que te sientas cómoda, arreglada y tú misma en cualquier plan."
"warmcore-faux-fur-lined-hooded-short-puffer","WarmCore Faux Fur Lined Hooded Short Puffer","<p>Tu nuevo básico para vestir sin complicarte. WarmCore Faux Fur Lined Hooded Short Puffer aporta un toque especial a tus looks y se combina fácilmente para que te sientas cómoda, arreglada y tú misma en cualquier plan.</p>","puffit.com","Ropa","Ropa","Ropa, Ropa, Novedades, Selección Juanjo","TRUE","Color","Blanco","Talla","XL","warmcore-faux-fur-lined-hooded-short-puffer-blanco-xl","79.99","129.99","0","continue","","","WarmCore Faux Fur Lined Hooded Short Puffer","Tu nuevo básico para vestir sin complicarte. WarmCore Faux Fur Lined Hooded Short Puffer aporta un toque especial a tus looks y se combina fácilmente para que te sientas cómoda, arreglada y tú misma en cualquier plan."
"warmcore-faux-fur-lined-hooded-short-puffer","WarmCore Faux Fur Lined Hooded Short Puffer","<p>Tu nuevo básico para vestir sin complicarte. WarmCore Faux Fur Lined Hooded Short Puffer aporta un toque especial a tus looks y se combina fácilmente para que te sientas cómoda, arreglada y tú misma en cualquier plan.</p>","puffit.com","Ropa","Ropa","Ropa, Ropa, Novedades, Selección Juanjo","TRUE","Color","Verde","Talla","S","warmcore-faux-fur-lined-hooded-short-puffer-verde-s","79.99","129.99","0","continue","","","WarmCore Faux Fur Lined Hooded Short Puffer","Tu nuevo básico para vestir sin complicarte. WarmCore Faux Fur Lined Hooded Short Puffer aporta un toque especial a tus looks y se combina fácilmente para que te sientas cómoda, arreglada y tú misma en cualquier plan."
"warmcore-faux-fur-lined-hooded-short-puffer","WarmCore Faux Fur Lined Hooded Short Puffer","<p>Tu nuevo básico para vestir sin complicarte. WarmCore Faux Fur Lined Hooded Short Puffer aporta un toque especial a tus looks y se combina fácilmente para que te sientas cómoda, arreglada y tú misma en cualquier plan.</p>","puffit.com","Ropa","Ropa","Ropa, Ropa, Novedades, Selección Juanjo","TRUE","Color","Verde","Talla","M","warmcore-faux-fur-lined-hooded-short-puffer-verde-m","79.99","129.99","0","continue","","","WarmCore Faux Fur Lined Hooded Short Puffer","Tu nuevo básico para vestir sin complicarte. WarmCore Faux Fur Lined Hooded Short Puffer aporta un toque especial a tus looks y se combina fácilmente para que te sientas cómoda, arreglada y tú misma en cualquier plan."
"warmcore-faux-fur-lined-hooded-short-puffer","WarmCore Faux Fur Lined Hooded Short Puffer","<p>Tu nuevo básico para vestir sin complicarte. WarmCore Faux Fur Lined Hooded Short Puffer aporta un toque especial a tus looks y se combina fácilmente para que te sientas cómoda, arreglada y tú misma en cualquier plan.</p>","puffit.com","Ropa","Ropa","Ropa, Ropa, Novedades, Selección Juanjo","TRUE","Color","Verde","Talla","L","warmcore-faux-fur-lined-hooded-short-puffer-verde-l","79.99","129.99","0","continue","","","WarmCore Faux Fur Lined Hooded Short Puffer","Tu nuevo básico para vestir sin complicarte. WarmCore Faux Fur Lined Hooded Short Puffer aporta un toque especial a tus looks y se combina fácilmente para que te sientas cómoda, arreglada y tú misma en cualquier plan."
"warmcore-faux-fur-lined-hooded-short-puffer","WarmCore Faux Fur Lined Hooded Short Puffer","<p>Tu nuevo básico para vestir sin complicarte. WarmCore Faux Fur Lined Hooded Short Puffer aporta un toque especial a tus looks y se combina fácilmente para que te sientas cómoda, arreglada y tú misma en cualquier plan.</p>","puffit.com","Ropa","Ropa","Ropa, Ropa, Novedades, Selección Juanjo","TRUE","Color","Verde","Talla","XL","warmcore-faux-fur-lined-hooded-short-puffer-verde-xl","79.99","129.99","0","continue","","","WarmCore Faux Fur Lined Hooded Short Puffer","Tu nuevo básico para vestir sin complicarte. WarmCore Faux Fur Lined Hooded Short Puffer aporta un toque especial a tus looks y se combina fácilmente para que te sientas cómoda, arreglada y tú misma en cualquier plan."
"warmcore-classic-short-detachable-hooded-puffer","WarmCore Classic Short Detachable Hooded Puffer","<p>Tu nuevo básico para vestir sin complicarte. WarmCore Classic Short Detachable Hooded Puffer aporta un toque especial a tus looks y se combina fácilmente para que te sientas cómoda, arreglada y tú misma en cualquier plan.</p>","puffit.com","Ropa","Ropa","Ropa, Ropa, Novedades, Selección Juanjo","TRUE","Color","Negro","Talla","S","warmcore-classic-short-detachable-hooded-puffer-negro-s","59.99","69.99","0","continue","","","WarmCore Classic Short Detachable Hooded Puffer","Tu nuevo básico para vestir sin complicarte. WarmCore Classic Short Detachable Hooded Puffer aporta un toque especial a tus looks y se combina fácilmente para que te sientas cómoda, arreglada y tú misma en cualquier plan."
"warmcore-classic-short-detachable-hooded-puffer","WarmCore Classic Short Detachable Hooded Puffer","<p>Tu nuevo básico para vestir sin complicarte. WarmCore Classic Short Detachable Hooded Puffer aporta un toque especial a tus looks y se combina fácilmente para que te sientas cómoda, arreglada y tú misma en cualquier plan.</p>","puffit.com","Ropa","Ropa","Ropa, Ropa, Novedades, Selección Juanjo","TRUE","Color","Negro","Talla","M","warmcore-classic-short-detachable-hooded-puffer-negro-m","59.99","69.99","0","continue","","","WarmCore Classic Short Detachable Hooded Puffer","Tu nuevo básico para vestir sin complicarte. WarmCore Classic Short Detachable Hooded Puffer aporta un toque especial a tus looks y se combina fácilmente para que te sientas cómoda, arreglada y tú misma en cualquier plan."
"warmcore-classic-short-detachable-hooded-puffer","WarmCore Classic Short Detachable Hooded Puffer","<p>Tu nuevo básico para vestir sin complicarte. WarmCore Classic Short Detachable Hooded Puffer aporta un toque especial a tus looks y se combina fácilmente para que te sientas cómoda, arreglada y tú misma en cualquier plan.</p>","puffit.com","Ropa","Ropa","Ropa, Ropa, Novedades, Selección Juanjo","TRUE","Color","Negro","Talla","L","warmcore-classic-short-detachable-hooded-puffer-negro-l","59.99","69.99","0","continue","","","WarmCore Classic Short Detachable Hooded Puffer","Tu nuevo básico para vestir sin complicarte. WarmCore Classic Short Detachable Hooded Puffer aporta un toque especial a tus looks y se combina fácilmente para que te sientas cómoda, arreglada y tú misma en cualquier plan."
"warmcore-classic-short-detachable-hooded-puffer","WarmCore Classic Short Detachable Hooded Puffer","<p>Tu nuevo básico para vestir sin complicarte. WarmCore Classic Short Detachable Hooded Puffer aporta un toque especial a tus looks y se combina fácilmente para que te sientas cómoda, arreglada y tú misma en cualquier plan.</p>","puffit.com","Ropa","Ropa","Ropa, Ropa, Novedades, Selección Juanjo","TRUE","Color","Negro","Talla","XL","warmcore-classic-short-detachable-hooded-puffer-negro-xl","59.99","69.99","0","continue","","","WarmCore Classic Short Detachable Hooded Puffer","Tu nuevo básico para vestir sin complicarte. WarmCore Classic Short Detachable Hooded Puffer aporta un toque especial a tus looks y se combina fácilmente para que te sientas cómoda, arreglada y tú misma en cualquier plan."
"warmcore-classic-short-detachable-hooded-puffer","WarmCore Classic Short Detachable Hooded Puffer","<p>Tu nuevo básico para vestir sin complicarte. WarmCore Classic Short Detachable Hooded Puffer aporta un toque especial a tus looks y se combina fácilmente para que te sientas cómoda, arreglada y tú misma en cualquier plan.</p>","puffit.com","Ropa","Ropa","Ropa, Ropa, Novedades, Selección Juanjo","TRUE","Color","Beige","Talla","S","warmcore-classic-short-detachable-hooded-puffer-beige-s","59.99","69.99","0","continue","","","WarmCore Classic Short Detachable Hooded Puffer","Tu nuevo básico para vestir sin complicarte. WarmCore Classic Short Detachable Hooded Puffer aporta un toque especial a tus looks y se combina fácilmente para que te sientas cómoda, arreglada y tú misma en cualquier plan."
"warmcore-classic-short-detachable-hooded-puffer","WarmCore Classic Short Detachable Hooded Puffer","<p>Tu nuevo básico para vestir sin complicarte. WarmCore Classic Short Detachable Hooded Puffer aporta un toque especial a tus looks y se combina fácilmente para que te sientas cómoda, arreglada y tú misma en cualquier plan.</p>","puffit.com","Ropa","Ropa","Ropa, Ropa, Novedades, Selección Juanjo","TRUE","Color","Beige","Talla","M","warmcore-classic-short-detachable-hooded-puffer-beige-m","59.99","69.99","0","continue","","","WarmCore Classic Short Detachable Hooded Puffer","Tu nuevo básico para vestir sin complicarte. WarmCore Classic Short Detachable Hooded Puffer aporta un toque especial a tus looks y se combina fácilmente para que te sientas cómoda, arreglada y tú misma en cualquier plan."
"warmcore-classic-short-detachable-hooded-puffer","WarmCore Classic Short Detachable Hooded Puffer","<p>Tu nuevo básico para vestir sin complicarte. WarmCore Classic Short Detachable Hooded Puffer aporta un toque especial a tus looks y se combina fácilmente para que te sientas cómoda, arreglada y tú misma en cualquier plan.</p>","puffit.com","Ropa","Ropa","Ropa, Ropa, Novedades, Selección Juanjo","TRUE","Color","Beige","Talla","L","warmcore-classic-short-detachable-hooded-puffer-beige-l","59.99","69.99","0","continue","","","WarmCore Classic Short Detachable Hooded Puffer","Tu nuevo básico para vestir sin complicarte. WarmCore Classic Short Detachable Hooded Puffer aporta un toque especial a tus looks y se combina fácilmente para que te sientas cómoda, arreglada y tú misma en cualquier plan."
"warmcore-classic-short-detachable-hooded-puffer","WarmCore Classic Short Detachable Hooded Puffer","<p>Tu nuevo básico para vestir sin complicarte. WarmCore Classic Short Detachable Hooded Puffer aporta un toque especial a tus looks y se combina fácilmente para que te sientas cómoda, arreglada y tú misma en cualquier plan.</p>","puffit.com","Ropa","Ropa","Ropa, Ropa, Novedades, Selección Juanjo","TRUE","Color","Beige","Talla","XL","warmcore-classic-short-detachable-hooded-puffer-beige-xl","59.99","69.99","0","continue","","","WarmCore Classic Short Detachable Hooded Puffer","Tu nuevo básico para vestir sin complicarte. WarmCore Classic Short Detachable Hooded Puffer aporta un toque especial a tus looks y se combina fácilmente para que te sientas cómoda, arreglada y tú misma en cualquier plan."
"warmcore-classic-short-detachable-hooded-puffer","WarmCore Classic Short Detachable Hooded Puffer","<p>Tu nuevo básico para vestir sin complicarte. WarmCore Classic Short Detachable Hooded Puffer aporta un toque especial a tus looks y se combina fácilmente para que te sientas cómoda, arreglada y tú misma en cualquier plan.</p>","puffit.com","Ropa","Ropa","Ropa, Ropa, Novedades, Selección Juanjo","TRUE","Color","Blanco","Talla","S","warmcore-classic-short-detachable-hooded-puffer-blanco-s","59.99","69.99","0","continue","","","WarmCore Classic Short Detachable Hooded Puffer","Tu nuevo básico para vestir sin complicarte. WarmCore Classic Short Detachable Hooded Puffer aporta un toque especial a tus looks y se combina fácilmente para que te sientas cómoda, arreglada y tú misma en cualquier plan."
"warmcore-classic-short-detachable-hooded-puffer","WarmCore Classic Short Detachable Hooded Puffer","<p>Tu nuevo básico para vestir sin complicarte. WarmCore Classic Short Detachable Hooded Puffer aporta un toque especial a tus looks y se combina fácilmente para que te sientas cómoda, arreglada y tú misma en cualquier plan.</p>","puffit.com","Ropa","Ropa","Ropa, Ropa, Novedades, Selección Juanjo","TRUE","Color","Blanco","Talla","M","warmcore-classic-short-detachable-hooded-puffer-blanco-m","59.99","69.99","0","continue","","","WarmCore Classic Short Detachable Hooded Puffer","Tu nuevo básico para vestir sin complicarte. WarmCore Classic Short Detachable Hooded Puffer aporta un toque especial a tus looks y se combina fácilmente para que te sientas cómoda, arreglada y tú misma en cualquier plan."
"warmcore-classic-short-detachable-hooded-puffer","WarmCore Classic Short Detachable Hooded Puffer","<p>Tu nuevo básico para vestir sin complicarte. WarmCore Classic Short Detachable Hooded Puffer aporta un toque especial a tus looks y se combina fácilmente para que te sientas cómoda, arreglada y tú misma en cualquier plan.</p>","puffit.com","Ropa","Ropa","Ropa, Ropa, Novedades, Selección Juanjo","TRUE","Color","Blanco","Talla","L","warmcore-classic-short-detachable-hooded-puffer-blanco-l","59.99","69.99","0","continue","","","WarmCore Classic Short Detachable Hooded Puffer","Tu nuevo básico para vestir sin complicarte. WarmCore Classic Short Detachable Hooded Puffer aporta un toque especial a tus looks y se combina fácilmente para que te sientas cómoda, arreglada y tú misma en cualquier plan."
"warmcore-classic-short-detachable-hooded-puffer","WarmCore Classic Short Detachable Hooded Puffer","<p>Tu nuevo básico para vestir sin complicarte. WarmCore Classic Short Detachable Hooded Puffer aporta un toque especial a tus looks y se combina fácilmente para que te sientas cómoda, arreglada y tú misma en cualquier plan.</p>","puffit.com","Ropa","Ropa","Ropa, Ropa, Novedades, Selección Juanjo","TRUE","Color","Blanco","Talla","XL","warmcore-classic-short-detachable-hooded-puffer-blanco-xl","59.99","69.99","0","continue","","","WarmCore Classic Short Detachable Hooded Puffer","Tu nuevo básico para vestir sin complicarte. WarmCore Classic Short Detachable Hooded Puffer aporta un toque especial a tus looks y se combina fácilmente para que te sientas cómoda, arreglada y tú misma en cualquier plan."
"warmcore-classic-short-detachable-hooded-puffer","WarmCore Classic Short Detachable Hooded Puffer","<p>Tu nuevo básico para vestir sin complicarte. WarmCore Classic Short Detachable Hooded Puffer aporta un toque especial a tus looks y se combina fácilmente para que te sientas cómoda, arreglada y tú misma en cualquier plan.</p>","puffit.com","Ropa","Ropa","Ropa, Ropa, Novedades, Selección Juanjo","TRUE","Color","Verde","Talla","S","warmcore-classic-short-detachable-hooded-puffer-verde-s","59.99","69.99","0","continue","","","WarmCore Classic Short Detachable Hooded Puffer","Tu nuevo básico para vestir sin complicarte. WarmCore Classic Short Detachable Hooded Puffer aporta un toque especial a tus looks y se combina fácilmente para que te sientas cómoda, arreglada y tú misma en cualquier plan."
"warmcore-classic-short-detachable-hooded-puffer","WarmCore Classic Short Detachable Hooded Puffer","<p>Tu nuevo básico para vestir sin complicarte. WarmCore Classic Short Detachable Hooded Puffer aporta un toque especial a tus looks y se combina fácilmente para que te sientas cómoda, arreglada y tú misma en cualquier plan.</p>","puffit.com","Ropa","Ropa","Ropa, Ropa, Novedades, Selección Juanjo","TRUE","Color","Verde","Talla","M","warmcore-classic-short-detachable-hooded-puffer-verde-m","59.99","69.99","0","continue","","","WarmCore Classic Short Detachable Hooded Puffer","Tu nuevo básico para vestir sin complicarte. WarmCore Classic Short Detachable Hooded Puffer aporta un toque especial a tus looks y se combina fácilmente para que te sientas cómoda, arreglada y tú misma en cualquier plan."
"warmcore-classic-short-detachable-hooded-puffer","WarmCore Classic Short Detachable Hooded Puffer","<p>Tu nuevo básico para vestir sin complicarte. WarmCore Classic Short Detachable Hooded Puffer aporta un toque especial a tus looks y se combina fácilmente para que te sientas cómoda, arreglada y tú misma en cualquier plan.</p>","puffit.com","Ropa","Ropa","Ropa, Ropa, Novedades, Selección Juanjo","TRUE","Color","Verde","Talla","L","warmcore-classic-short-detachable-hooded-puffer-verde-l","59.99","69.99","0","continue","","","WarmCore Classic Short Detachable Hooded Puffer","Tu nuevo básico para vestir sin complicarte. WarmCore Classic Short Detachable Hooded Puffer aporta un toque especial a tus looks y se combina fácilmente para que te sientas cómoda, arreglada y tú misma en cualquier plan."
"warmcore-classic-short-detachable-hooded-puffer","WarmCore Classic Short Detachable Hooded Puffer","<p>Tu nuevo básico para vestir sin complicarte. WarmCore Classic Short Detachable Hooded Puffer aporta un toque especial a tus looks y se combina fácilmente para que te sientas cómoda, arreglada y tú misma en cualquier plan.</p>","puffit.com","Ropa","Ropa","Ropa, Ropa, Novedades, Selección Juanjo","TRUE","Color","Verde","Talla","XL","warmcore-classic-short-detachable-hooded-puffer-verde-xl","59.99","69.99","0","continue","","","WarmCore Classic Short Detachable Hooded Puffer","Tu nuevo básico para vestir sin complicarte. WarmCore Classic Short Detachable Hooded Puffer aporta un toque especial a tus looks y se combina fácilmente para que te sientas cómoda, arreglada y tú misma en cualquier plan."
"stm-tex-fleece-lined-relaxed-fit-rain-hoodie","STM-TEX Fleece Lined Relaxed Fit Rain Hoodie","<p>Tu nuevo básico para vestir sin complicarte. STM-TEX Fleece Lined Relaxed Fit Rain Hoodie aporta un toque especial a tus looks y se combina fácilmente para que te sientas cómoda, arreglada y tú misma en cualquier plan.</p>","puffit.com","Ropa","Ropa","Ropa, Ropa, Novedades, Selección Juanjo","TRUE","Color","Negro","Talla","S","stm-tex-fleece-lined-relaxed-fit-rain-hoodie-negro-s","64.99","99.99","0","continue","","","STM-TEX Fleece Lined Relaxed Fit Rain Hoodie","Tu nuevo básico para vestir sin complicarte. STM-TEX Fleece Lined Relaxed Fit Rain Hoodie aporta un toque especial a tus looks y se combina fácilmente para que te sientas cómoda, arreglada y tú misma en cualquier plan."
"stm-tex-fleece-lined-relaxed-fit-rain-hoodie","STM-TEX Fleece Lined Relaxed Fit Rain Hoodie","<p>Tu nuevo básico para vestir sin complicarte. STM-TEX Fleece Lined Relaxed Fit Rain Hoodie aporta un toque especial a tus looks y se combina fácilmente para que te sientas cómoda, arreglada y tú misma en cualquier plan.</p>","puffit.com","Ropa","Ropa","Ropa, Ropa, Novedades, Selección Juanjo","TRUE","Color","Negro","Talla","M","stm-tex-fleece-lined-relaxed-fit-rain-hoodie-negro-m","64.99","99.99","0","continue","","","STM-TEX Fleece Lined Relaxed Fit Rain Hoodie","Tu nuevo básico para vestir sin complicarte. STM-TEX Fleece Lined Relaxed Fit Rain Hoodie aporta un toque especial a tus looks y se combina fácilmente para que te sientas cómoda, arreglada y tú misma en cualquier plan."
"stm-tex-fleece-lined-relaxed-fit-rain-hoodie","STM-TEX Fleece Lined Relaxed Fit Rain Hoodie","<p>Tu nuevo básico para vestir sin complicarte. STM-TEX Fleece Lined Relaxed Fit Rain Hoodie aporta un toque especial a tus looks y se combina fácilmente para que te sientas cómoda, arreglada y tú misma en cualquier plan.</p>","puffit.com","Ropa","Ropa","Ropa, Ropa, Novedades, Selección Juanjo","TRUE","Color","Negro","Talla","L","stm-tex-fleece-lined-relaxed-fit-rain-hoodie-negro-l","64.99","99.99","0","continue","","","STM-TEX Fleece Lined Relaxed Fit Rain Hoodie","Tu nuevo básico para vestir sin complicarte. STM-TEX Fleece Lined Relaxed Fit Rain Hoodie aporta un toque especial a tus looks y se combina fácilmente para que te sientas cómoda, arreglada y tú misma en cualquier plan."
"stm-tex-fleece-lined-relaxed-fit-rain-hoodie","STM-TEX Fleece Lined Relaxed Fit Rain Hoodie","<p>Tu nuevo básico para vestir sin complicarte. STM-TEX Fleece Lined Relaxed Fit Rain Hoodie aporta un toque especial a tus looks y se combina fácilmente para que te sientas cómoda, arreglada y tú misma en cualquier plan.</p>","puffit.com","Ropa","Ropa","Ropa, Ropa, Novedades, Selección Juanjo","TRUE","Color","Negro","Talla","XL","stm-tex-fleece-lined-relaxed-fit-rain-hoodie-negro-xl","64.99","99.99","0","continue","","","STM-TEX Fleece Lined Relaxed Fit Rain Hoodie","Tu nuevo básico para vestir sin complicarte. STM-TEX Fleece Lined Relaxed Fit Rain Hoodie aporta un toque especial a tus looks y se combina fácilmente para que te sientas cómoda, arreglada y tú misma en cualquier plan."
"stm-tex-fleece-lined-relaxed-fit-rain-hoodie","STM-TEX Fleece Lined Relaxed Fit Rain Hoodie","<p>Tu nuevo básico para vestir sin complicarte. STM-TEX Fleece Lined Relaxed Fit Rain Hoodie aporta un toque especial a tus looks y se combina fácilmente para que te sientas cómoda, arreglada y tú misma en cualquier plan.</p>","puffit.com","Ropa","Ropa","Ropa, Ropa, Novedades, Selección Juanjo","TRUE","Color","Beige","Talla","S","stm-tex-fleece-lined-relaxed-fit-rain-hoodie-beige-s","64.99","99.99","0","continue","","","STM-TEX Fleece Lined Relaxed Fit Rain Hoodie","Tu nuevo básico para vestir sin complicarte. STM-TEX Fleece Lined Relaxed Fit Rain Hoodie aporta un toque especial a tus looks y se combina fácilmente para que te sientas cómoda, arreglada y tú misma en cualquier plan."
"stm-tex-fleece-lined-relaxed-fit-rain-hoodie","STM-TEX Fleece Lined Relaxed Fit Rain Hoodie","<p>Tu nuevo básico para vestir sin complicarte. STM-TEX Fleece Lined Relaxed Fit Rain Hoodie aporta un toque especial a tus looks y se combina fácilmente para que te sientas cómoda, arreglada y tú misma en cualquier plan.</p>","puffit.com","Ropa","Ropa","Ropa, Ropa, Novedades, Selección Juanjo","TRUE","Color","Beige","Talla","M","stm-tex-fleece-lined-relaxed-fit-rain-hoodie-beige-m","64.99","99.99","0","continue","","","STM-TEX Fleece Lined Relaxed Fit Rain Hoodie","Tu nuevo básico para vestir sin complicarte. STM-TEX Fleece Lined Relaxed Fit Rain Hoodie aporta un toque especial a tus looks y se combina fácilmente para que te sientas cómoda, arreglada y tú misma en cualquier plan."
"stm-tex-fleece-lined-relaxed-fit-rain-hoodie","STM-TEX Fleece Lined Relaxed Fit Rain Hoodie","<p>Tu nuevo básico para vestir sin complicarte. STM-TEX Fleece Lined Relaxed Fit Rain Hoodie aporta un toque especial a tus looks y se combina fácilmente para que te sientas cómoda, arreglada y tú misma en cualquier plan.</p>","puffit.com","Ropa","Ropa","Ropa, Ropa, Novedades, Selección Juanjo","TRUE","Color","Beige","Talla","L","stm-tex-fleece-lined-relaxed-fit-rain-hoodie-beige-l","64.99","99.99","0","continue","","","STM-TEX Fleece Lined Relaxed Fit Rain Hoodie","Tu nuevo básico para vestir sin complicarte. STM-TEX Fleece Lined Relaxed Fit Rain Hoodie aporta un toque especial a tus looks y se combina fácilmente para que te sientas cómoda, arreglada y tú misma en cualquier plan."
"stm-tex-fleece-lined-relaxed-fit-rain-hoodie","STM-TEX Fleece Lined Relaxed Fit Rain Hoodie","<p>Tu nuevo básico para vestir sin complicarte. STM-TEX Fleece Lined Relaxed Fit Rain Hoodie aporta un toque especial a tus looks y se combina fácilmente para que te sientas cómoda, arreglada y tú misma en cualquier plan.</p>","puffit.com","Ropa","Ropa","Ropa, Ropa, Novedades, Selección Juanjo","TRUE","Color","Beige","Talla","XL","stm-tex-fleece-lined-relaxed-fit-rain-hoodie-beige-xl","64.99","99.99","0","continue","","","STM-TEX Fleece Lined Relaxed Fit Rain Hoodie","Tu nuevo básico para vestir sin complicarte. STM-TEX Fleece Lined Relaxed Fit Rain Hoodie aporta un toque especial a tus looks y se combina fácilmente para que te sientas cómoda, arreglada y tú misma en cualquier plan."
"stm-tex-fleece-lined-relaxed-fit-rain-hoodie","STM-TEX Fleece Lined Relaxed Fit Rain Hoodie","<p>Tu nuevo básico para vestir sin complicarte. STM-TEX Fleece Lined Relaxed Fit Rain Hoodie aporta un toque especial a tus looks y se combina fácilmente para que te sientas cómoda, arreglada y tú misma en cualquier plan.</p>","puffit.com","Ropa","Ropa","Ropa, Ropa, Novedades, Selección Juanjo","TRUE","Color","Blanco","Talla","S","stm-tex-fleece-lined-relaxed-fit-rain-hoodie-blanco-s","64.99","99.99","0","continue","","","STM-TEX Fleece Lined Relaxed Fit Rain Hoodie","Tu nuevo básico para vestir sin complicarte. STM-TEX Fleece Lined Relaxed Fit Rain Hoodie aporta un toque especial a tus looks y se combina fácilmente para que te sientas cómoda, arreglada y tú misma en cualquier plan."
"stm-tex-fleece-lined-relaxed-fit-rain-hoodie","STM-TEX Fleece Lined Relaxed Fit Rain Hoodie","<p>Tu nuevo básico para vestir sin complicarte. STM-TEX Fleece Lined Relaxed Fit Rain Hoodie aporta un toque especial a tus looks y se combina fácilmente para que te sientas cómoda, arreglada y tú misma en cualquier plan.</p>","puffit.com","Ropa","Ropa","Ropa, Ropa, Novedades, Selección Juanjo","TRUE","Color","Blanco","Talla","M","stm-tex-fleece-lined-relaxed-fit-rain-hoodie-blanco-m","64.99","99.99","0","continue","","","STM-TEX Fleece Lined Relaxed Fit Rain Hoodie","Tu nuevo básico para vestir sin complicarte. STM-TEX Fleece Lined Relaxed Fit Rain Hoodie aporta un toque especial a tus looks y se combina fácilmente para que te sientas cómoda, arreglada y tú misma en cualquier plan."
"stm-tex-fleece-lined-relaxed-fit-rain-hoodie","STM-TEX Fleece Lined Relaxed Fit Rain Hoodie","<p>Tu nuevo básico para vestir sin complicarte. STM-TEX Fleece Lined Relaxed Fit Rain Hoodie aporta un toque especial a tus looks y se combina fácilmente para que te sientas cómoda, arreglada y tú misma en cualquier plan.</p>","puffit.com","Ropa","Ropa","Ropa, Ropa, Novedades, Selección Juanjo","TRUE","Color","Blanco","Talla","L","stm-tex-fleece-lined-relaxed-fit-rain-hoodie-blanco-l","64.99","99.99","0","continue","","","STM-TEX Fleece Lined Relaxed Fit Rain Hoodie","Tu nuevo básico para vestir sin complicarte. STM-TEX Fleece Lined Relaxed Fit Rain Hoodie aporta un toque especial a tus looks y se combina fácilmente para que te sientas cómoda, arreglada y tú misma en cualquier plan."
"stm-tex-fleece-lined-relaxed-fit-rain-hoodie","STM-TEX Fleece Lined Relaxed Fit Rain Hoodie","<p>Tu nuevo básico para vestir sin complicarte. STM-TEX Fleece Lined Relaxed Fit Rain Hoodie aporta un toque especial a tus looks y se combina fácilmente para que te sientas cómoda, arreglada y tú misma en cualquier plan.</p>","puffit.com","Ropa","Ropa","Ropa, Ropa, Novedades, Selección Juanjo","TRUE","Color","Blanco","Talla","XL","stm-tex-fleece-lined-relaxed-fit-rain-hoodie-blanco-xl","64.99","99.99","0","continue","","","STM-TEX Fleece Lined Relaxed Fit Rain Hoodie","Tu nuevo básico para vestir sin complicarte. STM-TEX Fleece Lined Relaxed Fit Rain Hoodie aporta un toque especial a tus looks y se combina fácilmente para que te sientas cómoda, arreglada y tú misma en cualquier plan."
"stm-tex-fleece-lined-relaxed-fit-rain-hoodie","STM-TEX Fleece Lined Relaxed Fit Rain Hoodie","<p>Tu nuevo básico para vestir sin complicarte. STM-TEX Fleece Lined Relaxed Fit Rain Hoodie aporta un toque especial a tus looks y se combina fácilmente para que te sientas cómoda, arreglada y tú misma en cualquier plan.</p>","puffit.com","Ropa","Ropa","Ropa, Ropa, Novedades, Selección Juanjo","TRUE","Color","Verde","Talla","S","stm-tex-fleece-lined-relaxed-fit-rain-hoodie-verde-s","64.99","99.99","0","continue","","","STM-TEX Fleece Lined Relaxed Fit Rain Hoodie","Tu nuevo básico para vestir sin complicarte. STM-TEX Fleece Lined Relaxed Fit Rain Hoodie aporta un toque especial a tus looks y se combina fácilmente para que te sientas cómoda, arreglada y tú misma en cualquier plan."
"stm-tex-fleece-lined-relaxed-fit-rain-hoodie","STM-TEX Fleece Lined Relaxed Fit Rain Hoodie","<p>Tu nuevo básico para vestir sin complicarte. STM-TEX Fleece Lined Relaxed Fit Rain Hoodie aporta un toque especial a tus looks y se combina fácilmente para que te sientas cómoda, arreglada y tú misma en cualquier plan.</p>","puffit.com","Ropa","Ropa","Ropa, Ropa, Novedades, Selección Juanjo","TRUE","Color","Verde","Talla","M","stm-tex-fleece-lined-relaxed-fit-rain-hoodie-verde-m","64.99","99.99","0","continue","","","STM-TEX Fleece Lined Relaxed Fit Rain Hoodie","Tu nuevo básico para vestir sin complicarte. STM-TEX Fleece Lined Relaxed Fit Rain Hoodie aporta un toque especial a tus looks y se combina fácilmente para que te sientas cómoda, arreglada y tú misma en cualquier plan."
"stm-tex-fleece-lined-relaxed-fit-rain-hoodie","STM-TEX Fleece Lined Relaxed Fit Rain Hoodie","<p>Tu nuevo básico para vestir sin complicarte. STM-TEX Fleece Lined Relaxed Fit Rain Hoodie aporta un toque especial a tus looks y se combina fácilmente para que te sientas cómoda, arreglada y tú misma en cualquier plan.</p>","puffit.com","Ropa","Ropa","Ropa, Ropa, Novedades, Selección Juanjo","TRUE","Color","Verde","Talla","L","stm-tex-fleece-lined-relaxed-fit-rain-hoodie-verde-l","64.99","99.99","0","continue","","","STM-TEX Fleece Lined Relaxed Fit Rain Hoodie","Tu nuevo básico para vestir sin complicarte. STM-TEX Fleece Lined Relaxed Fit Rain Hoodie aporta un toque especial a tus looks y se combina fácilmente para que te sientas cómoda, arreglada y tú misma en cualquier plan."
"stm-tex-fleece-lined-relaxed-fit-rain-hoodie","STM-TEX Fleece Lined Relaxed Fit Rain Hoodie","<p>Tu nuevo básico para vestir sin complicarte. STM-TEX Fleece Lined Relaxed Fit Rain Hoodie aporta un toque especial a tus looks y se combina fácilmente para que te sientas cómoda, arreglada y tú misma en cualquier plan.</p>","puffit.com","Ropa","Ropa","Ropa, Ropa, Novedades, Selección Juanjo","TRUE","Color","Verde","Talla","XL","stm-tex-fleece-lined-relaxed-fit-rain-hoodie-verde-xl","64.99","99.99","0","continue","","","STM-TEX Fleece Lined Relaxed Fit Rain Hoodie","Tu nuevo básico para vestir sin complicarte. STM-TEX Fleece Lined Relaxed Fit Rain Hoodie aporta un toque especial a tus looks y se combina fácilmente para que te sientas cómoda, arreglada y tú misma en cualquier plan."
"feathra-ultralight-down-jacket","Feathra Ultralight Down Jacket","<p>Tu nuevo básico para vestir sin complicarte. Feathra Ultralight Down Jacket aporta un toque especial a tus looks y se combina fácilmente para que te sientas cómoda, arreglada y tú misma en cualquier plan.</p>","olyndralondon.com","Ropa","Ropa","Ropa, Ropa, Novedades, Selección Juanjo","TRUE","Color","Negro","Talla","S","feathra-ultralight-down-jacket-negro-s","28.00","50.00","0","continue","","","Feathra Ultralight Down Jacket","Tu nuevo básico para vestir sin complicarte. Feathra Ultralight Down Jacket aporta un toque especial a tus looks y se combina fácilmente para que te sientas cómoda, arreglada y tú misma en cualquier plan."
"feathra-ultralight-down-jacket","Feathra Ultralight Down Jacket","<p>Tu nuevo básico para vestir sin complicarte. Feathra Ultralight Down Jacket aporta un toque especial a tus looks y se combina fácilmente para que te sientas cómoda, arreglada y tú misma en cualquier plan.</p>","olyndralondon.com","Ropa","Ropa","Ropa, Ropa, Novedades, Selección Juanjo","TRUE","Color","Negro","Talla","M","feathra-ultralight-down-jacket-negro-m","28.00","50.00","0","continue","","","Feathra Ultralight Down Jacket","Tu nuevo básico para vestir sin complicarte. Feathra Ultralight Down Jacket aporta un toque especial a tus looks y se combina fácilmente para que te sientas cómoda, arreglada y tú misma en cualquier plan."
"feathra-ultralight-down-jacket","Feathra Ultralight Down Jacket","<p>Tu nuevo básico para vestir sin complicarte. Feathra Ultralight Down Jacket aporta un toque especial a tus looks y se combina fácilmente para que te sientas cómoda, arreglada y tú misma en cualquier plan.</p>","olyndralondon.com","Ropa","Ropa","Ropa, Ropa, Novedades, Selección Juanjo","TRUE","Color","Negro","Talla","L","feathra-ultralight-down-jacket-negro-l","28.00","50.00","0","continue","","","Feathra Ultralight Down Jacket","Tu nuevo básico para vestir sin complicarte. Feathra Ultralight Down Jacket aporta un toque especial a tus looks y se combina fácilmente para que te sientas cómoda, arreglada y tú misma en cualquier plan."
"feathra-ultralight-down-jacket","Feathra Ultralight Down Jacket","<p>Tu nuevo básico para vestir sin complicarte. Feathra Ultralight Down Jacket aporta un toque especial a tus looks y se combina fácilmente para que te sientas cómoda, arreglada y tú misma en cualquier plan.</p>","olyndralondon.com","Ropa","Ropa","Ropa, Ropa, Novedades, Selección Juanjo","TRUE","Color","Negro","Talla","XL","feathra-ultralight-down-jacket-negro-xl","28.00","50.00","0","continue","","","Feathra Ultralight Down Jacket","Tu nuevo básico para vestir sin complicarte. Feathra Ultralight Down Jacket aporta un toque especial a tus looks y se combina fácilmente para que te sientas cómoda, arreglada y tú misma en cualquier plan."
"feathra-ultralight-down-jacket","Feathra Ultralight Down Jacket","<p>Tu nuevo básico para vestir sin complicarte. Feathra Ultralight Down Jacket aporta un toque especial a tus looks y se combina fácilmente para que te sientas cómoda, arreglada y tú misma en cualquier plan.</p>","olyndralondon.com","Ropa","Ropa","Ropa, Ropa, Novedades, Selección Juanjo","TRUE","Color","Beige","Talla","S","feathra-ultralight-down-jacket-beige-s","28.00","50.00","0","continue","","","Feathra Ultralight Down Jacket","Tu nuevo básico para vestir sin complicarte. Feathra Ultralight Down Jacket aporta un toque especial a tus looks y se combina fácilmente para que te sientas cómoda, arreglada y tú misma en cualquier plan."
"feathra-ultralight-down-jacket","Feathra Ultralight Down Jacket","<p>Tu nuevo básico para vestir sin complicarte. Feathra Ultralight Down Jacket aporta un toque especial a tus looks y se combina fácilmente para que te sientas cómoda, arreglada y tú misma en cualquier plan.</p>","olyndralondon.com","Ropa","Ropa","Ropa, Ropa, Novedades, Selección Juanjo","TRUE","Color","Beige","Talla","M","feathra-ultralight-down-jacket-beige-m","28.00","50.00","0","continue","","","Feathra Ultralight Down Jacket","Tu nuevo básico para vestir sin complicarte. Feathra Ultralight Down Jacket aporta un toque especial a tus looks y se combina fácilmente para que te sientas cómoda, arreglada y tú misma en cualquier plan."
"feathra-ultralight-down-jacket","Feathra Ultralight Down Jacket","<p>Tu nuevo básico para vestir sin complicarte. Feathra Ultralight Down Jacket aporta un toque especial a tus looks y se combina fácilmente para que te sientas cómoda, arreglada y tú misma en cualquier plan.</p>","olyndralondon.com","Ropa","Ropa","Ropa, Ropa, Novedades, Selección Juanjo","TRUE","Color","Beige","Talla","L","feathra-ultralight-down-jacket-beige-l","28.00","50.00","0","continue","","","Feathra Ultralight Down Jacket","Tu nuevo básico para vestir sin complicarte. Feathra Ultralight Down Jacket aporta un toque especial a tus looks y se combina fácilmente para que te sientas cómoda, arreglada y tú misma en cualquier plan."
"feathra-ultralight-down-jacket","Feathra Ultralight Down Jacket","<p>Tu nuevo básico para vestir sin complicarte. Feathra Ultralight Down Jacket aporta un toque especial a tus looks y se combina fácilmente para que te sientas cómoda, arreglada y tú misma en cualquier plan.</p>","olyndralondon.com","Ropa","Ropa","Ropa, Ropa, Novedades, Selección Juanjo","TRUE","Color","Beige","Talla","XL","feathra-ultralight-down-jacket-beige-xl","28.00","50.00","0","continue","","","Feathra Ultralight Down Jacket","Tu nuevo básico para vestir sin complicarte. Feathra Ultralight Down Jacket aporta un toque especial a tus looks y se combina fácilmente para que te sientas cómoda, arreglada y tú misma en cualquier plan."
"feathra-ultralight-down-jacket","Feathra Ultralight Down Jacket","<p>Tu nuevo básico para vestir sin complicarte. Feathra Ultralight Down Jacket aporta un toque especial a tus looks y se combina fácilmente para que te sientas cómoda, arreglada y tú misma en cualquier plan.</p>","olyndralondon.com","Ropa","Ropa","Ropa, Ropa, Novedades, Selección Juanjo","TRUE","Color","Blanco","Talla","S","feathra-ultralight-down-jacket-blanco-s","28.00","50.00","0","continue","","","Feathra Ultralight Down Jacket","Tu nuevo básico para vestir sin complicarte. Feathra Ultralight Down Jacket aporta un toque especial a tus looks y se combina fácilmente para que te sientas cómoda, arreglada y tú misma en cualquier plan."
"feathra-ultralight-down-jacket","Feathra Ultralight Down Jacket","<p>Tu nuevo básico para vestir sin complicarte. Feathra Ultralight Down Jacket aporta un toque especial a tus looks y se combina fácilmente para que te sientas cómoda, arreglada y tú misma en cualquier plan.</p>","olyndralondon.com","Ropa","Ropa","Ropa, Ropa, Novedades, Selección Juanjo","TRUE","Color","Blanco","Talla","M","feathra-ultralight-down-jacket-blanco-m","28.00","50.00","0","continue","","","Feathra Ultralight Down Jacket","Tu nuevo básico para vestir sin complicarte. Feathra Ultralight Down Jacket aporta un toque especial a tus looks y se combina fácilmente para que te sientas cómoda, arreglada y tú misma en cualquier plan."
"feathra-ultralight-down-jacket","Feathra Ultralight Down Jacket","<p>Tu nuevo básico para vestir sin complicarte. Feathra Ultralight Down Jacket aporta un toque especial a tus looks y se combina fácilmente para que te sientas cómoda, arreglada y tú misma en cualquier plan.</p>","olyndralondon.com","Ropa","Ropa","Ropa, Ropa, Novedades, Selección Juanjo","TRUE","Color","Blanco","Talla","L","feathra-ultralight-down-jacket-blanco-l","28.00","50.00","0","continue","","","Feathra Ultralight Down Jacket","Tu nuevo básico para vestir sin complicarte. Feathra Ultralight Down Jacket aporta un toque especial a tus looks y se combina fácilmente para que te sientas cómoda, arreglada y tú misma en cualquier plan."
"feathra-ultralight-down-jacket","Feathra Ultralight Down Jacket","<p>Tu nuevo básico para vestir sin complicarte. Feathra Ultralight Down Jacket aporta un toque especial a tus looks y se combina fácilmente para que te sientas cómoda, arreglada y tú misma en cualquier plan.</p>","olyndralondon.com","Ropa","Ropa","Ropa, Ropa, Novedades, Selección Juanjo","TRUE","Color","Blanco","Talla","XL","feathra-ultralight-down-jacket-blanco-xl","28.00","50.00","0","continue","","","Feathra Ultralight Down Jacket","Tu nuevo básico para vestir sin complicarte. Feathra Ultralight Down Jacket aporta un toque especial a tus looks y se combina fácilmente para que te sientas cómoda, arreglada y tú misma en cualquier plan."
"feathra-ultralight-down-jacket","Feathra Ultralight Down Jacket","<p>Tu nuevo básico para vestir sin complicarte. Feathra Ultralight Down Jacket aporta un toque especial a tus looks y se combina fácilmente para que te sientas cómoda, arreglada y tú misma en cualquier plan.</p>","olyndralondon.com","Ropa","Ropa","Ropa, Ropa, Novedades, Selección Juanjo","TRUE","Color","Verde","Talla","S","feathra-ultralight-down-jacket-verde-s","28.00","50.00","0","continue","","","Feathra Ultralight Down Jacket","Tu nuevo básico para vestir sin complicarte. Feathra Ultralight Down Jacket aporta un toque especial a tus looks y se combina fácilmente para que te sientas cómoda, arreglada y tú misma en cualquier plan."
"feathra-ultralight-down-jacket","Feathra Ultralight Down Jacket","<p>Tu nuevo básico para vestir sin complicarte. Feathra Ultralight Down Jacket aporta un toque especial a tus looks y se combina fácilmente para que te sientas cómoda, arreglada y tú misma en cualquier plan.</p>","olyndralondon.com","Ropa","Ropa","Ropa, Ropa, Novedades, Selección Juanjo","TRUE","Color","Verde","Talla","M","feathra-ultralight-down-jacket-verde-m","28.00","50.00","0","continue","","","Feathra Ultralight Down Jacket","Tu nuevo básico para vestir sin complicarte. Feathra Ultralight Down Jacket aporta un toque especial a tus looks y se combina fácilmente para que te sientas cómoda, arreglada y tú misma en cualquier plan."
"feathra-ultralight-down-jacket","Feathra Ultralight Down Jacket","<p>Tu nuevo básico para vestir sin complicarte. Feathra Ultralight Down Jacket aporta un toque especial a tus looks y se combina fácilmente para que te sientas cómoda, arreglada y tú misma en cualquier plan.</p>","olyndralondon.com","Ropa","Ropa","Ropa, Ropa, Novedades, Selección Juanjo","TRUE","Color","Verde","Talla","L","feathra-ultralight-down-jacket-verde-l","28.00","50.00","0","continue","","","Feathra Ultralight Down Jacket","Tu nuevo básico para vestir sin complicarte. Feathra Ultralight Down Jacket aporta un toque especial a tus looks y se combina fácilmente para que te sientas cómoda, arreglada y tú misma en cualquier plan."
"feathra-ultralight-down-jacket","Feathra Ultralight Down Jacket","<p>Tu nuevo básico para vestir sin complicarte. Feathra Ultralight Down Jacket aporta un toque especial a tus looks y se combina fácilmente para que te sientas cómoda, arreglada y tú misma en cualquier plan.</p>","olyndralondon.com","Ropa","Ropa","Ropa, Ropa, Novedades, Selección Juanjo","TRUE","Color","Verde","Talla","XL","feathra-ultralight-down-jacket-verde-xl","28.00","50.00","0","continue","","","Feathra Ultralight Down Jacket","Tu nuevo básico para vestir sin complicarte. Feathra Ultralight Down Jacket aporta un toque especial a tus looks y se combina fácilmente para que te sientas cómoda, arreglada y tú misma en cualquier plan."
"satin-scoop-neck-camisole-maxi-dress","Satin Scoop Neck Camisole Maxi Dress","<p>Tu nuevo básico para vestir sin complicarte. Satin Scoop Neck Camisole Maxi Dress aporta un toque especial a tus looks y se combina fácilmente para que te sientas cómoda, arreglada y tú misma en cualquier plan.</p>","becauseofalice.com","Ropa","Ropa","Ropa, Ropa, Novedades, Selección Juanjo","TRUE","Color","Negro","Talla","S","satin-scoop-neck-camisole-maxi-dress-negro-s","100.00","","0","continue","","","Satin Scoop Neck Camisole Maxi Dress","Tu nuevo básico para vestir sin complicarte. Satin Scoop Neck Camisole Maxi Dress aporta un toque especial a tus looks y se combina fácilmente para que te sientas cómoda, arreglada y tú misma en cualquier plan."
"satin-scoop-neck-camisole-maxi-dress","Satin Scoop Neck Camisole Maxi Dress","<p>Tu nuevo básico para vestir sin complicarte. Satin Scoop Neck Camisole Maxi Dress aporta un toque especial a tus looks y se combina fácilmente para que te sientas cómoda, arreglada y tú misma en cualquier plan.</p>","becauseofalice.com","Ropa","Ropa","Ropa, Ropa, Novedades, Selección Juanjo","TRUE","Color","Negro","Talla","M","satin-scoop-neck-camisole-maxi-dress-negro-m","100.00","","0","continue","","","Satin Scoop Neck Camisole Maxi Dress","Tu nuevo básico para vestir sin complicarte. Satin Scoop Neck Camisole Maxi Dress aporta un toque especial a tus looks y se combina fácilmente para que te sientas cómoda, arreglada y tú misma en cualquier plan."
"satin-scoop-neck-camisole-maxi-dress","Satin Scoop Neck Camisole Maxi Dress","<p>Tu nuevo básico para vestir sin complicarte. Satin Scoop Neck Camisole Maxi Dress aporta un toque especial a tus looks y se combina fácilmente para que te sientas cómoda, arreglada y tú misma en cualquier plan.</p>","becauseofalice.com","Ropa","Ropa","Ropa, Ropa, Novedades, Selección Juanjo","TRUE","Color","Negro","Talla","L","satin-scoop-neck-camisole-maxi-dress-negro-l","100.00","","0","continue","","","Satin Scoop Neck Camisole Maxi Dress","Tu nuevo básico para vestir sin complicarte. Satin Scoop Neck Camisole Maxi Dress aporta un toque especial a tus looks y se combina fácilmente para que te sientas cómoda, arreglada y tú misma en cualquier plan."
"satin-scoop-neck-camisole-maxi-dress","Satin Scoop Neck Camisole Maxi Dress","<p>Tu nuevo básico para vestir sin complicarte. Satin Scoop Neck Camisole Maxi Dress aporta un toque especial a tus looks y se combina fácilmente para que te sientas cómoda, arreglada y tú misma en cualquier plan.</p>","becauseofalice.com","Ropa","Ropa","Ropa, Ropa, Novedades, Selección Juanjo","TRUE","Color","Negro","Talla","XL","satin-scoop-neck-camisole-maxi-dress-negro-xl","100.00","","0","continue","","","Satin Scoop Neck Camisole Maxi Dress","Tu nuevo básico para vestir sin complicarte. Satin Scoop Neck Camisole Maxi Dress aporta un toque especial a tus looks y se combina fácilmente para que te sientas cómoda, arreglada y tú misma en cualquier plan."
"satin-scoop-neck-camisole-maxi-dress","Satin Scoop Neck Camisole Maxi Dress","<p>Tu nuevo básico para vestir sin complicarte. Satin Scoop Neck Camisole Maxi Dress aporta un toque especial a tus looks y se combina fácilmente para que te sientas cómoda, arreglada y tú misma en cualquier plan.</p>","becauseofalice.com","Ropa","Ropa","Ropa, Ropa, Novedades, Selección Juanjo","TRUE","Color","Beige","Talla","S","satin-scoop-neck-camisole-maxi-dress-beige-s","100.00","","0","continue","","","Satin Scoop Neck Camisole Maxi Dress","Tu nuevo básico para vestir sin complicarte. Satin Scoop Neck Camisole Maxi Dress aporta un toque especial a tus looks y se combina fácilmente para que te sientas cómoda, arreglada y tú misma en cualquier plan."
"satin-scoop-neck-camisole-maxi-dress","Satin Scoop Neck Camisole Maxi Dress","<p>Tu nuevo básico para vestir sin complicarte. Satin Scoop Neck Camisole Maxi Dress aporta un toque especial a tus looks y se combina fácilmente para que te sientas cómoda, arreglada y tú misma en cualquier plan.</p>","becauseofalice.com","Ropa","Ropa","Ropa, Ropa, Novedades, Selección Juanjo","TRUE","Color","Beige","Talla","M","satin-scoop-neck-camisole-maxi-dress-beige-m","100.00","","0","continue","","","Satin Scoop Neck Camisole Maxi Dress","Tu nuevo básico para vestir sin complicarte. Satin Scoop Neck Camisole Maxi Dress aporta un toque especial a tus looks y se combina fácilmente para que te sientas cómoda, arreglada y tú misma en cualquier plan."
"satin-scoop-neck-camisole-maxi-dress","Satin Scoop Neck Camisole Maxi Dress","<p>Tu nuevo básico para vestir sin complicarte. Satin Scoop Neck Camisole Maxi Dress aporta un toque especial a tus looks y se combina fácilmente para que te sientas cómoda, arreglada y tú misma en cualquier plan.</p>","becauseofalice.com","Ropa","Ropa","Ropa, Ropa, Novedades, Selección Juanjo","TRUE","Color","Beige","Talla","L","satin-scoop-neck-camisole-maxi-dress-beige-l","100.00","","0","continue","","","Satin Scoop Neck Camisole Maxi Dress","Tu nuevo básico para vestir sin complicarte. Satin Scoop Neck Camisole Maxi Dress aporta un toque especial a tus looks y se combina fácilmente para que te sientas cómoda, arreglada y tú misma en cualquier plan."
"satin-scoop-neck-camisole-maxi-dress","Satin Scoop Neck Camisole Maxi Dress","<p>Tu nuevo básico para vestir sin complicarte. Satin Scoop Neck Camisole Maxi Dress aporta un toque especial a tus looks y se combina fácilmente para que te sientas cómoda, arreglada y tú misma en cualquier plan.</p>","becauseofalice.com","Ropa","Ropa","Ropa, Ropa, Novedades, Selección Juanjo","TRUE","Color","Beige","Talla","XL","satin-scoop-neck-camisole-maxi-dress-beige-xl","100.00","","0","continue","","","Satin Scoop Neck Camisole Maxi Dress","Tu nuevo básico para vestir sin complicarte. Satin Scoop Neck Camisole Maxi Dress aporta un toque especial a tus looks y se combina fácilmente para que te sientas cómoda, arreglada y tú misma en cualquier plan."
"satin-scoop-neck-camisole-maxi-dress","Satin Scoop Neck Camisole Maxi Dress","<p>Tu nuevo básico para vestir sin complicarte. Satin Scoop Neck Camisole Maxi Dress aporta un toque especial a tus looks y se combina fácilmente para que te sientas cómoda, arreglada y tú misma en cualquier plan.</p>","becauseofalice.com","Ropa","Ropa","Ropa, Ropa, Novedades, Selección Juanjo","TRUE","Color","Blanco","Talla","S","satin-scoop-neck-camisole-maxi-dress-blanco-s","100.00","","0","continue","","","Satin Scoop Neck Camisole Maxi Dress","Tu nuevo básico para vestir sin complicarte. Satin Scoop Neck Camisole Maxi Dress aporta un toque especial a tus looks y se combina fácilmente para que te sientas cómoda, arreglada y tú misma en cualquier plan."
"satin-scoop-neck-camisole-maxi-dress","Satin Scoop Neck Camisole Maxi Dress","<p>Tu nuevo básico para vestir sin complicarte. Satin Scoop Neck Camisole Maxi Dress aporta un toque especial a tus looks y se combina fácilmente para que te sientas cómoda, arreglada y tú misma en cualquier plan.</p>","becauseofalice.com","Ropa","Ropa","Ropa, Ropa, Novedades, Selección Juanjo","TRUE","Color","Blanco","Talla","M","satin-scoop-neck-camisole-maxi-dress-blanco-m","100.00","","0","continue","","","Satin Scoop Neck Camisole Maxi Dress","Tu nuevo básico para vestir sin complicarte. Satin Scoop Neck Camisole Maxi Dress aporta un toque especial a tus looks y se combina fácilmente para que te sientas cómoda, arreglada y tú misma en cualquier plan."
"satin-scoop-neck-camisole-maxi-dress","Satin Scoop Neck Camisole Maxi Dress","<p>Tu nuevo básico para vestir sin complicarte. Satin Scoop Neck Camisole Maxi Dress aporta un toque especial a tus looks y se combina fácilmente para que te sientas cómoda, arreglada y tú misma en cualquier plan.</p>","becauseofalice.com","Ropa","Ropa","Ropa, Ropa, Novedades, Selección Juanjo","TRUE","Color","Blanco","Talla","L","satin-scoop-neck-camisole-maxi-dress-blanco-l","100.00","","0","continue","","","Satin Scoop Neck Camisole Maxi Dress","Tu nuevo básico para vestir sin complicarte. Satin Scoop Neck Camisole Maxi Dress aporta un toque especial a tus looks y se combina fácilmente para que te sientas cómoda, arreglada y tú misma en cualquier plan."
"satin-scoop-neck-camisole-maxi-dress","Satin Scoop Neck Camisole Maxi Dress","<p>Tu nuevo básico para vestir sin complicarte. Satin Scoop Neck Camisole Maxi Dress aporta un toque especial a tus looks y se combina fácilmente para que te sientas cómoda, arreglada y tú misma en cualquier plan.</p>","becauseofalice.com","Ropa","Ropa","Ropa, Ropa, Novedades, Selección Juanjo","TRUE","Color","Blanco","Talla","XL","satin-scoop-neck-camisole-maxi-dress-blanco-xl","100.00","","0","continue","","","Satin Scoop Neck Camisole Maxi Dress","Tu nuevo básico para vestir sin complicarte. Satin Scoop Neck Camisole Maxi Dress aporta un toque especial a tus looks y se combina fácilmente para que te sientas cómoda, arreglada y tú misma en cualquier plan."
"satin-scoop-neck-camisole-maxi-dress","Satin Scoop Neck Camisole Maxi Dress","<p>Tu nuevo básico para vestir sin complicarte. Satin Scoop Neck Camisole Maxi Dress aporta un toque especial a tus looks y se combina fácilmente para que te sientas cómoda, arreglada y tú misma en cualquier plan.</p>","becauseofalice.com","Ropa","Ropa","Ropa, Ropa, Novedades, Selección Juanjo","TRUE","Color","Verde","Talla","S","satin-scoop-neck-camisole-maxi-dress-verde-s","100.00","","0","continue","","","Satin Scoop Neck Camisole Maxi Dress","Tu nuevo básico para vestir sin complicarte. Satin Scoop Neck Camisole Maxi Dress aporta un toque especial a tus looks y se combina fácilmente para que te sientas cómoda, arreglada y tú misma en cualquier plan."
"satin-scoop-neck-camisole-maxi-dress","Satin Scoop Neck Camisole Maxi Dress","<p>Tu nuevo básico para vestir sin complicarte. Satin Scoop Neck Camisole Maxi Dress aporta un toque especial a tus looks y se combina fácilmente para que te sientas cómoda, arreglada y tú misma en cualquier plan.</p>","becauseofalice.com","Ropa","Ropa","Ropa, Ropa, Novedades, Selección Juanjo","TRUE","Color","Verde","Talla","M","satin-scoop-neck-camisole-maxi-dress-verde-m","100.00","","0","continue","","","Satin Scoop Neck Camisole Maxi Dress","Tu nuevo básico para vestir sin complicarte. Satin Scoop Neck Camisole Maxi Dress aporta un toque especial a tus looks y se combina fácilmente para que te sientas cómoda, arreglada y tú misma en cualquier plan."
"satin-scoop-neck-camisole-maxi-dress","Satin Scoop Neck Camisole Maxi Dress","<p>Tu nuevo básico para vestir sin complicarte. Satin Scoop Neck Camisole Maxi Dress aporta un toque especial a tus looks y se combina fácilmente para que te sientas cómoda, arreglada y tú misma en cualquier plan.</p>","becauseofalice.com","Ropa","Ropa","Ropa, Ropa, Novedades, Selección Juanjo","TRUE","Color","Verde","Talla","L","satin-scoop-neck-camisole-maxi-dress-verde-l","100.00","","0","continue","","","Satin Scoop Neck Camisole Maxi Dress","Tu nuevo básico para vestir sin complicarte. Satin Scoop Neck Camisole Maxi Dress aporta un toque especial a tus looks y se combina fácilmente para que te sientas cómoda, arreglada y tú misma en cualquier plan."
"satin-scoop-neck-camisole-maxi-dress","Satin Scoop Neck Camisole Maxi Dress","<p>Tu nuevo básico para vestir sin complicarte. Satin Scoop Neck Camisole Maxi Dress aporta un toque especial a tus looks y se combina fácilmente para que te sientas cómoda, arreglada y tú misma en cualquier plan.</p>","becauseofalice.com","Ropa","Ropa","Ropa, Ropa, Novedades, Selección Juanjo","TRUE","Color","Verde","Talla","XL","satin-scoop-neck-camisole-maxi-dress-verde-xl","100.00","","0","continue","","","Satin Scoop Neck Camisole Maxi Dress","Tu nuevo básico para vestir sin complicarte. Satin Scoop Neck Camisole Maxi Dress aporta un toque especial a tus looks y se combina fácilmente para que te sientas cómoda, arreglada y tú misma en cualquier plan."
"serena-heritage-coat","Serena Heritage Coat","<p>Tu nuevo básico para vestir sin complicarte. Serena Heritage Coat aporta un toque especial a tus looks y se combina fácilmente para que te sientas cómoda, arreglada y tú misma en cualquier plan.</p>","olyndralondon.com","Ropa","Ropa","Ropa, Ropa, Novedades, Selección Juanjo","TRUE","Color","Negro","Talla","S","serena-heritage-coat-negro-s","28.00","","0","continue","","","Serena Heritage Coat","Tu nuevo básico para vestir sin complicarte. Serena Heritage Coat aporta un toque especial a tus looks y se combina fácilmente para que te sientas cómoda, arreglada y tú misma en cualquier plan."
"serena-heritage-coat","Serena Heritage Coat","<p>Tu nuevo básico para vestir sin complicarte. Serena Heritage Coat aporta un toque especial a tus looks y se combina fácilmente para que te sientas cómoda, arreglada y tú misma en cualquier plan.</p>","olyndralondon.com","Ropa","Ropa","Ropa, Ropa, Novedades, Selección Juanjo","TRUE","Color","Negro","Talla","M","serena-heritage-coat-negro-m","28.00","","0","continue","","","Serena Heritage Coat","Tu nuevo básico para vestir sin complicarte. Serena Heritage Coat aporta un toque especial a tus looks y se combina fácilmente para que te sientas cómoda, arreglada y tú misma en cualquier plan."
"serena-heritage-coat","Serena Heritage Coat","<p>Tu nuevo básico para vestir sin complicarte. Serena Heritage Coat aporta un toque especial a tus looks y se combina fácilmente para que te sientas cómoda, arreglada y tú misma en cualquier plan.</p>","olyndralondon.com","Ropa","Ropa","Ropa, Ropa, Novedades, Selección Juanjo","TRUE","Color","Negro","Talla","L","serena-heritage-coat-negro-l","28.00","","0","continue","","","Serena Heritage Coat","Tu nuevo básico para vestir sin complicarte. Serena Heritage Coat aporta un toque especial a tus looks y se combina fácilmente para que te sientas cómoda, arreglada y tú misma en cualquier plan."
"serena-heritage-coat","Serena Heritage Coat","<p>Tu nuevo básico para vestir sin complicarte. Serena Heritage Coat aporta un toque especial a tus looks y se combina fácilmente para que te sientas cómoda, arreglada y tú misma en cualquier plan.</p>","olyndralondon.com","Ropa","Ropa","Ropa, Ropa, Novedades, Selección Juanjo","TRUE","Color","Negro","Talla","XL","serena-heritage-coat-negro-xl","28.00","","0","continue","","","Serena Heritage Coat","Tu nuevo básico para vestir sin complicarte. Serena Heritage Coat aporta un toque especial a tus looks y se combina fácilmente para que te sientas cómoda, arreglada y tú misma en cualquier plan."
"serena-heritage-coat","Serena Heritage Coat","<p>Tu nuevo básico para vestir sin complicarte. Serena Heritage Coat aporta un toque especial a tus looks y se combina fácilmente para que te sientas cómoda, arreglada y tú misma en cualquier plan.</p>","olyndralondon.com","Ropa","Ropa","Ropa, Ropa, Novedades, Selección Juanjo","TRUE","Color","Beige","Talla","S","serena-heritage-coat-beige-s","28.00","","0","continue","","","Serena Heritage Coat","Tu nuevo básico para vestir sin complicarte. Serena Heritage Coat aporta un toque especial a tus looks y se combina fácilmente para que te sientas cómoda, arreglada y tú misma en cualquier plan."
"serena-heritage-coat","Serena Heritage Coat","<p>Tu nuevo básico para vestir sin complicarte. Serena Heritage Coat aporta un toque especial a tus looks y se combina fácilmente para que te sientas cómoda, arreglada y tú misma en cualquier plan.</p>","olyndralondon.com","Ropa","Ropa","Ropa, Ropa, Novedades, Selección Juanjo","TRUE","Color","Beige","Talla","M","serena-heritage-coat-beige-m","28.00","","0","continue","","","Serena Heritage Coat","Tu nuevo básico para vestir sin complicarte. Serena Heritage Coat aporta un toque especial a tus looks y se combina fácilmente para que te sientas cómoda, arreglada y tú misma en cualquier plan."
"serena-heritage-coat","Serena Heritage Coat","<p>Tu nuevo básico para vestir sin complicarte. Serena Heritage Coat aporta un toque especial a tus looks y se combina fácilmente para que te sientas cómoda, arreglada y tú misma en cualquier plan.</p>","olyndralondon.com","Ropa","Ropa","Ropa, Ropa, Novedades, Selección Juanjo","TRUE","Color","Beige","Talla","L","serena-heritage-coat-beige-l","28.00","","0","continue","","","Serena Heritage Coat","Tu nuevo básico para vestir sin complicarte. Serena Heritage Coat aporta un toque especial a tus looks y se combina fácilmente para que te sientas cómoda, arreglada y tú misma en cualquier plan."
"serena-heritage-coat","Serena Heritage Coat","<p>Tu nuevo básico para vestir sin complicarte. Serena Heritage Coat aporta un toque especial a tus looks y se combina fácilmente para que te sientas cómoda, arreglada y tú misma en cualquier plan.</p>","olyndralondon.com","Ropa","Ropa","Ropa, Ropa, Novedades, Selección Juanjo","TRUE","Color","Beige","Talla","XL","serena-heritage-coat-beige-xl","28.00","","0","continue","","","Serena Heritage Coat","Tu nuevo básico para vestir sin complicarte. Serena Heritage Coat aporta un toque especial a tus looks y se combina fácilmente para que te sientas cómoda, arreglada y tú misma en cualquier plan."
"serena-heritage-coat","Serena Heritage Coat","<p>Tu nuevo básico para vestir sin complicarte. Serena Heritage Coat aporta un toque especial a tus looks y se combina fácilmente para que te sientas cómoda, arreglada y tú misma en cualquier plan.</p>","olyndralondon.com","Ropa","Ropa","Ropa, Ropa, Novedades, Selección Juanjo","TRUE","Color","Blanco","Talla","S","serena-heritage-coat-blanco-s","28.00","","0","continue","","","Serena Heritage Coat","Tu nuevo básico para vestir sin complicarte. Serena Heritage Coat aporta un toque especial a tus looks y se combina fácilmente para que te sientas cómoda, arreglada y tú misma en cualquier plan."
"serena-heritage-coat","Serena Heritage Coat","<p>Tu nuevo básico para vestir sin complicarte. Serena Heritage Coat aporta un toque especial a tus looks y se combina fácilmente para que te sientas cómoda, arreglada y tú misma en cualquier plan.</p>","olyndralondon.com","Ropa","Ropa","Ropa, Ropa, Novedades, Selección Juanjo","TRUE","Color","Blanco","Talla","M","serena-heritage-coat-blanco-m","28.00","","0","continue","","","Serena Heritage Coat","Tu nuevo básico para vestir sin complicarte. Serena Heritage Coat aporta un toque especial a tus looks y se combina fácilmente para que te sientas cómoda, arreglada y tú misma en cualquier plan."
"serena-heritage-coat","Serena Heritage Coat","<p>Tu nuevo básico para vestir sin complicarte. Serena Heritage Coat aporta un toque especial a tus looks y se combina fácilmente para que te sientas cómoda, arreglada y tú misma en cualquier plan.</p>","olyndralondon.com","Ropa","Ropa","Ropa, Ropa, Novedades, Selección Juanjo","TRUE","Color","Blanco","Talla","L","serena-heritage-coat-blanco-l","28.00","","0","continue","","","Serena Heritage Coat","Tu nuevo básico para vestir sin complicarte. Serena Heritage Coat aporta un toque especial a tus looks y se combina fácilmente para que te sientas cómoda, arreglada y tú misma en cualquier plan."
"serena-heritage-coat","Serena Heritage Coat","<p>Tu nuevo básico para vestir sin complicarte. Serena Heritage Coat aporta un toque especial a tus looks y se combina fácilmente para que te sientas cómoda, arreglada y tú misma en cualquier plan.</p>","olyndralondon.com","Ropa","Ropa","Ropa, Ropa, Novedades, Selección Juanjo","TRUE","Color","Blanco","Talla","XL","serena-heritage-coat-blanco-xl","28.00","","0","continue","","","Serena Heritage Coat","Tu nuevo básico para vestir sin complicarte. Serena Heritage Coat aporta un toque especial a tus looks y se combina fácilmente para que te sientas cómoda, arreglada y tú misma en cualquier plan."
"serena-heritage-coat","Serena Heritage Coat","<p>Tu nuevo básico para vestir sin complicarte. Serena Heritage Coat aporta un toque especial a tus looks y se combina fácilmente para que te sientas cómoda, arreglada y tú misma en cualquier plan.</p>","olyndralondon.com","Ropa","Ropa","Ropa, Ropa, Novedades, Selección Juanjo","TRUE","Color","Verde","Talla","S","serena-heritage-coat-verde-s","28.00","","0","continue","","","Serena Heritage Coat","Tu nuevo básico para vestir sin complicarte. Serena Heritage Coat aporta un toque especial a tus looks y se combina fácilmente para que te sientas cómoda, arreglada y tú misma en cualquier plan."
"serena-heritage-coat","Serena Heritage Coat","<p>Tu nuevo básico para vestir sin complicarte. Serena Heritage Coat aporta un toque especial a tus looks y se combina fácilmente para que te sientas cómoda, arreglada y tú misma en cualquier plan.</p>","olyndralondon.com","Ropa","Ropa","Ropa, Ropa, Novedades, Selección Juanjo","TRUE","Color","Verde","Talla","M","serena-heritage-coat-verde-m","28.00","","0","continue","","","Serena Heritage Coat","Tu nuevo básico para vestir sin complicarte. Serena Heritage Coat aporta un toque especial a tus looks y se combina fácilmente para que te sientas cómoda, arreglada y tú misma en cualquier plan."
"serena-heritage-coat","Serena Heritage Coat","<p>Tu nuevo básico para vestir sin complicarte. Serena Heritage Coat aporta un toque especial a tus looks y se combina fácilmente para que te sientas cómoda, arreglada y tú misma en cualquier plan.</p>","olyndralondon.com","Ropa","Ropa","Ropa, Ropa, Novedades, Selección Juanjo","TRUE","Color","Verde","Talla","L","serena-heritage-coat-verde-l","28.00","","0","continue","","","Serena Heritage Coat","Tu nuevo básico para vestir sin complicarte. Serena Heritage Coat aporta un toque especial a tus looks y se combina fácilmente para que te sientas cómoda, arreglada y tú misma en cualquier plan."
"serena-heritage-coat","Serena Heritage Coat","<p>Tu nuevo básico para vestir sin complicarte. Serena Heritage Coat aporta un toque especial a tus looks y se combina fácilmente para que te sientas cómoda, arreglada y tú misma en cualquier plan.</p>","olyndralondon.com","Ropa","Ropa","Ropa, Ropa, Novedades, Selección Juanjo","TRUE","Color","Verde","Talla","XL","serena-heritage-coat-verde-xl","28.00","","0","continue","","","Serena Heritage Coat","Tu nuevo básico para vestir sin complicarte. Serena Heritage Coat aporta un toque especial a tus looks y se combina fácilmente para que te sientas cómoda, arreglada y tú misma en cualquier plan."
"amelie-overcoat","Amelie Overcoat","<p>Tu nuevo básico para vestir sin complicarte. Amelie Overcoat aporta un toque especial a tus looks y se combina fácilmente para que te sientas cómoda, arreglada y tú misma en cualquier plan.</p>","olyndralondon.com","Ropa","Ropa","Ropa, Ropa, Novedades, Selección Juanjo","TRUE","Color","Negro","Talla","S","amelie-overcoat-negro-s","32.00","","0","continue","","","Amelie Overcoat","Tu nuevo básico para vestir sin complicarte. Amelie Overcoat aporta un toque especial a tus looks y se combina fácilmente para que te sientas cómoda, arreglada y tú misma en cualquier plan."
"amelie-overcoat","Amelie Overcoat","<p>Tu nuevo básico para vestir sin complicarte. Amelie Overcoat aporta un toque especial a tus looks y se combina fácilmente para que te sientas cómoda, arreglada y tú misma en cualquier plan.</p>","olyndralondon.com","Ropa","Ropa","Ropa, Ropa, Novedades, Selección Juanjo","TRUE","Color","Negro","Talla","M","amelie-overcoat-negro-m","32.00","","0","continue","","","Amelie Overcoat","Tu nuevo básico para vestir sin complicarte. Amelie Overcoat aporta un toque especial a tus looks y se combina fácilmente para que te sientas cómoda, arreglada y tú misma en cualquier plan."
"amelie-overcoat","Amelie Overcoat","<p>Tu nuevo básico para vestir sin complicarte. Amelie Overcoat aporta un toque especial a tus looks y se combina fácilmente para que te sientas cómoda, arreglada y tú misma en cualquier plan.</p>","olyndralondon.com","Ropa","Ropa","Ropa, Ropa, Novedades, Selección Juanjo","TRUE","Color","Negro","Talla","L","amelie-overcoat-negro-l","32.00","","0","continue","","","Amelie Overcoat","Tu nuevo básico para vestir sin complicarte. Amelie Overcoat aporta un toque especial a tus looks y se combina fácilmente para que te sientas cómoda, arreglada y tú misma en cualquier plan."
"amelie-overcoat","Amelie Overcoat","<p>Tu nuevo básico para vestir sin complicarte. Amelie Overcoat aporta un toque especial a tus looks y se combina fácilmente para que te sientas cómoda, arreglada y tú misma en cualquier plan.</p>","olyndralondon.com","Ropa","Ropa","Ropa, Ropa, Novedades, Selección Juanjo","TRUE","Color","Negro","Talla","XL","amelie-overcoat-negro-xl","32.00","","0","continue","","","Amelie Overcoat","Tu nuevo básico para vestir sin complicarte. Amelie Overcoat aporta un toque especial a tus looks y se combina fácilmente para que te sientas cómoda, arreglada y tú misma en cualquier plan."
"amelie-overcoat","Amelie Overcoat","<p>Tu nuevo básico para vestir sin complicarte. Amelie Overcoat aporta un toque especial a tus looks y se combina fácilmente para que te sientas cómoda, arreglada y tú misma en cualquier plan.</p>","olyndralondon.com","Ropa","Ropa","Ropa, Ropa, Novedades, Selección Juanjo","TRUE","Color","Beige","Talla","S","amelie-overcoat-beige-s","32.00","","0","continue","","","Amelie Overcoat","Tu nuevo básico para vestir sin complicarte. Amelie Overcoat aporta un toque especial a tus looks y se combina fácilmente para que te sientas cómoda, arreglada y tú misma en cualquier plan."
"amelie-overcoat","Amelie Overcoat","<p>Tu nuevo básico para vestir sin complicarte. Amelie Overcoat aporta un toque especial a tus looks y se combina fácilmente para que te sientas cómoda, arreglada y tú misma en cualquier plan.</p>","olyndralondon.com","Ropa","Ropa","Ropa, Ropa, Novedades, Selección Juanjo","TRUE","Color","Beige","Talla","M","amelie-overcoat-beige-m","32.00","","0","continue","","","Amelie Overcoat","Tu nuevo básico para vestir sin complicarte. Amelie Overcoat aporta un toque especial a tus looks y se combina fácilmente para que te sientas cómoda, arreglada y tú misma en cualquier plan."
"amelie-overcoat","Amelie Overcoat","<p>Tu nuevo básico para vestir sin complicarte. Amelie Overcoat aporta un toque especial a tus looks y se combina fácilmente para que te sientas cómoda, arreglada y tú misma en cualquier plan.</p>","olyndralondon.com","Ropa","Ropa","Ropa, Ropa, Novedades, Selección Juanjo","TRUE","Color","Beige","Talla","L","amelie-overcoat-beige-l","32.00","","0","continue","","","Amelie Overcoat","Tu nuevo básico para vestir sin complicarte. Amelie Overcoat aporta un toque especial a tus looks y se combina fácilmente para que te sientas cómoda, arreglada y tú misma en cualquier plan."
"amelie-overcoat","Amelie Overcoat","<p>Tu nuevo básico para vestir sin complicarte. Amelie Overcoat aporta un toque especial a tus looks y se combina fácilmente para que te sientas cómoda, arreglada y tú misma en cualquier plan.</p>","olyndralondon.com","Ropa","Ropa","Ropa, Ropa, Novedades, Selección Juanjo","TRUE","Color","Beige","Talla","XL","amelie-overcoat-beige-xl","32.00","","0","continue","","","Amelie Overcoat","Tu nuevo básico para vestir sin complicarte. Amelie Overcoat aporta un toque especial a tus looks y se combina fácilmente para que te sientas cómoda, arreglada y tú misma en cualquier plan."
"amelie-overcoat","Amelie Overcoat","<p>Tu nuevo básico para vestir sin complicarte. Amelie Overcoat aporta un toque especial a tus looks y se combina fácilmente para que te sientas cómoda, arreglada y tú misma en cualquier plan.</p>","olyndralondon.com","Ropa","Ropa","Ropa, Ropa, Novedades, Selección Juanjo","TRUE","Color","Blanco","Talla","S","amelie-overcoat-blanco-s","32.00","","0","continue","","","Amelie Overcoat","Tu nuevo básico para vestir sin complicarte. Amelie Overcoat aporta un toque especial a tus looks y se combina fácilmente para que te sientas cómoda, arreglada y tú misma en cualquier plan."
"amelie-overcoat","Amelie Overcoat","<p>Tu nuevo básico para vestir sin complicarte. Amelie Overcoat aporta un toque especial a tus looks y se combina fácilmente para que te sientas cómoda, arreglada y tú misma en cualquier plan.</p>","olyndralondon.com","Ropa","Ropa","Ropa, Ropa, Novedades, Selección Juanjo","TRUE","Color","Blanco","Talla","M","amelie-overcoat-blanco-m","32.00","","0","continue","","","Amelie Overcoat","Tu nuevo básico para vestir sin complicarte. Amelie Overcoat aporta un toque especial a tus looks y se combina fácilmente para que te sientas cómoda, arreglada y tú misma en cualquier plan."
"amelie-overcoat","Amelie Overcoat","<p>Tu nuevo básico para vestir sin complicarte. Amelie Overcoat aporta un toque especial a tus looks y se combina fácilmente para que te sientas cómoda, arreglada y tú misma en cualquier plan.</p>","olyndralondon.com","Ropa","Ropa","Ropa, Ropa, Novedades, Selección Juanjo","TRUE","Color","Blanco","Talla","L","amelie-overcoat-blanco-l","32.00","","0","continue","","","Amelie Overcoat","Tu nuevo básico para vestir sin complicarte. Amelie Overcoat aporta un toque especial a tus looks y se combina fácilmente para que te sientas cómoda, arreglada y tú misma en cualquier plan."
"amelie-overcoat","Amelie Overcoat","<p>Tu nuevo básico para vestir sin complicarte. Amelie Overcoat aporta un toque especial a tus looks y se combina fácilmente para que te sientas cómoda, arreglada y tú misma en cualquier plan.</p>","olyndralondon.com","Ropa","Ropa","Ropa, Ropa, Novedades, Selección Juanjo","TRUE","Color","Blanco","Talla","XL","amelie-overcoat-blanco-xl","32.00","","0","continue","","","Amelie Overcoat","Tu nuevo básico para vestir sin complicarte. Amelie Overcoat aporta un toque especial a tus looks y se combina fácilmente para que te sientas cómoda, arreglada y tú misma en cualquier plan."
"amelie-overcoat","Amelie Overcoat","<p>Tu nuevo básico para vestir sin complicarte. Amelie Overcoat aporta un toque especial a tus looks y se combina fácilmente para que te sientas cómoda, arreglada y tú misma en cualquier plan.</p>","olyndralondon.com","Ropa","Ropa","Ropa, Ropa, Novedades, Selección Juanjo","TRUE","Color","Verde","Talla","S","amelie-overcoat-verde-s","32.00","","0","continue","","","Amelie Overcoat","Tu nuevo básico para vestir sin complicarte. Amelie Overcoat aporta un toque especial a tus looks y se combina fácilmente para que te sientas cómoda, arreglada y tú misma en cualquier plan."
"amelie-overcoat","Amelie Overcoat","<p>Tu nuevo básico para vestir sin complicarte. Amelie Overcoat aporta un toque especial a tus looks y se combina fácilmente para que te sientas cómoda, arreglada y tú misma en cualquier plan.</p>","olyndralondon.com","Ropa","Ropa","Ropa, Ropa, Novedades, Selección Juanjo","TRUE","Color","Verde","Talla","M","amelie-overcoat-verde-m","32.00","","0","continue","","","Amelie Overcoat","Tu nuevo básico para vestir sin complicarte. Amelie Overcoat aporta un toque especial a tus looks y se combina fácilmente para que te sientas cómoda, arreglada y tú misma en cualquier plan."
"amelie-overcoat","Amelie Overcoat","<p>Tu nuevo básico para vestir sin complicarte. Amelie Overcoat aporta un toque especial a tus looks y se combina fácilmente para que te sientas cómoda, arreglada y tú misma en cualquier plan.</p>","olyndralondon.com","Ropa","Ropa","Ropa, Ropa, Novedades, Selección Juanjo","TRUE","Color","Verde","Talla","L","amelie-overcoat-verde-l","32.00","","0","continue","","","Amelie Overcoat","Tu nuevo básico para vestir sin complicarte. Amelie Overcoat aporta un toque especial a tus looks y se combina fácilmente para que te sientas cómoda, arreglada y tú misma en cualquier plan."
"amelie-overcoat","Amelie Overcoat","<p>Tu nuevo básico para vestir sin complicarte. Amelie Overcoat aporta un toque especial a tus looks y se combina fácilmente para que te sientas cómoda, arreglada y tú misma en cualquier plan.</p>","olyndralondon.com","Ropa","Ropa","Ropa, Ropa, Novedades, Selección Juanjo","TRUE","Color","Verde","Talla","XL","amelie-overcoat-verde-xl","32.00","","0","continue","","","Amelie Overcoat","Tu nuevo básico para vestir sin complicarte. Amelie Overcoat aporta un toque especial a tus looks y se combina fácilmente para que te sientas cómoda, arreglada y tú misma en cualquier plan."
"lottie-cosy-oversized-sweater","Lottie Cosy Oversized Sweater","<p>Tu nuevo básico para vestir sin complicarte. Lottie Cosy Oversized Sweater aporta un toque especial a tus looks y se combina fácilmente para que te sientas cómoda, arreglada y tú misma en cualquier plan.</p>","grace-and-oliver.com","Ropa","Ropa","Ropa, Ropa, Novedades, Selección Juanjo","TRUE","Color","Negro","Talla","S","lottie-cosy-oversized-sweater-negro-s","29.95","149.95","0","continue","","","Lottie Cosy Oversized Sweater","Tu nuevo básico para vestir sin complicarte. Lottie Cosy Oversized Sweater aporta un toque especial a tus looks y se combina fácilmente para que te sientas cómoda, arreglada y tú misma en cualquier plan."
"lottie-cosy-oversized-sweater","Lottie Cosy Oversized Sweater","<p>Tu nuevo básico para vestir sin complicarte. Lottie Cosy Oversized Sweater aporta un toque especial a tus looks y se combina fácilmente para que te sientas cómoda, arreglada y tú misma en cualquier plan.</p>","grace-and-oliver.com","Ropa","Ropa","Ropa, Ropa, Novedades, Selección Juanjo","TRUE","Color","Negro","Talla","M","lottie-cosy-oversized-sweater-negro-m","29.95","149.95","0","continue","","","Lottie Cosy Oversized Sweater","Tu nuevo básico para vestir sin complicarte. Lottie Cosy Oversized Sweater aporta un toque especial a tus looks y se combina fácilmente para que te sientas cómoda, arreglada y tú misma en cualquier plan."
"lottie-cosy-oversized-sweater","Lottie Cosy Oversized Sweater","<p>Tu nuevo básico para vestir sin complicarte. Lottie Cosy Oversized Sweater aporta un toque especial a tus looks y se combina fácilmente para que te sientas cómoda, arreglada y tú misma en cualquier plan.</p>","grace-and-oliver.com","Ropa","Ropa","Ropa, Ropa, Novedades, Selección Juanjo","TRUE","Color","Negro","Talla","L","lottie-cosy-oversized-sweater-negro-l","29.95","149.95","0","continue","","","Lottie Cosy Oversized Sweater","Tu nuevo básico para vestir sin complicarte. Lottie Cosy Oversized Sweater aporta un toque especial a tus looks y se combina fácilmente para que te sientas cómoda, arreglada y tú misma en cualquier plan."
"lottie-cosy-oversized-sweater","Lottie Cosy Oversized Sweater","<p>Tu nuevo básico para vestir sin complicarte. Lottie Cosy Oversized Sweater aporta un toque especial a tus looks y se combina fácilmente para que te sientas cómoda, arreglada y tú misma en cualquier plan.</p>","grace-and-oliver.com","Ropa","Ropa","Ropa, Ropa, Novedades, Selección Juanjo","TRUE","Color","Negro","Talla","XL","lottie-cosy-oversized-sweater-negro-xl","29.95","149.95","0","continue","","","Lottie Cosy Oversized Sweater","Tu nuevo básico para vestir sin complicarte. Lottie Cosy Oversized Sweater aporta un toque especial a tus looks y se combina fácilmente para que te sientas cómoda, arreglada y tú misma en cualquier plan."
"lottie-cosy-oversized-sweater","Lottie Cosy Oversized Sweater","<p>Tu nuevo básico para vestir sin complicarte. Lottie Cosy Oversized Sweater aporta un toque especial a tus looks y se combina fácilmente para que te sientas cómoda, arreglada y tú misma en cualquier plan.</p>","grace-and-oliver.com","Ropa","Ropa","Ropa, Ropa, Novedades, Selección Juanjo","TRUE","Color","Beige","Talla","S","lottie-cosy-oversized-sweater-beige-s","29.95","149.95","0","continue","","","Lottie Cosy Oversized Sweater","Tu nuevo básico para vestir sin complicarte. Lottie Cosy Oversized Sweater aporta un toque especial a tus looks y se combina fácilmente para que te sientas cómoda, arreglada y tú misma en cualquier plan."
"lottie-cosy-oversized-sweater","Lottie Cosy Oversized Sweater","<p>Tu nuevo básico para vestir sin complicarte. Lottie Cosy Oversized Sweater aporta un toque especial a tus looks y se combina fácilmente para que te sientas cómoda, arreglada y tú misma en cualquier plan.</p>","grace-and-oliver.com","Ropa","Ropa","Ropa, Ropa, Novedades, Selección Juanjo","TRUE","Color","Beige","Talla","M","lottie-cosy-oversized-sweater-beige-m","29.95","149.95","0","continue","","","Lottie Cosy Oversized Sweater","Tu nuevo básico para vestir sin complicarte. Lottie Cosy Oversized Sweater aporta un toque especial a tus looks y se combina fácilmente para que te sientas cómoda, arreglada y tú misma en cualquier plan."
"lottie-cosy-oversized-sweater","Lottie Cosy Oversized Sweater","<p>Tu nuevo básico para vestir sin complicarte. Lottie Cosy Oversized Sweater aporta un toque especial a tus looks y se combina fácilmente para que te sientas cómoda, arreglada y tú misma en cualquier plan.</p>","grace-and-oliver.com","Ropa","Ropa","Ropa, Ropa, Novedades, Selección Juanjo","TRUE","Color","Beige","Talla","L","lottie-cosy-oversized-sweater-beige-l","29.95","149.95","0","continue","","","Lottie Cosy Oversized Sweater","Tu nuevo básico para vestir sin complicarte. Lottie Cosy Oversized Sweater aporta un toque especial a tus looks y se combina fácilmente para que te sientas cómoda, arreglada y tú misma en cualquier plan."
"lottie-cosy-oversized-sweater","Lottie Cosy Oversized Sweater","<p>Tu nuevo básico para vestir sin complicarte. Lottie Cosy Oversized Sweater aporta un toque especial a tus looks y se combina fácilmente para que te sientas cómoda, arreglada y tú misma en cualquier plan.</p>","grace-and-oliver.com","Ropa","Ropa","Ropa, Ropa, Novedades, Selección Juanjo","TRUE","Color","Beige","Talla","XL","lottie-cosy-oversized-sweater-beige-xl","29.95","149.95","0","continue","","","Lottie Cosy Oversized Sweater","Tu nuevo básico para vestir sin complicarte. Lottie Cosy Oversized Sweater aporta un toque especial a tus looks y se combina fácilmente para que te sientas cómoda, arreglada y tú misma en cualquier plan."
"lottie-cosy-oversized-sweater","Lottie Cosy Oversized Sweater","<p>Tu nuevo básico para vestir sin complicarte. Lottie Cosy Oversized Sweater aporta un toque especial a tus looks y se combina fácilmente para que te sientas cómoda, arreglada y tú misma en cualquier plan.</p>","grace-and-oliver.com","Ropa","Ropa","Ropa, Ropa, Novedades, Selección Juanjo","TRUE","Color","Blanco","Talla","S","lottie-cosy-oversized-sweater-blanco-s","29.95","149.95","0","continue","","","Lottie Cosy Oversized Sweater","Tu nuevo básico para vestir sin complicarte. Lottie Cosy Oversized Sweater aporta un toque especial a tus looks y se combina fácilmente para que te sientas cómoda, arreglada y tú misma en cualquier plan."
"lottie-cosy-oversized-sweater","Lottie Cosy Oversized Sweater","<p>Tu nuevo básico para vestir sin complicarte. Lottie Cosy Oversized Sweater aporta un toque especial a tus looks y se combina fácilmente para que te sientas cómoda, arreglada y tú misma en cualquier plan.</p>","grace-and-oliver.com","Ropa","Ropa","Ropa, Ropa, Novedades, Selección Juanjo","TRUE","Color","Blanco","Talla","M","lottie-cosy-oversized-sweater-blanco-m","29.95","149.95","0","continue","","","Lottie Cosy Oversized Sweater","Tu nuevo básico para vestir sin complicarte. Lottie Cosy Oversized Sweater aporta un toque especial a tus looks y se combina fácilmente para que te sientas cómoda, arreglada y tú misma en cualquier plan."
"lottie-cosy-oversized-sweater","Lottie Cosy Oversized Sweater","<p>Tu nuevo básico para vestir sin complicarte. Lottie Cosy Oversized Sweater aporta un toque especial a tus looks y se combina fácilmente para que te sientas cómoda, arreglada y tú misma en cualquier plan.</p>","grace-and-oliver.com","Ropa","Ropa","Ropa, Ropa, Novedades, Selección Juanjo","TRUE","Color","Blanco","Talla","L","lottie-cosy-oversized-sweater-blanco-l","29.95","149.95","0","continue","","","Lottie Cosy Oversized Sweater","Tu nuevo básico para vestir sin complicarte. Lottie Cosy Oversized Sweater aporta un toque especial a tus looks y se combina fácilmente para que te sientas cómoda, arreglada y tú misma en cualquier plan."
"lottie-cosy-oversized-sweater","Lottie Cosy Oversized Sweater","<p>Tu nuevo básico para vestir sin complicarte. Lottie Cosy Oversized Sweater aporta un toque especial a tus looks y se combina fácilmente para que te sientas cómoda, arreglada y tú misma en cualquier plan.</p>","grace-and-oliver.com","Ropa","Ropa","Ropa, Ropa, Novedades, Selección Juanjo","TRUE","Color","Blanco","Talla","XL","lottie-cosy-oversized-sweater-blanco-xl","29.95","149.95","0","continue","","","Lottie Cosy Oversized Sweater","Tu nuevo básico para vestir sin complicarte. Lottie Cosy Oversized Sweater aporta un toque especial a tus looks y se combina fácilmente para que te sientas cómoda, arreglada y tú misma en cualquier plan."
"lottie-cosy-oversized-sweater","Lottie Cosy Oversized Sweater","<p>Tu nuevo básico para vestir sin complicarte. Lottie Cosy Oversized Sweater aporta un toque especial a tus looks y se combina fácilmente para que te sientas cómoda, arreglada y tú misma en cualquier plan.</p>","grace-and-oliver.com","Ropa","Ropa","Ropa, Ropa, Novedades, Selección Juanjo","TRUE","Color","Verde","Talla","S","lottie-cosy-oversized-sweater-verde-s","29.95","149.95","0","continue","","","Lottie Cosy Oversized Sweater","Tu nuevo básico para vestir sin complicarte. Lottie Cosy Oversized Sweater aporta un toque especial a tus looks y se combina fácilmente para que te sientas cómoda, arreglada y tú misma en cualquier plan."
"lottie-cosy-oversized-sweater","Lottie Cosy Oversized Sweater","<p>Tu nuevo básico para vestir sin complicarte. Lottie Cosy Oversized Sweater aporta un toque especial a tus looks y se combina fácilmente para que te sientas cómoda, arreglada y tú misma en cualquier plan.</p>","grace-and-oliver.com","Ropa","Ropa","Ropa, Ropa, Novedades, Selección Juanjo","TRUE","Color","Verde","Talla","M","lottie-cosy-oversized-sweater-verde-m","29.95","149.95","0","continue","","","Lottie Cosy Oversized Sweater","Tu nuevo básico para vestir sin complicarte. Lottie Cosy Oversized Sweater aporta un toque especial a tus looks y se combina fácilmente para que te sientas cómoda, arreglada y tú misma en cualquier plan."
"lottie-cosy-oversized-sweater","Lottie Cosy Oversized Sweater","<p>Tu nuevo básico para vestir sin complicarte. Lottie Cosy Oversized Sweater aporta un toque especial a tus looks y se combina fácilmente para que te sientas cómoda, arreglada y tú misma en cualquier plan.</p>","grace-and-oliver.com","Ropa","Ropa","Ropa, Ropa, Novedades, Selección Juanjo","TRUE","Color","Verde","Talla","L","lottie-cosy-oversized-sweater-verde-l","29.95","149.95","0","continue","","","Lottie Cosy Oversized Sweater","Tu nuevo básico para vestir sin complicarte. Lottie Cosy Oversized Sweater aporta un toque especial a tus looks y se combina fácilmente para que te sientas cómoda, arreglada y tú misma en cualquier plan."
"lottie-cosy-oversized-sweater","Lottie Cosy Oversized Sweater","<p>Tu nuevo básico para vestir sin complicarte. Lottie Cosy Oversized Sweater aporta un toque especial a tus looks y se combina fácilmente para que te sientas cómoda, arreglada y tú misma en cualquier plan.</p>","grace-and-oliver.com","Ropa","Ropa","Ropa, Ropa, Novedades, Selección Juanjo","TRUE","Color","Verde","Talla","XL","lottie-cosy-oversized-sweater-verde-xl","29.95","149.95","0","continue","","","Lottie Cosy Oversized Sweater","Tu nuevo básico para vestir sin complicarte. Lottie Cosy Oversized Sweater aporta un toque especial a tus looks y se combina fácilmente para que te sientas cómoda, arreglada y tú misma en cualquier plan."
"cynthia-artful-hooded-cardigan","Cynthia Artful Hooded Cardigan","<p>Tu nuevo básico para vestir sin complicarte. Cynthia Artful Hooded Cardigan aporta un toque especial a tus looks y se combina fácilmente para que te sientas cómoda, arreglada y tú misma en cualquier plan.</p>","grace-and-oliver.com","Ropa","Ropa","Ropa, Ropa, Novedades, Selección Juanjo","TRUE","Color","Negro","Talla","S","cynthia-artful-hooded-cardigan-negro-s","39.95","199.95","0","continue","","","Cynthia Artful Hooded Cardigan","Tu nuevo básico para vestir sin complicarte. Cynthia Artful Hooded Cardigan aporta un toque especial a tus looks y se combina fácilmente para que te sientas cómoda, arreglada y tú misma en cualquier plan."
"cynthia-artful-hooded-cardigan","Cynthia Artful Hooded Cardigan","<p>Tu nuevo básico para vestir sin complicarte. Cynthia Artful Hooded Cardigan aporta un toque especial a tus looks y se combina fácilmente para que te sientas cómoda, arreglada y tú misma en cualquier plan.</p>","grace-and-oliver.com","Ropa","Ropa","Ropa, Ropa, Novedades, Selección Juanjo","TRUE","Color","Negro","Talla","M","cynthia-artful-hooded-cardigan-negro-m","39.95","199.95","0","continue","","","Cynthia Artful Hooded Cardigan","Tu nuevo básico para vestir sin complicarte. Cynthia Artful Hooded Cardigan aporta un toque especial a tus looks y se combina fácilmente para que te sientas cómoda, arreglada y tú misma en cualquier plan."
"cynthia-artful-hooded-cardigan","Cynthia Artful Hooded Cardigan","<p>Tu nuevo básico para vestir sin complicarte. Cynthia Artful Hooded Cardigan aporta un toque especial a tus looks y se combina fácilmente para que te sientas cómoda, arreglada y tú misma en cualquier plan.</p>","grace-and-oliver.com","Ropa","Ropa","Ropa, Ropa, Novedades, Selección Juanjo","TRUE","Color","Negro","Talla","L","cynthia-artful-hooded-cardigan-negro-l","39.95","199.95","0","continue","","","Cynthia Artful Hooded Cardigan","Tu nuevo básico para vestir sin complicarte. Cynthia Artful Hooded Cardigan aporta un toque especial a tus looks y se combina fácilmente para que te sientas cómoda, arreglada y tú misma en cualquier plan."
"cynthia-artful-hooded-cardigan","Cynthia Artful Hooded Cardigan","<p>Tu nuevo básico para vestir sin complicarte. Cynthia Artful Hooded Cardigan aporta un toque especial a tus looks y se combina fácilmente para que te sientas cómoda, arreglada y tú misma en cualquier plan.</p>","grace-and-oliver.com","Ropa","Ropa","Ropa, Ropa, Novedades, Selección Juanjo","TRUE","Color","Negro","Talla","XL","cynthia-artful-hooded-cardigan-negro-xl","39.95","199.95","0","continue","","","Cynthia Artful Hooded Cardigan","Tu nuevo básico para vestir sin complicarte. Cynthia Artful Hooded Cardigan aporta un toque especial a tus looks y se combina fácilmente para que te sientas cómoda, arreglada y tú misma en cualquier plan."
"cynthia-artful-hooded-cardigan","Cynthia Artful Hooded Cardigan","<p>Tu nuevo básico para vestir sin complicarte. Cynthia Artful Hooded Cardigan aporta un toque especial a tus looks y se combina fácilmente para que te sientas cómoda, arreglada y tú misma en cualquier plan.</p>","grace-and-oliver.com","Ropa","Ropa","Ropa, Ropa, Novedades, Selección Juanjo","TRUE","Color","Beige","Talla","S","cynthia-artful-hooded-cardigan-beige-s","39.95","199.95","0","continue","","","Cynthia Artful Hooded Cardigan","Tu nuevo básico para vestir sin complicarte. Cynthia Artful Hooded Cardigan aporta un toque especial a tus looks y se combina fácilmente para que te sientas cómoda, arreglada y tú misma en cualquier plan."
"cynthia-artful-hooded-cardigan","Cynthia Artful Hooded Cardigan","<p>Tu nuevo básico para vestir sin complicarte. Cynthia Artful Hooded Cardigan aporta un toque especial a tus looks y se combina fácilmente para que te sientas cómoda, arreglada y tú misma en cualquier plan.</p>","grace-and-oliver.com","Ropa","Ropa","Ropa, Ropa, Novedades, Selección Juanjo","TRUE","Color","Beige","Talla","M","cynthia-artful-hooded-cardigan-beige-m","39.95","199.95","0","continue","","","Cynthia Artful Hooded Cardigan","Tu nuevo básico para vestir sin complicarte. Cynthia Artful Hooded Cardigan aporta un toque especial a tus looks y se combina fácilmente para que te sientas cómoda, arreglada y tú misma en cualquier plan."
"cynthia-artful-hooded-cardigan","Cynthia Artful Hooded Cardigan","<p>Tu nuevo básico para vestir sin complicarte. Cynthia Artful Hooded Cardigan aporta un toque especial a tus looks y se combina fácilmente para que te sientas cómoda, arreglada y tú misma en cualquier plan.</p>","grace-and-oliver.com","Ropa","Ropa","Ropa, Ropa, Novedades, Selección Juanjo","TRUE","Color","Beige","Talla","L","cynthia-artful-hooded-cardigan-beige-l","39.95","199.95","0","continue","","","Cynthia Artful Hooded Cardigan","Tu nuevo básico para vestir sin complicarte. Cynthia Artful Hooded Cardigan aporta un toque especial a tus looks y se combina fácilmente para que te sientas cómoda, arreglada y tú misma en cualquier plan."
"cynthia-artful-hooded-cardigan","Cynthia Artful Hooded Cardigan","<p>Tu nuevo básico para vestir sin complicarte. Cynthia Artful Hooded Cardigan aporta un toque especial a tus looks y se combina fácilmente para que te sientas cómoda, arreglada y tú misma en cualquier plan.</p>","grace-and-oliver.com","Ropa","Ropa","Ropa, Ropa, Novedades, Selección Juanjo","TRUE","Color","Beige","Talla","XL","cynthia-artful-hooded-cardigan-beige-xl","39.95","199.95","0","continue","","","Cynthia Artful Hooded Cardigan","Tu nuevo básico para vestir sin complicarte. Cynthia Artful Hooded Cardigan aporta un toque especial a tus looks y se combina fácilmente para que te sientas cómoda, arreglada y tú misma en cualquier plan."
"cynthia-artful-hooded-cardigan","Cynthia Artful Hooded Cardigan","<p>Tu nuevo básico para vestir sin complicarte. Cynthia Artful Hooded Cardigan aporta un toque especial a tus looks y se combina fácilmente para que te sientas cómoda, arreglada y tú misma en cualquier plan.</p>","grace-and-oliver.com","Ropa","Ropa","Ropa, Ropa, Novedades, Selección Juanjo","TRUE","Color","Blanco","Talla","S","cynthia-artful-hooded-cardigan-blanco-s","39.95","199.95","0","continue","","","Cynthia Artful Hooded Cardigan","Tu nuevo básico para vestir sin complicarte. Cynthia Artful Hooded Cardigan aporta un toque especial a tus looks y se combina fácilmente para que te sientas cómoda, arreglada y tú misma en cualquier plan."
"cynthia-artful-hooded-cardigan","Cynthia Artful Hooded Cardigan","<p>Tu nuevo básico para vestir sin complicarte. Cynthia Artful Hooded Cardigan aporta un toque especial a tus looks y se combina fácilmente para que te sientas cómoda, arreglada y tú misma en cualquier plan.</p>","grace-and-oliver.com","Ropa","Ropa","Ropa, Ropa, Novedades, Selección Juanjo","TRUE","Color","Blanco","Talla","M","cynthia-artful-hooded-cardigan-blanco-m","39.95","199.95","0","continue","","","Cynthia Artful Hooded Cardigan","Tu nuevo básico para vestir sin complicarte. Cynthia Artful Hooded Cardigan aporta un toque especial a tus looks y se combina fácilmente para que te sientas cómoda, arreglada y tú misma en cualquier plan."
"cynthia-artful-hooded-cardigan","Cynthia Artful Hooded Cardigan","<p>Tu nuevo básico para vestir sin complicarte. Cynthia Artful Hooded Cardigan aporta un toque especial a tus looks y se combina fácilmente para que te sientas cómoda, arreglada y tú misma en cualquier plan.</p>","grace-and-oliver.com","Ropa","Ropa","Ropa, Ropa, Novedades, Selección Juanjo","TRUE","Color","Blanco","Talla","L","cynthia-artful-hooded-cardigan-blanco-l","39.95","199.95","0","continue","","","Cynthia Artful Hooded Cardigan","Tu nuevo básico para vestir sin complicarte. Cynthia Artful Hooded Cardigan aporta un toque especial a tus looks y se combina fácilmente para que te sientas cómoda, arreglada y tú misma en cualquier plan."
"cynthia-artful-hooded-cardigan","Cynthia Artful Hooded Cardigan","<p>Tu nuevo básico para vestir sin complicarte. Cynthia Artful Hooded Cardigan aporta un toque especial a tus looks y se combina fácilmente para que te sientas cómoda, arreglada y tú misma en cualquier plan.</p>","grace-and-oliver.com","Ropa","Ropa","Ropa, Ropa, Novedades, Selección Juanjo","TRUE","Color","Blanco","Talla","XL","cynthia-artful-hooded-cardigan-blanco-xl","39.95","199.95","0","continue","","","Cynthia Artful Hooded Cardigan","Tu nuevo básico para vestir sin complicarte. Cynthia Artful Hooded Cardigan aporta un toque especial a tus looks y se combina fácilmente para que te sientas cómoda, arreglada y tú misma en cualquier plan."
"cynthia-artful-hooded-cardigan","Cynthia Artful Hooded Cardigan","<p>Tu nuevo básico para vestir sin complicarte. Cynthia Artful Hooded Cardigan aporta un toque especial a tus looks y se combina fácilmente para que te sientas cómoda, arreglada y tú misma en cualquier plan.</p>","grace-and-oliver.com","Ropa","Ropa","Ropa, Ropa, Novedades, Selección Juanjo","TRUE","Color","Verde","Talla","S","cynthia-artful-hooded-cardigan-verde-s","39.95","199.95","0","continue","","","Cynthia Artful Hooded Cardigan","Tu nuevo básico para vestir sin complicarte. Cynthia Artful Hooded Cardigan aporta un toque especial a tus looks y se combina fácilmente para que te sientas cómoda, arreglada y tú misma en cualquier plan."
"cynthia-artful-hooded-cardigan","Cynthia Artful Hooded Cardigan","<p>Tu nuevo básico para vestir sin complicarte. Cynthia Artful Hooded Cardigan aporta un toque especial a tus looks y se combina fácilmente para que te sientas cómoda, arreglada y tú misma en cualquier plan.</p>","grace-and-oliver.com","Ropa","Ropa","Ropa, Ropa, Novedades, Selección Juanjo","TRUE","Color","Verde","Talla","M","cynthia-artful-hooded-cardigan-verde-m","39.95","199.95","0","continue","","","Cynthia Artful Hooded Cardigan","Tu nuevo básico para vestir sin complicarte. Cynthia Artful Hooded Cardigan aporta un toque especial a tus looks y se combina fácilmente para que te sientas cómoda, arreglada y tú misma en cualquier plan."
"cynthia-artful-hooded-cardigan","Cynthia Artful Hooded Cardigan","<p>Tu nuevo básico para vestir sin complicarte. Cynthia Artful Hooded Cardigan aporta un toque especial a tus looks y se combina fácilmente para que te sientas cómoda, arreglada y tú misma en cualquier plan.</p>","grace-and-oliver.com","Ropa","Ropa","Ropa, Ropa, Novedades, Selección Juanjo","TRUE","Color","Verde","Talla","L","cynthia-artful-hooded-cardigan-verde-l","39.95","199.95","0","continue","","","Cynthia Artful Hooded Cardigan","Tu nuevo básico para vestir sin complicarte. Cynthia Artful Hooded Cardigan aporta un toque especial a tus looks y se combina fácilmente para que te sientas cómoda, arreglada y tú misma en cualquier plan."
"cynthia-artful-hooded-cardigan","Cynthia Artful Hooded Cardigan","<p>Tu nuevo básico para vestir sin complicarte. Cynthia Artful Hooded Cardigan aporta un toque especial a tus looks y se combina fácilmente para que te sientas cómoda, arreglada y tú misma en cualquier plan.</p>","grace-and-oliver.com","Ropa","Ropa","Ropa, Ropa, Novedades, Selección Juanjo","TRUE","Color","Verde","Talla","XL","cynthia-artful-hooded-cardigan-verde-xl","39.95","199.95","0","continue","","","Cynthia Artful Hooded Cardigan","Tu nuevo básico para vestir sin complicarte. Cynthia Artful Hooded Cardigan aporta un toque especial a tus looks y se combina fácilmente para que te sientas cómoda, arreglada y tú misma en cualquier plan."
"rachel-heritage-herringbone-jacket","Rachel Heritage Herringbone Jacket","<p>Tu nuevo básico para vestir sin complicarte. Rachel Heritage Herringbone Jacket aporta un toque especial a tus looks y se combina fácilmente para que te sientas cómoda, arreglada y tú misma en cualquier plan.</p>","grace-and-oliver.com","Ropa","Ropa","Ropa, Ropa, Novedades, Selección Juanjo","TRUE","Color","Negro","Talla","S","rachel-heritage-herringbone-jacket-negro-s","54.95","274.95","0","continue","","","Rachel Heritage Herringbone Jacket","Tu nuevo básico para vestir sin complicarte. Rachel Heritage Herringbone Jacket aporta un toque especial a tus looks y se combina fácilmente para que te sientas cómoda, arreglada y tú misma en cualquier plan."
"rachel-heritage-herringbone-jacket","Rachel Heritage Herringbone Jacket","<p>Tu nuevo básico para vestir sin complicarte. Rachel Heritage Herringbone Jacket aporta un toque especial a tus looks y se combina fácilmente para que te sientas cómoda, arreglada y tú misma en cualquier plan.</p>","grace-and-oliver.com","Ropa","Ropa","Ropa, Ropa, Novedades, Selección Juanjo","TRUE","Color","Negro","Talla","M","rachel-heritage-herringbone-jacket-negro-m","54.95","274.95","0","continue","","","Rachel Heritage Herringbone Jacket","Tu nuevo básico para vestir sin complicarte. Rachel Heritage Herringbone Jacket aporta un toque especial a tus looks y se combina fácilmente para que te sientas cómoda, arreglada y tú misma en cualquier plan."
"rachel-heritage-herringbone-jacket","Rachel Heritage Herringbone Jacket","<p>Tu nuevo básico para vestir sin complicarte. Rachel Heritage Herringbone Jacket aporta un toque especial a tus looks y se combina fácilmente para que te sientas cómoda, arreglada y tú misma en cualquier plan.</p>","grace-and-oliver.com","Ropa","Ropa","Ropa, Ropa, Novedades, Selección Juanjo","TRUE","Color","Negro","Talla","L","rachel-heritage-herringbone-jacket-negro-l","54.95","274.95","0","continue","","","Rachel Heritage Herringbone Jacket","Tu nuevo básico para vestir sin complicarte. Rachel Heritage Herringbone Jacket aporta un toque especial a tus looks y se combina fácilmente para que te sientas cómoda, arreglada y tú misma en cualquier plan."
"rachel-heritage-herringbone-jacket","Rachel Heritage Herringbone Jacket","<p>Tu nuevo básico para vestir sin complicarte. Rachel Heritage Herringbone Jacket aporta un toque especial a tus looks y se combina fácilmente para que te sientas cómoda, arreglada y tú misma en cualquier plan.</p>","grace-and-oliver.com","Ropa","Ropa","Ropa, Ropa, Novedades, Selección Juanjo","TRUE","Color","Negro","Talla","XL","rachel-heritage-herringbone-jacket-negro-xl","54.95","274.95","0","continue","","","Rachel Heritage Herringbone Jacket","Tu nuevo básico para vestir sin complicarte. Rachel Heritage Herringbone Jacket aporta un toque especial a tus looks y se combina fácilmente para que te sientas cómoda, arreglada y tú misma en cualquier plan."
"rachel-heritage-herringbone-jacket","Rachel Heritage Herringbone Jacket","<p>Tu nuevo básico para vestir sin complicarte. Rachel Heritage Herringbone Jacket aporta un toque especial a tus looks y se combina fácilmente para que te sientas cómoda, arreglada y tú misma en cualquier plan.</p>","grace-and-oliver.com","Ropa","Ropa","Ropa, Ropa, Novedades, Selección Juanjo","TRUE","Color","Beige","Talla","S","rachel-heritage-herringbone-jacket-beige-s","54.95","274.95","0","continue","","","Rachel Heritage Herringbone Jacket","Tu nuevo básico para vestir sin complicarte. Rachel Heritage Herringbone Jacket aporta un toque especial a tus looks y se combina fácilmente para que te sientas cómoda, arreglada y tú misma en cualquier plan."
"rachel-heritage-herringbone-jacket","Rachel Heritage Herringbone Jacket","<p>Tu nuevo básico para vestir sin complicarte. Rachel Heritage Herringbone Jacket aporta un toque especial a tus looks y se combina fácilmente para que te sientas cómoda, arreglada y tú misma en cualquier plan.</p>","grace-and-oliver.com","Ropa","Ropa","Ropa, Ropa, Novedades, Selección Juanjo","TRUE","Color","Beige","Talla","M","rachel-heritage-herringbone-jacket-beige-m","54.95","274.95","0","continue","","","Rachel Heritage Herringbone Jacket","Tu nuevo básico para vestir sin complicarte. Rachel Heritage Herringbone Jacket aporta un toque especial a tus looks y se combina fácilmente para que te sientas cómoda, arreglada y tú misma en cualquier plan."
"rachel-heritage-herringbone-jacket","Rachel Heritage Herringbone Jacket","<p>Tu nuevo básico para vestir sin complicarte. Rachel Heritage Herringbone Jacket aporta un toque especial a tus looks y se combina fácilmente para que te sientas cómoda, arreglada y tú misma en cualquier plan.</p>","grace-and-oliver.com","Ropa","Ropa","Ropa, Ropa, Novedades, Selección Juanjo","TRUE","Color","Beige","Talla","L","rachel-heritage-herringbone-jacket-beige-l","54.95","274.95","0","continue","","","Rachel Heritage Herringbone Jacket","Tu nuevo básico para vestir sin complicarte. Rachel Heritage Herringbone Jacket aporta un toque especial a tus looks y se combina fácilmente para que te sientas cómoda, arreglada y tú misma en cualquier plan."
"rachel-heritage-herringbone-jacket","Rachel Heritage Herringbone Jacket","<p>Tu nuevo básico para vestir sin complicarte. Rachel Heritage Herringbone Jacket aporta un toque especial a tus looks y se combina fácilmente para que te sientas cómoda, arreglada y tú misma en cualquier plan.</p>","grace-and-oliver.com","Ropa","Ropa","Ropa, Ropa, Novedades, Selección Juanjo","TRUE","Color","Beige","Talla","XL","rachel-heritage-herringbone-jacket-beige-xl","54.95","274.95","0","continue","","","Rachel Heritage Herringbone Jacket","Tu nuevo básico para vestir sin complicarte. Rachel Heritage Herringbone Jacket aporta un toque especial a tus looks y se combina fácilmente para que te sientas cómoda, arreglada y tú misma en cualquier plan."
"rachel-heritage-herringbone-jacket","Rachel Heritage Herringbone Jacket","<p>Tu nuevo básico para vestir sin complicarte. Rachel Heritage Herringbone Jacket aporta un toque especial a tus looks y se combina fácilmente para que te sientas cómoda, arreglada y tú misma en cualquier plan.</p>","grace-and-oliver.com","Ropa","Ropa","Ropa, Ropa, Novedades, Selección Juanjo","TRUE","Color","Blanco","Talla","S","rachel-heritage-herringbone-jacket-blanco-s","54.95","274.95","0","continue","","","Rachel Heritage Herringbone Jacket","Tu nuevo básico para vestir sin complicarte. Rachel Heritage Herringbone Jacket aporta un toque especial a tus looks y se combina fácilmente para que te sientas cómoda, arreglada y tú misma en cualquier plan."
"rachel-heritage-herringbone-jacket","Rachel Heritage Herringbone Jacket","<p>Tu nuevo básico para vestir sin complicarte. Rachel Heritage Herringbone Jacket aporta un toque especial a tus looks y se combina fácilmente para que te sientas cómoda, arreglada y tú misma en cualquier plan.</p>","grace-and-oliver.com","Ropa","Ropa","Ropa, Ropa, Novedades, Selección Juanjo","TRUE","Color","Blanco","Talla","M","rachel-heritage-herringbone-jacket-blanco-m","54.95","274.95","0","continue","","","Rachel Heritage Herringbone Jacket","Tu nuevo básico para vestir sin complicarte. Rachel Heritage Herringbone Jacket aporta un toque especial a tus looks y se combina fácilmente para que te sientas cómoda, arreglada y tú misma en cualquier plan."
"rachel-heritage-herringbone-jacket","Rachel Heritage Herringbone Jacket","<p>Tu nuevo básico para vestir sin complicarte. Rachel Heritage Herringbone Jacket aporta un toque especial a tus looks y se combina fácilmente para que te sientas cómoda, arreglada y tú misma en cualquier plan.</p>","grace-and-oliver.com","Ropa","Ropa","Ropa, Ropa, Novedades, Selección Juanjo","TRUE","Color","Blanco","Talla","L","rachel-heritage-herringbone-jacket-blanco-l","54.95","274.95","0","continue","","","Rachel Heritage Herringbone Jacket","Tu nuevo básico para vestir sin complicarte. Rachel Heritage Herringbone Jacket aporta un toque especial a tus looks y se combina fácilmente para que te sientas cómoda, arreglada y tú misma en cualquier plan."
"rachel-heritage-herringbone-jacket","Rachel Heritage Herringbone Jacket","<p>Tu nuevo básico para vestir sin complicarte. Rachel Heritage Herringbone Jacket aporta un toque especial a tus looks y se combina fácilmente para que te sientas cómoda, arreglada y tú misma en cualquier plan.</p>","grace-and-oliver.com","Ropa","Ropa","Ropa, Ropa, Novedades, Selección Juanjo","TRUE","Color","Blanco","Talla","XL","rachel-heritage-herringbone-jacket-blanco-xl","54.95","274.95","0","continue","","","Rachel Heritage Herringbone Jacket","Tu nuevo básico para vestir sin complicarte. Rachel Heritage Herringbone Jacket aporta un toque especial a tus looks y se combina fácilmente para que te sientas cómoda, arreglada y tú misma en cualquier plan."
"rachel-heritage-herringbone-jacket","Rachel Heritage Herringbone Jacket","<p>Tu nuevo básico para vestir sin complicarte. Rachel Heritage Herringbone Jacket aporta un toque especial a tus looks y se combina fácilmente para que te sientas cómoda, arreglada y tú misma en cualquier plan.</p>","grace-and-oliver.com","Ropa","Ropa","Ropa, Ropa, Novedades, Selección Juanjo","TRUE","Color","Verde","Talla","S","rachel-heritage-herringbone-jacket-verde-s","54.95","274.95","0","continue","","","Rachel Heritage Herringbone Jacket","Tu nuevo básico para vestir sin complicarte. Rachel Heritage Herringbone Jacket aporta un toque especial a tus looks y se combina fácilmente para que te sientas cómoda, arreglada y tú misma en cualquier plan."
"rachel-heritage-herringbone-jacket","Rachel Heritage Herringbone Jacket","<p>Tu nuevo básico para vestir sin complicarte. Rachel Heritage Herringbone Jacket aporta un toque especial a tus looks y se combina fácilmente para que te sientas cómoda, arreglada y tú misma en cualquier plan.</p>","grace-and-oliver.com","Ropa","Ropa","Ropa, Ropa, Novedades, Selección Juanjo","TRUE","Color","Verde","Talla","M","rachel-heritage-herringbone-jacket-verde-m","54.95","274.95","0","continue","","","Rachel Heritage Herringbone Jacket","Tu nuevo básico para vestir sin complicarte. Rachel Heritage Herringbone Jacket aporta un toque especial a tus looks y se combina fácilmente para que te sientas cómoda, arreglada y tú misma en cualquier plan."
"rachel-heritage-herringbone-jacket","Rachel Heritage Herringbone Jacket","<p>Tu nuevo básico para vestir sin complicarte. Rachel Heritage Herringbone Jacket aporta un toque especial a tus looks y se combina fácilmente para que te sientas cómoda, arreglada y tú misma en cualquier plan.</p>","grace-and-oliver.com","Ropa","Ropa","Ropa, Ropa, Novedades, Selección Juanjo","TRUE","Color","Verde","Talla","L","rachel-heritage-herringbone-jacket-verde-l","54.95","274.95","0","continue","","","Rachel Heritage Herringbone Jacket","Tu nuevo básico para vestir sin complicarte. Rachel Heritage Herringbone Jacket aporta un toque especial a tus looks y se combina fácilmente para que te sientas cómoda, arreglada y tú misma en cualquier plan."
"rachel-heritage-herringbone-jacket","Rachel Heritage Herringbone Jacket","<p>Tu nuevo básico para vestir sin complicarte. Rachel Heritage Herringbone Jacket aporta un toque especial a tus looks y se combina fácilmente para que te sientas cómoda, arreglada y tú misma en cualquier plan.</p>","grace-and-oliver.com","Ropa","Ropa","Ropa, Ropa, Novedades, Selección Juanjo","TRUE","Color","Verde","Talla","XL","rachel-heritage-herringbone-jacket-verde-xl","54.95","274.95","0","continue","","","Rachel Heritage Herringbone Jacket","Tu nuevo básico para vestir sin complicarte. Rachel Heritage Herringbone Jacket aporta un toque especial a tus looks y se combina fácilmente para que te sientas cómoda, arreglada y tú misma en cualquier plan."
"vivienne-cowl-neck-knit-jumper","Vivienne Cowl Neck Knit Jumper","<p>Tu nuevo básico para vestir sin complicarte. Vivienne Cowl Neck Knit Jumper aporta un toque especial a tus looks y se combina fácilmente para que te sientas cómoda, arreglada y tú misma en cualquier plan.</p>","grace-and-oliver.com","Ropa","Ropa","Ropa, Ropa, Novedades, Selección Juanjo","TRUE","Color","Negro","Talla","S","vivienne-cowl-neck-knit-jumper-negro-s","39.95","199.95","0","continue","","","Vivienne Cowl Neck Knit Jumper","Tu nuevo básico para vestir sin complicarte. Vivienne Cowl Neck Knit Jumper aporta un toque especial a tus looks y se combina fácilmente para que te sientas cómoda, arreglada y tú misma en cualquier plan."
"vivienne-cowl-neck-knit-jumper","Vivienne Cowl Neck Knit Jumper","<p>Tu nuevo básico para vestir sin complicarte. Vivienne Cowl Neck Knit Jumper aporta un toque especial a tus looks y se combina fácilmente para que te sientas cómoda, arreglada y tú misma en cualquier plan.</p>","grace-and-oliver.com","Ropa","Ropa","Ropa, Ropa, Novedades, Selección Juanjo","TRUE","Color","Negro","Talla","M","vivienne-cowl-neck-knit-jumper-negro-m","39.95","199.95","0","continue","","","Vivienne Cowl Neck Knit Jumper","Tu nuevo básico para vestir sin complicarte. Vivienne Cowl Neck Knit Jumper aporta un toque especial a tus looks y se combina fácilmente para que te sientas cómoda, arreglada y tú misma en cualquier plan."
"vivienne-cowl-neck-knit-jumper","Vivienne Cowl Neck Knit Jumper","<p>Tu nuevo básico para vestir sin complicarte. Vivienne Cowl Neck Knit Jumper aporta un toque especial a tus looks y se combina fácilmente para que te sientas cómoda, arreglada y tú misma en cualquier plan.</p>","grace-and-oliver.com","Ropa","Ropa","Ropa, Ropa, Novedades, Selección Juanjo","TRUE","Color","Negro","Talla","L","vivienne-cowl-neck-knit-jumper-negro-l","39.95","199.95","0","continue","","","Vivienne Cowl Neck Knit Jumper","Tu nuevo básico para vestir sin complicarte. Vivienne Cowl Neck Knit Jumper aporta un toque especial a tus looks y se combina fácilmente para que te sientas cómoda, arreglada y tú misma en cualquier plan."
"vivienne-cowl-neck-knit-jumper","Vivienne Cowl Neck Knit Jumper","<p>Tu nuevo básico para vestir sin complicarte. Vivienne Cowl Neck Knit Jumper aporta un toque especial a tus looks y se combina fácilmente para que te sientas cómoda, arreglada y tú misma en cualquier plan.</p>","grace-and-oliver.com","Ropa","Ropa","Ropa, Ropa, Novedades, Selección Juanjo","TRUE","Color","Negro","Talla","XL","vivienne-cowl-neck-knit-jumper-negro-xl","39.95","199.95","0","continue","","","Vivienne Cowl Neck Knit Jumper","Tu nuevo básico para vestir sin complicarte. Vivienne Cowl Neck Knit Jumper aporta un toque especial a tus looks y se combina fácilmente para que te sientas cómoda, arreglada y tú misma en cualquier plan."
"vivienne-cowl-neck-knit-jumper","Vivienne Cowl Neck Knit Jumper","<p>Tu nuevo básico para vestir sin complicarte. Vivienne Cowl Neck Knit Jumper aporta un toque especial a tus looks y se combina fácilmente para que te sientas cómoda, arreglada y tú misma en cualquier plan.</p>","grace-and-oliver.com","Ropa","Ropa","Ropa, Ropa, Novedades, Selección Juanjo","TRUE","Color","Beige","Talla","S","vivienne-cowl-neck-knit-jumper-beige-s","39.95","199.95","0","continue","","","Vivienne Cowl Neck Knit Jumper","Tu nuevo básico para vestir sin complicarte. Vivienne Cowl Neck Knit Jumper aporta un toque especial a tus looks y se combina fácilmente para que te sientas cómoda, arreglada y tú misma en cualquier plan."
"vivienne-cowl-neck-knit-jumper","Vivienne Cowl Neck Knit Jumper","<p>Tu nuevo básico para vestir sin complicarte. Vivienne Cowl Neck Knit Jumper aporta un toque especial a tus looks y se combina fácilmente para que te sientas cómoda, arreglada y tú misma en cualquier plan.</p>","grace-and-oliver.com","Ropa","Ropa","Ropa, Ropa, Novedades, Selección Juanjo","TRUE","Color","Beige","Talla","M","vivienne-cowl-neck-knit-jumper-beige-m","39.95","199.95","0","continue","","","Vivienne Cowl Neck Knit Jumper","Tu nuevo básico para vestir sin complicarte. Vivienne Cowl Neck Knit Jumper aporta un toque especial a tus looks y se combina fácilmente para que te sientas cómoda, arreglada y tú misma en cualquier plan."
"vivienne-cowl-neck-knit-jumper","Vivienne Cowl Neck Knit Jumper","<p>Tu nuevo básico para vestir sin complicarte. Vivienne Cowl Neck Knit Jumper aporta un toque especial a tus looks y se combina fácilmente para que te sientas cómoda, arreglada y tú misma en cualquier plan.</p>","grace-and-oliver.com","Ropa","Ropa","Ropa, Ropa, Novedades, Selección Juanjo","TRUE","Color","Beige","Talla","L","vivienne-cowl-neck-knit-jumper-beige-l","39.95","199.95","0","continue","","","Vivienne Cowl Neck Knit Jumper","Tu nuevo básico para vestir sin complicarte. Vivienne Cowl Neck Knit Jumper aporta un toque especial a tus looks y se combina fácilmente para que te sientas cómoda, arreglada y tú misma en cualquier plan."
"vivienne-cowl-neck-knit-jumper","Vivienne Cowl Neck Knit Jumper","<p>Tu nuevo básico para vestir sin complicarte. Vivienne Cowl Neck Knit Jumper aporta un toque especial a tus looks y se combina fácilmente para que te sientas cómoda, arreglada y tú misma en cualquier plan.</p>","grace-and-oliver.com","Ropa","Ropa","Ropa, Ropa, Novedades, Selección Juanjo","TRUE","Color","Beige","Talla","XL","vivienne-cowl-neck-knit-jumper-beige-xl","39.95","199.95","0","continue","","","Vivienne Cowl Neck Knit Jumper","Tu nuevo básico para vestir sin complicarte. Vivienne Cowl Neck Knit Jumper aporta un toque especial a tus looks y se combina fácilmente para que te sientas cómoda, arreglada y tú misma en cualquier plan."
"vivienne-cowl-neck-knit-jumper","Vivienne Cowl Neck Knit Jumper","<p>Tu nuevo básico para vestir sin complicarte. Vivienne Cowl Neck Knit Jumper aporta un toque especial a tus looks y se combina fácilmente para que te sientas cómoda, arreglada y tú misma en cualquier plan.</p>","grace-and-oliver.com","Ropa","Ropa","Ropa, Ropa, Novedades, Selección Juanjo","TRUE","Color","Blanco","Talla","S","vivienne-cowl-neck-knit-jumper-blanco-s","39.95","199.95","0","continue","","","Vivienne Cowl Neck Knit Jumper","Tu nuevo básico para vestir sin complicarte. Vivienne Cowl Neck Knit Jumper aporta un toque especial a tus looks y se combina fácilmente para que te sientas cómoda, arreglada y tú misma en cualquier plan."
"vivienne-cowl-neck-knit-jumper","Vivienne Cowl Neck Knit Jumper","<p>Tu nuevo básico para vestir sin complicarte. Vivienne Cowl Neck Knit Jumper aporta un toque especial a tus looks y se combina fácilmente para que te sientas cómoda, arreglada y tú misma en cualquier plan.</p>","grace-and-oliver.com","Ropa","Ropa","Ropa, Ropa, Novedades, Selección Juanjo","TRUE","Color","Blanco","Talla","M","vivienne-cowl-neck-knit-jumper-blanco-m","39.95","199.95","0","continue","","","Vivienne Cowl Neck Knit Jumper","Tu nuevo básico para vestir sin complicarte. Vivienne Cowl Neck Knit Jumper aporta un toque especial a tus looks y se combina fácilmente para que te sientas cómoda, arreglada y tú misma en cualquier plan."
"vivienne-cowl-neck-knit-jumper","Vivienne Cowl Neck Knit Jumper","<p>Tu nuevo básico para vestir sin complicarte. Vivienne Cowl Neck Knit Jumper aporta un toque especial a tus looks y se combina fácilmente para que te sientas cómoda, arreglada y tú misma en cualquier plan.</p>","grace-and-oliver.com","Ropa","Ropa","Ropa, Ropa, Novedades, Selección Juanjo","TRUE","Color","Blanco","Talla","L","vivienne-cowl-neck-knit-jumper-blanco-l","39.95","199.95","0","continue","","","Vivienne Cowl Neck Knit Jumper","Tu nuevo básico para vestir sin complicarte. Vivienne Cowl Neck Knit Jumper aporta un toque especial a tus looks y se combina fácilmente para que te sientas cómoda, arreglada y tú misma en cualquier plan."
"vivienne-cowl-neck-knit-jumper","Vivienne Cowl Neck Knit Jumper","<p>Tu nuevo básico para vestir sin complicarte. Vivienne Cowl Neck Knit Jumper aporta un toque especial a tus looks y se combina fácilmente para que te sientas cómoda, arreglada y tú misma en cualquier plan.</p>","grace-and-oliver.com","Ropa","Ropa","Ropa, Ropa, Novedades, Selección Juanjo","TRUE","Color","Blanco","Talla","XL","vivienne-cowl-neck-knit-jumper-blanco-xl","39.95","199.95","0","continue","","","Vivienne Cowl Neck Knit Jumper","Tu nuevo básico para vestir sin complicarte. Vivienne Cowl Neck Knit Jumper aporta un toque especial a tus looks y se combina fácilmente para que te sientas cómoda, arreglada y tú misma en cualquier plan."
"vivienne-cowl-neck-knit-jumper","Vivienne Cowl Neck Knit Jumper","<p>Tu nuevo básico para vestir sin complicarte. Vivienne Cowl Neck Knit Jumper aporta un toque especial a tus looks y se combina fácilmente para que te sientas cómoda, arreglada y tú misma en cualquier plan.</p>","grace-and-oliver.com","Ropa","Ropa","Ropa, Ropa, Novedades, Selección Juanjo","TRUE","Color","Verde","Talla","S","vivienne-cowl-neck-knit-jumper-verde-s","39.95","199.95","0","continue","","","Vivienne Cowl Neck Knit Jumper","Tu nuevo básico para vestir sin complicarte. Vivienne Cowl Neck Knit Jumper aporta un toque especial a tus looks y se combina fácilmente para que te sientas cómoda, arreglada y tú misma en cualquier plan."
"vivienne-cowl-neck-knit-jumper","Vivienne Cowl Neck Knit Jumper","<p>Tu nuevo básico para vestir sin complicarte. Vivienne Cowl Neck Knit Jumper aporta un toque especial a tus looks y se combina fácilmente para que te sientas cómoda, arreglada y tú misma en cualquier plan.</p>","grace-and-oliver.com","Ropa","Ropa","Ropa, Ropa, Novedades, Selección Juanjo","TRUE","Color","Verde","Talla","M","vivienne-cowl-neck-knit-jumper-verde-m","39.95","199.95","0","continue","","","Vivienne Cowl Neck Knit Jumper","Tu nuevo básico para vestir sin complicarte. Vivienne Cowl Neck Knit Jumper aporta un toque especial a tus looks y se combina fácilmente para que te sientas cómoda, arreglada y tú misma en cualquier plan."
"vivienne-cowl-neck-knit-jumper","Vivienne Cowl Neck Knit Jumper","<p>Tu nuevo básico para vestir sin complicarte. Vivienne Cowl Neck Knit Jumper aporta un toque especial a tus looks y se combina fácilmente para que te sientas cómoda, arreglada y tú misma en cualquier plan.</p>","grace-and-oliver.com","Ropa","Ropa","Ropa, Ropa, Novedades, Selección Juanjo","TRUE","Color","Verde","Talla","L","vivienne-cowl-neck-knit-jumper-verde-l","39.95","199.95","0","continue","","","Vivienne Cowl Neck Knit Jumper","Tu nuevo básico para vestir sin complicarte. Vivienne Cowl Neck Knit Jumper aporta un toque especial a tus looks y se combina fácilmente para que te sientas cómoda, arreglada y tú misma en cualquier plan."
"vivienne-cowl-neck-knit-jumper","Vivienne Cowl Neck Knit Jumper","<p>Tu nuevo básico para vestir sin complicarte. Vivienne Cowl Neck Knit Jumper aporta un toque especial a tus looks y se combina fácilmente para que te sientas cómoda, arreglada y tú misma en cualquier plan.</p>","grace-and-oliver.com","Ropa","Ropa","Ropa, Ropa, Novedades, Selección Juanjo","TRUE","Color","Verde","Talla","XL","vivienne-cowl-neck-knit-jumper-verde-xl","39.95","199.95","0","continue","","","Vivienne Cowl Neck Knit Jumper","Tu nuevo básico para vestir sin complicarte. Vivienne Cowl Neck Knit Jumper aporta un toque especial a tus looks y se combina fácilmente para que te sientas cómoda, arreglada y tú misma en cualquier plan."
"lorena-floral-sleeveless-midi-dress","Lorena Floral Sleeveless Midi Dress","<p>Tu nuevo básico para vestir sin complicarte. Lorena Floral Sleeveless Midi Dress aporta un toque especial a tus looks y se combina fácilmente para que te sientas cómoda, arreglada y tú misma en cualquier plan.</p>","grace-and-oliver.com","Ropa","Ropa","Ropa, Ropa, Novedades, Selección Juanjo","TRUE","Color","Negro","Talla","S","lorena-floral-sleeveless-midi-dress-negro-s","39.95","","0","continue","","","Lorena Floral Sleeveless Midi Dress","Tu nuevo básico para vestir sin complicarte. Lorena Floral Sleeveless Midi Dress aporta un toque especial a tus looks y se combina fácilmente para que te sientas cómoda, arreglada y tú misma en cualquier plan."
"lorena-floral-sleeveless-midi-dress","Lorena Floral Sleeveless Midi Dress","<p>Tu nuevo básico para vestir sin complicarte. Lorena Floral Sleeveless Midi Dress aporta un toque especial a tus looks y se combina fácilmente para que te sientas cómoda, arreglada y tú misma en cualquier plan.</p>","grace-and-oliver.com","Ropa","Ropa","Ropa, Ropa, Novedades, Selección Juanjo","TRUE","Color","Negro","Talla","M","lorena-floral-sleeveless-midi-dress-negro-m","39.95","","0","continue","","","Lorena Floral Sleeveless Midi Dress","Tu nuevo básico para vestir sin complicarte. Lorena Floral Sleeveless Midi Dress aporta un toque especial a tus looks y se combina fácilmente para que te sientas cómoda, arreglada y tú misma en cualquier plan."
"lorena-floral-sleeveless-midi-dress","Lorena Floral Sleeveless Midi Dress","<p>Tu nuevo básico para vestir sin complicarte. Lorena Floral Sleeveless Midi Dress aporta un toque especial a tus looks y se combina fácilmente para que te sientas cómoda, arreglada y tú misma en cualquier plan.</p>","grace-and-oliver.com","Ropa","Ropa","Ropa, Ropa, Novedades, Selección Juanjo","TRUE","Color","Negro","Talla","L","lorena-floral-sleeveless-midi-dress-negro-l","39.95","","0","continue","","","Lorena Floral Sleeveless Midi Dress","Tu nuevo básico para vestir sin complicarte. Lorena Floral Sleeveless Midi Dress aporta un toque especial a tus looks y se combina fácilmente para que te sientas cómoda, arreglada y tú misma en cualquier plan."
"lorena-floral-sleeveless-midi-dress","Lorena Floral Sleeveless Midi Dress","<p>Tu nuevo básico para vestir sin complicarte. Lorena Floral Sleeveless Midi Dress aporta un toque especial a tus looks y se combina fácilmente para que te sientas cómoda, arreglada y tú misma en cualquier plan.</p>","grace-and-oliver.com","Ropa","Ropa","Ropa, Ropa, Novedades, Selección Juanjo","TRUE","Color","Negro","Talla","XL","lorena-floral-sleeveless-midi-dress-negro-xl","39.95","","0","continue","","","Lorena Floral Sleeveless Midi Dress","Tu nuevo básico para vestir sin complicarte. Lorena Floral Sleeveless Midi Dress aporta un toque especial a tus looks y se combina fácilmente para que te sientas cómoda, arreglada y tú misma en cualquier plan."
"lorena-floral-sleeveless-midi-dress","Lorena Floral Sleeveless Midi Dress","<p>Tu nuevo básico para vestir sin complicarte. Lorena Floral Sleeveless Midi Dress aporta un toque especial a tus looks y se combina fácilmente para que te sientas cómoda, arreglada y tú misma en cualquier plan.</p>","grace-and-oliver.com","Ropa","Ropa","Ropa, Ropa, Novedades, Selección Juanjo","TRUE","Color","Beige","Talla","S","lorena-floral-sleeveless-midi-dress-beige-s","39.95","","0","continue","","","Lorena Floral Sleeveless Midi Dress","Tu nuevo básico para vestir sin complicarte. Lorena Floral Sleeveless Midi Dress aporta un toque especial a tus looks y se combina fácilmente para que te sientas cómoda, arreglada y tú misma en cualquier plan."
"lorena-floral-sleeveless-midi-dress","Lorena Floral Sleeveless Midi Dress","<p>Tu nuevo básico para vestir sin complicarte. Lorena Floral Sleeveless Midi Dress aporta un toque especial a tus looks y se combina fácilmente para que te sientas cómoda, arreglada y tú misma en cualquier plan.</p>","grace-and-oliver.com","Ropa","Ropa","Ropa, Ropa, Novedades, Selección Juanjo","TRUE","Color","Beige","Talla","M","lorena-floral-sleeveless-midi-dress-beige-m","39.95","","0","continue","","","Lorena Floral Sleeveless Midi Dress","Tu nuevo básico para vestir sin complicarte. Lorena Floral Sleeveless Midi Dress aporta un toque especial a tus looks y se combina fácilmente para que te sientas cómoda, arreglada y tú misma en cualquier plan."
"lorena-floral-sleeveless-midi-dress","Lorena Floral Sleeveless Midi Dress","<p>Tu nuevo básico para vestir sin complicarte. Lorena Floral Sleeveless Midi Dress aporta un toque especial a tus looks y se combina fácilmente para que te sientas cómoda, arreglada y tú misma en cualquier plan.</p>","grace-and-oliver.com","Ropa","Ropa","Ropa, Ropa, Novedades, Selección Juanjo","TRUE","Color","Beige","Talla","L","lorena-floral-sleeveless-midi-dress-beige-l","39.95","","0","continue","","","Lorena Floral Sleeveless Midi Dress","Tu nuevo básico para vestir sin complicarte. Lorena Floral Sleeveless Midi Dress aporta un toque especial a tus looks y se combina fácilmente para que te sientas cómoda, arreglada y tú misma en cualquier plan."
"lorena-floral-sleeveless-midi-dress","Lorena Floral Sleeveless Midi Dress","<p>Tu nuevo básico para vestir sin complicarte. Lorena Floral Sleeveless Midi Dress aporta un toque especial a tus looks y se combina fácilmente para que te sientas cómoda, arreglada y tú misma en cualquier plan.</p>","grace-and-oliver.com","Ropa","Ropa","Ropa, Ropa, Novedades, Selección Juanjo","TRUE","Color","Beige","Talla","XL","lorena-floral-sleeveless-midi-dress-beige-xl","39.95","","0","continue","","","Lorena Floral Sleeveless Midi Dress","Tu nuevo básico para vestir sin complicarte. Lorena Floral Sleeveless Midi Dress aporta un toque especial a tus looks y se combina fácilmente para que te sientas cómoda, arreglada y tú misma en cualquier plan."
"lorena-floral-sleeveless-midi-dress","Lorena Floral Sleeveless Midi Dress","<p>Tu nuevo básico para vestir sin complicarte. Lorena Floral Sleeveless Midi Dress aporta un toque especial a tus looks y se combina fácilmente para que te sientas cómoda, arreglada y tú misma en cualquier plan.</p>","grace-and-oliver.com","Ropa","Ropa","Ropa, Ropa, Novedades, Selección Juanjo","TRUE","Color","Blanco","Talla","S","lorena-floral-sleeveless-midi-dress-blanco-s","39.95","","0","continue","","","Lorena Floral Sleeveless Midi Dress","Tu nuevo básico para vestir sin complicarte. Lorena Floral Sleeveless Midi Dress aporta un toque especial a tus looks y se combina fácilmente para que te sientas cómoda, arreglada y tú misma en cualquier plan."
"lorena-floral-sleeveless-midi-dress","Lorena Floral Sleeveless Midi Dress","<p>Tu nuevo básico para vestir sin complicarte. Lorena Floral Sleeveless Midi Dress aporta un toque especial a tus looks y se combina fácilmente para que te sientas cómoda, arreglada y tú misma en cualquier plan.</p>","grace-and-oliver.com","Ropa","Ropa","Ropa, Ropa, Novedades, Selección Juanjo","TRUE","Color","Blanco","Talla","M","lorena-floral-sleeveless-midi-dress-blanco-m","39.95","","0","continue","","","Lorena Floral Sleeveless Midi Dress","Tu nuevo básico para vestir sin complicarte. Lorena Floral Sleeveless Midi Dress aporta un toque especial a tus looks y se combina fácilmente para que te sientas cómoda, arreglada y tú misma en cualquier plan."
"lorena-floral-sleeveless-midi-dress","Lorena Floral Sleeveless Midi Dress","<p>Tu nuevo básico para vestir sin complicarte. Lorena Floral Sleeveless Midi Dress aporta un toque especial a tus looks y se combina fácilmente para que te sientas cómoda, arreglada y tú misma en cualquier plan.</p>","grace-and-oliver.com","Ropa","Ropa","Ropa, Ropa, Novedades, Selección Juanjo","TRUE","Color","Blanco","Talla","L","lorena-floral-sleeveless-midi-dress-blanco-l","39.95","","0","continue","","","Lorena Floral Sleeveless Midi Dress","Tu nuevo básico para vestir sin complicarte. Lorena Floral Sleeveless Midi Dress aporta un toque especial a tus looks y se combina fácilmente para que te sientas cómoda, arreglada y tú misma en cualquier plan."
"lorena-floral-sleeveless-midi-dress","Lorena Floral Sleeveless Midi Dress","<p>Tu nuevo básico para vestir sin complicarte. Lorena Floral Sleeveless Midi Dress aporta un toque especial a tus looks y se combina fácilmente para que te sientas cómoda, arreglada y tú misma en cualquier plan.</p>","grace-and-oliver.com","Ropa","Ropa","Ropa, Ropa, Novedades, Selección Juanjo","TRUE","Color","Blanco","Talla","XL","lorena-floral-sleeveless-midi-dress-blanco-xl","39.95","","0","continue","","","Lorena Floral Sleeveless Midi Dress","Tu nuevo básico para vestir sin complicarte. Lorena Floral Sleeveless Midi Dress aporta un toque especial a tus looks y se combina fácilmente para que te sientas cómoda, arreglada y tú misma en cualquier plan."
"lorena-floral-sleeveless-midi-dress","Lorena Floral Sleeveless Midi Dress","<p>Tu nuevo básico para vestir sin complicarte. Lorena Floral Sleeveless Midi Dress aporta un toque especial a tus looks y se combina fácilmente para que te sientas cómoda, arreglada y tú misma en cualquier plan.</p>","grace-and-oliver.com","Ropa","Ropa","Ropa, Ropa, Novedades, Selección Juanjo","TRUE","Color","Verde","Talla","S","lorena-floral-sleeveless-midi-dress-verde-s","39.95","","0","continue","","","Lorena Floral Sleeveless Midi Dress","Tu nuevo básico para vestir sin complicarte. Lorena Floral Sleeveless Midi Dress aporta un toque especial a tus looks y se combina fácilmente para que te sientas cómoda, arreglada y tú misma en cualquier plan."
"lorena-floral-sleeveless-midi-dress","Lorena Floral Sleeveless Midi Dress","<p>Tu nuevo básico para vestir sin complicarte. Lorena Floral Sleeveless Midi Dress aporta un toque especial a tus looks y se combina fácilmente para que te sientas cómoda, arreglada y tú misma en cualquier plan.</p>","grace-and-oliver.com","Ropa","Ropa","Ropa, Ropa, Novedades, Selección Juanjo","TRUE","Color","Verde","Talla","M","lorena-floral-sleeveless-midi-dress-verde-m","39.95","","0","continue","","","Lorena Floral Sleeveless Midi Dress","Tu nuevo básico para vestir sin complicarte. Lorena Floral Sleeveless Midi Dress aporta un toque especial a tus looks y se combina fácilmente para que te sientas cómoda, arreglada y tú misma en cualquier plan."
"lorena-floral-sleeveless-midi-dress","Lorena Floral Sleeveless Midi Dress","<p>Tu nuevo básico para vestir sin complicarte. Lorena Floral Sleeveless Midi Dress aporta un toque especial a tus looks y se combina fácilmente para que te sientas cómoda, arreglada y tú misma en cualquier plan.</p>","grace-and-oliver.com","Ropa","Ropa","Ropa, Ropa, Novedades, Selección Juanjo","TRUE","Color","Verde","Talla","L","lorena-floral-sleeveless-midi-dress-verde-l","39.95","","0","continue","","","Lorena Floral Sleeveless Midi Dress","Tu nuevo básico para vestir sin complicarte. Lorena Floral Sleeveless Midi Dress aporta un toque especial a tus looks y se combina fácilmente para que te sientas cómoda, arreglada y tú misma en cualquier plan."
"lorena-floral-sleeveless-midi-dress","Lorena Floral Sleeveless Midi Dress","<p>Tu nuevo básico para vestir sin complicarte. Lorena Floral Sleeveless Midi Dress aporta un toque especial a tus looks y se combina fácilmente para que te sientas cómoda, arreglada y tú misma en cualquier plan.</p>","grace-and-oliver.com","Ropa","Ropa","Ropa, Ropa, Novedades, Selección Juanjo","TRUE","Color","Verde","Talla","XL","lorena-floral-sleeveless-midi-dress-verde-xl","39.95","","0","continue","","","Lorena Floral Sleeveless Midi Dress","Tu nuevo básico para vestir sin complicarte. Lorena Floral Sleeveless Midi Dress aporta un toque especial a tus looks y se combina fácilmente para que te sientas cómoda, arreglada y tú misma en cualquier plan."
"francesca-geometric-sleeveless-maxi-dress","Francesca Geometric Sleeveless Maxi Dress","<p>Tu nuevo básico para vestir sin complicarte. Francesca Geometric Sleeveless Maxi Dress aporta un toque especial a tus looks y se combina fácilmente para que te sientas cómoda, arreglada y tú misma en cualquier plan.</p>","grace-and-oliver.com","Ropa","Ropa","Ropa, Ropa, Novedades, Selección Juanjo","TRUE","Color","Negro","Talla","S","francesca-geometric-sleeveless-maxi-dress-negro-s","39.95","","0","continue","","","Francesca Geometric Sleeveless Maxi Dress","Tu nuevo básico para vestir sin complicarte. Francesca Geometric Sleeveless Maxi Dress aporta un toque especial a tus looks y se combina fácilmente para que te sientas cómoda, arreglada y tú misma en cualquier plan."
"francesca-geometric-sleeveless-maxi-dress","Francesca Geometric Sleeveless Maxi Dress","<p>Tu nuevo básico para vestir sin complicarte. Francesca Geometric Sleeveless Maxi Dress aporta un toque especial a tus looks y se combina fácilmente para que te sientas cómoda, arreglada y tú misma en cualquier plan.</p>","grace-and-oliver.com","Ropa","Ropa","Ropa, Ropa, Novedades, Selección Juanjo","TRUE","Color","Negro","Talla","M","francesca-geometric-sleeveless-maxi-dress-negro-m","39.95","","0","continue","","","Francesca Geometric Sleeveless Maxi Dress","Tu nuevo básico para vestir sin complicarte. Francesca Geometric Sleeveless Maxi Dress aporta un toque especial a tus looks y se combina fácilmente para que te sientas cómoda, arreglada y tú misma en cualquier plan."
"francesca-geometric-sleeveless-maxi-dress","Francesca Geometric Sleeveless Maxi Dress","<p>Tu nuevo básico para vestir sin complicarte. Francesca Geometric Sleeveless Maxi Dress aporta un toque especial a tus looks y se combina fácilmente para que te sientas cómoda, arreglada y tú misma en cualquier plan.</p>","grace-and-oliver.com","Ropa","Ropa","Ropa, Ropa, Novedades, Selección Juanjo","TRUE","Color","Negro","Talla","L","francesca-geometric-sleeveless-maxi-dress-negro-l","39.95","","0","continue","","","Francesca Geometric Sleeveless Maxi Dress","Tu nuevo básico para vestir sin complicarte. Francesca Geometric Sleeveless Maxi Dress aporta un toque especial a tus looks y se combina fácilmente para que te sientas cómoda, arreglada y tú misma en cualquier plan."
"francesca-geometric-sleeveless-maxi-dress","Francesca Geometric Sleeveless Maxi Dress","<p>Tu nuevo básico para vestir sin complicarte. Francesca Geometric Sleeveless Maxi Dress aporta un toque especial a tus looks y se combina fácilmente para que te sientas cómoda, arreglada y tú misma en cualquier plan.</p>","grace-and-oliver.com","Ropa","Ropa","Ropa, Ropa, Novedades, Selección Juanjo","TRUE","Color","Negro","Talla","XL","francesca-geometric-sleeveless-maxi-dress-negro-xl","39.95","","0","continue","","","Francesca Geometric Sleeveless Maxi Dress","Tu nuevo básico para vestir sin complicarte. Francesca Geometric Sleeveless Maxi Dress aporta un toque especial a tus looks y se combina fácilmente para que te sientas cómoda, arreglada y tú misma en cualquier plan."
"francesca-geometric-sleeveless-maxi-dress","Francesca Geometric Sleeveless Maxi Dress","<p>Tu nuevo básico para vestir sin complicarte. Francesca Geometric Sleeveless Maxi Dress aporta un toque especial a tus looks y se combina fácilmente para que te sientas cómoda, arreglada y tú misma en cualquier plan.</p>","grace-and-oliver.com","Ropa","Ropa","Ropa, Ropa, Novedades, Selección Juanjo","TRUE","Color","Beige","Talla","S","francesca-geometric-sleeveless-maxi-dress-beige-s","39.95","","0","continue","","","Francesca Geometric Sleeveless Maxi Dress","Tu nuevo básico para vestir sin complicarte. Francesca Geometric Sleeveless Maxi Dress aporta un toque especial a tus looks y se combina fácilmente para que te sientas cómoda, arreglada y tú misma en cualquier plan."
"francesca-geometric-sleeveless-maxi-dress","Francesca Geometric Sleeveless Maxi Dress","<p>Tu nuevo básico para vestir sin complicarte. Francesca Geometric Sleeveless Maxi Dress aporta un toque especial a tus looks y se combina fácilmente para que te sientas cómoda, arreglada y tú misma en cualquier plan.</p>","grace-and-oliver.com","Ropa","Ropa","Ropa, Ropa, Novedades, Selección Juanjo","TRUE","Color","Beige","Talla","M","francesca-geometric-sleeveless-maxi-dress-beige-m","39.95","","0","continue","","","Francesca Geometric Sleeveless Maxi Dress","Tu nuevo básico para vestir sin complicarte. Francesca Geometric Sleeveless Maxi Dress aporta un toque especial a tus looks y se combina fácilmente para que te sientas cómoda, arreglada y tú misma en cualquier plan."
"francesca-geometric-sleeveless-maxi-dress","Francesca Geometric Sleeveless Maxi Dress","<p>Tu nuevo básico para vestir sin complicarte. Francesca Geometric Sleeveless Maxi Dress aporta un toque especial a tus looks y se combina fácilmente para que te sientas cómoda, arreglada y tú misma en cualquier plan.</p>","grace-and-oliver.com","Ropa","Ropa","Ropa, Ropa, Novedades, Selección Juanjo","TRUE","Color","Beige","Talla","L","francesca-geometric-sleeveless-maxi-dress-beige-l","39.95","","0","continue","","","Francesca Geometric Sleeveless Maxi Dress","Tu nuevo básico para vestir sin complicarte. Francesca Geometric Sleeveless Maxi Dress aporta un toque especial a tus looks y se combina fácilmente para que te sientas cómoda, arreglada y tú misma en cualquier plan."
"francesca-geometric-sleeveless-maxi-dress","Francesca Geometric Sleeveless Maxi Dress","<p>Tu nuevo básico para vestir sin complicarte. Francesca Geometric Sleeveless Maxi Dress aporta un toque especial a tus looks y se combina fácilmente para que te sientas cómoda, arreglada y tú misma en cualquier plan.</p>","grace-and-oliver.com","Ropa","Ropa","Ropa, Ropa, Novedades, Selección Juanjo","TRUE","Color","Beige","Talla","XL","francesca-geometric-sleeveless-maxi-dress-beige-xl","39.95","","0","continue","","","Francesca Geometric Sleeveless Maxi Dress","Tu nuevo básico para vestir sin complicarte. Francesca Geometric Sleeveless Maxi Dress aporta un toque especial a tus looks y se combina fácilmente para que te sientas cómoda, arreglada y tú misma en cualquier plan."
"francesca-geometric-sleeveless-maxi-dress","Francesca Geometric Sleeveless Maxi Dress","<p>Tu nuevo básico para vestir sin complicarte. Francesca Geometric Sleeveless Maxi Dress aporta un toque especial a tus looks y se combina fácilmente para que te sientas cómoda, arreglada y tú misma en cualquier plan.</p>","grace-and-oliver.com","Ropa","Ropa","Ropa, Ropa, Novedades, Selección Juanjo","TRUE","Color","Blanco","Talla","S","francesca-geometric-sleeveless-maxi-dress-blanco-s","39.95","","0","continue","","","Francesca Geometric Sleeveless Maxi Dress","Tu nuevo básico para vestir sin complicarte. Francesca Geometric Sleeveless Maxi Dress aporta un toque especial a tus looks y se combina fácilmente para que te sientas cómoda, arreglada y tú misma en cualquier plan."
"francesca-geometric-sleeveless-maxi-dress","Francesca Geometric Sleeveless Maxi Dress","<p>Tu nuevo básico para vestir sin complicarte. Francesca Geometric Sleeveless Maxi Dress aporta un toque especial a tus looks y se combina fácilmente para que te sientas cómoda, arreglada y tú misma en cualquier plan.</p>","grace-and-oliver.com","Ropa","Ropa","Ropa, Ropa, Novedades, Selección Juanjo","TRUE","Color","Blanco","Talla","M","francesca-geometric-sleeveless-maxi-dress-blanco-m","39.95","","0","continue","","","Francesca Geometric Sleeveless Maxi Dress","Tu nuevo básico para vestir sin complicarte. Francesca Geometric Sleeveless Maxi Dress aporta un toque especial a tus looks y se combina fácilmente para que te sientas cómoda, arreglada y tú misma en cualquier plan."
"francesca-geometric-sleeveless-maxi-dress","Francesca Geometric Sleeveless Maxi Dress","<p>Tu nuevo básico para vestir sin complicarte. Francesca Geometric Sleeveless Maxi Dress aporta un toque especial a tus looks y se combina fácilmente para que te sientas cómoda, arreglada y tú misma en cualquier plan.</p>","grace-and-oliver.com","Ropa","Ropa","Ropa, Ropa, Novedades, Selección Juanjo","TRUE","Color","Blanco","Talla","L","francesca-geometric-sleeveless-maxi-dress-blanco-l","39.95","","0","continue","","","Francesca Geometric Sleeveless Maxi Dress","Tu nuevo básico para vestir sin complicarte. Francesca Geometric Sleeveless Maxi Dress aporta un toque especial a tus looks y se combina fácilmente para que te sientas cómoda, arreglada y tú misma en cualquier plan."
"francesca-geometric-sleeveless-maxi-dress","Francesca Geometric Sleeveless Maxi Dress","<p>Tu nuevo básico para vestir sin complicarte. Francesca Geometric Sleeveless Maxi Dress aporta un toque especial a tus looks y se combina fácilmente para que te sientas cómoda, arreglada y tú misma en cualquier plan.</p>","grace-and-oliver.com","Ropa","Ropa","Ropa, Ropa, Novedades, Selección Juanjo","TRUE","Color","Blanco","Talla","XL","francesca-geometric-sleeveless-maxi-dress-blanco-xl","39.95","","0","continue","","","Francesca Geometric Sleeveless Maxi Dress","Tu nuevo básico para vestir sin complicarte. Francesca Geometric Sleeveless Maxi Dress aporta un toque especial a tus looks y se combina fácilmente para que te sientas cómoda, arreglada y tú misma en cualquier plan."
"francesca-geometric-sleeveless-maxi-dress","Francesca Geometric Sleeveless Maxi Dress","<p>Tu nuevo básico para vestir sin complicarte. Francesca Geometric Sleeveless Maxi Dress aporta un toque especial a tus looks y se combina fácilmente para que te sientas cómoda, arreglada y tú misma en cualquier plan.</p>","grace-and-oliver.com","Ropa","Ropa","Ropa, Ropa, Novedades, Selección Juanjo","TRUE","Color","Verde","Talla","S","francesca-geometric-sleeveless-maxi-dress-verde-s","39.95","","0","continue","","","Francesca Geometric Sleeveless Maxi Dress","Tu nuevo básico para vestir sin complicarte. Francesca Geometric Sleeveless Maxi Dress aporta un toque especial a tus looks y se combina fácilmente para que te sientas cómoda, arreglada y tú misma en cualquier plan."
"francesca-geometric-sleeveless-maxi-dress","Francesca Geometric Sleeveless Maxi Dress","<p>Tu nuevo básico para vestir sin complicarte. Francesca Geometric Sleeveless Maxi Dress aporta un toque especial a tus looks y se combina fácilmente para que te sientas cómoda, arreglada y tú misma en cualquier plan.</p>","grace-and-oliver.com","Ropa","Ropa","Ropa, Ropa, Novedades, Selección Juanjo","TRUE","Color","Verde","Talla","M","francesca-geometric-sleeveless-maxi-dress-verde-m","39.95","","0","continue","","","Francesca Geometric Sleeveless Maxi Dress","Tu nuevo básico para vestir sin complicarte. Francesca Geometric Sleeveless Maxi Dress aporta un toque especial a tus looks y se combina fácilmente para que te sientas cómoda, arreglada y tú misma en cualquier plan."
"francesca-geometric-sleeveless-maxi-dress","Francesca Geometric Sleeveless Maxi Dress","<p>Tu nuevo básico para vestir sin complicarte. Francesca Geometric Sleeveless Maxi Dress aporta un toque especial a tus looks y se combina fácilmente para que te sientas cómoda, arreglada y tú misma en cualquier plan.</p>","grace-and-oliver.com","Ropa","Ropa","Ropa, Ropa, Novedades, Selección Juanjo","TRUE","Color","Verde","Talla","L","francesca-geometric-sleeveless-maxi-dress-verde-l","39.95","","0","continue","","","Francesca Geometric Sleeveless Maxi Dress","Tu nuevo básico para vestir sin complicarte. Francesca Geometric Sleeveless Maxi Dress aporta un toque especial a tus looks y se combina fácilmente para que te sientas cómoda, arreglada y tú misma en cualquier plan."
"francesca-geometric-sleeveless-maxi-dress","Francesca Geometric Sleeveless Maxi Dress","<p>Tu nuevo básico para vestir sin complicarte. Francesca Geometric Sleeveless Maxi Dress aporta un toque especial a tus looks y se combina fácilmente para que te sientas cómoda, arreglada y tú misma en cualquier plan.</p>","grace-and-oliver.com","Ropa","Ropa","Ropa, Ropa, Novedades, Selección Juanjo","TRUE","Color","Verde","Talla","XL","francesca-geometric-sleeveless-maxi-dress-verde-xl","39.95","","0","continue","","","Francesca Geometric Sleeveless Maxi Dress","Tu nuevo básico para vestir sin complicarte. Francesca Geometric Sleeveless Maxi Dress aporta un toque especial a tus looks y se combina fácilmente para que te sientas cómoda, arreglada y tú misma en cualquier plan."
"seamless-balconette-bra","Seamless Balconette Bra","<p>Tu nuevo básico para vestir sin complicarte. Seamless Balconette Bra aporta un toque especial a tus looks y se combina fácilmente para que te sientas cómoda, arreglada y tú misma en cualquier plan.</p>","madammuse.co","Ropa","Ropa","Ropa, Ropa, Novedades, Selección Juanjo","TRUE","Color","Negro","Talla","S","seamless-balconette-bra-negro-s","19.95","39.90","0","continue","","","Seamless Balconette Bra","Tu nuevo básico para vestir sin complicarte. Seamless Balconette Bra aporta un toque especial a tus looks y se combina fácilmente para que te sientas cómoda, arreglada y tú misma en cualquier plan."
"seamless-balconette-bra","Seamless Balconette Bra","<p>Tu nuevo básico para vestir sin complicarte. Seamless Balconette Bra aporta un toque especial a tus looks y se combina fácilmente para que te sientas cómoda, arreglada y tú misma en cualquier plan.</p>","madammuse.co","Ropa","Ropa","Ropa, Ropa, Novedades, Selección Juanjo","TRUE","Color","Negro","Talla","M","seamless-balconette-bra-negro-m","19.95","39.90","0","continue","","","Seamless Balconette Bra","Tu nuevo básico para vestir sin complicarte. Seamless Balconette Bra aporta un toque especial a tus looks y se combina fácilmente para que te sientas cómoda, arreglada y tú misma en cualquier plan."
"seamless-balconette-bra","Seamless Balconette Bra","<p>Tu nuevo básico para vestir sin complicarte. Seamless Balconette Bra aporta un toque especial a tus looks y se combina fácilmente para que te sientas cómoda, arreglada y tú misma en cualquier plan.</p>","madammuse.co","Ropa","Ropa","Ropa, Ropa, Novedades, Selección Juanjo","TRUE","Color","Negro","Talla","L","seamless-balconette-bra-negro-l","19.95","39.90","0","continue","","","Seamless Balconette Bra","Tu nuevo básico para vestir sin complicarte. Seamless Balconette Bra aporta un toque especial a tus looks y se combina fácilmente para que te sientas cómoda, arreglada y tú misma en cualquier plan."
"seamless-balconette-bra","Seamless Balconette Bra","<p>Tu nuevo básico para vestir sin complicarte. Seamless Balconette Bra aporta un toque especial a tus looks y se combina fácilmente para que te sientas cómoda, arreglada y tú misma en cualquier plan.</p>","madammuse.co","Ropa","Ropa","Ropa, Ropa, Novedades, Selección Juanjo","TRUE","Color","Negro","Talla","XL","seamless-balconette-bra-negro-xl","19.95","39.90","0","continue","","","Seamless Balconette Bra","Tu nuevo básico para vestir sin complicarte. Seamless Balconette Bra aporta un toque especial a tus looks y se combina fácilmente para que te sientas cómoda, arreglada y tú misma en cualquier plan."
"seamless-balconette-bra","Seamless Balconette Bra","<p>Tu nuevo básico para vestir sin complicarte. Seamless Balconette Bra aporta un toque especial a tus looks y se combina fácilmente para que te sientas cómoda, arreglada y tú misma en cualquier plan.</p>","madammuse.co","Ropa","Ropa","Ropa, Ropa, Novedades, Selección Juanjo","TRUE","Color","Beige","Talla","S","seamless-balconette-bra-beige-s","19.95","39.90","0","continue","","","Seamless Balconette Bra","Tu nuevo básico para vestir sin complicarte. Seamless Balconette Bra aporta un toque especial a tus looks y se combina fácilmente para que te sientas cómoda, arreglada y tú misma en cualquier plan."
"seamless-balconette-bra","Seamless Balconette Bra","<p>Tu nuevo básico para vestir sin complicarte. Seamless Balconette Bra aporta un toque especial a tus looks y se combina fácilmente para que te sientas cómoda, arreglada y tú misma en cualquier plan.</p>","madammuse.co","Ropa","Ropa","Ropa, Ropa, Novedades, Selección Juanjo","TRUE","Color","Beige","Talla","M","seamless-balconette-bra-beige-m","19.95","39.90","0","continue","","","Seamless Balconette Bra","Tu nuevo básico para vestir sin complicarte. Seamless Balconette Bra aporta un toque especial a tus looks y se combina fácilmente para que te sientas cómoda, arreglada y tú misma en cualquier plan."
"seamless-balconette-bra","Seamless Balconette Bra","<p>Tu nuevo básico para vestir sin complicarte. Seamless Balconette Bra aporta un toque especial a tus looks y se combina fácilmente para que te sientas cómoda, arreglada y tú misma en cualquier plan.</p>","madammuse.co","Ropa","Ropa","Ropa, Ropa, Novedades, Selección Juanjo","TRUE","Color","Beige","Talla","L","seamless-balconette-bra-beige-l","19.95","39.90","0","continue","","","Seamless Balconette Bra","Tu nuevo básico para vestir sin complicarte. Seamless Balconette Bra aporta un toque especial a tus looks y se combina fácilmente para que te sientas cómoda, arreglada y tú misma en cualquier plan."
"seamless-balconette-bra","Seamless Balconette Bra","<p>Tu nuevo básico para vestir sin complicarte. Seamless Balconette Bra aporta un toque especial a tus looks y se combina fácilmente para que te sientas cómoda, arreglada y tú misma en cualquier plan.</p>","madammuse.co","Ropa","Ropa","Ropa, Ropa, Novedades, Selección Juanjo","TRUE","Color","Beige","Talla","XL","seamless-balconette-bra-beige-xl","19.95","39.90","0","continue","","","Seamless Balconette Bra","Tu nuevo básico para vestir sin complicarte. Seamless Balconette Bra aporta un toque especial a tus looks y se combina fácilmente para que te sientas cómoda, arreglada y tú misma en cualquier plan."
"seamless-balconette-bra","Seamless Balconette Bra","<p>Tu nuevo básico para vestir sin complicarte. Seamless Balconette Bra aporta un toque especial a tus looks y se combina fácilmente para que te sientas cómoda, arreglada y tú misma en cualquier plan.</p>","madammuse.co","Ropa","Ropa","Ropa, Ropa, Novedades, Selección Juanjo","TRUE","Color","Blanco","Talla","S","seamless-balconette-bra-blanco-s","19.95","39.90","0","continue","","","Seamless Balconette Bra","Tu nuevo básico para vestir sin complicarte. Seamless Balconette Bra aporta un toque especial a tus looks y se combina fácilmente para que te sientas cómoda, arreglada y tú misma en cualquier plan."
"seamless-balconette-bra","Seamless Balconette Bra","<p>Tu nuevo básico para vestir sin complicarte. Seamless Balconette Bra aporta un toque especial a tus looks y se combina fácilmente para que te sientas cómoda, arreglada y tú misma en cualquier plan.</p>","madammuse.co","Ropa","Ropa","Ropa, Ropa, Novedades, Selección Juanjo","TRUE","Color","Blanco","Talla","M","seamless-balconette-bra-blanco-m","19.95","39.90","0","continue","","","Seamless Balconette Bra","Tu nuevo básico para vestir sin complicarte. Seamless Balconette Bra aporta un toque especial a tus looks y se combina fácilmente para que te sientas cómoda, arreglada y tú misma en cualquier plan."
"seamless-balconette-bra","Seamless Balconette Bra","<p>Tu nuevo básico para vestir sin complicarte. Seamless Balconette Bra aporta un toque especial a tus looks y se combina fácilmente para que te sientas cómoda, arreglada y tú misma en cualquier plan.</p>","madammuse.co","Ropa","Ropa","Ropa, Ropa, Novedades, Selección Juanjo","TRUE","Color","Blanco","Talla","L","seamless-balconette-bra-blanco-l","19.95","39.90","0","continue","","","Seamless Balconette Bra","Tu nuevo básico para vestir sin complicarte. Seamless Balconette Bra aporta un toque especial a tus looks y se combina fácilmente para que te sientas cómoda, arreglada y tú misma en cualquier plan."
"seamless-balconette-bra","Seamless Balconette Bra","<p>Tu nuevo básico para vestir sin complicarte. Seamless Balconette Bra aporta un toque especial a tus looks y se combina fácilmente para que te sientas cómoda, arreglada y tú misma en cualquier plan.</p>","madammuse.co","Ropa","Ropa","Ropa, Ropa, Novedades, Selección Juanjo","TRUE","Color","Blanco","Talla","XL","seamless-balconette-bra-blanco-xl","19.95","39.90","0","continue","","","Seamless Balconette Bra","Tu nuevo básico para vestir sin complicarte. Seamless Balconette Bra aporta un toque especial a tus looks y se combina fácilmente para que te sientas cómoda, arreglada y tú misma en cualquier plan."
"seamless-balconette-bra","Seamless Balconette Bra","<p>Tu nuevo básico para vestir sin complicarte. Seamless Balconette Bra aporta un toque especial a tus looks y se combina fácilmente para que te sientas cómoda, arreglada y tú misma en cualquier plan.</p>","madammuse.co","Ropa","Ropa","Ropa, Ropa, Novedades, Selección Juanjo","TRUE","Color","Verde","Talla","S","seamless-balconette-bra-verde-s","19.95","39.90","0","continue","","","Seamless Balconette Bra","Tu nuevo básico para vestir sin complicarte. Seamless Balconette Bra aporta un toque especial a tus looks y se combina fácilmente para que te sientas cómoda, arreglada y tú misma en cualquier plan."
"seamless-balconette-bra","Seamless Balconette Bra","<p>Tu nuevo básico para vestir sin complicarte. Seamless Balconette Bra aporta un toque especial a tus looks y se combina fácilmente para que te sientas cómoda, arreglada y tú misma en cualquier plan.</p>","madammuse.co","Ropa","Ropa","Ropa, Ropa, Novedades, Selección Juanjo","TRUE","Color","Verde","Talla","M","seamless-balconette-bra-verde-m","19.95","39.90","0","continue","","","Seamless Balconette Bra","Tu nuevo básico para vestir sin complicarte. Seamless Balconette Bra aporta un toque especial a tus looks y se combina fácilmente para que te sientas cómoda, arreglada y tú misma en cualquier plan."
"seamless-balconette-bra","Seamless Balconette Bra","<p>Tu nuevo básico para vestir sin complicarte. Seamless Balconette Bra aporta un toque especial a tus looks y se combina fácilmente para que te sientas cómoda, arreglada y tú misma en cualquier plan.</p>","madammuse.co","Ropa","Ropa","Ropa, Ropa, Novedades, Selección Juanjo","TRUE","Color","Verde","Talla","L","seamless-balconette-bra-verde-l","19.95","39.90","0","continue","","","Seamless Balconette Bra","Tu nuevo básico para vestir sin complicarte. Seamless Balconette Bra aporta un toque especial a tus looks y se combina fácilmente para que te sientas cómoda, arreglada y tú misma en cualquier plan."
"seamless-balconette-bra","Seamless Balconette Bra","<p>Tu nuevo básico para vestir sin complicarte. Seamless Balconette Bra aporta un toque especial a tus looks y se combina fácilmente para que te sientas cómoda, arreglada y tú misma en cualquier plan.</p>","madammuse.co","Ropa","Ropa","Ropa, Ropa, Novedades, Selección Juanjo","TRUE","Color","Verde","Talla","XL","seamless-balconette-bra-verde-xl","19.95","39.90","0","continue","","","Seamless Balconette Bra","Tu nuevo básico para vestir sin complicarte. Seamless Balconette Bra aporta un toque especial a tus looks y se combina fácilmente para que te sientas cómoda, arreglada y tú misma en cualquier plan."
"deep-v-wireless-push-up-bra","Deep V Wireless Push-Up Bra","<p>Tu nuevo básico para vestir sin complicarte. Deep V Wireless Push-Up Bra aporta un toque especial a tus looks y se combina fácilmente para que te sientas cómoda, arreglada y tú misma en cualquier plan.</p>","bellashapewear.com","Ropa","Ropa","Ropa, Ropa, Novedades, Selección Juanjo","TRUE","Color","Negro","Talla","S","deep-v-wireless-push-up-bra-negro-s","23.00","31.00","0","continue","","","Deep V Wireless Push-Up Bra","Tu nuevo básico para vestir sin complicarte. Deep V Wireless Push-Up Bra aporta un toque especial a tus looks y se combina fácilmente para que te sientas cómoda, arreglada y tú misma en cualquier plan."
"deep-v-wireless-push-up-bra","Deep V Wireless Push-Up Bra","<p>Tu nuevo básico para vestir sin complicarte. Deep V Wireless Push-Up Bra aporta un toque especial a tus looks y se combina fácilmente para que te sientas cómoda, arreglada y tú misma en cualquier plan.</p>","bellashapewear.com","Ropa","Ropa","Ropa, Ropa, Novedades, Selección Juanjo","TRUE","Color","Negro","Talla","M","deep-v-wireless-push-up-bra-negro-m","23.00","31.00","0","continue","","","Deep V Wireless Push-Up Bra","Tu nuevo básico para vestir sin complicarte. Deep V Wireless Push-Up Bra aporta un toque especial a tus looks y se combina fácilmente para que te sientas cómoda, arreglada y tú misma en cualquier plan."
"deep-v-wireless-push-up-bra","Deep V Wireless Push-Up Bra","<p>Tu nuevo básico para vestir sin complicarte. Deep V Wireless Push-Up Bra aporta un toque especial a tus looks y se combina fácilmente para que te sientas cómoda, arreglada y tú misma en cualquier plan.</p>","bellashapewear.com","Ropa","Ropa","Ropa, Ropa, Novedades, Selección Juanjo","TRUE","Color","Negro","Talla","L","deep-v-wireless-push-up-bra-negro-l","23.00","31.00","0","continue","","","Deep V Wireless Push-Up Bra","Tu nuevo básico para vestir sin complicarte. Deep V Wireless Push-Up Bra aporta un toque especial a tus looks y se combina fácilmente para que te sientas cómoda, arreglada y tú misma en cualquier plan."
"deep-v-wireless-push-up-bra","Deep V Wireless Push-Up Bra","<p>Tu nuevo básico para vestir sin complicarte. Deep V Wireless Push-Up Bra aporta un toque especial a tus looks y se combina fácilmente para que te sientas cómoda, arreglada y tú misma en cualquier plan.</p>","bellashapewear.com","Ropa","Ropa","Ropa, Ropa, Novedades, Selección Juanjo","TRUE","Color","Negro","Talla","XL","deep-v-wireless-push-up-bra-negro-xl","23.00","31.00","0","continue","","","Deep V Wireless Push-Up Bra","Tu nuevo básico para vestir sin complicarte. Deep V Wireless Push-Up Bra aporta un toque especial a tus looks y se combina fácilmente para que te sientas cómoda, arreglada y tú misma en cualquier plan."
"deep-v-wireless-push-up-bra","Deep V Wireless Push-Up Bra","<p>Tu nuevo básico para vestir sin complicarte. Deep V Wireless Push-Up Bra aporta un toque especial a tus looks y se combina fácilmente para que te sientas cómoda, arreglada y tú misma en cualquier plan.</p>","bellashapewear.com","Ropa","Ropa","Ropa, Ropa, Novedades, Selección Juanjo","TRUE","Color","Beige","Talla","S","deep-v-wireless-push-up-bra-beige-s","23.00","31.00","0","continue","","","Deep V Wireless Push-Up Bra","Tu nuevo básico para vestir sin complicarte. Deep V Wireless Push-Up Bra aporta un toque especial a tus looks y se combina fácilmente para que te sientas cómoda, arreglada y tú misma en cualquier plan."
"deep-v-wireless-push-up-bra","Deep V Wireless Push-Up Bra","<p>Tu nuevo básico para vestir sin complicarte. Deep V Wireless Push-Up Bra aporta un toque especial a tus looks y se combina fácilmente para que te sientas cómoda, arreglada y tú misma en cualquier plan.</p>","bellashapewear.com","Ropa","Ropa","Ropa, Ropa, Novedades, Selección Juanjo","TRUE","Color","Beige","Talla","M","deep-v-wireless-push-up-bra-beige-m","23.00","31.00","0","continue","","","Deep V Wireless Push-Up Bra","Tu nuevo básico para vestir sin complicarte. Deep V Wireless Push-Up Bra aporta un toque especial a tus looks y se combina fácilmente para que te sientas cómoda, arreglada y tú misma en cualquier plan."
"deep-v-wireless-push-up-bra","Deep V Wireless Push-Up Bra","<p>Tu nuevo básico para vestir sin complicarte. Deep V Wireless Push-Up Bra aporta un toque especial a tus looks y se combina fácilmente para que te sientas cómoda, arreglada y tú misma en cualquier plan.</p>","bellashapewear.com","Ropa","Ropa","Ropa, Ropa, Novedades, Selección Juanjo","TRUE","Color","Beige","Talla","L","deep-v-wireless-push-up-bra-beige-l","23.00","31.00","0","continue","","","Deep V Wireless Push-Up Bra","Tu nuevo básico para vestir sin complicarte. Deep V Wireless Push-Up Bra aporta un toque especial a tus looks y se combina fácilmente para que te sientas cómoda, arreglada y tú misma en cualquier plan."
"deep-v-wireless-push-up-bra","Deep V Wireless Push-Up Bra","<p>Tu nuevo básico para vestir sin complicarte. Deep V Wireless Push-Up Bra aporta un toque especial a tus looks y se combina fácilmente para que te sientas cómoda, arreglada y tú misma en cualquier plan.</p>","bellashapewear.com","Ropa","Ropa","Ropa, Ropa, Novedades, Selección Juanjo","TRUE","Color","Beige","Talla","XL","deep-v-wireless-push-up-bra-beige-xl","23.00","31.00","0","continue","","","Deep V Wireless Push-Up Bra","Tu nuevo básico para vestir sin complicarte. Deep V Wireless Push-Up Bra aporta un toque especial a tus looks y se combina fácilmente para que te sientas cómoda, arreglada y tú misma en cualquier plan."
"deep-v-wireless-push-up-bra","Deep V Wireless Push-Up Bra","<p>Tu nuevo básico para vestir sin complicarte. Deep V Wireless Push-Up Bra aporta un toque especial a tus looks y se combina fácilmente para que te sientas cómoda, arreglada y tú misma en cualquier plan.</p>","bellashapewear.com","Ropa","Ropa","Ropa, Ropa, Novedades, Selección Juanjo","TRUE","Color","Blanco","Talla","S","deep-v-wireless-push-up-bra-blanco-s","23.00","31.00","0","continue","","","Deep V Wireless Push-Up Bra","Tu nuevo básico para vestir sin complicarte. Deep V Wireless Push-Up Bra aporta un toque especial a tus looks y se combina fácilmente para que te sientas cómoda, arreglada y tú misma en cualquier plan."
"deep-v-wireless-push-up-bra","Deep V Wireless Push-Up Bra","<p>Tu nuevo básico para vestir sin complicarte. Deep V Wireless Push-Up Bra aporta un toque especial a tus looks y se combina fácilmente para que te sientas cómoda, arreglada y tú misma en cualquier plan.</p>","bellashapewear.com","Ropa","Ropa","Ropa, Ropa, Novedades, Selección Juanjo","TRUE","Color","Blanco","Talla","M","deep-v-wireless-push-up-bra-blanco-m","23.00","31.00","0","continue","","","Deep V Wireless Push-Up Bra","Tu nuevo básico para vestir sin complicarte. Deep V Wireless Push-Up Bra aporta un toque especial a tus looks y se combina fácilmente para que te sientas cómoda, arreglada y tú misma en cualquier plan."
"deep-v-wireless-push-up-bra","Deep V Wireless Push-Up Bra","<p>Tu nuevo básico para vestir sin complicarte. Deep V Wireless Push-Up Bra aporta un toque especial a tus looks y se combina fácilmente para que te sientas cómoda, arreglada y tú misma en cualquier plan.</p>","bellashapewear.com","Ropa","Ropa","Ropa, Ropa, Novedades, Selección Juanjo","TRUE","Color","Blanco","Talla","L","deep-v-wireless-push-up-bra-blanco-l","23.00","31.00","0","continue","","","Deep V Wireless Push-Up Bra","Tu nuevo básico para vestir sin complicarte. Deep V Wireless Push-Up Bra aporta un toque especial a tus looks y se combina fácilmente para que te sientas cómoda, arreglada y tú misma en cualquier plan."
"deep-v-wireless-push-up-bra","Deep V Wireless Push-Up Bra","<p>Tu nuevo básico para vestir sin complicarte. Deep V Wireless Push-Up Bra aporta un toque especial a tus looks y se combina fácilmente para que te sientas cómoda, arreglada y tú misma en cualquier plan.</p>","bellashapewear.com","Ropa","Ropa","Ropa, Ropa, Novedades, Selección Juanjo","TRUE","Color","Blanco","Talla","XL","deep-v-wireless-push-up-bra-blanco-xl","23.00","31.00","0","continue","","","Deep V Wireless Push-Up Bra","Tu nuevo básico para vestir sin complicarte. Deep V Wireless Push-Up Bra aporta un toque especial a tus looks y se combina fácilmente para que te sientas cómoda, arreglada y tú misma en cualquier plan."
"deep-v-wireless-push-up-bra","Deep V Wireless Push-Up Bra","<p>Tu nuevo básico para vestir sin complicarte. Deep V Wireless Push-Up Bra aporta un toque especial a tus looks y se combina fácilmente para que te sientas cómoda, arreglada y tú misma en cualquier plan.</p>","bellashapewear.com","Ropa","Ropa","Ropa, Ropa, Novedades, Selección Juanjo","TRUE","Color","Verde","Talla","S","deep-v-wireless-push-up-bra-verde-s","23.00","31.00","0","continue","","","Deep V Wireless Push-Up Bra","Tu nuevo básico para vestir sin complicarte. Deep V Wireless Push-Up Bra aporta un toque especial a tus looks y se combina fácilmente para que te sientas cómoda, arreglada y tú misma en cualquier plan."
"deep-v-wireless-push-up-bra","Deep V Wireless Push-Up Bra","<p>Tu nuevo básico para vestir sin complicarte. Deep V Wireless Push-Up Bra aporta un toque especial a tus looks y se combina fácilmente para que te sientas cómoda, arreglada y tú misma en cualquier plan.</p>","bellashapewear.com","Ropa","Ropa","Ropa, Ropa, Novedades, Selección Juanjo","TRUE","Color","Verde","Talla","M","deep-v-wireless-push-up-bra-verde-m","23.00","31.00","0","continue","","","Deep V Wireless Push-Up Bra","Tu nuevo básico para vestir sin complicarte. Deep V Wireless Push-Up Bra aporta un toque especial a tus looks y se combina fácilmente para que te sientas cómoda, arreglada y tú misma en cualquier plan."
"deep-v-wireless-push-up-bra","Deep V Wireless Push-Up Bra","<p>Tu nuevo básico para vestir sin complicarte. Deep V Wireless Push-Up Bra aporta un toque especial a tus looks y se combina fácilmente para que te sientas cómoda, arreglada y tú misma en cualquier plan.</p>","bellashapewear.com","Ropa","Ropa","Ropa, Ropa, Novedades, Selección Juanjo","TRUE","Color","Verde","Talla","L","deep-v-wireless-push-up-bra-verde-l","23.00","31.00","0","continue","","","Deep V Wireless Push-Up Bra","Tu nuevo básico para vestir sin complicarte. Deep V Wireless Push-Up Bra aporta un toque especial a tus looks y se combina fácilmente para que te sientas cómoda, arreglada y tú misma en cualquier plan."
"deep-v-wireless-push-up-bra","Deep V Wireless Push-Up Bra","<p>Tu nuevo básico para vestir sin complicarte. Deep V Wireless Push-Up Bra aporta un toque especial a tus looks y se combina fácilmente para que te sientas cómoda, arreglada y tú misma en cualquier plan.</p>","bellashapewear.com","Ropa","Ropa","Ropa, Ropa, Novedades, Selección Juanjo","TRUE","Color","Verde","Talla","XL","deep-v-wireless-push-up-bra-verde-xl","23.00","31.00","0","continue","","","Deep V Wireless Push-Up Bra","Tu nuevo básico para vestir sin complicarte. Deep V Wireless Push-Up Bra aporta un toque especial a tus looks y se combina fácilmente para que te sientas cómoda, arreglada y tú misma en cualquier plan."
"thermal-zip-up-jumpsuit","Thermal Zip-Up Jumpsuit","<p>Tu nuevo básico para vestir sin complicarte. Thermal Zip-Up Jumpsuit aporta un toque especial a tus looks y se combina fácilmente para que te sientas cómoda, arreglada y tú misma en cualquier plan.</p>","irazia.com","Ropa","Ropa","Ropa, Ropa, Novedades, Selección Juanjo","TRUE","Color","Negro","Talla","S","thermal-zip-up-jumpsuit-negro-s","38.00","62.00","0","continue","","","Thermal Zip-Up Jumpsuit","Tu nuevo básico para vestir sin complicarte. Thermal Zip-Up Jumpsuit aporta un toque especial a tus looks y se combina fácilmente para que te sientas cómoda, arreglada y tú misma en cualquier plan."
"thermal-zip-up-jumpsuit","Thermal Zip-Up Jumpsuit","<p>Tu nuevo básico para vestir sin complicarte. Thermal Zip-Up Jumpsuit aporta un toque especial a tus looks y se combina fácilmente para que te sientas cómoda, arreglada y tú misma en cualquier plan.</p>","irazia.com","Ropa","Ropa","Ropa, Ropa, Novedades, Selección Juanjo","TRUE","Color","Negro","Talla","M","thermal-zip-up-jumpsuit-negro-m","38.00","62.00","0","continue","","","Thermal Zip-Up Jumpsuit","Tu nuevo básico para vestir sin complicarte. Thermal Zip-Up Jumpsuit aporta un toque especial a tus looks y se combina fácilmente para que te sientas cómoda, arreglada y tú misma en cualquier plan."
"thermal-zip-up-jumpsuit","Thermal Zip-Up Jumpsuit","<p>Tu nuevo básico para vestir sin complicarte. Thermal Zip-Up Jumpsuit aporta un toque especial a tus looks y se combina fácilmente para que te sientas cómoda, arreglada y tú misma en cualquier plan.</p>","irazia.com","Ropa","Ropa","Ropa, Ropa, Novedades, Selección Juanjo","TRUE","Color","Negro","Talla","L","thermal-zip-up-jumpsuit-negro-l","38.00","62.00","0","continue","","","Thermal Zip-Up Jumpsuit","Tu nuevo básico para vestir sin complicarte. Thermal Zip-Up Jumpsuit aporta un toque especial a tus looks y se combina fácilmente para que te sientas cómoda, arreglada y tú misma en cualquier plan."
"thermal-zip-up-jumpsuit","Thermal Zip-Up Jumpsuit","<p>Tu nuevo básico para vestir sin complicarte. Thermal Zip-Up Jumpsuit aporta un toque especial a tus looks y se combina fácilmente para que te sientas cómoda, arreglada y tú misma en cualquier plan.</p>","irazia.com","Ropa","Ropa","Ropa, Ropa, Novedades, Selección Juanjo","TRUE","Color","Negro","Talla","XL","thermal-zip-up-jumpsuit-negro-xl","38.00","62.00","0","continue","","","Thermal Zip-Up Jumpsuit","Tu nuevo básico para vestir sin complicarte. Thermal Zip-Up Jumpsuit aporta un toque especial a tus looks y se combina fácilmente para que te sientas cómoda, arreglada y tú misma en cualquier plan."
"thermal-zip-up-jumpsuit","Thermal Zip-Up Jumpsuit","<p>Tu nuevo básico para vestir sin complicarte. Thermal Zip-Up Jumpsuit aporta un toque especial a tus looks y se combina fácilmente para que te sientas cómoda, arreglada y tú misma en cualquier plan.</p>","irazia.com","Ropa","Ropa","Ropa, Ropa, Novedades, Selección Juanjo","TRUE","Color","Beige","Talla","S","thermal-zip-up-jumpsuit-beige-s","38.00","62.00","0","continue","","","Thermal Zip-Up Jumpsuit","Tu nuevo básico para vestir sin complicarte. Thermal Zip-Up Jumpsuit aporta un toque especial a tus looks y se combina fácilmente para que te sientas cómoda, arreglada y tú misma en cualquier plan."
"thermal-zip-up-jumpsuit","Thermal Zip-Up Jumpsuit","<p>Tu nuevo básico para vestir sin complicarte. Thermal Zip-Up Jumpsuit aporta un toque especial a tus looks y se combina fácilmente para que te sientas cómoda, arreglada y tú misma en cualquier plan.</p>","irazia.com","Ropa","Ropa","Ropa, Ropa, Novedades, Selección Juanjo","TRUE","Color","Beige","Talla","M","thermal-zip-up-jumpsuit-beige-m","38.00","62.00","0","continue","","","Thermal Zip-Up Jumpsuit","Tu nuevo básico para vestir sin complicarte. Thermal Zip-Up Jumpsuit aporta un toque especial a tus looks y se combina fácilmente para que te sientas cómoda, arreglada y tú misma en cualquier plan."
"thermal-zip-up-jumpsuit","Thermal Zip-Up Jumpsuit","<p>Tu nuevo básico para vestir sin complicarte. Thermal Zip-Up Jumpsuit aporta un toque especial a tus looks y se combina fácilmente para que te sientas cómoda, arreglada y tú misma en cualquier plan.</p>","irazia.com","Ropa","Ropa","Ropa, Ropa, Novedades, Selección Juanjo","TRUE","Color","Beige","Talla","L","thermal-zip-up-jumpsuit-beige-l","38.00","62.00","0","continue","","","Thermal Zip-Up Jumpsuit","Tu nuevo básico para vestir sin complicarte. Thermal Zip-Up Jumpsuit aporta un toque especial a tus looks y se combina fácilmente para que te sientas cómoda, arreglada y tú misma en cualquier plan."
"thermal-zip-up-jumpsuit","Thermal Zip-Up Jumpsuit","<p>Tu nuevo básico para vestir sin complicarte. Thermal Zip-Up Jumpsuit aporta un toque especial a tus looks y se combina fácilmente para que te sientas cómoda, arreglada y tú misma en cualquier plan.</p>","irazia.com","Ropa","Ropa","Ropa, Ropa, Novedades, Selección Juanjo","TRUE","Color","Beige","Talla","XL","thermal-zip-up-jumpsuit-beige-xl","38.00","62.00","0","continue","","","Thermal Zip-Up Jumpsuit","Tu nuevo básico para vestir sin complicarte. Thermal Zip-Up Jumpsuit aporta un toque especial a tus looks y se combina fácilmente para que te sientas cómoda, arreglada y tú misma en cualquier plan."
"thermal-zip-up-jumpsuit","Thermal Zip-Up Jumpsuit","<p>Tu nuevo básico para vestir sin complicarte. Thermal Zip-Up Jumpsuit aporta un toque especial a tus looks y se combina fácilmente para que te sientas cómoda, arreglada y tú misma en cualquier plan.</p>","irazia.com","Ropa","Ropa","Ropa, Ropa, Novedades, Selección Juanjo","TRUE","Color","Blanco","Talla","S","thermal-zip-up-jumpsuit-blanco-s","38.00","62.00","0","continue","","","Thermal Zip-Up Jumpsuit","Tu nuevo básico para vestir sin complicarte. Thermal Zip-Up Jumpsuit aporta un toque especial a tus looks y se combina fácilmente para que te sientas cómoda, arreglada y tú misma en cualquier plan."
"thermal-zip-up-jumpsuit","Thermal Zip-Up Jumpsuit","<p>Tu nuevo básico para vestir sin complicarte. Thermal Zip-Up Jumpsuit aporta un toque especial a tus looks y se combina fácilmente para que te sientas cómoda, arreglada y tú misma en cualquier plan.</p>","irazia.com","Ropa","Ropa","Ropa, Ropa, Novedades, Selección Juanjo","TRUE","Color","Blanco","Talla","M","thermal-zip-up-jumpsuit-blanco-m","38.00","62.00","0","continue","","","Thermal Zip-Up Jumpsuit","Tu nuevo básico para vestir sin complicarte. Thermal Zip-Up Jumpsuit aporta un toque especial a tus looks y se combina fácilmente para que te sientas cómoda, arreglada y tú misma en cualquier plan."
"thermal-zip-up-jumpsuit","Thermal Zip-Up Jumpsuit","<p>Tu nuevo básico para vestir sin complicarte. Thermal Zip-Up Jumpsuit aporta un toque especial a tus looks y se combina fácilmente para que te sientas cómoda, arreglada y tú misma en cualquier plan.</p>","irazia.com","Ropa","Ropa","Ropa, Ropa, Novedades, Selección Juanjo","TRUE","Color","Blanco","Talla","L","thermal-zip-up-jumpsuit-blanco-l","38.00","62.00","0","continue","","","Thermal Zip-Up Jumpsuit","Tu nuevo básico para vestir sin complicarte. Thermal Zip-Up Jumpsuit aporta un toque especial a tus looks y se combina fácilmente para que te sientas cómoda, arreglada y tú misma en cualquier plan."
"thermal-zip-up-jumpsuit","Thermal Zip-Up Jumpsuit","<p>Tu nuevo básico para vestir sin complicarte. Thermal Zip-Up Jumpsuit aporta un toque especial a tus looks y se combina fácilmente para que te sientas cómoda, arreglada y tú misma en cualquier plan.</p>","irazia.com","Ropa","Ropa","Ropa, Ropa, Novedades, Selección Juanjo","TRUE","Color","Blanco","Talla","XL","thermal-zip-up-jumpsuit-blanco-xl","38.00","62.00","0","continue","","","Thermal Zip-Up Jumpsuit","Tu nuevo básico para vestir sin complicarte. Thermal Zip-Up Jumpsuit aporta un toque especial a tus looks y se combina fácilmente para que te sientas cómoda, arreglada y tú misma en cualquier plan."
"thermal-zip-up-jumpsuit","Thermal Zip-Up Jumpsuit","<p>Tu nuevo básico para vestir sin complicarte. Thermal Zip-Up Jumpsuit aporta un toque especial a tus looks y se combina fácilmente para que te sientas cómoda, arreglada y tú misma en cualquier plan.</p>","irazia.com","Ropa","Ropa","Ropa, Ropa, Novedades, Selección Juanjo","TRUE","Color","Verde","Talla","S","thermal-zip-up-jumpsuit-verde-s","38.00","62.00","0","continue","","","Thermal Zip-Up Jumpsuit","Tu nuevo básico para vestir sin complicarte. Thermal Zip-Up Jumpsuit aporta un toque especial a tus looks y se combina fácilmente para que te sientas cómoda, arreglada y tú misma en cualquier plan."
"thermal-zip-up-jumpsuit","Thermal Zip-Up Jumpsuit","<p>Tu nuevo básico para vestir sin complicarte. Thermal Zip-Up Jumpsuit aporta un toque especial a tus looks y se combina fácilmente para que te sientas cómoda, arreglada y tú misma en cualquier plan.</p>","irazia.com","Ropa","Ropa","Ropa, Ropa, Novedades, Selección Juanjo","TRUE","Color","Verde","Talla","M","thermal-zip-up-jumpsuit-verde-m","38.00","62.00","0","continue","","","Thermal Zip-Up Jumpsuit","Tu nuevo básico para vestir sin complicarte. Thermal Zip-Up Jumpsuit aporta un toque especial a tus looks y se combina fácilmente para que te sientas cómoda, arreglada y tú misma en cualquier plan."
"thermal-zip-up-jumpsuit","Thermal Zip-Up Jumpsuit","<p>Tu nuevo básico para vestir sin complicarte. Thermal Zip-Up Jumpsuit aporta un toque especial a tus looks y se combina fácilmente para que te sientas cómoda, arreglada y tú misma en cualquier plan.</p>","irazia.com","Ropa","Ropa","Ropa, Ropa, Novedades, Selección Juanjo","TRUE","Color","Verde","Talla","L","thermal-zip-up-jumpsuit-verde-l","38.00","62.00","0","continue","","","Thermal Zip-Up Jumpsuit","Tu nuevo básico para vestir sin complicarte. Thermal Zip-Up Jumpsuit aporta un toque especial a tus looks y se combina fácilmente para que te sientas cómoda, arreglada y tú misma en cualquier plan."
"thermal-zip-up-jumpsuit","Thermal Zip-Up Jumpsuit","<p>Tu nuevo básico para vestir sin complicarte. Thermal Zip-Up Jumpsuit aporta un toque especial a tus looks y se combina fácilmente para que te sientas cómoda, arreglada y tú misma en cualquier plan.</p>","irazia.com","Ropa","Ropa","Ropa, Ropa, Novedades, Selección Juanjo","TRUE","Color","Verde","Talla","XL","thermal-zip-up-jumpsuit-verde-xl","38.00","62.00","0","continue","","","Thermal Zip-Up Jumpsuit","Tu nuevo básico para vestir sin complicarte. Thermal Zip-Up Jumpsuit aporta un toque especial a tus looks y se combina fácilmente para que te sientas cómoda, arreglada y tú misma en cualquier plan."
"rosalia-elegant-jacket-with-stand-collar","Rosalia Elegant Jacket with Stand Collar","<p>Tu nuevo básico para vestir sin complicarte. Rosalia Elegant Jacket with Stand Collar aporta un toque especial a tus looks y se combina fácilmente para que te sientas cómoda, arreglada y tú misma en cualquier plan.</p>","soera-store.com","Ropa","Ropa","Ropa, Ropa, Novedades, Selección Juanjo","TRUE","Color","Negro","Talla","S","rosalia-elegant-jacket-with-stand-collar-negro-s","79.00","158.00","0","continue","","","Rosalia Elegant Jacket with Stand Collar","Tu nuevo básico para vestir sin complicarte. Rosalia Elegant Jacket with Stand Collar aporta un toque especial a tus looks y se combina fácilmente para que te sientas cómoda, arreglada y tú misma en cualquier plan."
"rosalia-elegant-jacket-with-stand-collar","Rosalia Elegant Jacket with Stand Collar","<p>Tu nuevo básico para vestir sin complicarte. Rosalia Elegant Jacket with Stand Collar aporta un toque especial a tus looks y se combina fácilmente para que te sientas cómoda, arreglada y tú misma en cualquier plan.</p>","soera-store.com","Ropa","Ropa","Ropa, Ropa, Novedades, Selección Juanjo","TRUE","Color","Negro","Talla","M","rosalia-elegant-jacket-with-stand-collar-negro-m","79.00","158.00","0","continue","","","Rosalia Elegant Jacket with Stand Collar","Tu nuevo básico para vestir sin complicarte. Rosalia Elegant Jacket with Stand Collar aporta un toque especial a tus looks y se combina fácilmente para que te sientas cómoda, arreglada y tú misma en cualquier plan."
"rosalia-elegant-jacket-with-stand-collar","Rosalia Elegant Jacket with Stand Collar","<p>Tu nuevo básico para vestir sin complicarte. Rosalia Elegant Jacket with Stand Collar aporta un toque especial a tus looks y se combina fácilmente para que te sientas cómoda, arreglada y tú misma en cualquier plan.</p>","soera-store.com","Ropa","Ropa","Ropa, Ropa, Novedades, Selección Juanjo","TRUE","Color","Negro","Talla","L","rosalia-elegant-jacket-with-stand-collar-negro-l","79.00","158.00","0","continue","","","Rosalia Elegant Jacket with Stand Collar","Tu nuevo básico para vestir sin complicarte. Rosalia Elegant Jacket with Stand Collar aporta un toque especial a tus looks y se combina fácilmente para que te sientas cómoda, arreglada y tú misma en cualquier plan."
"rosalia-elegant-jacket-with-stand-collar","Rosalia Elegant Jacket with Stand Collar","<p>Tu nuevo básico para vestir sin complicarte. Rosalia Elegant Jacket with Stand Collar aporta un toque especial a tus looks y se combina fácilmente para que te sientas cómoda, arreglada y tú misma en cualquier plan.</p>","soera-store.com","Ropa","Ropa","Ropa, Ropa, Novedades, Selección Juanjo","TRUE","Color","Negro","Talla","XL","rosalia-elegant-jacket-with-stand-collar-negro-xl","79.00","158.00","0","continue","","","Rosalia Elegant Jacket with Stand Collar","Tu nuevo básico para vestir sin complicarte. Rosalia Elegant Jacket with Stand Collar aporta un toque especial a tus looks y se combina fácilmente para que te sientas cómoda, arreglada y tú misma en cualquier plan."
"rosalia-elegant-jacket-with-stand-collar","Rosalia Elegant Jacket with Stand Collar","<p>Tu nuevo básico para vestir sin complicarte. Rosalia Elegant Jacket with Stand Collar aporta un toque especial a tus looks y se combina fácilmente para que te sientas cómoda, arreglada y tú misma en cualquier plan.</p>","soera-store.com","Ropa","Ropa","Ropa, Ropa, Novedades, Selección Juanjo","TRUE","Color","Beige","Talla","S","rosalia-elegant-jacket-with-stand-collar-beige-s","79.00","158.00","0","continue","","","Rosalia Elegant Jacket with Stand Collar","Tu nuevo básico para vestir sin complicarte. Rosalia Elegant Jacket with Stand Collar aporta un toque especial a tus looks y se combina fácilmente para que te sientas cómoda, arreglada y tú misma en cualquier plan."
"rosalia-elegant-jacket-with-stand-collar","Rosalia Elegant Jacket with Stand Collar","<p>Tu nuevo básico para vestir sin complicarte. Rosalia Elegant Jacket with Stand Collar aporta un toque especial a tus looks y se combina fácilmente para que te sientas cómoda, arreglada y tú misma en cualquier plan.</p>","soera-store.com","Ropa","Ropa","Ropa, Ropa, Novedades, Selección Juanjo","TRUE","Color","Beige","Talla","M","rosalia-elegant-jacket-with-stand-collar-beige-m","79.00","158.00","0","continue","","","Rosalia Elegant Jacket with Stand Collar","Tu nuevo básico para vestir sin complicarte. Rosalia Elegant Jacket with Stand Collar aporta un toque especial a tus looks y se combina fácilmente para que te sientas cómoda, arreglada y tú misma en cualquier plan."
"rosalia-elegant-jacket-with-stand-collar","Rosalia Elegant Jacket with Stand Collar","<p>Tu nuevo básico para vestir sin complicarte. Rosalia Elegant Jacket with Stand Collar aporta un toque especial a tus looks y se combina fácilmente para que te sientas cómoda, arreglada y tú misma en cualquier plan.</p>","soera-store.com","Ropa","Ropa","Ropa, Ropa, Novedades, Selección Juanjo","TRUE","Color","Beige","Talla","L","rosalia-elegant-jacket-with-stand-collar-beige-l","79.00","158.00","0","continue","","","Rosalia Elegant Jacket with Stand Collar","Tu nuevo básico para vestir sin complicarte. Rosalia Elegant Jacket with Stand Collar aporta un toque especial a tus looks y se combina fácilmente para que te sientas cómoda, arreglada y tú misma en cualquier plan."
"rosalia-elegant-jacket-with-stand-collar","Rosalia Elegant Jacket with Stand Collar","<p>Tu nuevo básico para vestir sin complicarte. Rosalia Elegant Jacket with Stand Collar aporta un toque especial a tus looks y se combina fácilmente para que te sientas cómoda, arreglada y tú misma en cualquier plan.</p>","soera-store.com","Ropa","Ropa","Ropa, Ropa, Novedades, Selección Juanjo","TRUE","Color","Beige","Talla","XL","rosalia-elegant-jacket-with-stand-collar-beige-xl","79.00","158.00","0","continue","","","Rosalia Elegant Jacket with Stand Collar","Tu nuevo básico para vestir sin complicarte. Rosalia Elegant Jacket with Stand Collar aporta un toque especial a tus looks y se combina fácilmente para que te sientas cómoda, arreglada y tú misma en cualquier plan."
"rosalia-elegant-jacket-with-stand-collar","Rosalia Elegant Jacket with Stand Collar","<p>Tu nuevo básico para vestir sin complicarte. Rosalia Elegant Jacket with Stand Collar aporta un toque especial a tus looks y se combina fácilmente para que te sientas cómoda, arreglada y tú misma en cualquier plan.</p>","soera-store.com","Ropa","Ropa","Ropa, Ropa, Novedades, Selección Juanjo","TRUE","Color","Blanco","Talla","S","rosalia-elegant-jacket-with-stand-collar-blanco-s","79.00","158.00","0","continue","","","Rosalia Elegant Jacket with Stand Collar","Tu nuevo básico para vestir sin complicarte. Rosalia Elegant Jacket with Stand Collar aporta un toque especial a tus looks y se combina fácilmente para que te sientas cómoda, arreglada y tú misma en cualquier plan."
"rosalia-elegant-jacket-with-stand-collar","Rosalia Elegant Jacket with Stand Collar","<p>Tu nuevo básico para vestir sin complicarte. Rosalia Elegant Jacket with Stand Collar aporta un toque especial a tus looks y se combina fácilmente para que te sientas cómoda, arreglada y tú misma en cualquier plan.</p>","soera-store.com","Ropa","Ropa","Ropa, Ropa, Novedades, Selección Juanjo","TRUE","Color","Blanco","Talla","M","rosalia-elegant-jacket-with-stand-collar-blanco-m","79.00","158.00","0","continue","","","Rosalia Elegant Jacket with Stand Collar","Tu nuevo básico para vestir sin complicarte. Rosalia Elegant Jacket with Stand Collar aporta un toque especial a tus looks y se combina fácilmente para que te sientas cómoda, arreglada y tú misma en cualquier plan."
"rosalia-elegant-jacket-with-stand-collar","Rosalia Elegant Jacket with Stand Collar","<p>Tu nuevo básico para vestir sin complicarte. Rosalia Elegant Jacket with Stand Collar aporta un toque especial a tus looks y se combina fácilmente para que te sientas cómoda, arreglada y tú misma en cualquier plan.</p>","soera-store.com","Ropa","Ropa","Ropa, Ropa, Novedades, Selección Juanjo","TRUE","Color","Blanco","Talla","L","rosalia-elegant-jacket-with-stand-collar-blanco-l","79.00","158.00","0","continue","","","Rosalia Elegant Jacket with Stand Collar","Tu nuevo básico para vestir sin complicarte. Rosalia Elegant Jacket with Stand Collar aporta un toque especial a tus looks y se combina fácilmente para que te sientas cómoda, arreglada y tú misma en cualquier plan."
"rosalia-elegant-jacket-with-stand-collar","Rosalia Elegant Jacket with Stand Collar","<p>Tu nuevo básico para vestir sin complicarte. Rosalia Elegant Jacket with Stand Collar aporta un toque especial a tus looks y se combina fácilmente para que te sientas cómoda, arreglada y tú misma en cualquier plan.</p>","soera-store.com","Ropa","Ropa","Ropa, Ropa, Novedades, Selección Juanjo","TRUE","Color","Blanco","Talla","XL","rosalia-elegant-jacket-with-stand-collar-blanco-xl","79.00","158.00","0","continue","","","Rosalia Elegant Jacket with Stand Collar","Tu nuevo básico para vestir sin complicarte. Rosalia Elegant Jacket with Stand Collar aporta un toque especial a tus looks y se combina fácilmente para que te sientas cómoda, arreglada y tú misma en cualquier plan."
"rosalia-elegant-jacket-with-stand-collar","Rosalia Elegant Jacket with Stand Collar","<p>Tu nuevo básico para vestir sin complicarte. Rosalia Elegant Jacket with Stand Collar aporta un toque especial a tus looks y se combina fácilmente para que te sientas cómoda, arreglada y tú misma en cualquier plan.</p>","soera-store.com","Ropa","Ropa","Ropa, Ropa, Novedades, Selección Juanjo","TRUE","Color","Verde","Talla","S","rosalia-elegant-jacket-with-stand-collar-verde-s","79.00","158.00","0","continue","","","Rosalia Elegant Jacket with Stand Collar","Tu nuevo básico para vestir sin complicarte. Rosalia Elegant Jacket with Stand Collar aporta un toque especial a tus looks y se combina fácilmente para que te sientas cómoda, arreglada y tú misma en cualquier plan."
"rosalia-elegant-jacket-with-stand-collar","Rosalia Elegant Jacket with Stand Collar","<p>Tu nuevo básico para vestir sin complicarte. Rosalia Elegant Jacket with Stand Collar aporta un toque especial a tus looks y se combina fácilmente para que te sientas cómoda, arreglada y tú misma en cualquier plan.</p>","soera-store.com","Ropa","Ropa","Ropa, Ropa, Novedades, Selección Juanjo","TRUE","Color","Verde","Talla","M","rosalia-elegant-jacket-with-stand-collar-verde-m","79.00","158.00","0","continue","","","Rosalia Elegant Jacket with Stand Collar","Tu nuevo básico para vestir sin complicarte. Rosalia Elegant Jacket with Stand Collar aporta un toque especial a tus looks y se combina fácilmente para que te sientas cómoda, arreglada y tú misma en cualquier plan."
"rosalia-elegant-jacket-with-stand-collar","Rosalia Elegant Jacket with Stand Collar","<p>Tu nuevo básico para vestir sin complicarte. Rosalia Elegant Jacket with Stand Collar aporta un toque especial a tus looks y se combina fácilmente para que te sientas cómoda, arreglada y tú misma en cualquier plan.</p>","soera-store.com","Ropa","Ropa","Ropa, Ropa, Novedades, Selección Juanjo","TRUE","Color","Verde","Talla","L","rosalia-elegant-jacket-with-stand-collar-verde-l","79.00","158.00","0","continue","","","Rosalia Elegant Jacket with Stand Collar","Tu nuevo básico para vestir sin complicarte. Rosalia Elegant Jacket with Stand Collar aporta un toque especial a tus looks y se combina fácilmente para que te sientas cómoda, arreglada y tú misma en cualquier plan."
"rosalia-elegant-jacket-with-stand-collar","Rosalia Elegant Jacket with Stand Collar","<p>Tu nuevo básico para vestir sin complicarte. Rosalia Elegant Jacket with Stand Collar aporta un toque especial a tus looks y se combina fácilmente para que te sientas cómoda, arreglada y tú misma en cualquier plan.</p>","soera-store.com","Ropa","Ropa","Ropa, Ropa, Novedades, Selección Juanjo","TRUE","Color","Verde","Talla","XL","rosalia-elegant-jacket-with-stand-collar-verde-xl","79.00","158.00","0","continue","","","Rosalia Elegant Jacket with Stand Collar","Tu nuevo básico para vestir sin complicarte. Rosalia Elegant Jacket with Stand Collar aporta un toque especial a tus looks y se combina fácilmente para que te sientas cómoda, arreglada y tú misma en cualquier plan."
"carla-asymmetrical-leather-jacket","Carla Asymmetrical Leather Jacket","<p>Tu nuevo básico para vestir sin complicarte. Carla Asymmetrical Leather Jacket aporta un toque especial a tus looks y se combina fácilmente para que te sientas cómoda, arreglada y tú misma en cualquier plan.</p>","soera-store.com","Ropa","Ropa","Ropa, Ropa, Novedades, Selección Juanjo","TRUE","Color","Negro","Talla","S","carla-asymmetrical-leather-jacket-negro-s","102.00","203.00","0","continue","","","Carla Asymmetrical Leather Jacket","Tu nuevo básico para vestir sin complicarte. Carla Asymmetrical Leather Jacket aporta un toque especial a tus looks y se combina fácilmente para que te sientas cómoda, arreglada y tú misma en cualquier plan."
"carla-asymmetrical-leather-jacket","Carla Asymmetrical Leather Jacket","<p>Tu nuevo básico para vestir sin complicarte. Carla Asymmetrical Leather Jacket aporta un toque especial a tus looks y se combina fácilmente para que te sientas cómoda, arreglada y tú misma en cualquier plan.</p>","soera-store.com","Ropa","Ropa","Ropa, Ropa, Novedades, Selección Juanjo","TRUE","Color","Negro","Talla","M","carla-asymmetrical-leather-jacket-negro-m","102.00","203.00","0","continue","","","Carla Asymmetrical Leather Jacket","Tu nuevo básico para vestir sin complicarte. Carla Asymmetrical Leather Jacket aporta un toque especial a tus looks y se combina fácilmente para que te sientas cómoda, arreglada y tú misma en cualquier plan."
"carla-asymmetrical-leather-jacket","Carla Asymmetrical Leather Jacket","<p>Tu nuevo básico para vestir sin complicarte. Carla Asymmetrical Leather Jacket aporta un toque especial a tus looks y se combina fácilmente para que te sientas cómoda, arreglada y tú misma en cualquier plan.</p>","soera-store.com","Ropa","Ropa","Ropa, Ropa, Novedades, Selección Juanjo","TRUE","Color","Negro","Talla","L","carla-asymmetrical-leather-jacket-negro-l","102.00","203.00","0","continue","","","Carla Asymmetrical Leather Jacket","Tu nuevo básico para vestir sin complicarte. Carla Asymmetrical Leather Jacket aporta un toque especial a tus looks y se combina fácilmente para que te sientas cómoda, arreglada y tú misma en cualquier plan."
"carla-asymmetrical-leather-jacket","Carla Asymmetrical Leather Jacket","<p>Tu nuevo básico para vestir sin complicarte. Carla Asymmetrical Leather Jacket aporta un toque especial a tus looks y se combina fácilmente para que te sientas cómoda, arreglada y tú misma en cualquier plan.</p>","soera-store.com","Ropa","Ropa","Ropa, Ropa, Novedades, Selección Juanjo","TRUE","Color","Negro","Talla","XL","carla-asymmetrical-leather-jacket-negro-xl","102.00","203.00","0","continue","","","Carla Asymmetrical Leather Jacket","Tu nuevo básico para vestir sin complicarte. Carla Asymmetrical Leather Jacket aporta un toque especial a tus looks y se combina fácilmente para que te sientas cómoda, arreglada y tú misma en cualquier plan."
"carla-asymmetrical-leather-jacket","Carla Asymmetrical Leather Jacket","<p>Tu nuevo básico para vestir sin complicarte. Carla Asymmetrical Leather Jacket aporta un toque especial a tus looks y se combina fácilmente para que te sientas cómoda, arreglada y tú misma en cualquier plan.</p>","soera-store.com","Ropa","Ropa","Ropa, Ropa, Novedades, Selección Juanjo","TRUE","Color","Beige","Talla","S","carla-asymmetrical-leather-jacket-beige-s","102.00","203.00","0","continue","","","Carla Asymmetrical Leather Jacket","Tu nuevo básico para vestir sin complicarte. Carla Asymmetrical Leather Jacket aporta un toque especial a tus looks y se combina fácilmente para que te sientas cómoda, arreglada y tú misma en cualquier plan."
"carla-asymmetrical-leather-jacket","Carla Asymmetrical Leather Jacket","<p>Tu nuevo básico para vestir sin complicarte. Carla Asymmetrical Leather Jacket aporta un toque especial a tus looks y se combina fácilmente para que te sientas cómoda, arreglada y tú misma en cualquier plan.</p>","soera-store.com","Ropa","Ropa","Ropa, Ropa, Novedades, Selección Juanjo","TRUE","Color","Beige","Talla","M","carla-asymmetrical-leather-jacket-beige-m","102.00","203.00","0","continue","","","Carla Asymmetrical Leather Jacket","Tu nuevo básico para vestir sin complicarte. Carla Asymmetrical Leather Jacket aporta un toque especial a tus looks y se combina fácilmente para que te sientas cómoda, arreglada y tú misma en cualquier plan."
"carla-asymmetrical-leather-jacket","Carla Asymmetrical Leather Jacket","<p>Tu nuevo básico para vestir sin complicarte. Carla Asymmetrical Leather Jacket aporta un toque especial a tus looks y se combina fácilmente para que te sientas cómoda, arreglada y tú misma en cualquier plan.</p>","soera-store.com","Ropa","Ropa","Ropa, Ropa, Novedades, Selección Juanjo","TRUE","Color","Beige","Talla","L","carla-asymmetrical-leather-jacket-beige-l","102.00","203.00","0","continue","","","Carla Asymmetrical Leather Jacket","Tu nuevo básico para vestir sin complicarte. Carla Asymmetrical Leather Jacket aporta un toque especial a tus looks y se combina fácilmente para que te sientas cómoda, arreglada y tú misma en cualquier plan."
"carla-asymmetrical-leather-jacket","Carla Asymmetrical Leather Jacket","<p>Tu nuevo básico para vestir sin complicarte. Carla Asymmetrical Leather Jacket aporta un toque especial a tus looks y se combina fácilmente para que te sientas cómoda, arreglada y tú misma en cualquier plan.</p>","soera-store.com","Ropa","Ropa","Ropa, Ropa, Novedades, Selección Juanjo","TRUE","Color","Beige","Talla","XL","carla-asymmetrical-leather-jacket-beige-xl","102.00","203.00","0","continue","","","Carla Asymmetrical Leather Jacket","Tu nuevo básico para vestir sin complicarte. Carla Asymmetrical Leather Jacket aporta un toque especial a tus looks y se combina fácilmente para que te sientas cómoda, arreglada y tú misma en cualquier plan."
"carla-asymmetrical-leather-jacket","Carla Asymmetrical Leather Jacket","<p>Tu nuevo básico para vestir sin complicarte. Carla Asymmetrical Leather Jacket aporta un toque especial a tus looks y se combina fácilmente para que te sientas cómoda, arreglada y tú misma en cualquier plan.</p>","soera-store.com","Ropa","Ropa","Ropa, Ropa, Novedades, Selección Juanjo","TRUE","Color","Blanco","Talla","S","carla-asymmetrical-leather-jacket-blanco-s","102.00","203.00","0","continue","","","Carla Asymmetrical Leather Jacket","Tu nuevo básico para vestir sin complicarte. Carla Asymmetrical Leather Jacket aporta un toque especial a tus looks y se combina fácilmente para que te sientas cómoda, arreglada y tú misma en cualquier plan."
"carla-asymmetrical-leather-jacket","Carla Asymmetrical Leather Jacket","<p>Tu nuevo básico para vestir sin complicarte. Carla Asymmetrical Leather Jacket aporta un toque especial a tus looks y se combina fácilmente para que te sientas cómoda, arreglada y tú misma en cualquier plan.</p>","soera-store.com","Ropa","Ropa","Ropa, Ropa, Novedades, Selección Juanjo","TRUE","Color","Blanco","Talla","M","carla-asymmetrical-leather-jacket-blanco-m","102.00","203.00","0","continue","","","Carla Asymmetrical Leather Jacket","Tu nuevo básico para vestir sin complicarte. Carla Asymmetrical Leather Jacket aporta un toque especial a tus looks y se combina fácilmente para que te sientas cómoda, arreglada y tú misma en cualquier plan."
"carla-asymmetrical-leather-jacket","Carla Asymmetrical Leather Jacket","<p>Tu nuevo básico para vestir sin complicarte. Carla Asymmetrical Leather Jacket aporta un toque especial a tus looks y se combina fácilmente para que te sientas cómoda, arreglada y tú misma en cualquier plan.</p>","soera-store.com","Ropa","Ropa","Ropa, Ropa, Novedades, Selección Juanjo","TRUE","Color","Blanco","Talla","L","carla-asymmetrical-leather-jacket-blanco-l","102.00","203.00","0","continue","","","Carla Asymmetrical Leather Jacket","Tu nuevo básico para vestir sin complicarte. Carla Asymmetrical Leather Jacket aporta un toque especial a tus looks y se combina fácilmente para que te sientas cómoda, arreglada y tú misma en cualquier plan."
"carla-asymmetrical-leather-jacket","Carla Asymmetrical Leather Jacket","<p>Tu nuevo básico para vestir sin complicarte. Carla Asymmetrical Leather Jacket aporta un toque especial a tus looks y se combina fácilmente para que te sientas cómoda, arreglada y tú misma en cualquier plan.</p>","soera-store.com","Ropa","Ropa","Ropa, Ropa, Novedades, Selección Juanjo","TRUE","Color","Blanco","Talla","XL","carla-asymmetrical-leather-jacket-blanco-xl","102.00","203.00","0","continue","","","Carla Asymmetrical Leather Jacket","Tu nuevo básico para vestir sin complicarte. Carla Asymmetrical Leather Jacket aporta un toque especial a tus looks y se combina fácilmente para que te sientas cómoda, arreglada y tú misma en cualquier plan."
"carla-asymmetrical-leather-jacket","Carla Asymmetrical Leather Jacket","<p>Tu nuevo básico para vestir sin complicarte. Carla Asymmetrical Leather Jacket aporta un toque especial a tus looks y se combina fácilmente para que te sientas cómoda, arreglada y tú misma en cualquier plan.</p>","soera-store.com","Ropa","Ropa","Ropa, Ropa, Novedades, Selección Juanjo","TRUE","Color","Verde","Talla","S","carla-asymmetrical-leather-jacket-verde-s","102.00","203.00","0","continue","","","Carla Asymmetrical Leather Jacket","Tu nuevo básico para vestir sin complicarte. Carla Asymmetrical Leather Jacket aporta un toque especial a tus looks y se combina fácilmente para que te sientas cómoda, arreglada y tú misma en cualquier plan."
"carla-asymmetrical-leather-jacket","Carla Asymmetrical Leather Jacket","<p>Tu nuevo básico para vestir sin complicarte. Carla Asymmetrical Leather Jacket aporta un toque especial a tus looks y se combina fácilmente para que te sientas cómoda, arreglada y tú misma en cualquier plan.</p>","soera-store.com","Ropa","Ropa","Ropa, Ropa, Novedades, Selección Juanjo","TRUE","Color","Verde","Talla","M","carla-asymmetrical-leather-jacket-verde-m","102.00","203.00","0","continue","","","Carla Asymmetrical Leather Jacket","Tu nuevo básico para vestir sin complicarte. Carla Asymmetrical Leather Jacket aporta un toque especial a tus looks y se combina fácilmente para que te sientas cómoda, arreglada y tú misma en cualquier plan."
"carla-asymmetrical-leather-jacket","Carla Asymmetrical Leather Jacket","<p>Tu nuevo básico para vestir sin complicarte. Carla Asymmetrical Leather Jacket aporta un toque especial a tus looks y se combina fácilmente para que te sientas cómoda, arreglada y tú misma en cualquier plan.</p>","soera-store.com","Ropa","Ropa","Ropa, Ropa, Novedades, Selección Juanjo","TRUE","Color","Verde","Talla","L","carla-asymmetrical-leather-jacket-verde-l","102.00","203.00","0","continue","","","Carla Asymmetrical Leather Jacket","Tu nuevo básico para vestir sin complicarte. Carla Asymmetrical Leather Jacket aporta un toque especial a tus looks y se combina fácilmente para que te sientas cómoda, arreglada y tú misma en cualquier plan."
"carla-asymmetrical-leather-jacket","Carla Asymmetrical Leather Jacket","<p>Tu nuevo básico para vestir sin complicarte. Carla Asymmetrical Leather Jacket aporta un toque especial a tus looks y se combina fácilmente para que te sientas cómoda, arreglada y tú misma en cualquier plan.</p>","soera-store.com","Ropa","Ropa","Ropa, Ropa, Novedades, Selección Juanjo","TRUE","Color","Verde","Talla","XL","carla-asymmetrical-leather-jacket-verde-xl","102.00","203.00","0","continue","","","Carla Asymmetrical Leather Jacket","Tu nuevo básico para vestir sin complicarte. Carla Asymmetrical Leather Jacket aporta un toque especial a tus looks y se combina fácilmente para que te sientas cómoda, arreglada y tú misma en cualquier plan."
"lucie-faux-fur-maxi-coat","Lucie Faux Fur Maxi Coat","<p>Tu nuevo básico para vestir sin complicarte. Lucie Faux Fur Maxi Coat aporta un toque especial a tus looks y se combina fácilmente para que te sientas cómoda, arreglada y tú misma en cualquier plan.</p>","soera-store.com","Ropa","Ropa","Ropa, Ropa, Novedades, Selección Juanjo","TRUE","Color","Negro","Talla","S","lucie-faux-fur-maxi-coat-negro-s","125.00","","0","continue","","","Lucie Faux Fur Maxi Coat","Tu nuevo básico para vestir sin complicarte. Lucie Faux Fur Maxi Coat aporta un toque especial a tus looks y se combina fácilmente para que te sientas cómoda, arreglada y tú misma en cualquier plan."
"lucie-faux-fur-maxi-coat","Lucie Faux Fur Maxi Coat","<p>Tu nuevo básico para vestir sin complicarte. Lucie Faux Fur Maxi Coat aporta un toque especial a tus looks y se combina fácilmente para que te sientas cómoda, arreglada y tú misma en cualquier plan.</p>","soera-store.com","Ropa","Ropa","Ropa, Ropa, Novedades, Selección Juanjo","TRUE","Color","Negro","Talla","M","lucie-faux-fur-maxi-coat-negro-m","125.00","","0","continue","","","Lucie Faux Fur Maxi Coat","Tu nuevo básico para vestir sin complicarte. Lucie Faux Fur Maxi Coat aporta un toque especial a tus looks y se combina fácilmente para que te sientas cómoda, arreglada y tú misma en cualquier plan."
"lucie-faux-fur-maxi-coat","Lucie Faux Fur Maxi Coat","<p>Tu nuevo básico para vestir sin complicarte. Lucie Faux Fur Maxi Coat aporta un toque especial a tus looks y se combina fácilmente para que te sientas cómoda, arreglada y tú misma en cualquier plan.</p>","soera-store.com","Ropa","Ropa","Ropa, Ropa, Novedades, Selección Juanjo","TRUE","Color","Negro","Talla","L","lucie-faux-fur-maxi-coat-negro-l","125.00","","0","continue","","","Lucie Faux Fur Maxi Coat","Tu nuevo básico para vestir sin complicarte. Lucie Faux Fur Maxi Coat aporta un toque especial a tus looks y se combina fácilmente para que te sientas cómoda, arreglada y tú misma en cualquier plan."
"lucie-faux-fur-maxi-coat","Lucie Faux Fur Maxi Coat","<p>Tu nuevo básico para vestir sin complicarte. Lucie Faux Fur Maxi Coat aporta un toque especial a tus looks y se combina fácilmente para que te sientas cómoda, arreglada y tú misma en cualquier plan.</p>","soera-store.com","Ropa","Ropa","Ropa, Ropa, Novedades, Selección Juanjo","TRUE","Color","Negro","Talla","XL","lucie-faux-fur-maxi-coat-negro-xl","125.00","","0","continue","","","Lucie Faux Fur Maxi Coat","Tu nuevo básico para vestir sin complicarte. Lucie Faux Fur Maxi Coat aporta un toque especial a tus looks y se combina fácilmente para que te sientas cómoda, arreglada y tú misma en cualquier plan."
"lucie-faux-fur-maxi-coat","Lucie Faux Fur Maxi Coat","<p>Tu nuevo básico para vestir sin complicarte. Lucie Faux Fur Maxi Coat aporta un toque especial a tus looks y se combina fácilmente para que te sientas cómoda, arreglada y tú misma en cualquier plan.</p>","soera-store.com","Ropa","Ropa","Ropa, Ropa, Novedades, Selección Juanjo","TRUE","Color","Beige","Talla","S","lucie-faux-fur-maxi-coat-beige-s","125.00","","0","continue","","","Lucie Faux Fur Maxi Coat","Tu nuevo básico para vestir sin complicarte. Lucie Faux Fur Maxi Coat aporta un toque especial a tus looks y se combina fácilmente para que te sientas cómoda, arreglada y tú misma en cualquier plan."
"lucie-faux-fur-maxi-coat","Lucie Faux Fur Maxi Coat","<p>Tu nuevo básico para vestir sin complicarte. Lucie Faux Fur Maxi Coat aporta un toque especial a tus looks y se combina fácilmente para que te sientas cómoda, arreglada y tú misma en cualquier plan.</p>","soera-store.com","Ropa","Ropa","Ropa, Ropa, Novedades, Selección Juanjo","TRUE","Color","Beige","Talla","M","lucie-faux-fur-maxi-coat-beige-m","125.00","","0","continue","","","Lucie Faux Fur Maxi Coat","Tu nuevo básico para vestir sin complicarte. Lucie Faux Fur Maxi Coat aporta un toque especial a tus looks y se combina fácilmente para que te sientas cómoda, arreglada y tú misma en cualquier plan."
"lucie-faux-fur-maxi-coat","Lucie Faux Fur Maxi Coat","<p>Tu nuevo básico para vestir sin complicarte. Lucie Faux Fur Maxi Coat aporta un toque especial a tus looks y se combina fácilmente para que te sientas cómoda, arreglada y tú misma en cualquier plan.</p>","soera-store.com","Ropa","Ropa","Ropa, Ropa, Novedades, Selección Juanjo","TRUE","Color","Beige","Talla","L","lucie-faux-fur-maxi-coat-beige-l","125.00","","0","continue","","","Lucie Faux Fur Maxi Coat","Tu nuevo básico para vestir sin complicarte. Lucie Faux Fur Maxi Coat aporta un toque especial a tus looks y se combina fácilmente para que te sientas cómoda, arreglada y tú misma en cualquier plan."
"lucie-faux-fur-maxi-coat","Lucie Faux Fur Maxi Coat","<p>Tu nuevo básico para vestir sin complicarte. Lucie Faux Fur Maxi Coat aporta un toque especial a tus looks y se combina fácilmente para que te sientas cómoda, arreglada y tú misma en cualquier plan.</p>","soera-store.com","Ropa","Ropa","Ropa, Ropa, Novedades, Selección Juanjo","TRUE","Color","Beige","Talla","XL","lucie-faux-fur-maxi-coat-beige-xl","125.00","","0","continue","","","Lucie Faux Fur Maxi Coat","Tu nuevo básico para vestir sin complicarte. Lucie Faux Fur Maxi Coat aporta un toque especial a tus looks y se combina fácilmente para que te sientas cómoda, arreglada y tú misma en cualquier plan."
"lucie-faux-fur-maxi-coat","Lucie Faux Fur Maxi Coat","<p>Tu nuevo básico para vestir sin complicarte. Lucie Faux Fur Maxi Coat aporta un toque especial a tus looks y se combina fácilmente para que te sientas cómoda, arreglada y tú misma en cualquier plan.</p>","soera-store.com","Ropa","Ropa","Ropa, Ropa, Novedades, Selección Juanjo","TRUE","Color","Blanco","Talla","S","lucie-faux-fur-maxi-coat-blanco-s","125.00","","0","continue","","","Lucie Faux Fur Maxi Coat","Tu nuevo básico para vestir sin complicarte. Lucie Faux Fur Maxi Coat aporta un toque especial a tus looks y se combina fácilmente para que te sientas cómoda, arreglada y tú misma en cualquier plan."
"lucie-faux-fur-maxi-coat","Lucie Faux Fur Maxi Coat","<p>Tu nuevo básico para vestir sin complicarte. Lucie Faux Fur Maxi Coat aporta un toque especial a tus looks y se combina fácilmente para que te sientas cómoda, arreglada y tú misma en cualquier plan.</p>","soera-store.com","Ropa","Ropa","Ropa, Ropa, Novedades, Selección Juanjo","TRUE","Color","Blanco","Talla","M","lucie-faux-fur-maxi-coat-blanco-m","125.00","","0","continue","","","Lucie Faux Fur Maxi Coat","Tu nuevo básico para vestir sin complicarte. Lucie Faux Fur Maxi Coat aporta un toque especial a tus looks y se combina fácilmente para que te sientas cómoda, arreglada y tú misma en cualquier plan."
"lucie-faux-fur-maxi-coat","Lucie Faux Fur Maxi Coat","<p>Tu nuevo básico para vestir sin complicarte. Lucie Faux Fur Maxi Coat aporta un toque especial a tus looks y se combina fácilmente para que te sientas cómoda, arreglada y tú misma en cualquier plan.</p>","soera-store.com","Ropa","Ropa","Ropa, Ropa, Novedades, Selección Juanjo","TRUE","Color","Blanco","Talla","L","lucie-faux-fur-maxi-coat-blanco-l","125.00","","0","continue","","","Lucie Faux Fur Maxi Coat","Tu nuevo básico para vestir sin complicarte. Lucie Faux Fur Maxi Coat aporta un toque especial a tus looks y se combina fácilmente para que te sientas cómoda, arreglada y tú misma en cualquier plan."
"lucie-faux-fur-maxi-coat","Lucie Faux Fur Maxi Coat","<p>Tu nuevo básico para vestir sin complicarte. Lucie Faux Fur Maxi Coat aporta un toque especial a tus looks y se combina fácilmente para que te sientas cómoda, arreglada y tú misma en cualquier plan.</p>","soera-store.com","Ropa","Ropa","Ropa, Ropa, Novedades, Selección Juanjo","TRUE","Color","Blanco","Talla","XL","lucie-faux-fur-maxi-coat-blanco-xl","125.00","","0","continue","","","Lucie Faux Fur Maxi Coat","Tu nuevo básico para vestir sin complicarte. Lucie Faux Fur Maxi Coat aporta un toque especial a tus looks y se combina fácilmente para que te sientas cómoda, arreglada y tú misma en cualquier plan."
"lucie-faux-fur-maxi-coat","Lucie Faux Fur Maxi Coat","<p>Tu nuevo básico para vestir sin complicarte. Lucie Faux Fur Maxi Coat aporta un toque especial a tus looks y se combina fácilmente para que te sientas cómoda, arreglada y tú misma en cualquier plan.</p>","soera-store.com","Ropa","Ropa","Ropa, Ropa, Novedades, Selección Juanjo","TRUE","Color","Verde","Talla","S","lucie-faux-fur-maxi-coat-verde-s","125.00","","0","continue","","","Lucie Faux Fur Maxi Coat","Tu nuevo básico para vestir sin complicarte. Lucie Faux Fur Maxi Coat aporta un toque especial a tus looks y se combina fácilmente para que te sientas cómoda, arreglada y tú misma en cualquier plan."
"lucie-faux-fur-maxi-coat","Lucie Faux Fur Maxi Coat","<p>Tu nuevo básico para vestir sin complicarte. Lucie Faux Fur Maxi Coat aporta un toque especial a tus looks y se combina fácilmente para que te sientas cómoda, arreglada y tú misma en cualquier plan.</p>","soera-store.com","Ropa","Ropa","Ropa, Ropa, Novedades, Selección Juanjo","TRUE","Color","Verde","Talla","M","lucie-faux-fur-maxi-coat-verde-m","125.00","","0","continue","","","Lucie Faux Fur Maxi Coat","Tu nuevo básico para vestir sin complicarte. Lucie Faux Fur Maxi Coat aporta un toque especial a tus looks y se combina fácilmente para que te sientas cómoda, arreglada y tú misma en cualquier plan."
"lucie-faux-fur-maxi-coat","Lucie Faux Fur Maxi Coat","<p>Tu nuevo básico para vestir sin complicarte. Lucie Faux Fur Maxi Coat aporta un toque especial a tus looks y se combina fácilmente para que te sientas cómoda, arreglada y tú misma en cualquier plan.</p>","soera-store.com","Ropa","Ropa","Ropa, Ropa, Novedades, Selección Juanjo","TRUE","Color","Verde","Talla","L","lucie-faux-fur-maxi-coat-verde-l","125.00","","0","continue","","","Lucie Faux Fur Maxi Coat","Tu nuevo básico para vestir sin complicarte. Lucie Faux Fur Maxi Coat aporta un toque especial a tus looks y se combina fácilmente para que te sientas cómoda, arreglada y tú misma en cualquier plan."
"lucie-faux-fur-maxi-coat","Lucie Faux Fur Maxi Coat","<p>Tu nuevo básico para vestir sin complicarte. Lucie Faux Fur Maxi Coat aporta un toque especial a tus looks y se combina fácilmente para que te sientas cómoda, arreglada y tú misma en cualquier plan.</p>","soera-store.com","Ropa","Ropa","Ropa, Ropa, Novedades, Selección Juanjo","TRUE","Color","Verde","Talla","XL","lucie-faux-fur-maxi-coat-verde-xl","125.00","","0","continue","","","Lucie Faux Fur Maxi Coat","Tu nuevo básico para vestir sin complicarte. Lucie Faux Fur Maxi Coat aporta un toque especial a tus looks y se combina fácilmente para que te sientas cómoda, arreglada y tú misma en cualquier plan."
"all-day-ultra-comfortable-walker","All-Day Ultra Comfortable Walker","<p>Da cada paso con más comodidad y estilo. All-Day Ultra Comfortable Walker está diseñado para acompañarte en tu día a día con un acabado versátil que combina fácilmente con tus looks favoritos.</p>","olyndralondon.com","Calzado","Calzado","Calzado, Calzado, Novedades, Selección Juanjo","TRUE","Color","Negro","Talla","36","all-day-ultra-comfortable-walker-negro-36","24.00","40.00","0","continue","","","All-Day Ultra Comfortable Walker","Da cada paso con más comodidad y estilo. All-Day Ultra Comfortable Walker está diseñado para acompañarte en tu día a día con un acabado versátil que combina fácilmente con tus looks favoritos."
"all-day-ultra-comfortable-walker","All-Day Ultra Comfortable Walker","<p>Da cada paso con más comodidad y estilo. All-Day Ultra Comfortable Walker está diseñado para acompañarte en tu día a día con un acabado versátil que combina fácilmente con tus looks favoritos.</p>","olyndralondon.com","Calzado","Calzado","Calzado, Calzado, Novedades, Selección Juanjo","TRUE","Color","Negro","Talla","37","all-day-ultra-comfortable-walker-negro-37","24.00","40.00","0","continue","","","All-Day Ultra Comfortable Walker","Da cada paso con más comodidad y estilo. All-Day Ultra Comfortable Walker está diseñado para acompañarte en tu día a día con un acabado versátil que combina fácilmente con tus looks favoritos."
"all-day-ultra-comfortable-walker","All-Day Ultra Comfortable Walker","<p>Da cada paso con más comodidad y estilo. All-Day Ultra Comfortable Walker está diseñado para acompañarte en tu día a día con un acabado versátil que combina fácilmente con tus looks favoritos.</p>","olyndralondon.com","Calzado","Calzado","Calzado, Calzado, Novedades, Selección Juanjo","TRUE","Color","Negro","Talla","38","all-day-ultra-comfortable-walker-negro-38","24.00","40.00","0","continue","","","All-Day Ultra Comfortable Walker","Da cada paso con más comodidad y estilo. All-Day Ultra Comfortable Walker está diseñado para acompañarte en tu día a día con un acabado versátil que combina fácilmente con tus looks favoritos."
"all-day-ultra-comfortable-walker","All-Day Ultra Comfortable Walker","<p>Da cada paso con más comodidad y estilo. All-Day Ultra Comfortable Walker está diseñado para acompañarte en tu día a día con un acabado versátil que combina fácilmente con tus looks favoritos.</p>","olyndralondon.com","Calzado","Calzado","Calzado, Calzado, Novedades, Selección Juanjo","TRUE","Color","Negro","Talla","39","all-day-ultra-comfortable-walker-negro-39","24.00","40.00","0","continue","","","All-Day Ultra Comfortable Walker","Da cada paso con más comodidad y estilo. All-Day Ultra Comfortable Walker está diseñado para acompañarte en tu día a día con un acabado versátil que combina fácilmente con tus looks favoritos."
"all-day-ultra-comfortable-walker","All-Day Ultra Comfortable Walker","<p>Da cada paso con más comodidad y estilo. All-Day Ultra Comfortable Walker está diseñado para acompañarte en tu día a día con un acabado versátil que combina fácilmente con tus looks favoritos.</p>","olyndralondon.com","Calzado","Calzado","Calzado, Calzado, Novedades, Selección Juanjo","TRUE","Color","Negro","Talla","40","all-day-ultra-comfortable-walker-negro-40","24.00","40.00","0","continue","","","All-Day Ultra Comfortable Walker","Da cada paso con más comodidad y estilo. All-Day Ultra Comfortable Walker está diseñado para acompañarte en tu día a día con un acabado versátil que combina fácilmente con tus looks favoritos."
"all-day-ultra-comfortable-walker","All-Day Ultra Comfortable Walker","<p>Da cada paso con más comodidad y estilo. All-Day Ultra Comfortable Walker está diseñado para acompañarte en tu día a día con un acabado versátil que combina fácilmente con tus looks favoritos.</p>","olyndralondon.com","Calzado","Calzado","Calzado, Calzado, Novedades, Selección Juanjo","TRUE","Color","Negro","Talla","41","all-day-ultra-comfortable-walker-negro-41","24.00","40.00","0","continue","","","All-Day Ultra Comfortable Walker","Da cada paso con más comodidad y estilo. All-Day Ultra Comfortable Walker está diseñado para acompañarte en tu día a día con un acabado versátil que combina fácilmente con tus looks favoritos."
"all-day-ultra-comfortable-walker","All-Day Ultra Comfortable Walker","<p>Da cada paso con más comodidad y estilo. All-Day Ultra Comfortable Walker está diseñado para acompañarte en tu día a día con un acabado versátil que combina fácilmente con tus looks favoritos.</p>","olyndralondon.com","Calzado","Calzado","Calzado, Calzado, Novedades, Selección Juanjo","TRUE","Color","Beige","Talla","36","all-day-ultra-comfortable-walker-beige-36","24.00","40.00","0","continue","","","All-Day Ultra Comfortable Walker","Da cada paso con más comodidad y estilo. All-Day Ultra Comfortable Walker está diseñado para acompañarte en tu día a día con un acabado versátil que combina fácilmente con tus looks favoritos."
"all-day-ultra-comfortable-walker","All-Day Ultra Comfortable Walker","<p>Da cada paso con más comodidad y estilo. All-Day Ultra Comfortable Walker está diseñado para acompañarte en tu día a día con un acabado versátil que combina fácilmente con tus looks favoritos.</p>","olyndralondon.com","Calzado","Calzado","Calzado, Calzado, Novedades, Selección Juanjo","TRUE","Color","Beige","Talla","37","all-day-ultra-comfortable-walker-beige-37","24.00","40.00","0","continue","","","All-Day Ultra Comfortable Walker","Da cada paso con más comodidad y estilo. All-Day Ultra Comfortable Walker está diseñado para acompañarte en tu día a día con un acabado versátil que combina fácilmente con tus looks favoritos."
"all-day-ultra-comfortable-walker","All-Day Ultra Comfortable Walker","<p>Da cada paso con más comodidad y estilo. All-Day Ultra Comfortable Walker está diseñado para acompañarte en tu día a día con un acabado versátil que combina fácilmente con tus looks favoritos.</p>","olyndralondon.com","Calzado","Calzado","Calzado, Calzado, Novedades, Selección Juanjo","TRUE","Color","Beige","Talla","38","all-day-ultra-comfortable-walker-beige-38","24.00","40.00","0","continue","","","All-Day Ultra Comfortable Walker","Da cada paso con más comodidad y estilo. All-Day Ultra Comfortable Walker está diseñado para acompañarte en tu día a día con un acabado versátil que combina fácilmente con tus looks favoritos."
"all-day-ultra-comfortable-walker","All-Day Ultra Comfortable Walker","<p>Da cada paso con más comodidad y estilo. All-Day Ultra Comfortable Walker está diseñado para acompañarte en tu día a día con un acabado versátil que combina fácilmente con tus looks favoritos.</p>","olyndralondon.com","Calzado","Calzado","Calzado, Calzado, Novedades, Selección Juanjo","TRUE","Color","Beige","Talla","39","all-day-ultra-comfortable-walker-beige-39","24.00","40.00","0","continue","","","All-Day Ultra Comfortable Walker","Da cada paso con más comodidad y estilo. All-Day Ultra Comfortable Walker está diseñado para acompañarte en tu día a día con un acabado versátil que combina fácilmente con tus looks favoritos."
"all-day-ultra-comfortable-walker","All-Day Ultra Comfortable Walker","<p>Da cada paso con más comodidad y estilo. All-Day Ultra Comfortable Walker está diseñado para acompañarte en tu día a día con un acabado versátil que combina fácilmente con tus looks favoritos.</p>","olyndralondon.com","Calzado","Calzado","Calzado, Calzado, Novedades, Selección Juanjo","TRUE","Color","Beige","Talla","40","all-day-ultra-comfortable-walker-beige-40","24.00","40.00","0","continue","","","All-Day Ultra Comfortable Walker","Da cada paso con más comodidad y estilo. All-Day Ultra Comfortable Walker está diseñado para acompañarte en tu día a día con un acabado versátil que combina fácilmente con tus looks favoritos."
"all-day-ultra-comfortable-walker","All-Day Ultra Comfortable Walker","<p>Da cada paso con más comodidad y estilo. All-Day Ultra Comfortable Walker está diseñado para acompañarte en tu día a día con un acabado versátil que combina fácilmente con tus looks favoritos.</p>","olyndralondon.com","Calzado","Calzado","Calzado, Calzado, Novedades, Selección Juanjo","TRUE","Color","Beige","Talla","41","all-day-ultra-comfortable-walker-beige-41","24.00","40.00","0","continue","","","All-Day Ultra Comfortable Walker","Da cada paso con más comodidad y estilo. All-Day Ultra Comfortable Walker está diseñado para acompañarte en tu día a día con un acabado versátil que combina fácilmente con tus looks favoritos."
"all-day-ultra-comfortable-walker","All-Day Ultra Comfortable Walker","<p>Da cada paso con más comodidad y estilo. All-Day Ultra Comfortable Walker está diseñado para acompañarte en tu día a día con un acabado versátil que combina fácilmente con tus looks favoritos.</p>","olyndralondon.com","Calzado","Calzado","Calzado, Calzado, Novedades, Selección Juanjo","TRUE","Color","Marrón","Talla","36","all-day-ultra-comfortable-walker-marron-36","24.00","40.00","0","continue","","","All-Day Ultra Comfortable Walker","Da cada paso con más comodidad y estilo. All-Day Ultra Comfortable Walker está diseñado para acompañarte en tu día a día con un acabado versátil que combina fácilmente con tus looks favoritos."
"all-day-ultra-comfortable-walker","All-Day Ultra Comfortable Walker","<p>Da cada paso con más comodidad y estilo. All-Day Ultra Comfortable Walker está diseñado para acompañarte en tu día a día con un acabado versátil que combina fácilmente con tus looks favoritos.</p>","olyndralondon.com","Calzado","Calzado","Calzado, Calzado, Novedades, Selección Juanjo","TRUE","Color","Marrón","Talla","37","all-day-ultra-comfortable-walker-marron-37","24.00","40.00","0","continue","","","All-Day Ultra Comfortable Walker","Da cada paso con más comodidad y estilo. All-Day Ultra Comfortable Walker está diseñado para acompañarte en tu día a día con un acabado versátil que combina fácilmente con tus looks favoritos."
"all-day-ultra-comfortable-walker","All-Day Ultra Comfortable Walker","<p>Da cada paso con más comodidad y estilo. All-Day Ultra Comfortable Walker está diseñado para acompañarte en tu día a día con un acabado versátil que combina fácilmente con tus looks favoritos.</p>","olyndralondon.com","Calzado","Calzado","Calzado, Calzado, Novedades, Selección Juanjo","TRUE","Color","Marrón","Talla","38","all-day-ultra-comfortable-walker-marron-38","24.00","40.00","0","continue","","","All-Day Ultra Comfortable Walker","Da cada paso con más comodidad y estilo. All-Day Ultra Comfortable Walker está diseñado para acompañarte en tu día a día con un acabado versátil que combina fácilmente con tus looks favoritos."
"all-day-ultra-comfortable-walker","All-Day Ultra Comfortable Walker","<p>Da cada paso con más comodidad y estilo. All-Day Ultra Comfortable Walker está diseñado para acompañarte en tu día a día con un acabado versátil que combina fácilmente con tus looks favoritos.</p>","olyndralondon.com","Calzado","Calzado","Calzado, Calzado, Novedades, Selección Juanjo","TRUE","Color","Marrón","Talla","39","all-day-ultra-comfortable-walker-marron-39","24.00","40.00","0","continue","","","All-Day Ultra Comfortable Walker","Da cada paso con más comodidad y estilo. All-Day Ultra Comfortable Walker está diseñado para acompañarte en tu día a día con un acabado versátil que combina fácilmente con tus looks favoritos."
"all-day-ultra-comfortable-walker","All-Day Ultra Comfortable Walker","<p>Da cada paso con más comodidad y estilo. All-Day Ultra Comfortable Walker está diseñado para acompañarte en tu día a día con un acabado versátil que combina fácilmente con tus looks favoritos.</p>","olyndralondon.com","Calzado","Calzado","Calzado, Calzado, Novedades, Selección Juanjo","TRUE","Color","Marrón","Talla","40","all-day-ultra-comfortable-walker-marron-40","24.00","40.00","0","continue","","","All-Day Ultra Comfortable Walker","Da cada paso con más comodidad y estilo. All-Day Ultra Comfortable Walker está diseñado para acompañarte en tu día a día con un acabado versátil que combina fácilmente con tus looks favoritos."
"all-day-ultra-comfortable-walker","All-Day Ultra Comfortable Walker","<p>Da cada paso con más comodidad y estilo. All-Day Ultra Comfortable Walker está diseñado para acompañarte en tu día a día con un acabado versátil que combina fácilmente con tus looks favoritos.</p>","olyndralondon.com","Calzado","Calzado","Calzado, Calzado, Novedades, Selección Juanjo","TRUE","Color","Marrón","Talla","41","all-day-ultra-comfortable-walker-marron-41","24.00","40.00","0","continue","","","All-Day Ultra Comfortable Walker","Da cada paso con más comodidad y estilo. All-Day Ultra Comfortable Walker está diseñado para acompañarte en tu día a día con un acabado versátil que combina fácilmente con tus looks favoritos."
"all-day-ultra-comfortable-walker","All-Day Ultra Comfortable Walker","<p>Da cada paso con más comodidad y estilo. All-Day Ultra Comfortable Walker está diseñado para acompañarte en tu día a día con un acabado versátil que combina fácilmente con tus looks favoritos.</p>","olyndralondon.com","Calzado","Calzado","Calzado, Calzado, Novedades, Selección Juanjo","TRUE","Color","Blanco","Talla","36","all-day-ultra-comfortable-walker-blanco-36","24.00","40.00","0","continue","","","All-Day Ultra Comfortable Walker","Da cada paso con más comodidad y estilo. All-Day Ultra Comfortable Walker está diseñado para acompañarte en tu día a día con un acabado versátil que combina fácilmente con tus looks favoritos."
"all-day-ultra-comfortable-walker","All-Day Ultra Comfortable Walker","<p>Da cada paso con más comodidad y estilo. All-Day Ultra Comfortable Walker está diseñado para acompañarte en tu día a día con un acabado versátil que combina fácilmente con tus looks favoritos.</p>","olyndralondon.com","Calzado","Calzado","Calzado, Calzado, Novedades, Selección Juanjo","TRUE","Color","Blanco","Talla","37","all-day-ultra-comfortable-walker-blanco-37","24.00","40.00","0","continue","","","All-Day Ultra Comfortable Walker","Da cada paso con más comodidad y estilo. All-Day Ultra Comfortable Walker está diseñado para acompañarte en tu día a día con un acabado versátil que combina fácilmente con tus looks favoritos."
"all-day-ultra-comfortable-walker","All-Day Ultra Comfortable Walker","<p>Da cada paso con más comodidad y estilo. All-Day Ultra Comfortable Walker está diseñado para acompañarte en tu día a día con un acabado versátil que combina fácilmente con tus looks favoritos.</p>","olyndralondon.com","Calzado","Calzado","Calzado, Calzado, Novedades, Selección Juanjo","TRUE","Color","Blanco","Talla","38","all-day-ultra-comfortable-walker-blanco-38","24.00","40.00","0","continue","","","All-Day Ultra Comfortable Walker","Da cada paso con más comodidad y estilo. All-Day Ultra Comfortable Walker está diseñado para acompañarte en tu día a día con un acabado versátil que combina fácilmente con tus looks favoritos."
"all-day-ultra-comfortable-walker","All-Day Ultra Comfortable Walker","<p>Da cada paso con más comodidad y estilo. All-Day Ultra Comfortable Walker está diseñado para acompañarte en tu día a día con un acabado versátil que combina fácilmente con tus looks favoritos.</p>","olyndralondon.com","Calzado","Calzado","Calzado, Calzado, Novedades, Selección Juanjo","TRUE","Color","Blanco","Talla","39","all-day-ultra-comfortable-walker-blanco-39","24.00","40.00","0","continue","","","All-Day Ultra Comfortable Walker","Da cada paso con más comodidad y estilo. All-Day Ultra Comfortable Walker está diseñado para acompañarte en tu día a día con un acabado versátil que combina fácilmente con tus looks favoritos."
"all-day-ultra-comfortable-walker","All-Day Ultra Comfortable Walker","<p>Da cada paso con más comodidad y estilo. All-Day Ultra Comfortable Walker está diseñado para acompañarte en tu día a día con un acabado versátil que combina fácilmente con tus looks favoritos.</p>","olyndralondon.com","Calzado","Calzado","Calzado, Calzado, Novedades, Selección Juanjo","TRUE","Color","Blanco","Talla","40","all-day-ultra-comfortable-walker-blanco-40","24.00","40.00","0","continue","","","All-Day Ultra Comfortable Walker","Da cada paso con más comodidad y estilo. All-Day Ultra Comfortable Walker está diseñado para acompañarte en tu día a día con un acabado versátil que combina fácilmente con tus looks favoritos."
"all-day-ultra-comfortable-walker","All-Day Ultra Comfortable Walker","<p>Da cada paso con más comodidad y estilo. All-Day Ultra Comfortable Walker está diseñado para acompañarte en tu día a día con un acabado versátil que combina fácilmente con tus looks favoritos.</p>","olyndralondon.com","Calzado","Calzado","Calzado, Calzado, Novedades, Selección Juanjo","TRUE","Color","Blanco","Talla","41","all-day-ultra-comfortable-walker-blanco-41","24.00","40.00","0","continue","","","All-Day Ultra Comfortable Walker","Da cada paso con más comodidad y estilo. All-Day Ultra Comfortable Walker está diseñado para acompañarte en tu día a día con un acabado versátil que combina fácilmente con tus looks favoritos."
"tressa-orthopedic-mule-flats","Tressa Orthopedic Mule Flats","<p>Da cada paso con más comodidad y estilo. Tressa Orthopedic Mule Flats está diseñado para acompañarte en tu día a día con un acabado versátil que combina fácilmente con tus looks favoritos.</p>","bomre.com","Calzado","Calzado","Calzado, Calzado, Novedades, Selección Juanjo","TRUE","Color","Negro","Talla","36","tressa-orthopedic-mule-flats-negro-36","59.99","149.99","0","continue","","","Tressa Orthopedic Mule Flats","Da cada paso con más comodidad y estilo. Tressa Orthopedic Mule Flats está diseñado para acompañarte en tu día a día con un acabado versátil que combina fácilmente con tus looks favoritos."
"tressa-orthopedic-mule-flats","Tressa Orthopedic Mule Flats","<p>Da cada paso con más comodidad y estilo. Tressa Orthopedic Mule Flats está diseñado para acompañarte en tu día a día con un acabado versátil que combina fácilmente con tus looks favoritos.</p>","bomre.com","Calzado","Calzado","Calzado, Calzado, Novedades, Selección Juanjo","TRUE","Color","Negro","Talla","37","tressa-orthopedic-mule-flats-negro-37","59.99","149.99","0","continue","","","Tressa Orthopedic Mule Flats","Da cada paso con más comodidad y estilo. Tressa Orthopedic Mule Flats está diseñado para acompañarte en tu día a día con un acabado versátil que combina fácilmente con tus looks favoritos."
"tressa-orthopedic-mule-flats","Tressa Orthopedic Mule Flats","<p>Da cada paso con más comodidad y estilo. Tressa Orthopedic Mule Flats está diseñado para acompañarte en tu día a día con un acabado versátil que combina fácilmente con tus looks favoritos.</p>","bomre.com","Calzado","Calzado","Calzado, Calzado, Novedades, Selección Juanjo","TRUE","Color","Negro","Talla","38","tressa-orthopedic-mule-flats-negro-38","59.99","149.99","0","continue","","","Tressa Orthopedic Mule Flats","Da cada paso con más comodidad y estilo. Tressa Orthopedic Mule Flats está diseñado para acompañarte en tu día a día con un acabado versátil que combina fácilmente con tus looks favoritos."
"tressa-orthopedic-mule-flats","Tressa Orthopedic Mule Flats","<p>Da cada paso con más comodidad y estilo. Tressa Orthopedic Mule Flats está diseñado para acompañarte en tu día a día con un acabado versátil que combina fácilmente con tus looks favoritos.</p>","bomre.com","Calzado","Calzado","Calzado, Calzado, Novedades, Selección Juanjo","TRUE","Color","Negro","Talla","39","tressa-orthopedic-mule-flats-negro-39","59.99","149.99","0","continue","","","Tressa Orthopedic Mule Flats","Da cada paso con más comodidad y estilo. Tressa Orthopedic Mule Flats está diseñado para acompañarte en tu día a día con un acabado versátil que combina fácilmente con tus looks favoritos."
"tressa-orthopedic-mule-flats","Tressa Orthopedic Mule Flats","<p>Da cada paso con más comodidad y estilo. Tressa Orthopedic Mule Flats está diseñado para acompañarte en tu día a día con un acabado versátil que combina fácilmente con tus looks favoritos.</p>","bomre.com","Calzado","Calzado","Calzado, Calzado, Novedades, Selección Juanjo","TRUE","Color","Negro","Talla","40","tressa-orthopedic-mule-flats-negro-40","59.99","149.99","0","continue","","","Tressa Orthopedic Mule Flats","Da cada paso con más comodidad y estilo. Tressa Orthopedic Mule Flats está diseñado para acompañarte en tu día a día con un acabado versátil que combina fácilmente con tus looks favoritos."
"tressa-orthopedic-mule-flats","Tressa Orthopedic Mule Flats","<p>Da cada paso con más comodidad y estilo. Tressa Orthopedic Mule Flats está diseñado para acompañarte en tu día a día con un acabado versátil que combina fácilmente con tus looks favoritos.</p>","bomre.com","Calzado","Calzado","Calzado, Calzado, Novedades, Selección Juanjo","TRUE","Color","Negro","Talla","41","tressa-orthopedic-mule-flats-negro-41","59.99","149.99","0","continue","","","Tressa Orthopedic Mule Flats","Da cada paso con más comodidad y estilo. Tressa Orthopedic Mule Flats está diseñado para acompañarte en tu día a día con un acabado versátil que combina fácilmente con tus looks favoritos."
"tressa-orthopedic-mule-flats","Tressa Orthopedic Mule Flats","<p>Da cada paso con más comodidad y estilo. Tressa Orthopedic Mule Flats está diseñado para acompañarte en tu día a día con un acabado versátil que combina fácilmente con tus looks favoritos.</p>","bomre.com","Calzado","Calzado","Calzado, Calzado, Novedades, Selección Juanjo","TRUE","Color","Beige","Talla","36","tressa-orthopedic-mule-flats-beige-36","59.99","149.99","0","continue","","","Tressa Orthopedic Mule Flats","Da cada paso con más comodidad y estilo. Tressa Orthopedic Mule Flats está diseñado para acompañarte en tu día a día con un acabado versátil que combina fácilmente con tus looks favoritos."
"tressa-orthopedic-mule-flats","Tressa Orthopedic Mule Flats","<p>Da cada paso con más comodidad y estilo. Tressa Orthopedic Mule Flats está diseñado para acompañarte en tu día a día con un acabado versátil que combina fácilmente con tus looks favoritos.</p>","bomre.com","Calzado","Calzado","Calzado, Calzado, Novedades, Selección Juanjo","TRUE","Color","Beige","Talla","37","tressa-orthopedic-mule-flats-beige-37","59.99","149.99","0","continue","","","Tressa Orthopedic Mule Flats","Da cada paso con más comodidad y estilo. Tressa Orthopedic Mule Flats está diseñado para acompañarte en tu día a día con un acabado versátil que combina fácilmente con tus looks favoritos."
"tressa-orthopedic-mule-flats","Tressa Orthopedic Mule Flats","<p>Da cada paso con más comodidad y estilo. Tressa Orthopedic Mule Flats está diseñado para acompañarte en tu día a día con un acabado versátil que combina fácilmente con tus looks favoritos.</p>","bomre.com","Calzado","Calzado","Calzado, Calzado, Novedades, Selección Juanjo","TRUE","Color","Beige","Talla","38","tressa-orthopedic-mule-flats-beige-38","59.99","149.99","0","continue","","","Tressa Orthopedic Mule Flats","Da cada paso con más comodidad y estilo. Tressa Orthopedic Mule Flats está diseñado para acompañarte en tu día a día con un acabado versátil que combina fácilmente con tus looks favoritos."
"tressa-orthopedic-mule-flats","Tressa Orthopedic Mule Flats","<p>Da cada paso con más comodidad y estilo. Tressa Orthopedic Mule Flats está diseñado para acompañarte en tu día a día con un acabado versátil que combina fácilmente con tus looks favoritos.</p>","bomre.com","Calzado","Calzado","Calzado, Calzado, Novedades, Selección Juanjo","TRUE","Color","Beige","Talla","39","tressa-orthopedic-mule-flats-beige-39","59.99","149.99","0","continue","","","Tressa Orthopedic Mule Flats","Da cada paso con más comodidad y estilo. Tressa Orthopedic Mule Flats está diseñado para acompañarte en tu día a día con un acabado versátil que combina fácilmente con tus looks favoritos."
"tressa-orthopedic-mule-flats","Tressa Orthopedic Mule Flats","<p>Da cada paso con más comodidad y estilo. Tressa Orthopedic Mule Flats está diseñado para acompañarte en tu día a día con un acabado versátil que combina fácilmente con tus looks favoritos.</p>","bomre.com","Calzado","Calzado","Calzado, Calzado, Novedades, Selección Juanjo","TRUE","Color","Beige","Talla","40","tressa-orthopedic-mule-flats-beige-40","59.99","149.99","0","continue","","","Tressa Orthopedic Mule Flats","Da cada paso con más comodidad y estilo. Tressa Orthopedic Mule Flats está diseñado para acompañarte en tu día a día con un acabado versátil que combina fácilmente con tus looks favoritos."
"tressa-orthopedic-mule-flats","Tressa Orthopedic Mule Flats","<p>Da cada paso con más comodidad y estilo. Tressa Orthopedic Mule Flats está diseñado para acompañarte en tu día a día con un acabado versátil que combina fácilmente con tus looks favoritos.</p>","bomre.com","Calzado","Calzado","Calzado, Calzado, Novedades, Selección Juanjo","TRUE","Color","Beige","Talla","41","tressa-orthopedic-mule-flats-beige-41","59.99","149.99","0","continue","","","Tressa Orthopedic Mule Flats","Da cada paso con más comodidad y estilo. Tressa Orthopedic Mule Flats está diseñado para acompañarte en tu día a día con un acabado versátil que combina fácilmente con tus looks favoritos."
"tressa-orthopedic-mule-flats","Tressa Orthopedic Mule Flats","<p>Da cada paso con más comodidad y estilo. Tressa Orthopedic Mule Flats está diseñado para acompañarte en tu día a día con un acabado versátil que combina fácilmente con tus looks favoritos.</p>","bomre.com","Calzado","Calzado","Calzado, Calzado, Novedades, Selección Juanjo","TRUE","Color","Marrón","Talla","36","tressa-orthopedic-mule-flats-marron-36","59.99","149.99","0","continue","","","Tressa Orthopedic Mule Flats","Da cada paso con más comodidad y estilo. Tressa Orthopedic Mule Flats está diseñado para acompañarte en tu día a día con un acabado versátil que combina fácilmente con tus looks favoritos."
"tressa-orthopedic-mule-flats","Tressa Orthopedic Mule Flats","<p>Da cada paso con más comodidad y estilo. Tressa Orthopedic Mule Flats está diseñado para acompañarte en tu día a día con un acabado versátil que combina fácilmente con tus looks favoritos.</p>","bomre.com","Calzado","Calzado","Calzado, Calzado, Novedades, Selección Juanjo","TRUE","Color","Marrón","Talla","37","tressa-orthopedic-mule-flats-marron-37","59.99","149.99","0","continue","","","Tressa Orthopedic Mule Flats","Da cada paso con más comodidad y estilo. Tressa Orthopedic Mule Flats está diseñado para acompañarte en tu día a día con un acabado versátil que combina fácilmente con tus looks favoritos."
"tressa-orthopedic-mule-flats","Tressa Orthopedic Mule Flats","<p>Da cada paso con más comodidad y estilo. Tressa Orthopedic Mule Flats está diseñado para acompañarte en tu día a día con un acabado versátil que combina fácilmente con tus looks favoritos.</p>","bomre.com","Calzado","Calzado","Calzado, Calzado, Novedades, Selección Juanjo","TRUE","Color","Marrón","Talla","38","tressa-orthopedic-mule-flats-marron-38","59.99","149.99","0","continue","","","Tressa Orthopedic Mule Flats","Da cada paso con más comodidad y estilo. Tressa Orthopedic Mule Flats está diseñado para acompañarte en tu día a día con un acabado versátil que combina fácilmente con tus looks favoritos."
"tressa-orthopedic-mule-flats","Tressa Orthopedic Mule Flats","<p>Da cada paso con más comodidad y estilo. Tressa Orthopedic Mule Flats está diseñado para acompañarte en tu día a día con un acabado versátil que combina fácilmente con tus looks favoritos.</p>","bomre.com","Calzado","Calzado","Calzado, Calzado, Novedades, Selección Juanjo","TRUE","Color","Marrón","Talla","39","tressa-orthopedic-mule-flats-marron-39","59.99","149.99","0","continue","","","Tressa Orthopedic Mule Flats","Da cada paso con más comodidad y estilo. Tressa Orthopedic Mule Flats está diseñado para acompañarte en tu día a día con un acabado versátil que combina fácilmente con tus looks favoritos."
"tressa-orthopedic-mule-flats","Tressa Orthopedic Mule Flats","<p>Da cada paso con más comodidad y estilo. Tressa Orthopedic Mule Flats está diseñado para acompañarte en tu día a día con un acabado versátil que combina fácilmente con tus looks favoritos.</p>","bomre.com","Calzado","Calzado","Calzado, Calzado, Novedades, Selección Juanjo","TRUE","Color","Marrón","Talla","40","tressa-orthopedic-mule-flats-marron-40","59.99","149.99","0","continue","","","Tressa Orthopedic Mule Flats","Da cada paso con más comodidad y estilo. Tressa Orthopedic Mule Flats está diseñado para acompañarte en tu día a día con un acabado versátil que combina fácilmente con tus looks favoritos."
"tressa-orthopedic-mule-flats","Tressa Orthopedic Mule Flats","<p>Da cada paso con más comodidad y estilo. Tressa Orthopedic Mule Flats está diseñado para acompañarte en tu día a día con un acabado versátil que combina fácilmente con tus looks favoritos.</p>","bomre.com","Calzado","Calzado","Calzado, Calzado, Novedades, Selección Juanjo","TRUE","Color","Marrón","Talla","41","tressa-orthopedic-mule-flats-marron-41","59.99","149.99","0","continue","","","Tressa Orthopedic Mule Flats","Da cada paso con más comodidad y estilo. Tressa Orthopedic Mule Flats está diseñado para acompañarte en tu día a día con un acabado versátil que combina fácilmente con tus looks favoritos."
"tressa-orthopedic-mule-flats","Tressa Orthopedic Mule Flats","<p>Da cada paso con más comodidad y estilo. Tressa Orthopedic Mule Flats está diseñado para acompañarte en tu día a día con un acabado versátil que combina fácilmente con tus looks favoritos.</p>","bomre.com","Calzado","Calzado","Calzado, Calzado, Novedades, Selección Juanjo","TRUE","Color","Blanco","Talla","36","tressa-orthopedic-mule-flats-blanco-36","59.99","149.99","0","continue","","","Tressa Orthopedic Mule Flats","Da cada paso con más comodidad y estilo. Tressa Orthopedic Mule Flats está diseñado para acompañarte en tu día a día con un acabado versátil que combina fácilmente con tus looks favoritos."
"tressa-orthopedic-mule-flats","Tressa Orthopedic Mule Flats","<p>Da cada paso con más comodidad y estilo. Tressa Orthopedic Mule Flats está diseñado para acompañarte en tu día a día con un acabado versátil que combina fácilmente con tus looks favoritos.</p>","bomre.com","Calzado","Calzado","Calzado, Calzado, Novedades, Selección Juanjo","TRUE","Color","Blanco","Talla","37","tressa-orthopedic-mule-flats-blanco-37","59.99","149.99","0","continue","","","Tressa Orthopedic Mule Flats","Da cada paso con más comodidad y estilo. Tressa Orthopedic Mule Flats está diseñado para acompañarte en tu día a día con un acabado versátil que combina fácilmente con tus looks favoritos."
"tressa-orthopedic-mule-flats","Tressa Orthopedic Mule Flats","<p>Da cada paso con más comodidad y estilo. Tressa Orthopedic Mule Flats está diseñado para acompañarte en tu día a día con un acabado versátil que combina fácilmente con tus looks favoritos.</p>","bomre.com","Calzado","Calzado","Calzado, Calzado, Novedades, Selección Juanjo","TRUE","Color","Blanco","Talla","38","tressa-orthopedic-mule-flats-blanco-38","59.99","149.99","0","continue","","","Tressa Orthopedic Mule Flats","Da cada paso con más comodidad y estilo. Tressa Orthopedic Mule Flats está diseñado para acompañarte en tu día a día con un acabado versátil que combina fácilmente con tus looks favoritos."
"tressa-orthopedic-mule-flats","Tressa Orthopedic Mule Flats","<p>Da cada paso con más comodidad y estilo. Tressa Orthopedic Mule Flats está diseñado para acompañarte en tu día a día con un acabado versátil que combina fácilmente con tus looks favoritos.</p>","bomre.com","Calzado","Calzado","Calzado, Calzado, Novedades, Selección Juanjo","TRUE","Color","Blanco","Talla","39","tressa-orthopedic-mule-flats-blanco-39","59.99","149.99","0","continue","","","Tressa Orthopedic Mule Flats","Da cada paso con más comodidad y estilo. Tressa Orthopedic Mule Flats está diseñado para acompañarte en tu día a día con un acabado versátil que combina fácilmente con tus looks favoritos."
"tressa-orthopedic-mule-flats","Tressa Orthopedic Mule Flats","<p>Da cada paso con más comodidad y estilo. Tressa Orthopedic Mule Flats está diseñado para acompañarte en tu día a día con un acabado versátil que combina fácilmente con tus looks favoritos.</p>","bomre.com","Calzado","Calzado","Calzado, Calzado, Novedades, Selección Juanjo","TRUE","Color","Blanco","Talla","40","tressa-orthopedic-mule-flats-blanco-40","59.99","149.99","0","continue","","","Tressa Orthopedic Mule Flats","Da cada paso con más comodidad y estilo. Tressa Orthopedic Mule Flats está diseñado para acompañarte en tu día a día con un acabado versátil que combina fácilmente con tus looks favoritos."
"tressa-orthopedic-mule-flats","Tressa Orthopedic Mule Flats","<p>Da cada paso con más comodidad y estilo. Tressa Orthopedic Mule Flats está diseñado para acompañarte en tu día a día con un acabado versátil que combina fácilmente con tus looks favoritos.</p>","bomre.com","Calzado","Calzado","Calzado, Calzado, Novedades, Selección Juanjo","TRUE","Color","Blanco","Talla","41","tressa-orthopedic-mule-flats-blanco-41","59.99","149.99","0","continue","","","Tressa Orthopedic Mule Flats","Da cada paso con más comodidad y estilo. Tressa Orthopedic Mule Flats está diseñado para acompañarte en tu día a día con un acabado versátil que combina fácilmente con tus looks favoritos."
"groovers-barefoot","Groovers (barefoot)","<p>Da cada paso con más comodidad y estilo. Groovers (barefoot) está diseñado para acompañarte en tu día a día con un acabado versátil que combina fácilmente con tus looks favoritos.</p>","bearefoot.com","Calzado","Calzado","Calzado, Calzado, Novedades, Selección Juanjo","TRUE","Color","Negro","Talla","36","groovers-barefoot-negro-36","78.99","174.99","0","continue","","","Groovers (barefoot)","Da cada paso con más comodidad y estilo. Groovers (barefoot) está diseñado para acompañarte en tu día a día con un acabado versátil que combina fácilmente con tus looks favoritos."
"groovers-barefoot","Groovers (barefoot)","<p>Da cada paso con más comodidad y estilo. Groovers (barefoot) está diseñado para acompañarte en tu día a día con un acabado versátil que combina fácilmente con tus looks favoritos.</p>","bearefoot.com","Calzado","Calzado","Calzado, Calzado, Novedades, Selección Juanjo","TRUE","Color","Negro","Talla","37","groovers-barefoot-negro-37","78.99","174.99","0","continue","","","Groovers (barefoot)","Da cada paso con más comodidad y estilo. Groovers (barefoot) está diseñado para acompañarte en tu día a día con un acabado versátil que combina fácilmente con tus looks favoritos."
"groovers-barefoot","Groovers (barefoot)","<p>Da cada paso con más comodidad y estilo. Groovers (barefoot) está diseñado para acompañarte en tu día a día con un acabado versátil que combina fácilmente con tus looks favoritos.</p>","bearefoot.com","Calzado","Calzado","Calzado, Calzado, Novedades, Selección Juanjo","TRUE","Color","Negro","Talla","38","groovers-barefoot-negro-38","78.99","174.99","0","continue","","","Groovers (barefoot)","Da cada paso con más comodidad y estilo. Groovers (barefoot) está diseñado para acompañarte en tu día a día con un acabado versátil que combina fácilmente con tus looks favoritos."
"groovers-barefoot","Groovers (barefoot)","<p>Da cada paso con más comodidad y estilo. Groovers (barefoot) está diseñado para acompañarte en tu día a día con un acabado versátil que combina fácilmente con tus looks favoritos.</p>","bearefoot.com","Calzado","Calzado","Calzado, Calzado, Novedades, Selección Juanjo","TRUE","Color","Negro","Talla","39","groovers-barefoot-negro-39","78.99","174.99","0","continue","","","Groovers (barefoot)","Da cada paso con más comodidad y estilo. Groovers (barefoot) está diseñado para acompañarte en tu día a día con un acabado versátil que combina fácilmente con tus looks favoritos."
"groovers-barefoot","Groovers (barefoot)","<p>Da cada paso con más comodidad y estilo. Groovers (barefoot) está diseñado para acompañarte en tu día a día con un acabado versátil que combina fácilmente con tus looks favoritos.</p>","bearefoot.com","Calzado","Calzado","Calzado, Calzado, Novedades, Selección Juanjo","TRUE","Color","Negro","Talla","40","groovers-barefoot-negro-40","78.99","174.99","0","continue","","","Groovers (barefoot)","Da cada paso con más comodidad y estilo. Groovers (barefoot) está diseñado para acompañarte en tu día a día con un acabado versátil que combina fácilmente con tus looks favoritos."
"groovers-barefoot","Groovers (barefoot)","<p>Da cada paso con más comodidad y estilo. Groovers (barefoot) está diseñado para acompañarte en tu día a día con un acabado versátil que combina fácilmente con tus looks favoritos.</p>","bearefoot.com","Calzado","Calzado","Calzado, Calzado, Novedades, Selección Juanjo","TRUE","Color","Negro","Talla","41","groovers-barefoot-negro-41","78.99","174.99","0","continue","","","Groovers (barefoot)","Da cada paso con más comodidad y estilo. Groovers (barefoot) está diseñado para acompañarte en tu día a día con un acabado versátil que combina fácilmente con tus looks favoritos."
"groovers-barefoot","Groovers (barefoot)","<p>Da cada paso con más comodidad y estilo. Groovers (barefoot) está diseñado para acompañarte en tu día a día con un acabado versátil que combina fácilmente con tus looks favoritos.</p>","bearefoot.com","Calzado","Calzado","Calzado, Calzado, Novedades, Selección Juanjo","TRUE","Color","Beige","Talla","36","groovers-barefoot-beige-36","78.99","174.99","0","continue","","","Groovers (barefoot)","Da cada paso con más comodidad y estilo. Groovers (barefoot) está diseñado para acompañarte en tu día a día con un acabado versátil que combina fácilmente con tus looks favoritos."
"groovers-barefoot","Groovers (barefoot)","<p>Da cada paso con más comodidad y estilo. Groovers (barefoot) está diseñado para acompañarte en tu día a día con un acabado versátil que combina fácilmente con tus looks favoritos.</p>","bearefoot.com","Calzado","Calzado","Calzado, Calzado, Novedades, Selección Juanjo","TRUE","Color","Beige","Talla","37","groovers-barefoot-beige-37","78.99","174.99","0","continue","","","Groovers (barefoot)","Da cada paso con más comodidad y estilo. Groovers (barefoot) está diseñado para acompañarte en tu día a día con un acabado versátil que combina fácilmente con tus looks favoritos."
"groovers-barefoot","Groovers (barefoot)","<p>Da cada paso con más comodidad y estilo. Groovers (barefoot) está diseñado para acompañarte en tu día a día con un acabado versátil que combina fácilmente con tus looks favoritos.</p>","bearefoot.com","Calzado","Calzado","Calzado, Calzado, Novedades, Selección Juanjo","TRUE","Color","Beige","Talla","38","groovers-barefoot-beige-38","78.99","174.99","0","continue","","","Groovers (barefoot)","Da cada paso con más comodidad y estilo. Groovers (barefoot) está diseñado para acompañarte en tu día a día con un acabado versátil que combina fácilmente con tus looks favoritos."
"groovers-barefoot","Groovers (barefoot)","<p>Da cada paso con más comodidad y estilo. Groovers (barefoot) está diseñado para acompañarte en tu día a día con un acabado versátil que combina fácilmente con tus looks favoritos.</p>","bearefoot.com","Calzado","Calzado","Calzado, Calzado, Novedades, Selección Juanjo","TRUE","Color","Beige","Talla","39","groovers-barefoot-beige-39","78.99","174.99","0","continue","","","Groovers (barefoot)","Da cada paso con más comodidad y estilo. Groovers (barefoot) está diseñado para acompañarte en tu día a día con un acabado versátil que combina fácilmente con tus looks favoritos."
"groovers-barefoot","Groovers (barefoot)","<p>Da cada paso con más comodidad y estilo. Groovers (barefoot) está diseñado para acompañarte en tu día a día con un acabado versátil que combina fácilmente con tus looks favoritos.</p>","bearefoot.com","Calzado","Calzado","Calzado, Calzado, Novedades, Selección Juanjo","TRUE","Color","Beige","Talla","40","groovers-barefoot-beige-40","78.99","174.99","0","continue","","","Groovers (barefoot)","Da cada paso con más comodidad y estilo. Groovers (barefoot) está diseñado para acompañarte en tu día a día con un acabado versátil que combina fácilmente con tus looks favoritos."
"groovers-barefoot","Groovers (barefoot)","<p>Da cada paso con más comodidad y estilo. Groovers (barefoot) está diseñado para acompañarte en tu día a día con un acabado versátil que combina fácilmente con tus looks favoritos.</p>","bearefoot.com","Calzado","Calzado","Calzado, Calzado, Novedades, Selección Juanjo","TRUE","Color","Beige","Talla","41","groovers-barefoot-beige-41","78.99","174.99","0","continue","","","Groovers (barefoot)","Da cada paso con más comodidad y estilo. Groovers (barefoot) está diseñado para acompañarte en tu día a día con un acabado versátil que combina fácilmente con tus looks favoritos."
"groovers-barefoot","Groovers (barefoot)","<p>Da cada paso con más comodidad y estilo. Groovers (barefoot) está diseñado para acompañarte en tu día a día con un acabado versátil que combina fácilmente con tus looks favoritos.</p>","bearefoot.com","Calzado","Calzado","Calzado, Calzado, Novedades, Selección Juanjo","TRUE","Color","Marrón","Talla","36","groovers-barefoot-marron-36","78.99","174.99","0","continue","","","Groovers (barefoot)","Da cada paso con más comodidad y estilo. Groovers (barefoot) está diseñado para acompañarte en tu día a día con un acabado versátil que combina fácilmente con tus looks favoritos."
"groovers-barefoot","Groovers (barefoot)","<p>Da cada paso con más comodidad y estilo. Groovers (barefoot) está diseñado para acompañarte en tu día a día con un acabado versátil que combina fácilmente con tus looks favoritos.</p>","bearefoot.com","Calzado","Calzado","Calzado, Calzado, Novedades, Selección Juanjo","TRUE","Color","Marrón","Talla","37","groovers-barefoot-marron-37","78.99","174.99","0","continue","","","Groovers (barefoot)","Da cada paso con más comodidad y estilo. Groovers (barefoot) está diseñado para acompañarte en tu día a día con un acabado versátil que combina fácilmente con tus looks favoritos."
"groovers-barefoot","Groovers (barefoot)","<p>Da cada paso con más comodidad y estilo. Groovers (barefoot) está diseñado para acompañarte en tu día a día con un acabado versátil que combina fácilmente con tus looks favoritos.</p>","bearefoot.com","Calzado","Calzado","Calzado, Calzado, Novedades, Selección Juanjo","TRUE","Color","Marrón","Talla","38","groovers-barefoot-marron-38","78.99","174.99","0","continue","","","Groovers (barefoot)","Da cada paso con más comodidad y estilo. Groovers (barefoot) está diseñado para acompañarte en tu día a día con un acabado versátil que combina fácilmente con tus looks favoritos."
"groovers-barefoot","Groovers (barefoot)","<p>Da cada paso con más comodidad y estilo. Groovers (barefoot) está diseñado para acompañarte en tu día a día con un acabado versátil que combina fácilmente con tus looks favoritos.</p>","bearefoot.com","Calzado","Calzado","Calzado, Calzado, Novedades, Selección Juanjo","TRUE","Color","Marrón","Talla","39","groovers-barefoot-marron-39","78.99","174.99","0","continue","","","Groovers (barefoot)","Da cada paso con más comodidad y estilo. Groovers (barefoot) está diseñado para acompañarte en tu día a día con un acabado versátil que combina fácilmente con tus looks favoritos."
"groovers-barefoot","Groovers (barefoot)","<p>Da cada paso con más comodidad y estilo. Groovers (barefoot) está diseñado para acompañarte en tu día a día con un acabado versátil que combina fácilmente con tus looks favoritos.</p>","bearefoot.com","Calzado","Calzado","Calzado, Calzado, Novedades, Selección Juanjo","TRUE","Color","Marrón","Talla","40","groovers-barefoot-marron-40","78.99","174.99","0","continue","","","Groovers (barefoot)","Da cada paso con más comodidad y estilo. Groovers (barefoot) está diseñado para acompañarte en tu día a día con un acabado versátil que combina fácilmente con tus looks favoritos."
"groovers-barefoot","Groovers (barefoot)","<p>Da cada paso con más comodidad y estilo. Groovers (barefoot) está diseñado para acompañarte en tu día a día con un acabado versátil que combina fácilmente con tus looks favoritos.</p>","bearefoot.com","Calzado","Calzado","Calzado, Calzado, Novedades, Selección Juanjo","TRUE","Color","Marrón","Talla","41","groovers-barefoot-marron-41","78.99","174.99","0","continue","","","Groovers (barefoot)","Da cada paso con más comodidad y estilo. Groovers (barefoot) está diseñado para acompañarte en tu día a día con un acabado versátil que combina fácilmente con tus looks favoritos."
"groovers-barefoot","Groovers (barefoot)","<p>Da cada paso con más comodidad y estilo. Groovers (barefoot) está diseñado para acompañarte en tu día a día con un acabado versátil que combina fácilmente con tus looks favoritos.</p>","bearefoot.com","Calzado","Calzado","Calzado, Calzado, Novedades, Selección Juanjo","TRUE","Color","Blanco","Talla","36","groovers-barefoot-blanco-36","78.99","174.99","0","continue","","","Groovers (barefoot)","Da cada paso con más comodidad y estilo. Groovers (barefoot) está diseñado para acompañarte en tu día a día con un acabado versátil que combina fácilmente con tus looks favoritos."
"groovers-barefoot","Groovers (barefoot)","<p>Da cada paso con más comodidad y estilo. Groovers (barefoot) está diseñado para acompañarte en tu día a día con un acabado versátil que combina fácilmente con tus looks favoritos.</p>","bearefoot.com","Calzado","Calzado","Calzado, Calzado, Novedades, Selección Juanjo","TRUE","Color","Blanco","Talla","37","groovers-barefoot-blanco-37","78.99","174.99","0","continue","","","Groovers (barefoot)","Da cada paso con más comodidad y estilo. Groovers (barefoot) está diseñado para acompañarte en tu día a día con un acabado versátil que combina fácilmente con tus looks favoritos."
"groovers-barefoot","Groovers (barefoot)","<p>Da cada paso con más comodidad y estilo. Groovers (barefoot) está diseñado para acompañarte en tu día a día con un acabado versátil que combina fácilmente con tus looks favoritos.</p>","bearefoot.com","Calzado","Calzado","Calzado, Calzado, Novedades, Selección Juanjo","TRUE","Color","Blanco","Talla","38","groovers-barefoot-blanco-38","78.99","174.99","0","continue","","","Groovers (barefoot)","Da cada paso con más comodidad y estilo. Groovers (barefoot) está diseñado para acompañarte en tu día a día con un acabado versátil que combina fácilmente con tus looks favoritos."
"groovers-barefoot","Groovers (barefoot)","<p>Da cada paso con más comodidad y estilo. Groovers (barefoot) está diseñado para acompañarte en tu día a día con un acabado versátil que combina fácilmente con tus looks favoritos.</p>","bearefoot.com","Calzado","Calzado","Calzado, Calzado, Novedades, Selección Juanjo","TRUE","Color","Blanco","Talla","39","groovers-barefoot-blanco-39","78.99","174.99","0","continue","","","Groovers (barefoot)","Da cada paso con más comodidad y estilo. Groovers (barefoot) está diseñado para acompañarte en tu día a día con un acabado versátil que combina fácilmente con tus looks favoritos."
"groovers-barefoot","Groovers (barefoot)","<p>Da cada paso con más comodidad y estilo. Groovers (barefoot) está diseñado para acompañarte en tu día a día con un acabado versátil que combina fácilmente con tus looks favoritos.</p>","bearefoot.com","Calzado","Calzado","Calzado, Calzado, Novedades, Selección Juanjo","TRUE","Color","Blanco","Talla","40","groovers-barefoot-blanco-40","78.99","174.99","0","continue","","","Groovers (barefoot)","Da cada paso con más comodidad y estilo. Groovers (barefoot) está diseñado para acompañarte en tu día a día con un acabado versátil que combina fácilmente con tus looks favoritos."
"groovers-barefoot","Groovers (barefoot)","<p>Da cada paso con más comodidad y estilo. Groovers (barefoot) está diseñado para acompañarte en tu día a día con un acabado versátil que combina fácilmente con tus looks favoritos.</p>","bearefoot.com","Calzado","Calzado","Calzado, Calzado, Novedades, Selección Juanjo","TRUE","Color","Blanco","Talla","41","groovers-barefoot-blanco-41","78.99","174.99","0","continue","","","Groovers (barefoot)","Da cada paso con más comodidad y estilo. Groovers (barefoot) está diseñado para acompañarte en tu día a día con un acabado versátil que combina fácilmente con tus looks favoritos."
"ortho-stretch-comfort-shoes","Ortho Stretch Comfort Shoes","<p>Da cada paso con más comodidad y estilo. Ortho Stretch Comfort Shoes está diseñado para acompañarte en tu día a día con un acabado versátil que combina fácilmente con tus looks favoritos.</p>","cloudsslides.co.uk","Calzado","Calzado","Calzado, Calzado, Novedades, Selección Juanjo","TRUE","Color","Negro","Talla","36","ortho-stretch-comfort-shoes-negro-36","49.99","75.00","0","continue","","","Ortho Stretch Comfort Shoes","Da cada paso con más comodidad y estilo. Ortho Stretch Comfort Shoes está diseñado para acompañarte en tu día a día con un acabado versátil que combina fácilmente con tus looks favoritos."
"ortho-stretch-comfort-shoes","Ortho Stretch Comfort Shoes","<p>Da cada paso con más comodidad y estilo. Ortho Stretch Comfort Shoes está diseñado para acompañarte en tu día a día con un acabado versátil que combina fácilmente con tus looks favoritos.</p>","cloudsslides.co.uk","Calzado","Calzado","Calzado, Calzado, Novedades, Selección Juanjo","TRUE","Color","Negro","Talla","37","ortho-stretch-comfort-shoes-negro-37","49.99","75.00","0","continue","","","Ortho Stretch Comfort Shoes","Da cada paso con más comodidad y estilo. Ortho Stretch Comfort Shoes está diseñado para acompañarte en tu día a día con un acabado versátil que combina fácilmente con tus looks favoritos."
"ortho-stretch-comfort-shoes","Ortho Stretch Comfort Shoes","<p>Da cada paso con más comodidad y estilo. Ortho Stretch Comfort Shoes está diseñado para acompañarte en tu día a día con un acabado versátil que combina fácilmente con tus looks favoritos.</p>","cloudsslides.co.uk","Calzado","Calzado","Calzado, Calzado, Novedades, Selección Juanjo","TRUE","Color","Negro","Talla","38","ortho-stretch-comfort-shoes-negro-38","49.99","75.00","0","continue","","","Ortho Stretch Comfort Shoes","Da cada paso con más comodidad y estilo. Ortho Stretch Comfort Shoes está diseñado para acompañarte en tu día a día con un acabado versátil que combina fácilmente con tus looks favoritos."
"ortho-stretch-comfort-shoes","Ortho Stretch Comfort Shoes","<p>Da cada paso con más comodidad y estilo. Ortho Stretch Comfort Shoes está diseñado para acompañarte en tu día a día con un acabado versátil que combina fácilmente con tus looks favoritos.</p>","cloudsslides.co.uk","Calzado","Calzado","Calzado, Calzado, Novedades, Selección Juanjo","TRUE","Color","Negro","Talla","39","ortho-stretch-comfort-shoes-negro-39","49.99","75.00","0","continue","","","Ortho Stretch Comfort Shoes","Da cada paso con más comodidad y estilo. Ortho Stretch Comfort Shoes está diseñado para acompañarte en tu día a día con un acabado versátil que combina fácilmente con tus looks favoritos."
"ortho-stretch-comfort-shoes","Ortho Stretch Comfort Shoes","<p>Da cada paso con más comodidad y estilo. Ortho Stretch Comfort Shoes está diseñado para acompañarte en tu día a día con un acabado versátil que combina fácilmente con tus looks favoritos.</p>","cloudsslides.co.uk","Calzado","Calzado","Calzado, Calzado, Novedades, Selección Juanjo","TRUE","Color","Negro","Talla","40","ortho-stretch-comfort-shoes-negro-40","49.99","75.00","0","continue","","","Ortho Stretch Comfort Shoes","Da cada paso con más comodidad y estilo. Ortho Stretch Comfort Shoes está diseñado para acompañarte en tu día a día con un acabado versátil que combina fácilmente con tus looks favoritos."
"ortho-stretch-comfort-shoes","Ortho Stretch Comfort Shoes","<p>Da cada paso con más comodidad y estilo. Ortho Stretch Comfort Shoes está diseñado para acompañarte en tu día a día con un acabado versátil que combina fácilmente con tus looks favoritos.</p>","cloudsslides.co.uk","Calzado","Calzado","Calzado, Calzado, Novedades, Selección Juanjo","TRUE","Color","Negro","Talla","41","ortho-stretch-comfort-shoes-negro-41","49.99","75.00","0","continue","","","Ortho Stretch Comfort Shoes","Da cada paso con más comodidad y estilo. Ortho Stretch Comfort Shoes está diseñado para acompañarte en tu día a día con un acabado versátil que combina fácilmente con tus looks favoritos."
"ortho-stretch-comfort-shoes","Ortho Stretch Comfort Shoes","<p>Da cada paso con más comodidad y estilo. Ortho Stretch Comfort Shoes está diseñado para acompañarte en tu día a día con un acabado versátil que combina fácilmente con tus looks favoritos.</p>","cloudsslides.co.uk","Calzado","Calzado","Calzado, Calzado, Novedades, Selección Juanjo","TRUE","Color","Beige","Talla","36","ortho-stretch-comfort-shoes-beige-36","49.99","75.00","0","continue","","","Ortho Stretch Comfort Shoes","Da cada paso con más comodidad y estilo. Ortho Stretch Comfort Shoes está diseñado para acompañarte en tu día a día con un acabado versátil que combina fácilmente con tus looks favoritos."
"ortho-stretch-comfort-shoes","Ortho Stretch Comfort Shoes","<p>Da cada paso con más comodidad y estilo. Ortho Stretch Comfort Shoes está diseñado para acompañarte en tu día a día con un acabado versátil que combina fácilmente con tus looks favoritos.</p>","cloudsslides.co.uk","Calzado","Calzado","Calzado, Calzado, Novedades, Selección Juanjo","TRUE","Color","Beige","Talla","37","ortho-stretch-comfort-shoes-beige-37","49.99","75.00","0","continue","","","Ortho Stretch Comfort Shoes","Da cada paso con más comodidad y estilo. Ortho Stretch Comfort Shoes está diseñado para acompañarte en tu día a día con un acabado versátil que combina fácilmente con tus looks favoritos."
"ortho-stretch-comfort-shoes","Ortho Stretch Comfort Shoes","<p>Da cada paso con más comodidad y estilo. Ortho Stretch Comfort Shoes está diseñado para acompañarte en tu día a día con un acabado versátil que combina fácilmente con tus looks favoritos.</p>","cloudsslides.co.uk","Calzado","Calzado","Calzado, Calzado, Novedades, Selección Juanjo","TRUE","Color","Beige","Talla","38","ortho-stretch-comfort-shoes-beige-38","49.99","75.00","0","continue","","","Ortho Stretch Comfort Shoes","Da cada paso con más comodidad y estilo. Ortho Stretch Comfort Shoes está diseñado para acompañarte en tu día a día con un acabado versátil que combina fácilmente con tus looks favoritos."
"ortho-stretch-comfort-shoes","Ortho Stretch Comfort Shoes","<p>Da cada paso con más comodidad y estilo. Ortho Stretch Comfort Shoes está diseñado para acompañarte en tu día a día con un acabado versátil que combina fácilmente con tus looks favoritos.</p>","cloudsslides.co.uk","Calzado","Calzado","Calzado, Calzado, Novedades, Selección Juanjo","TRUE","Color","Beige","Talla","39","ortho-stretch-comfort-shoes-beige-39","49.99","75.00","0","continue","","","Ortho Stretch Comfort Shoes","Da cada paso con más comodidad y estilo. Ortho Stretch Comfort Shoes está diseñado para acompañarte en tu día a día con un acabado versátil que combina fácilmente con tus looks favoritos."
"ortho-stretch-comfort-shoes","Ortho Stretch Comfort Shoes","<p>Da cada paso con más comodidad y estilo. Ortho Stretch Comfort Shoes está diseñado para acompañarte en tu día a día con un acabado versátil que combina fácilmente con tus looks favoritos.</p>","cloudsslides.co.uk","Calzado","Calzado","Calzado, Calzado, Novedades, Selección Juanjo","TRUE","Color","Beige","Talla","40","ortho-stretch-comfort-shoes-beige-40","49.99","75.00","0","continue","","","Ortho Stretch Comfort Shoes","Da cada paso con más comodidad y estilo. Ortho Stretch Comfort Shoes está diseñado para acompañarte en tu día a día con un acabado versátil que combina fácilmente con tus looks favoritos."
"ortho-stretch-comfort-shoes","Ortho Stretch Comfort Shoes","<p>Da cada paso con más comodidad y estilo. Ortho Stretch Comfort Shoes está diseñado para acompañarte en tu día a día con un acabado versátil que combina fácilmente con tus looks favoritos.</p>","cloudsslides.co.uk","Calzado","Calzado","Calzado, Calzado, Novedades, Selección Juanjo","TRUE","Color","Beige","Talla","41","ortho-stretch-comfort-shoes-beige-41","49.99","75.00","0","continue","","","Ortho Stretch Comfort Shoes","Da cada paso con más comodidad y estilo. Ortho Stretch Comfort Shoes está diseñado para acompañarte en tu día a día con un acabado versátil que combina fácilmente con tus looks favoritos."
"ortho-stretch-comfort-shoes","Ortho Stretch Comfort Shoes","<p>Da cada paso con más comodidad y estilo. Ortho Stretch Comfort Shoes está diseñado para acompañarte en tu día a día con un acabado versátil que combina fácilmente con tus looks favoritos.</p>","cloudsslides.co.uk","Calzado","Calzado","Calzado, Calzado, Novedades, Selección Juanjo","TRUE","Color","Marrón","Talla","36","ortho-stretch-comfort-shoes-marron-36","49.99","75.00","0","continue","","","Ortho Stretch Comfort Shoes","Da cada paso con más comodidad y estilo. Ortho Stretch Comfort Shoes está diseñado para acompañarte en tu día a día con un acabado versátil que combina fácilmente con tus looks favoritos."
"ortho-stretch-comfort-shoes","Ortho Stretch Comfort Shoes","<p>Da cada paso con más comodidad y estilo. Ortho Stretch Comfort Shoes está diseñado para acompañarte en tu día a día con un acabado versátil que combina fácilmente con tus looks favoritos.</p>","cloudsslides.co.uk","Calzado","Calzado","Calzado, Calzado, Novedades, Selección Juanjo","TRUE","Color","Marrón","Talla","37","ortho-stretch-comfort-shoes-marron-37","49.99","75.00","0","continue","","","Ortho Stretch Comfort Shoes","Da cada paso con más comodidad y estilo. Ortho Stretch Comfort Shoes está diseñado para acompañarte en tu día a día con un acabado versátil que combina fácilmente con tus looks favoritos."
"ortho-stretch-comfort-shoes","Ortho Stretch Comfort Shoes","<p>Da cada paso con más comodidad y estilo. Ortho Stretch Comfort Shoes está diseñado para acompañarte en tu día a día con un acabado versátil que combina fácilmente con tus looks favoritos.</p>","cloudsslides.co.uk","Calzado","Calzado","Calzado, Calzado, Novedades, Selección Juanjo","TRUE","Color","Marrón","Talla","38","ortho-stretch-comfort-shoes-marron-38","49.99","75.00","0","continue","","","Ortho Stretch Comfort Shoes","Da cada paso con más comodidad y estilo. Ortho Stretch Comfort Shoes está diseñado para acompañarte en tu día a día con un acabado versátil que combina fácilmente con tus looks favoritos."
"ortho-stretch-comfort-shoes","Ortho Stretch Comfort Shoes","<p>Da cada paso con más comodidad y estilo. Ortho Stretch Comfort Shoes está diseñado para acompañarte en tu día a día con un acabado versátil que combina fácilmente con tus looks favoritos.</p>","cloudsslides.co.uk","Calzado","Calzado","Calzado, Calzado, Novedades, Selección Juanjo","TRUE","Color","Marrón","Talla","39","ortho-stretch-comfort-shoes-marron-39","49.99","75.00","0","continue","","","Ortho Stretch Comfort Shoes","Da cada paso con más comodidad y estilo. Ortho Stretch Comfort Shoes está diseñado para acompañarte en tu día a día con un acabado versátil que combina fácilmente con tus looks favoritos."
"ortho-stretch-comfort-shoes","Ortho Stretch Comfort Shoes","<p>Da cada paso con más comodidad y estilo. Ortho Stretch Comfort Shoes está diseñado para acompañarte en tu día a día con un acabado versátil que combina fácilmente con tus looks favoritos.</p>","cloudsslides.co.uk","Calzado","Calzado","Calzado, Calzado, Novedades, Selección Juanjo","TRUE","Color","Marrón","Talla","40","ortho-stretch-comfort-shoes-marron-40","49.99","75.00","0","continue","","","Ortho Stretch Comfort Shoes","Da cada paso con más comodidad y estilo. Ortho Stretch Comfort Shoes está diseñado para acompañarte en tu día a día con un acabado versátil que combina fácilmente con tus looks favoritos."
"ortho-stretch-comfort-shoes","Ortho Stretch Comfort Shoes","<p>Da cada paso con más comodidad y estilo. Ortho Stretch Comfort Shoes está diseñado para acompañarte en tu día a día con un acabado versátil que combina fácilmente con tus looks favoritos.</p>","cloudsslides.co.uk","Calzado","Calzado","Calzado, Calzado, Novedades, Selección Juanjo","TRUE","Color","Marrón","Talla","41","ortho-stretch-comfort-shoes-marron-41","49.99","75.00","0","continue","","","Ortho Stretch Comfort Shoes","Da cada paso con más comodidad y estilo. Ortho Stretch Comfort Shoes está diseñado para acompañarte en tu día a día con un acabado versátil que combina fácilmente con tus looks favoritos."
"ortho-stretch-comfort-shoes","Ortho Stretch Comfort Shoes","<p>Da cada paso con más comodidad y estilo. Ortho Stretch Comfort Shoes está diseñado para acompañarte en tu día a día con un acabado versátil que combina fácilmente con tus looks favoritos.</p>","cloudsslides.co.uk","Calzado","Calzado","Calzado, Calzado, Novedades, Selección Juanjo","TRUE","Color","Blanco","Talla","36","ortho-stretch-comfort-shoes-blanco-36","49.99","75.00","0","continue","","","Ortho Stretch Comfort Shoes","Da cada paso con más comodidad y estilo. Ortho Stretch Comfort Shoes está diseñado para acompañarte en tu día a día con un acabado versátil que combina fácilmente con tus looks favoritos."
"ortho-stretch-comfort-shoes","Ortho Stretch Comfort Shoes","<p>Da cada paso con más comodidad y estilo. Ortho Stretch Comfort Shoes está diseñado para acompañarte en tu día a día con un acabado versátil que combina fácilmente con tus looks favoritos.</p>","cloudsslides.co.uk","Calzado","Calzado","Calzado, Calzado, Novedades, Selección Juanjo","TRUE","Color","Blanco","Talla","37","ortho-stretch-comfort-shoes-blanco-37","49.99","75.00","0","continue","","","Ortho Stretch Comfort Shoes","Da cada paso con más comodidad y estilo. Ortho Stretch Comfort Shoes está diseñado para acompañarte en tu día a día con un acabado versátil que combina fácilmente con tus looks favoritos."
"ortho-stretch-comfort-shoes","Ortho Stretch Comfort Shoes","<p>Da cada paso con más comodidad y estilo. Ortho Stretch Comfort Shoes está diseñado para acompañarte en tu día a día con un acabado versátil que combina fácilmente con tus looks favoritos.</p>","cloudsslides.co.uk","Calzado","Calzado","Calzado, Calzado, Novedades, Selección Juanjo","TRUE","Color","Blanco","Talla","38","ortho-stretch-comfort-shoes-blanco-38","49.99","75.00","0","continue","","","Ortho Stretch Comfort Shoes","Da cada paso con más comodidad y estilo. Ortho Stretch Comfort Shoes está diseñado para acompañarte en tu día a día con un acabado versátil que combina fácilmente con tus looks favoritos."
"ortho-stretch-comfort-shoes","Ortho Stretch Comfort Shoes","<p>Da cada paso con más comodidad y estilo. Ortho Stretch Comfort Shoes está diseñado para acompañarte en tu día a día con un acabado versátil que combina fácilmente con tus looks favoritos.</p>","cloudsslides.co.uk","Calzado","Calzado","Calzado, Calzado, Novedades, Selección Juanjo","TRUE","Color","Blanco","Talla","39","ortho-stretch-comfort-shoes-blanco-39","49.99","75.00","0","continue","","","Ortho Stretch Comfort Shoes","Da cada paso con más comodidad y estilo. Ortho Stretch Comfort Shoes está diseñado para acompañarte en tu día a día con un acabado versátil que combina fácilmente con tus looks favoritos."
"ortho-stretch-comfort-shoes","Ortho Stretch Comfort Shoes","<p>Da cada paso con más comodidad y estilo. Ortho Stretch Comfort Shoes está diseñado para acompañarte en tu día a día con un acabado versátil que combina fácilmente con tus looks favoritos.</p>","cloudsslides.co.uk","Calzado","Calzado","Calzado, Calzado, Novedades, Selección Juanjo","TRUE","Color","Blanco","Talla","40","ortho-stretch-comfort-shoes-blanco-40","49.99","75.00","0","continue","","","Ortho Stretch Comfort Shoes","Da cada paso con más comodidad y estilo. Ortho Stretch Comfort Shoes está diseñado para acompañarte en tu día a día con un acabado versátil que combina fácilmente con tus looks favoritos."
"ortho-stretch-comfort-shoes","Ortho Stretch Comfort Shoes","<p>Da cada paso con más comodidad y estilo. Ortho Stretch Comfort Shoes está diseñado para acompañarte en tu día a día con un acabado versátil que combina fácilmente con tus looks favoritos.</p>","cloudsslides.co.uk","Calzado","Calzado","Calzado, Calzado, Novedades, Selección Juanjo","TRUE","Color","Blanco","Talla","41","ortho-stretch-comfort-shoes-blanco-41","49.99","75.00","0","continue","","","Ortho Stretch Comfort Shoes","Da cada paso con más comodidad y estilo. Ortho Stretch Comfort Shoes está diseñado para acompañarte en tu día a día con un acabado versátil que combina fácilmente con tus looks favoritos."
"solyn-barefoot-bogo","Solyn (barefoot, BOGO)","<p>Da cada paso con más comodidad y estilo. Solyn (barefoot, BOGO) está diseñado para acompañarte en tu día a día con un acabado versátil que combina fácilmente con tus looks favoritos.</p>","voyabarefoot.com","Calzado","Calzado","Calzado, Calzado, Novedades, Selección Juanjo","TRUE","Color","Negro","Talla","36","solyn-barefoot-bogo-negro-36","79.95","129.99","0","continue","","","Solyn (barefoot, BOGO)","Da cada paso con más comodidad y estilo. Solyn (barefoot, BOGO) está diseñado para acompañarte en tu día a día con un acabado versátil que combina fácilmente con tus looks favoritos."
"solyn-barefoot-bogo","Solyn (barefoot, BOGO)","<p>Da cada paso con más comodidad y estilo. Solyn (barefoot, BOGO) está diseñado para acompañarte en tu día a día con un acabado versátil que combina fácilmente con tus looks favoritos.</p>","voyabarefoot.com","Calzado","Calzado","Calzado, Calzado, Novedades, Selección Juanjo","TRUE","Color","Negro","Talla","37","solyn-barefoot-bogo-negro-37","79.95","129.99","0","continue","","","Solyn (barefoot, BOGO)","Da cada paso con más comodidad y estilo. Solyn (barefoot, BOGO) está diseñado para acompañarte en tu día a día con un acabado versátil que combina fácilmente con tus looks favoritos."
"solyn-barefoot-bogo","Solyn (barefoot, BOGO)","<p>Da cada paso con más comodidad y estilo. Solyn (barefoot, BOGO) está diseñado para acompañarte en tu día a día con un acabado versátil que combina fácilmente con tus looks favoritos.</p>","voyabarefoot.com","Calzado","Calzado","Calzado, Calzado, Novedades, Selección Juanjo","TRUE","Color","Negro","Talla","38","solyn-barefoot-bogo-negro-38","79.95","129.99","0","continue","","","Solyn (barefoot, BOGO)","Da cada paso con más comodidad y estilo. Solyn (barefoot, BOGO) está diseñado para acompañarte en tu día a día con un acabado versátil que combina fácilmente con tus looks favoritos."
"solyn-barefoot-bogo","Solyn (barefoot, BOGO)","<p>Da cada paso con más comodidad y estilo. Solyn (barefoot, BOGO) está diseñado para acompañarte en tu día a día con un acabado versátil que combina fácilmente con tus looks favoritos.</p>","voyabarefoot.com","Calzado","Calzado","Calzado, Calzado, Novedades, Selección Juanjo","TRUE","Color","Negro","Talla","39","solyn-barefoot-bogo-negro-39","79.95","129.99","0","continue","","","Solyn (barefoot, BOGO)","Da cada paso con más comodidad y estilo. Solyn (barefoot, BOGO) está diseñado para acompañarte en tu día a día con un acabado versátil que combina fácilmente con tus looks favoritos."
"solyn-barefoot-bogo","Solyn (barefoot, BOGO)","<p>Da cada paso con más comodidad y estilo. Solyn (barefoot, BOGO) está diseñado para acompañarte en tu día a día con un acabado versátil que combina fácilmente con tus looks favoritos.</p>","voyabarefoot.com","Calzado","Calzado","Calzado, Calzado, Novedades, Selección Juanjo","TRUE","Color","Negro","Talla","40","solyn-barefoot-bogo-negro-40","79.95","129.99","0","continue","","","Solyn (barefoot, BOGO)","Da cada paso con más comodidad y estilo. Solyn (barefoot, BOGO) está diseñado para acompañarte en tu día a día con un acabado versátil que combina fácilmente con tus looks favoritos."
"solyn-barefoot-bogo","Solyn (barefoot, BOGO)","<p>Da cada paso con más comodidad y estilo. Solyn (barefoot, BOGO) está diseñado para acompañarte en tu día a día con un acabado versátil que combina fácilmente con tus looks favoritos.</p>","voyabarefoot.com","Calzado","Calzado","Calzado, Calzado, Novedades, Selección Juanjo","TRUE","Color","Negro","Talla","41","solyn-barefoot-bogo-negro-41","79.95","129.99","0","continue","","","Solyn (barefoot, BOGO)","Da cada paso con más comodidad y estilo. Solyn (barefoot, BOGO) está diseñado para acompañarte en tu día a día con un acabado versátil que combina fácilmente con tus looks favoritos."
"solyn-barefoot-bogo","Solyn (barefoot, BOGO)","<p>Da cada paso con más comodidad y estilo. Solyn (barefoot, BOGO) está diseñado para acompañarte en tu día a día con un acabado versátil que combina fácilmente con tus looks favoritos.</p>","voyabarefoot.com","Calzado","Calzado","Calzado, Calzado, Novedades, Selección Juanjo","TRUE","Color","Beige","Talla","36","solyn-barefoot-bogo-beige-36","79.95","129.99","0","continue","","","Solyn (barefoot, BOGO)","Da cada paso con más comodidad y estilo. Solyn (barefoot, BOGO) está diseñado para acompañarte en tu día a día con un acabado versátil que combina fácilmente con tus looks favoritos."
"solyn-barefoot-bogo","Solyn (barefoot, BOGO)","<p>Da cada paso con más comodidad y estilo. Solyn (barefoot, BOGO) está diseñado para acompañarte en tu día a día con un acabado versátil que combina fácilmente con tus looks favoritos.</p>","voyabarefoot.com","Calzado","Calzado","Calzado, Calzado, Novedades, Selección Juanjo","TRUE","Color","Beige","Talla","37","solyn-barefoot-bogo-beige-37","79.95","129.99","0","continue","","","Solyn (barefoot, BOGO)","Da cada paso con más comodidad y estilo. Solyn (barefoot, BOGO) está diseñado para acompañarte en tu día a día con un acabado versátil que combina fácilmente con tus looks favoritos."
"solyn-barefoot-bogo","Solyn (barefoot, BOGO)","<p>Da cada paso con más comodidad y estilo. Solyn (barefoot, BOGO) está diseñado para acompañarte en tu día a día con un acabado versátil que combina fácilmente con tus looks favoritos.</p>","voyabarefoot.com","Calzado","Calzado","Calzado, Calzado, Novedades, Selección Juanjo","TRUE","Color","Beige","Talla","38","solyn-barefoot-bogo-beige-38","79.95","129.99","0","continue","","","Solyn (barefoot, BOGO)","Da cada paso con más comodidad y estilo. Solyn (barefoot, BOGO) está diseñado para acompañarte en tu día a día con un acabado versátil que combina fácilmente con tus looks favoritos."
"solyn-barefoot-bogo","Solyn (barefoot, BOGO)","<p>Da cada paso con más comodidad y estilo. Solyn (barefoot, BOGO) está diseñado para acompañarte en tu día a día con un acabado versátil que combina fácilmente con tus looks favoritos.</p>","voyabarefoot.com","Calzado","Calzado","Calzado, Calzado, Novedades, Selección Juanjo","TRUE","Color","Beige","Talla","39","solyn-barefoot-bogo-beige-39","79.95","129.99","0","continue","","","Solyn (barefoot, BOGO)","Da cada paso con más comodidad y estilo. Solyn (barefoot, BOGO) está diseñado para acompañarte en tu día a día con un acabado versátil que combina fácilmente con tus looks favoritos."
"solyn-barefoot-bogo","Solyn (barefoot, BOGO)","<p>Da cada paso con más comodidad y estilo. Solyn (barefoot, BOGO) está diseñado para acompañarte en tu día a día con un acabado versátil que combina fácilmente con tus looks favoritos.</p>","voyabarefoot.com","Calzado","Calzado","Calzado, Calzado, Novedades, Selección Juanjo","TRUE","Color","Beige","Talla","40","solyn-barefoot-bogo-beige-40","79.95","129.99","0","continue","","","Solyn (barefoot, BOGO)","Da cada paso con más comodidad y estilo. Solyn (barefoot, BOGO) está diseñado para acompañarte en tu día a día con un acabado versátil que combina fácilmente con tus looks favoritos."
"solyn-barefoot-bogo","Solyn (barefoot, BOGO)","<p>Da cada paso con más comodidad y estilo. Solyn (barefoot, BOGO) está diseñado para acompañarte en tu día a día con un acabado versátil que combina fácilmente con tus looks favoritos.</p>","voyabarefoot.com","Calzado","Calzado","Calzado, Calzado, Novedades, Selección Juanjo","TRUE","Color","Beige","Talla","41","solyn-barefoot-bogo-beige-41","79.95","129.99","0","continue","","","Solyn (barefoot, BOGO)","Da cada paso con más comodidad y estilo. Solyn (barefoot, BOGO) está diseñado para acompañarte en tu día a día con un acabado versátil que combina fácilmente con tus looks favoritos."
"solyn-barefoot-bogo","Solyn (barefoot, BOGO)","<p>Da cada paso con más comodidad y estilo. Solyn (barefoot, BOGO) está diseñado para acompañarte en tu día a día con un acabado versátil que combina fácilmente con tus looks favoritos.</p>","voyabarefoot.com","Calzado","Calzado","Calzado, Calzado, Novedades, Selección Juanjo","TRUE","Color","Marrón","Talla","36","solyn-barefoot-bogo-marron-36","79.95","129.99","0","continue","","","Solyn (barefoot, BOGO)","Da cada paso con más comodidad y estilo. Solyn (barefoot, BOGO) está diseñado para acompañarte en tu día a día con un acabado versátil que combina fácilmente con tus looks favoritos."
"solyn-barefoot-bogo","Solyn (barefoot, BOGO)","<p>Da cada paso con más comodidad y estilo. Solyn (barefoot, BOGO) está diseñado para acompañarte en tu día a día con un acabado versátil que combina fácilmente con tus looks favoritos.</p>","voyabarefoot.com","Calzado","Calzado","Calzado, Calzado, Novedades, Selección Juanjo","TRUE","Color","Marrón","Talla","37","solyn-barefoot-bogo-marron-37","79.95","129.99","0","continue","","","Solyn (barefoot, BOGO)","Da cada paso con más comodidad y estilo. Solyn (barefoot, BOGO) está diseñado para acompañarte en tu día a día con un acabado versátil que combina fácilmente con tus looks favoritos."
"solyn-barefoot-bogo","Solyn (barefoot, BOGO)","<p>Da cada paso con más comodidad y estilo. Solyn (barefoot, BOGO) está diseñado para acompañarte en tu día a día con un acabado versátil que combina fácilmente con tus looks favoritos.</p>","voyabarefoot.com","Calzado","Calzado","Calzado, Calzado, Novedades, Selección Juanjo","TRUE","Color","Marrón","Talla","38","solyn-barefoot-bogo-marron-38","79.95","129.99","0","continue","","","Solyn (barefoot, BOGO)","Da cada paso con más comodidad y estilo. Solyn (barefoot, BOGO) está diseñado para acompañarte en tu día a día con un acabado versátil que combina fácilmente con tus looks favoritos."
"solyn-barefoot-bogo","Solyn (barefoot, BOGO)","<p>Da cada paso con más comodidad y estilo. Solyn (barefoot, BOGO) está diseñado para acompañarte en tu día a día con un acabado versátil que combina fácilmente con tus looks favoritos.</p>","voyabarefoot.com","Calzado","Calzado","Calzado, Calzado, Novedades, Selección Juanjo","TRUE","Color","Marrón","Talla","39","solyn-barefoot-bogo-marron-39","79.95","129.99","0","continue","","","Solyn (barefoot, BOGO)","Da cada paso con más comodidad y estilo. Solyn (barefoot, BOGO) está diseñado para acompañarte en tu día a día con un acabado versátil que combina fácilmente con tus looks favoritos."
"solyn-barefoot-bogo","Solyn (barefoot, BOGO)","<p>Da cada paso con más comodidad y estilo. Solyn (barefoot, BOGO) está diseñado para acompañarte en tu día a día con un acabado versátil que combina fácilmente con tus looks favoritos.</p>","voyabarefoot.com","Calzado","Calzado","Calzado, Calzado, Novedades, Selección Juanjo","TRUE","Color","Marrón","Talla","40","solyn-barefoot-bogo-marron-40","79.95","129.99","0","continue","","","Solyn (barefoot, BOGO)","Da cada paso con más comodidad y estilo. Solyn (barefoot, BOGO) está diseñado para acompañarte en tu día a día con un acabado versátil que combina fácilmente con tus looks favoritos."
"solyn-barefoot-bogo","Solyn (barefoot, BOGO)","<p>Da cada paso con más comodidad y estilo. Solyn (barefoot, BOGO) está diseñado para acompañarte en tu día a día con un acabado versátil que combina fácilmente con tus looks favoritos.</p>","voyabarefoot.com","Calzado","Calzado","Calzado, Calzado, Novedades, Selección Juanjo","TRUE","Color","Marrón","Talla","41","solyn-barefoot-bogo-marron-41","79.95","129.99","0","continue","","","Solyn (barefoot, BOGO)","Da cada paso con más comodidad y estilo. Solyn (barefoot, BOGO) está diseñado para acompañarte en tu día a día con un acabado versátil que combina fácilmente con tus looks favoritos."
"solyn-barefoot-bogo","Solyn (barefoot, BOGO)","<p>Da cada paso con más comodidad y estilo. Solyn (barefoot, BOGO) está diseñado para acompañarte en tu día a día con un acabado versátil que combina fácilmente con tus looks favoritos.</p>","voyabarefoot.com","Calzado","Calzado","Calzado, Calzado, Novedades, Selección Juanjo","TRUE","Color","Blanco","Talla","36","solyn-barefoot-bogo-blanco-36","79.95","129.99","0","continue","","","Solyn (barefoot, BOGO)","Da cada paso con más comodidad y estilo. Solyn (barefoot, BOGO) está diseñado para acompañarte en tu día a día con un acabado versátil que combina fácilmente con tus looks favoritos."
"solyn-barefoot-bogo","Solyn (barefoot, BOGO)","<p>Da cada paso con más comodidad y estilo. Solyn (barefoot, BOGO) está diseñado para acompañarte en tu día a día con un acabado versátil que combina fácilmente con tus looks favoritos.</p>","voyabarefoot.com","Calzado","Calzado","Calzado, Calzado, Novedades, Selección Juanjo","TRUE","Color","Blanco","Talla","37","solyn-barefoot-bogo-blanco-37","79.95","129.99","0","continue","","","Solyn (barefoot, BOGO)","Da cada paso con más comodidad y estilo. Solyn (barefoot, BOGO) está diseñado para acompañarte en tu día a día con un acabado versátil que combina fácilmente con tus looks favoritos."
"solyn-barefoot-bogo","Solyn (barefoot, BOGO)","<p>Da cada paso con más comodidad y estilo. Solyn (barefoot, BOGO) está diseñado para acompañarte en tu día a día con un acabado versátil que combina fácilmente con tus looks favoritos.</p>","voyabarefoot.com","Calzado","Calzado","Calzado, Calzado, Novedades, Selección Juanjo","TRUE","Color","Blanco","Talla","38","solyn-barefoot-bogo-blanco-38","79.95","129.99","0","continue","","","Solyn (barefoot, BOGO)","Da cada paso con más comodidad y estilo. Solyn (barefoot, BOGO) está diseñado para acompañarte en tu día a día con un acabado versátil que combina fácilmente con tus looks favoritos."
"solyn-barefoot-bogo","Solyn (barefoot, BOGO)","<p>Da cada paso con más comodidad y estilo. Solyn (barefoot, BOGO) está diseñado para acompañarte en tu día a día con un acabado versátil que combina fácilmente con tus looks favoritos.</p>","voyabarefoot.com","Calzado","Calzado","Calzado, Calzado, Novedades, Selección Juanjo","TRUE","Color","Blanco","Talla","39","solyn-barefoot-bogo-blanco-39","79.95","129.99","0","continue","","","Solyn (barefoot, BOGO)","Da cada paso con más comodidad y estilo. Solyn (barefoot, BOGO) está diseñado para acompañarte en tu día a día con un acabado versátil que combina fácilmente con tus looks favoritos."
"solyn-barefoot-bogo","Solyn (barefoot, BOGO)","<p>Da cada paso con más comodidad y estilo. Solyn (barefoot, BOGO) está diseñado para acompañarte en tu día a día con un acabado versátil que combina fácilmente con tus looks favoritos.</p>","voyabarefoot.com","Calzado","Calzado","Calzado, Calzado, Novedades, Selección Juanjo","TRUE","Color","Blanco","Talla","40","solyn-barefoot-bogo-blanco-40","79.95","129.99","0","continue","","","Solyn (barefoot, BOGO)","Da cada paso con más comodidad y estilo. Solyn (barefoot, BOGO) está diseñado para acompañarte en tu día a día con un acabado versátil que combina fácilmente con tus looks favoritos."
"solyn-barefoot-bogo","Solyn (barefoot, BOGO)","<p>Da cada paso con más comodidad y estilo. Solyn (barefoot, BOGO) está diseñado para acompañarte en tu día a día con un acabado versátil que combina fácilmente con tus looks favoritos.</p>","voyabarefoot.com","Calzado","Calzado","Calzado, Calzado, Novedades, Selección Juanjo","TRUE","Color","Blanco","Talla","41","solyn-barefoot-bogo-blanco-41","79.95","129.99","0","continue","","","Solyn (barefoot, BOGO)","Da cada paso con más comodidad y estilo. Solyn (barefoot, BOGO) está diseñado para acompañarte en tu día a día con un acabado versátil que combina fácilmente con tus looks favoritos."
"pluffi-slippers","Pluffi Slippers","<p>Da cada paso con más comodidad y estilo. Pluffi Slippers está diseñado para acompañarte en tu día a día con un acabado versátil que combina fácilmente con tus looks favoritos.</p>","pluffi.com","Calzado","Calzado","Calzado, Calzado, Novedades, Selección Juanjo","TRUE","Color","Negro","Talla","36","pluffi-slippers-negro-36","27.00","","0","continue","","","Pluffi Slippers","Da cada paso con más comodidad y estilo. Pluffi Slippers está diseñado para acompañarte en tu día a día con un acabado versátil que combina fácilmente con tus looks favoritos."
"pluffi-slippers","Pluffi Slippers","<p>Da cada paso con más comodidad y estilo. Pluffi Slippers está diseñado para acompañarte en tu día a día con un acabado versátil que combina fácilmente con tus looks favoritos.</p>","pluffi.com","Calzado","Calzado","Calzado, Calzado, Novedades, Selección Juanjo","TRUE","Color","Negro","Talla","37","pluffi-slippers-negro-37","27.00","","0","continue","","","Pluffi Slippers","Da cada paso con más comodidad y estilo. Pluffi Slippers está diseñado para acompañarte en tu día a día con un acabado versátil que combina fácilmente con tus looks favoritos."
"pluffi-slippers","Pluffi Slippers","<p>Da cada paso con más comodidad y estilo. Pluffi Slippers está diseñado para acompañarte en tu día a día con un acabado versátil que combina fácilmente con tus looks favoritos.</p>","pluffi.com","Calzado","Calzado","Calzado, Calzado, Novedades, Selección Juanjo","TRUE","Color","Negro","Talla","38","pluffi-slippers-negro-38","27.00","","0","continue","","","Pluffi Slippers","Da cada paso con más comodidad y estilo. Pluffi Slippers está diseñado para acompañarte en tu día a día con un acabado versátil que combina fácilmente con tus looks favoritos."
"pluffi-slippers","Pluffi Slippers","<p>Da cada paso con más comodidad y estilo. Pluffi Slippers está diseñado para acompañarte en tu día a día con un acabado versátil que combina fácilmente con tus looks favoritos.</p>","pluffi.com","Calzado","Calzado","Calzado, Calzado, Novedades, Selección Juanjo","TRUE","Color","Negro","Talla","39","pluffi-slippers-negro-39","27.00","","0","continue","","","Pluffi Slippers","Da cada paso con más comodidad y estilo. Pluffi Slippers está diseñado para acompañarte en tu día a día con un acabado versátil que combina fácilmente con tus looks favoritos."
"pluffi-slippers","Pluffi Slippers","<p>Da cada paso con más comodidad y estilo. Pluffi Slippers está diseñado para acompañarte en tu día a día con un acabado versátil que combina fácilmente con tus looks favoritos.</p>","pluffi.com","Calzado","Calzado","Calzado, Calzado, Novedades, Selección Juanjo","TRUE","Color","Negro","Talla","40","pluffi-slippers-negro-40","27.00","","0","continue","","","Pluffi Slippers","Da cada paso con más comodidad y estilo. Pluffi Slippers está diseñado para acompañarte en tu día a día con un acabado versátil que combina fácilmente con tus looks favoritos."
"pluffi-slippers","Pluffi Slippers","<p>Da cada paso con más comodidad y estilo. Pluffi Slippers está diseñado para acompañarte en tu día a día con un acabado versátil que combina fácilmente con tus looks favoritos.</p>","pluffi.com","Calzado","Calzado","Calzado, Calzado, Novedades, Selección Juanjo","TRUE","Color","Negro","Talla","41","pluffi-slippers-negro-41","27.00","","0","continue","","","Pluffi Slippers","Da cada paso con más comodidad y estilo. Pluffi Slippers está diseñado para acompañarte en tu día a día con un acabado versátil que combina fácilmente con tus looks favoritos."
"pluffi-slippers","Pluffi Slippers","<p>Da cada paso con más comodidad y estilo. Pluffi Slippers está diseñado para acompañarte en tu día a día con un acabado versátil que combina fácilmente con tus looks favoritos.</p>","pluffi.com","Calzado","Calzado","Calzado, Calzado, Novedades, Selección Juanjo","TRUE","Color","Beige","Talla","36","pluffi-slippers-beige-36","27.00","","0","continue","","","Pluffi Slippers","Da cada paso con más comodidad y estilo. Pluffi Slippers está diseñado para acompañarte en tu día a día con un acabado versátil que combina fácilmente con tus looks favoritos."
"pluffi-slippers","Pluffi Slippers","<p>Da cada paso con más comodidad y estilo. Pluffi Slippers está diseñado para acompañarte en tu día a día con un acabado versátil que combina fácilmente con tus looks favoritos.</p>","pluffi.com","Calzado","Calzado","Calzado, Calzado, Novedades, Selección Juanjo","TRUE","Color","Beige","Talla","37","pluffi-slippers-beige-37","27.00","","0","continue","","","Pluffi Slippers","Da cada paso con más comodidad y estilo. Pluffi Slippers está diseñado para acompañarte en tu día a día con un acabado versátil que combina fácilmente con tus looks favoritos."
"pluffi-slippers","Pluffi Slippers","<p>Da cada paso con más comodidad y estilo. Pluffi Slippers está diseñado para acompañarte en tu día a día con un acabado versátil que combina fácilmente con tus looks favoritos.</p>","pluffi.com","Calzado","Calzado","Calzado, Calzado, Novedades, Selección Juanjo","TRUE","Color","Beige","Talla","38","pluffi-slippers-beige-38","27.00","","0","continue","","","Pluffi Slippers","Da cada paso con más comodidad y estilo. Pluffi Slippers está diseñado para acompañarte en tu día a día con un acabado versátil que combina fácilmente con tus looks favoritos."
"pluffi-slippers","Pluffi Slippers","<p>Da cada paso con más comodidad y estilo. Pluffi Slippers está diseñado para acompañarte en tu día a día con un acabado versátil que combina fácilmente con tus looks favoritos.</p>","pluffi.com","Calzado","Calzado","Calzado, Calzado, Novedades, Selección Juanjo","TRUE","Color","Beige","Talla","39","pluffi-slippers-beige-39","27.00","","0","continue","","","Pluffi Slippers","Da cada paso con más comodidad y estilo. Pluffi Slippers está diseñado para acompañarte en tu día a día con un acabado versátil que combina fácilmente con tus looks favoritos."
"pluffi-slippers","Pluffi Slippers","<p>Da cada paso con más comodidad y estilo. Pluffi Slippers está diseñado para acompañarte en tu día a día con un acabado versátil que combina fácilmente con tus looks favoritos.</p>","pluffi.com","Calzado","Calzado","Calzado, Calzado, Novedades, Selección Juanjo","TRUE","Color","Beige","Talla","40","pluffi-slippers-beige-40","27.00","","0","continue","","","Pluffi Slippers","Da cada paso con más comodidad y estilo. Pluffi Slippers está diseñado para acompañarte en tu día a día con un acabado versátil que combina fácilmente con tus looks favoritos."
"pluffi-slippers","Pluffi Slippers","<p>Da cada paso con más comodidad y estilo. Pluffi Slippers está diseñado para acompañarte en tu día a día con un acabado versátil que combina fácilmente con tus looks favoritos.</p>","pluffi.com","Calzado","Calzado","Calzado, Calzado, Novedades, Selección Juanjo","TRUE","Color","Beige","Talla","41","pluffi-slippers-beige-41","27.00","","0","continue","","","Pluffi Slippers","Da cada paso con más comodidad y estilo. Pluffi Slippers está diseñado para acompañarte en tu día a día con un acabado versátil que combina fácilmente con tus looks favoritos."
"pluffi-slippers","Pluffi Slippers","<p>Da cada paso con más comodidad y estilo. Pluffi Slippers está diseñado para acompañarte en tu día a día con un acabado versátil que combina fácilmente con tus looks favoritos.</p>","pluffi.com","Calzado","Calzado","Calzado, Calzado, Novedades, Selección Juanjo","TRUE","Color","Marrón","Talla","36","pluffi-slippers-marron-36","27.00","","0","continue","","","Pluffi Slippers","Da cada paso con más comodidad y estilo. Pluffi Slippers está diseñado para acompañarte en tu día a día con un acabado versátil que combina fácilmente con tus looks favoritos."
"pluffi-slippers","Pluffi Slippers","<p>Da cada paso con más comodidad y estilo. Pluffi Slippers está diseñado para acompañarte en tu día a día con un acabado versátil que combina fácilmente con tus looks favoritos.</p>","pluffi.com","Calzado","Calzado","Calzado, Calzado, Novedades, Selección Juanjo","TRUE","Color","Marrón","Talla","37","pluffi-slippers-marron-37","27.00","","0","continue","","","Pluffi Slippers","Da cada paso con más comodidad y estilo. Pluffi Slippers está diseñado para acompañarte en tu día a día con un acabado versátil que combina fácilmente con tus looks favoritos."
"pluffi-slippers","Pluffi Slippers","<p>Da cada paso con más comodidad y estilo. Pluffi Slippers está diseñado para acompañarte en tu día a día con un acabado versátil que combina fácilmente con tus looks favoritos.</p>","pluffi.com","Calzado","Calzado","Calzado, Calzado, Novedades, Selección Juanjo","TRUE","Color","Marrón","Talla","38","pluffi-slippers-marron-38","27.00","","0","continue","","","Pluffi Slippers","Da cada paso con más comodidad y estilo. Pluffi Slippers está diseñado para acompañarte en tu día a día con un acabado versátil que combina fácilmente con tus looks favoritos."
"pluffi-slippers","Pluffi Slippers","<p>Da cada paso con más comodidad y estilo. Pluffi Slippers está diseñado para acompañarte en tu día a día con un acabado versátil que combina fácilmente con tus looks favoritos.</p>","pluffi.com","Calzado","Calzado","Calzado, Calzado, Novedades, Selección Juanjo","TRUE","Color","Marrón","Talla","39","pluffi-slippers-marron-39","27.00","","0","continue","","","Pluffi Slippers","Da cada paso con más comodidad y estilo. Pluffi Slippers está diseñado para acompañarte en tu día a día con un acabado versátil que combina fácilmente con tus looks favoritos."
"pluffi-slippers","Pluffi Slippers","<p>Da cada paso con más comodidad y estilo. Pluffi Slippers está diseñado para acompañarte en tu día a día con un acabado versátil que combina fácilmente con tus looks favoritos.</p>","pluffi.com","Calzado","Calzado","Calzado, Calzado, Novedades, Selección Juanjo","TRUE","Color","Marrón","Talla","40","pluffi-slippers-marron-40","27.00","","0","continue","","","Pluffi Slippers","Da cada paso con más comodidad y estilo. Pluffi Slippers está diseñado para acompañarte en tu día a día con un acabado versátil que combina fácilmente con tus looks favoritos."
"pluffi-slippers","Pluffi Slippers","<p>Da cada paso con más comodidad y estilo. Pluffi Slippers está diseñado para acompañarte en tu día a día con un acabado versátil que combina fácilmente con tus looks favoritos.</p>","pluffi.com","Calzado","Calzado","Calzado, Calzado, Novedades, Selección Juanjo","TRUE","Color","Marrón","Talla","41","pluffi-slippers-marron-41","27.00","","0","continue","","","Pluffi Slippers","Da cada paso con más comodidad y estilo. Pluffi Slippers está diseñado para acompañarte en tu día a día con un acabado versátil que combina fácilmente con tus looks favoritos."
"pluffi-slippers","Pluffi Slippers","<p>Da cada paso con más comodidad y estilo. Pluffi Slippers está diseñado para acompañarte en tu día a día con un acabado versátil que combina fácilmente con tus looks favoritos.</p>","pluffi.com","Calzado","Calzado","Calzado, Calzado, Novedades, Selección Juanjo","TRUE","Color","Blanco","Talla","36","pluffi-slippers-blanco-36","27.00","","0","continue","","","Pluffi Slippers","Da cada paso con más comodidad y estilo. Pluffi Slippers está diseñado para acompañarte en tu día a día con un acabado versátil que combina fácilmente con tus looks favoritos."
"pluffi-slippers","Pluffi Slippers","<p>Da cada paso con más comodidad y estilo. Pluffi Slippers está diseñado para acompañarte en tu día a día con un acabado versátil que combina fácilmente con tus looks favoritos.</p>","pluffi.com","Calzado","Calzado","Calzado, Calzado, Novedades, Selección Juanjo","TRUE","Color","Blanco","Talla","37","pluffi-slippers-blanco-37","27.00","","0","continue","","","Pluffi Slippers","Da cada paso con más comodidad y estilo. Pluffi Slippers está diseñado para acompañarte en tu día a día con un acabado versátil que combina fácilmente con tus looks favoritos."
"pluffi-slippers","Pluffi Slippers","<p>Da cada paso con más comodidad y estilo. Pluffi Slippers está diseñado para acompañarte en tu día a día con un acabado versátil que combina fácilmente con tus looks favoritos.</p>","pluffi.com","Calzado","Calzado","Calzado, Calzado, Novedades, Selección Juanjo","TRUE","Color","Blanco","Talla","38","pluffi-slippers-blanco-38","27.00","","0","continue","","","Pluffi Slippers","Da cada paso con más comodidad y estilo. Pluffi Slippers está diseñado para acompañarte en tu día a día con un acabado versátil que combina fácilmente con tus looks favoritos."
"pluffi-slippers","Pluffi Slippers","<p>Da cada paso con más comodidad y estilo. Pluffi Slippers está diseñado para acompañarte en tu día a día con un acabado versátil que combina fácilmente con tus looks favoritos.</p>","pluffi.com","Calzado","Calzado","Calzado, Calzado, Novedades, Selección Juanjo","TRUE","Color","Blanco","Talla","39","pluffi-slippers-blanco-39","27.00","","0","continue","","","Pluffi Slippers","Da cada paso con más comodidad y estilo. Pluffi Slippers está diseñado para acompañarte en tu día a día con un acabado versátil que combina fácilmente con tus looks favoritos."
"pluffi-slippers","Pluffi Slippers","<p>Da cada paso con más comodidad y estilo. Pluffi Slippers está diseñado para acompañarte en tu día a día con un acabado versátil que combina fácilmente con tus looks favoritos.</p>","pluffi.com","Calzado","Calzado","Calzado, Calzado, Novedades, Selección Juanjo","TRUE","Color","Blanco","Talla","40","pluffi-slippers-blanco-40","27.00","","0","continue","","","Pluffi Slippers","Da cada paso con más comodidad y estilo. Pluffi Slippers está diseñado para acompañarte en tu día a día con un acabado versátil que combina fácilmente con tus looks favoritos."
"pluffi-slippers","Pluffi Slippers","<p>Da cada paso con más comodidad y estilo. Pluffi Slippers está diseñado para acompañarte en tu día a día con un acabado versátil que combina fácilmente con tus looks favoritos.</p>","pluffi.com","Calzado","Calzado","Calzado, Calzado, Novedades, Selección Juanjo","TRUE","Color","Blanco","Talla","41","pluffi-slippers-blanco-41","27.00","","0","continue","","","Pluffi Slippers","Da cada paso con más comodidad y estilo. Pluffi Slippers está diseñado para acompañarte en tu día a día con un acabado versátil que combina fácilmente con tus looks favoritos."
"thick-soled-cushioned-casual-sandals","Thick-Soled Cushioned Casual Sandals","<p>Da cada paso con más comodidad y estilo. Thick-Soled Cushioned Casual Sandals está diseñado para acompañarte en tu día a día con un acabado versátil que combina fácilmente con tus looks favoritos.</p>","belksale.com","Calzado","Calzado","Calzado, Calzado, Novedades, Selección Juanjo","TRUE","Color","Negro","Talla","36","thick-soled-cushioned-casual-sandals-negro-36","0.00","","0","continue","","","Thick-Soled Cushioned Casual Sandals","Da cada paso con más comodidad y estilo. Thick-Soled Cushioned Casual Sandals está diseñado para acompañarte en tu día a día con un acabado versátil que combina fácilmente con tus looks favoritos."
"thick-soled-cushioned-casual-sandals","Thick-Soled Cushioned Casual Sandals","<p>Da cada paso con más comodidad y estilo. Thick-Soled Cushioned Casual Sandals está diseñado para acompañarte en tu día a día con un acabado versátil que combina fácilmente con tus looks favoritos.</p>","belksale.com","Calzado","Calzado","Calzado, Calzado, Novedades, Selección Juanjo","TRUE","Color","Negro","Talla","37","thick-soled-cushioned-casual-sandals-negro-37","0.00","","0","continue","","","Thick-Soled Cushioned Casual Sandals","Da cada paso con más comodidad y estilo. Thick-Soled Cushioned Casual Sandals está diseñado para acompañarte en tu día a día con un acabado versátil que combina fácilmente con tus looks favoritos."
"thick-soled-cushioned-casual-sandals","Thick-Soled Cushioned Casual Sandals","<p>Da cada paso con más comodidad y estilo. Thick-Soled Cushioned Casual Sandals está diseñado para acompañarte en tu día a día con un acabado versátil que combina fácilmente con tus looks favoritos.</p>","belksale.com","Calzado","Calzado","Calzado, Calzado, Novedades, Selección Juanjo","TRUE","Color","Negro","Talla","38","thick-soled-cushioned-casual-sandals-negro-38","0.00","","0","continue","","","Thick-Soled Cushioned Casual Sandals","Da cada paso con más comodidad y estilo. Thick-Soled Cushioned Casual Sandals está diseñado para acompañarte en tu día a día con un acabado versátil que combina fácilmente con tus looks favoritos."
"thick-soled-cushioned-casual-sandals","Thick-Soled Cushioned Casual Sandals","<p>Da cada paso con más comodidad y estilo. Thick-Soled Cushioned Casual Sandals está diseñado para acompañarte en tu día a día con un acabado versátil que combina fácilmente con tus looks favoritos.</p>","belksale.com","Calzado","Calzado","Calzado, Calzado, Novedades, Selección Juanjo","TRUE","Color","Negro","Talla","39","thick-soled-cushioned-casual-sandals-negro-39","0.00","","0","continue","","","Thick-Soled Cushioned Casual Sandals","Da cada paso con más comodidad y estilo. Thick-Soled Cushioned Casual Sandals está diseñado para acompañarte en tu día a día con un acabado versátil que combina fácilmente con tus looks favoritos."
"thick-soled-cushioned-casual-sandals","Thick-Soled Cushioned Casual Sandals","<p>Da cada paso con más comodidad y estilo. Thick-Soled Cushioned Casual Sandals está diseñado para acompañarte en tu día a día con un acabado versátil que combina fácilmente con tus looks favoritos.</p>","belksale.com","Calzado","Calzado","Calzado, Calzado, Novedades, Selección Juanjo","TRUE","Color","Negro","Talla","40","thick-soled-cushioned-casual-sandals-negro-40","0.00","","0","continue","","","Thick-Soled Cushioned Casual Sandals","Da cada paso con más comodidad y estilo. Thick-Soled Cushioned Casual Sandals está diseñado para acompañarte en tu día a día con un acabado versátil que combina fácilmente con tus looks favoritos."
"thick-soled-cushioned-casual-sandals","Thick-Soled Cushioned Casual Sandals","<p>Da cada paso con más comodidad y estilo. Thick-Soled Cushioned Casual Sandals está diseñado para acompañarte en tu día a día con un acabado versátil que combina fácilmente con tus looks favoritos.</p>","belksale.com","Calzado","Calzado","Calzado, Calzado, Novedades, Selección Juanjo","TRUE","Color","Negro","Talla","41","thick-soled-cushioned-casual-sandals-negro-41","0.00","","0","continue","","","Thick-Soled Cushioned Casual Sandals","Da cada paso con más comodidad y estilo. Thick-Soled Cushioned Casual Sandals está diseñado para acompañarte en tu día a día con un acabado versátil que combina fácilmente con tus looks favoritos."
"thick-soled-cushioned-casual-sandals","Thick-Soled Cushioned Casual Sandals","<p>Da cada paso con más comodidad y estilo. Thick-Soled Cushioned Casual Sandals está diseñado para acompañarte en tu día a día con un acabado versátil que combina fácilmente con tus looks favoritos.</p>","belksale.com","Calzado","Calzado","Calzado, Calzado, Novedades, Selección Juanjo","TRUE","Color","Beige","Talla","36","thick-soled-cushioned-casual-sandals-beige-36","0.00","","0","continue","","","Thick-Soled Cushioned Casual Sandals","Da cada paso con más comodidad y estilo. Thick-Soled Cushioned Casual Sandals está diseñado para acompañarte en tu día a día con un acabado versátil que combina fácilmente con tus looks favoritos."
"thick-soled-cushioned-casual-sandals","Thick-Soled Cushioned Casual Sandals","<p>Da cada paso con más comodidad y estilo. Thick-Soled Cushioned Casual Sandals está diseñado para acompañarte en tu día a día con un acabado versátil que combina fácilmente con tus looks favoritos.</p>","belksale.com","Calzado","Calzado","Calzado, Calzado, Novedades, Selección Juanjo","TRUE","Color","Beige","Talla","37","thick-soled-cushioned-casual-sandals-beige-37","0.00","","0","continue","","","Thick-Soled Cushioned Casual Sandals","Da cada paso con más comodidad y estilo. Thick-Soled Cushioned Casual Sandals está diseñado para acompañarte en tu día a día con un acabado versátil que combina fácilmente con tus looks favoritos."
"thick-soled-cushioned-casual-sandals","Thick-Soled Cushioned Casual Sandals","<p>Da cada paso con más comodidad y estilo. Thick-Soled Cushioned Casual Sandals está diseñado para acompañarte en tu día a día con un acabado versátil que combina fácilmente con tus looks favoritos.</p>","belksale.com","Calzado","Calzado","Calzado, Calzado, Novedades, Selección Juanjo","TRUE","Color","Beige","Talla","38","thick-soled-cushioned-casual-sandals-beige-38","0.00","","0","continue","","","Thick-Soled Cushioned Casual Sandals","Da cada paso con más comodidad y estilo. Thick-Soled Cushioned Casual Sandals está diseñado para acompañarte en tu día a día con un acabado versátil que combina fácilmente con tus looks favoritos."
"thick-soled-cushioned-casual-sandals","Thick-Soled Cushioned Casual Sandals","<p>Da cada paso con más comodidad y estilo. Thick-Soled Cushioned Casual Sandals está diseñado para acompañarte en tu día a día con un acabado versátil que combina fácilmente con tus looks favoritos.</p>","belksale.com","Calzado","Calzado","Calzado, Calzado, Novedades, Selección Juanjo","TRUE","Color","Beige","Talla","39","thick-soled-cushioned-casual-sandals-beige-39","0.00","","0","continue","","","Thick-Soled Cushioned Casual Sandals","Da cada paso con más comodidad y estilo. Thick-Soled Cushioned Casual Sandals está diseñado para acompañarte en tu día a día con un acabado versátil que combina fácilmente con tus looks favoritos."
"thick-soled-cushioned-casual-sandals","Thick-Soled Cushioned Casual Sandals","<p>Da cada paso con más comodidad y estilo. Thick-Soled Cushioned Casual Sandals está diseñado para acompañarte en tu día a día con un acabado versátil que combina fácilmente con tus looks favoritos.</p>","belksale.com","Calzado","Calzado","Calzado, Calzado, Novedades, Selección Juanjo","TRUE","Color","Beige","Talla","40","thick-soled-cushioned-casual-sandals-beige-40","0.00","","0","continue","","","Thick-Soled Cushioned Casual Sandals","Da cada paso con más comodidad y estilo. Thick-Soled Cushioned Casual Sandals está diseñado para acompañarte en tu día a día con un acabado versátil que combina fácilmente con tus looks favoritos."
"thick-soled-cushioned-casual-sandals","Thick-Soled Cushioned Casual Sandals","<p>Da cada paso con más comodidad y estilo. Thick-Soled Cushioned Casual Sandals está diseñado para acompañarte en tu día a día con un acabado versátil que combina fácilmente con tus looks favoritos.</p>","belksale.com","Calzado","Calzado","Calzado, Calzado, Novedades, Selección Juanjo","TRUE","Color","Beige","Talla","41","thick-soled-cushioned-casual-sandals-beige-41","0.00","","0","continue","","","Thick-Soled Cushioned Casual Sandals","Da cada paso con más comodidad y estilo. Thick-Soled Cushioned Casual Sandals está diseñado para acompañarte en tu día a día con un acabado versátil que combina fácilmente con tus looks favoritos."
"thick-soled-cushioned-casual-sandals","Thick-Soled Cushioned Casual Sandals","<p>Da cada paso con más comodidad y estilo. Thick-Soled Cushioned Casual Sandals está diseñado para acompañarte en tu día a día con un acabado versátil que combina fácilmente con tus looks favoritos.</p>","belksale.com","Calzado","Calzado","Calzado, Calzado, Novedades, Selección Juanjo","TRUE","Color","Marrón","Talla","36","thick-soled-cushioned-casual-sandals-marron-36","0.00","","0","continue","","","Thick-Soled Cushioned Casual Sandals","Da cada paso con más comodidad y estilo. Thick-Soled Cushioned Casual Sandals está diseñado para acompañarte en tu día a día con un acabado versátil que combina fácilmente con tus looks favoritos."
"thick-soled-cushioned-casual-sandals","Thick-Soled Cushioned Casual Sandals","<p>Da cada paso con más comodidad y estilo. Thick-Soled Cushioned Casual Sandals está diseñado para acompañarte en tu día a día con un acabado versátil que combina fácilmente con tus looks favoritos.</p>","belksale.com","Calzado","Calzado","Calzado, Calzado, Novedades, Selección Juanjo","TRUE","Color","Marrón","Talla","37","thick-soled-cushioned-casual-sandals-marron-37","0.00","","0","continue","","","Thick-Soled Cushioned Casual Sandals","Da cada paso con más comodidad y estilo. Thick-Soled Cushioned Casual Sandals está diseñado para acompañarte en tu día a día con un acabado versátil que combina fácilmente con tus looks favoritos."
"thick-soled-cushioned-casual-sandals","Thick-Soled Cushioned Casual Sandals","<p>Da cada paso con más comodidad y estilo. Thick-Soled Cushioned Casual Sandals está diseñado para acompañarte en tu día a día con un acabado versátil que combina fácilmente con tus looks favoritos.</p>","belksale.com","Calzado","Calzado","Calzado, Calzado, Novedades, Selección Juanjo","TRUE","Color","Marrón","Talla","38","thick-soled-cushioned-casual-sandals-marron-38","0.00","","0","continue","","","Thick-Soled Cushioned Casual Sandals","Da cada paso con más comodidad y estilo. Thick-Soled Cushioned Casual Sandals está diseñado para acompañarte en tu día a día con un acabado versátil que combina fácilmente con tus looks favoritos."
"thick-soled-cushioned-casual-sandals","Thick-Soled Cushioned Casual Sandals","<p>Da cada paso con más comodidad y estilo. Thick-Soled Cushioned Casual Sandals está diseñado para acompañarte en tu día a día con un acabado versátil que combina fácilmente con tus looks favoritos.</p>","belksale.com","Calzado","Calzado","Calzado, Calzado, Novedades, Selección Juanjo","TRUE","Color","Marrón","Talla","39","thick-soled-cushioned-casual-sandals-marron-39","0.00","","0","continue","","","Thick-Soled Cushioned Casual Sandals","Da cada paso con más comodidad y estilo. Thick-Soled Cushioned Casual Sandals está diseñado para acompañarte en tu día a día con un acabado versátil que combina fácilmente con tus looks favoritos."
"thick-soled-cushioned-casual-sandals","Thick-Soled Cushioned Casual Sandals","<p>Da cada paso con más comodidad y estilo. Thick-Soled Cushioned Casual Sandals está diseñado para acompañarte en tu día a día con un acabado versátil que combina fácilmente con tus looks favoritos.</p>","belksale.com","Calzado","Calzado","Calzado, Calzado, Novedades, Selección Juanjo","TRUE","Color","Marrón","Talla","40","thick-soled-cushioned-casual-sandals-marron-40","0.00","","0","continue","","","Thick-Soled Cushioned Casual Sandals","Da cada paso con más comodidad y estilo. Thick-Soled Cushioned Casual Sandals está diseñado para acompañarte en tu día a día con un acabado versátil que combina fácilmente con tus looks favoritos."
"thick-soled-cushioned-casual-sandals","Thick-Soled Cushioned Casual Sandals","<p>Da cada paso con más comodidad y estilo. Thick-Soled Cushioned Casual Sandals está diseñado para acompañarte en tu día a día con un acabado versátil que combina fácilmente con tus looks favoritos.</p>","belksale.com","Calzado","Calzado","Calzado, Calzado, Novedades, Selección Juanjo","TRUE","Color","Marrón","Talla","41","thick-soled-cushioned-casual-sandals-marron-41","0.00","","0","continue","","","Thick-Soled Cushioned Casual Sandals","Da cada paso con más comodidad y estilo. Thick-Soled Cushioned Casual Sandals está diseñado para acompañarte en tu día a día con un acabado versátil que combina fácilmente con tus looks favoritos."
"thick-soled-cushioned-casual-sandals","Thick-Soled Cushioned Casual Sandals","<p>Da cada paso con más comodidad y estilo. Thick-Soled Cushioned Casual Sandals está diseñado para acompañarte en tu día a día con un acabado versátil que combina fácilmente con tus looks favoritos.</p>","belksale.com","Calzado","Calzado","Calzado, Calzado, Novedades, Selección Juanjo","TRUE","Color","Blanco","Talla","36","thick-soled-cushioned-casual-sandals-blanco-36","0.00","","0","continue","","","Thick-Soled Cushioned Casual Sandals","Da cada paso con más comodidad y estilo. Thick-Soled Cushioned Casual Sandals está diseñado para acompañarte en tu día a día con un acabado versátil que combina fácilmente con tus looks favoritos."
"thick-soled-cushioned-casual-sandals","Thick-Soled Cushioned Casual Sandals","<p>Da cada paso con más comodidad y estilo. Thick-Soled Cushioned Casual Sandals está diseñado para acompañarte en tu día a día con un acabado versátil que combina fácilmente con tus looks favoritos.</p>","belksale.com","Calzado","Calzado","Calzado, Calzado, Novedades, Selección Juanjo","TRUE","Color","Blanco","Talla","37","thick-soled-cushioned-casual-sandals-blanco-37","0.00","","0","continue","","","Thick-Soled Cushioned Casual Sandals","Da cada paso con más comodidad y estilo. Thick-Soled Cushioned Casual Sandals está diseñado para acompañarte en tu día a día con un acabado versátil que combina fácilmente con tus looks favoritos."
"thick-soled-cushioned-casual-sandals","Thick-Soled Cushioned Casual Sandals","<p>Da cada paso con más comodidad y estilo. Thick-Soled Cushioned Casual Sandals está diseñado para acompañarte en tu día a día con un acabado versátil que combina fácilmente con tus looks favoritos.</p>","belksale.com","Calzado","Calzado","Calzado, Calzado, Novedades, Selección Juanjo","TRUE","Color","Blanco","Talla","38","thick-soled-cushioned-casual-sandals-blanco-38","0.00","","0","continue","","","Thick-Soled Cushioned Casual Sandals","Da cada paso con más comodidad y estilo. Thick-Soled Cushioned Casual Sandals está diseñado para acompañarte en tu día a día con un acabado versátil que combina fácilmente con tus looks favoritos."
"thick-soled-cushioned-casual-sandals","Thick-Soled Cushioned Casual Sandals","<p>Da cada paso con más comodidad y estilo. Thick-Soled Cushioned Casual Sandals está diseñado para acompañarte en tu día a día con un acabado versátil que combina fácilmente con tus looks favoritos.</p>","belksale.com","Calzado","Calzado","Calzado, Calzado, Novedades, Selección Juanjo","TRUE","Color","Blanco","Talla","39","thick-soled-cushioned-casual-sandals-blanco-39","0.00","","0","continue","","","Thick-Soled Cushioned Casual Sandals","Da cada paso con más comodidad y estilo. Thick-Soled Cushioned Casual Sandals está diseñado para acompañarte en tu día a día con un acabado versátil que combina fácilmente con tus looks favoritos."
"thick-soled-cushioned-casual-sandals","Thick-Soled Cushioned Casual Sandals","<p>Da cada paso con más comodidad y estilo. Thick-Soled Cushioned Casual Sandals está diseñado para acompañarte en tu día a día con un acabado versátil que combina fácilmente con tus looks favoritos.</p>","belksale.com","Calzado","Calzado","Calzado, Calzado, Novedades, Selección Juanjo","TRUE","Color","Blanco","Talla","40","thick-soled-cushioned-casual-sandals-blanco-40","0.00","","0","continue","","","Thick-Soled Cushioned Casual Sandals","Da cada paso con más comodidad y estilo. Thick-Soled Cushioned Casual Sandals está diseñado para acompañarte en tu día a día con un acabado versátil que combina fácilmente con tus looks favoritos."
"thick-soled-cushioned-casual-sandals","Thick-Soled Cushioned Casual Sandals","<p>Da cada paso con más comodidad y estilo. Thick-Soled Cushioned Casual Sandals está diseñado para acompañarte en tu día a día con un acabado versátil que combina fácilmente con tus looks favoritos.</p>","belksale.com","Calzado","Calzado","Calzado, Calzado, Novedades, Selección Juanjo","TRUE","Color","Blanco","Talla","41","thick-soled-cushioned-casual-sandals-blanco-41","0.00","","0","continue","","","Thick-Soled Cushioned Casual Sandals","Da cada paso con más comodidad y estilo. Thick-Soled Cushioned Casual Sandals está diseñado para acompañarte en tu día a día con un acabado versátil que combina fácilmente con tus looks favoritos."
"orthopaedic-slip-on-shoes-for-women","Orthopaedic Slip-On Shoes for Women","<p>Da cada paso con más comodidad y estilo. Orthopaedic Slip-On Shoes for Women está diseñado para acompañarte en tu día a día con un acabado versátil que combina fácilmente con tus looks favoritos.</p>","belksale.com","Calzado","Calzado","Calzado, Calzado, Novedades, Selección Juanjo","TRUE","Color","Negro","Talla","36","orthopaedic-slip-on-shoes-for-women-negro-36","0.00","","0","continue","","","Orthopaedic Slip-On Shoes for Women","Da cada paso con más comodidad y estilo. Orthopaedic Slip-On Shoes for Women está diseñado para acompañarte en tu día a día con un acabado versátil que combina fácilmente con tus looks favoritos."
"orthopaedic-slip-on-shoes-for-women","Orthopaedic Slip-On Shoes for Women","<p>Da cada paso con más comodidad y estilo. Orthopaedic Slip-On Shoes for Women está diseñado para acompañarte en tu día a día con un acabado versátil que combina fácilmente con tus looks favoritos.</p>","belksale.com","Calzado","Calzado","Calzado, Calzado, Novedades, Selección Juanjo","TRUE","Color","Negro","Talla","37","orthopaedic-slip-on-shoes-for-women-negro-37","0.00","","0","continue","","","Orthopaedic Slip-On Shoes for Women","Da cada paso con más comodidad y estilo. Orthopaedic Slip-On Shoes for Women está diseñado para acompañarte en tu día a día con un acabado versátil que combina fácilmente con tus looks favoritos."
"orthopaedic-slip-on-shoes-for-women","Orthopaedic Slip-On Shoes for Women","<p>Da cada paso con más comodidad y estilo. Orthopaedic Slip-On Shoes for Women está diseñado para acompañarte en tu día a día con un acabado versátil que combina fácilmente con tus looks favoritos.</p>","belksale.com","Calzado","Calzado","Calzado, Calzado, Novedades, Selección Juanjo","TRUE","Color","Negro","Talla","38","orthopaedic-slip-on-shoes-for-women-negro-38","0.00","","0","continue","","","Orthopaedic Slip-On Shoes for Women","Da cada paso con más comodidad y estilo. Orthopaedic Slip-On Shoes for Women está diseñado para acompañarte en tu día a día con un acabado versátil que combina fácilmente con tus looks favoritos."
"orthopaedic-slip-on-shoes-for-women","Orthopaedic Slip-On Shoes for Women","<p>Da cada paso con más comodidad y estilo. Orthopaedic Slip-On Shoes for Women está diseñado para acompañarte en tu día a día con un acabado versátil que combina fácilmente con tus looks favoritos.</p>","belksale.com","Calzado","Calzado","Calzado, Calzado, Novedades, Selección Juanjo","TRUE","Color","Negro","Talla","39","orthopaedic-slip-on-shoes-for-women-negro-39","0.00","","0","continue","","","Orthopaedic Slip-On Shoes for Women","Da cada paso con más comodidad y estilo. Orthopaedic Slip-On Shoes for Women está diseñado para acompañarte en tu día a día con un acabado versátil que combina fácilmente con tus looks favoritos."
"orthopaedic-slip-on-shoes-for-women","Orthopaedic Slip-On Shoes for Women","<p>Da cada paso con más comodidad y estilo. Orthopaedic Slip-On Shoes for Women está diseñado para acompañarte en tu día a día con un acabado versátil que combina fácilmente con tus looks favoritos.</p>","belksale.com","Calzado","Calzado","Calzado, Calzado, Novedades, Selección Juanjo","TRUE","Color","Negro","Talla","40","orthopaedic-slip-on-shoes-for-women-negro-40","0.00","","0","continue","","","Orthopaedic Slip-On Shoes for Women","Da cada paso con más comodidad y estilo. Orthopaedic Slip-On Shoes for Women está diseñado para acompañarte en tu día a día con un acabado versátil que combina fácilmente con tus looks favoritos."
"orthopaedic-slip-on-shoes-for-women","Orthopaedic Slip-On Shoes for Women","<p>Da cada paso con más comodidad y estilo. Orthopaedic Slip-On Shoes for Women está diseñado para acompañarte en tu día a día con un acabado versátil que combina fácilmente con tus looks favoritos.</p>","belksale.com","Calzado","Calzado","Calzado, Calzado, Novedades, Selección Juanjo","TRUE","Color","Negro","Talla","41","orthopaedic-slip-on-shoes-for-women-negro-41","0.00","","0","continue","","","Orthopaedic Slip-On Shoes for Women","Da cada paso con más comodidad y estilo. Orthopaedic Slip-On Shoes for Women está diseñado para acompañarte en tu día a día con un acabado versátil que combina fácilmente con tus looks favoritos."
"orthopaedic-slip-on-shoes-for-women","Orthopaedic Slip-On Shoes for Women","<p>Da cada paso con más comodidad y estilo. Orthopaedic Slip-On Shoes for Women está diseñado para acompañarte en tu día a día con un acabado versátil que combina fácilmente con tus looks favoritos.</p>","belksale.com","Calzado","Calzado","Calzado, Calzado, Novedades, Selección Juanjo","TRUE","Color","Beige","Talla","36","orthopaedic-slip-on-shoes-for-women-beige-36","0.00","","0","continue","","","Orthopaedic Slip-On Shoes for Women","Da cada paso con más comodidad y estilo. Orthopaedic Slip-On Shoes for Women está diseñado para acompañarte en tu día a día con un acabado versátil que combina fácilmente con tus looks favoritos."
"orthopaedic-slip-on-shoes-for-women","Orthopaedic Slip-On Shoes for Women","<p>Da cada paso con más comodidad y estilo. Orthopaedic Slip-On Shoes for Women está diseñado para acompañarte en tu día a día con un acabado versátil que combina fácilmente con tus looks favoritos.</p>","belksale.com","Calzado","Calzado","Calzado, Calzado, Novedades, Selección Juanjo","TRUE","Color","Beige","Talla","37","orthopaedic-slip-on-shoes-for-women-beige-37","0.00","","0","continue","","","Orthopaedic Slip-On Shoes for Women","Da cada paso con más comodidad y estilo. Orthopaedic Slip-On Shoes for Women está diseñado para acompañarte en tu día a día con un acabado versátil que combina fácilmente con tus looks favoritos."
"orthopaedic-slip-on-shoes-for-women","Orthopaedic Slip-On Shoes for Women","<p>Da cada paso con más comodidad y estilo. Orthopaedic Slip-On Shoes for Women está diseñado para acompañarte en tu día a día con un acabado versátil que combina fácilmente con tus looks favoritos.</p>","belksale.com","Calzado","Calzado","Calzado, Calzado, Novedades, Selección Juanjo","TRUE","Color","Beige","Talla","38","orthopaedic-slip-on-shoes-for-women-beige-38","0.00","","0","continue","","","Orthopaedic Slip-On Shoes for Women","Da cada paso con más comodidad y estilo. Orthopaedic Slip-On Shoes for Women está diseñado para acompañarte en tu día a día con un acabado versátil que combina fácilmente con tus looks favoritos."
"orthopaedic-slip-on-shoes-for-women","Orthopaedic Slip-On Shoes for Women","<p>Da cada paso con más comodidad y estilo. Orthopaedic Slip-On Shoes for Women está diseñado para acompañarte en tu día a día con un acabado versátil que combina fácilmente con tus looks favoritos.</p>","belksale.com","Calzado","Calzado","Calzado, Calzado, Novedades, Selección Juanjo","TRUE","Color","Beige","Talla","39","orthopaedic-slip-on-shoes-for-women-beige-39","0.00","","0","continue","","","Orthopaedic Slip-On Shoes for Women","Da cada paso con más comodidad y estilo. Orthopaedic Slip-On Shoes for Women está diseñado para acompañarte en tu día a día con un acabado versátil que combina fácilmente con tus looks favoritos."
"orthopaedic-slip-on-shoes-for-women","Orthopaedic Slip-On Shoes for Women","<p>Da cada paso con más comodidad y estilo. Orthopaedic Slip-On Shoes for Women está diseñado para acompañarte en tu día a día con un acabado versátil que combina fácilmente con tus looks favoritos.</p>","belksale.com","Calzado","Calzado","Calzado, Calzado, Novedades, Selección Juanjo","TRUE","Color","Beige","Talla","40","orthopaedic-slip-on-shoes-for-women-beige-40","0.00","","0","continue","","","Orthopaedic Slip-On Shoes for Women","Da cada paso con más comodidad y estilo. Orthopaedic Slip-On Shoes for Women está diseñado para acompañarte en tu día a día con un acabado versátil que combina fácilmente con tus looks favoritos."
"orthopaedic-slip-on-shoes-for-women","Orthopaedic Slip-On Shoes for Women","<p>Da cada paso con más comodidad y estilo. Orthopaedic Slip-On Shoes for Women está diseñado para acompañarte en tu día a día con un acabado versátil que combina fácilmente con tus looks favoritos.</p>","belksale.com","Calzado","Calzado","Calzado, Calzado, Novedades, Selección Juanjo","TRUE","Color","Beige","Talla","41","orthopaedic-slip-on-shoes-for-women-beige-41","0.00","","0","continue","","","Orthopaedic Slip-On Shoes for Women","Da cada paso con más comodidad y estilo. Orthopaedic Slip-On Shoes for Women está diseñado para acompañarte en tu día a día con un acabado versátil que combina fácilmente con tus looks favoritos."
"orthopaedic-slip-on-shoes-for-women","Orthopaedic Slip-On Shoes for Women","<p>Da cada paso con más comodidad y estilo. Orthopaedic Slip-On Shoes for Women está diseñado para acompañarte en tu día a día con un acabado versátil que combina fácilmente con tus looks favoritos.</p>","belksale.com","Calzado","Calzado","Calzado, Calzado, Novedades, Selección Juanjo","TRUE","Color","Marrón","Talla","36","orthopaedic-slip-on-shoes-for-women-marron-36","0.00","","0","continue","","","Orthopaedic Slip-On Shoes for Women","Da cada paso con más comodidad y estilo. Orthopaedic Slip-On Shoes for Women está diseñado para acompañarte en tu día a día con un acabado versátil que combina fácilmente con tus looks favoritos."
"orthopaedic-slip-on-shoes-for-women","Orthopaedic Slip-On Shoes for Women","<p>Da cada paso con más comodidad y estilo. Orthopaedic Slip-On Shoes for Women está diseñado para acompañarte en tu día a día con un acabado versátil que combina fácilmente con tus looks favoritos.</p>","belksale.com","Calzado","Calzado","Calzado, Calzado, Novedades, Selección Juanjo","TRUE","Color","Marrón","Talla","37","orthopaedic-slip-on-shoes-for-women-marron-37","0.00","","0","continue","","","Orthopaedic Slip-On Shoes for Women","Da cada paso con más comodidad y estilo. Orthopaedic Slip-On Shoes for Women está diseñado para acompañarte en tu día a día con un acabado versátil que combina fácilmente con tus looks favoritos."
"orthopaedic-slip-on-shoes-for-women","Orthopaedic Slip-On Shoes for Women","<p>Da cada paso con más comodidad y estilo. Orthopaedic Slip-On Shoes for Women está diseñado para acompañarte en tu día a día con un acabado versátil que combina fácilmente con tus looks favoritos.</p>","belksale.com","Calzado","Calzado","Calzado, Calzado, Novedades, Selección Juanjo","TRUE","Color","Marrón","Talla","38","orthopaedic-slip-on-shoes-for-women-marron-38","0.00","","0","continue","","","Orthopaedic Slip-On Shoes for Women","Da cada paso con más comodidad y estilo. Orthopaedic Slip-On Shoes for Women está diseñado para acompañarte en tu día a día con un acabado versátil que combina fácilmente con tus looks favoritos."
"orthopaedic-slip-on-shoes-for-women","Orthopaedic Slip-On Shoes for Women","<p>Da cada paso con más comodidad y estilo. Orthopaedic Slip-On Shoes for Women está diseñado para acompañarte en tu día a día con un acabado versátil que combina fácilmente con tus looks favoritos.</p>","belksale.com","Calzado","Calzado","Calzado, Calzado, Novedades, Selección Juanjo","TRUE","Color","Marrón","Talla","39","orthopaedic-slip-on-shoes-for-women-marron-39","0.00","","0","continue","","","Orthopaedic Slip-On Shoes for Women","Da cada paso con más comodidad y estilo. Orthopaedic Slip-On Shoes for Women está diseñado para acompañarte en tu día a día con un acabado versátil que combina fácilmente con tus looks favoritos."
"orthopaedic-slip-on-shoes-for-women","Orthopaedic Slip-On Shoes for Women","<p>Da cada paso con más comodidad y estilo. Orthopaedic Slip-On Shoes for Women está diseñado para acompañarte en tu día a día con un acabado versátil que combina fácilmente con tus looks favoritos.</p>","belksale.com","Calzado","Calzado","Calzado, Calzado, Novedades, Selección Juanjo","TRUE","Color","Marrón","Talla","40","orthopaedic-slip-on-shoes-for-women-marron-40","0.00","","0","continue","","","Orthopaedic Slip-On Shoes for Women","Da cada paso con más comodidad y estilo. Orthopaedic Slip-On Shoes for Women está diseñado para acompañarte en tu día a día con un acabado versátil que combina fácilmente con tus looks favoritos."
"orthopaedic-slip-on-shoes-for-women","Orthopaedic Slip-On Shoes for Women","<p>Da cada paso con más comodidad y estilo. Orthopaedic Slip-On Shoes for Women está diseñado para acompañarte en tu día a día con un acabado versátil que combina fácilmente con tus looks favoritos.</p>","belksale.com","Calzado","Calzado","Calzado, Calzado, Novedades, Selección Juanjo","TRUE","Color","Marrón","Talla","41","orthopaedic-slip-on-shoes-for-women-marron-41","0.00","","0","continue","","","Orthopaedic Slip-On Shoes for Women","Da cada paso con más comodidad y estilo. Orthopaedic Slip-On Shoes for Women está diseñado para acompañarte en tu día a día con un acabado versátil que combina fácilmente con tus looks favoritos."
"orthopaedic-slip-on-shoes-for-women","Orthopaedic Slip-On Shoes for Women","<p>Da cada paso con más comodidad y estilo. Orthopaedic Slip-On Shoes for Women está diseñado para acompañarte en tu día a día con un acabado versátil que combina fácilmente con tus looks favoritos.</p>","belksale.com","Calzado","Calzado","Calzado, Calzado, Novedades, Selección Juanjo","TRUE","Color","Blanco","Talla","36","orthopaedic-slip-on-shoes-for-women-blanco-36","0.00","","0","continue","","","Orthopaedic Slip-On Shoes for Women","Da cada paso con más comodidad y estilo. Orthopaedic Slip-On Shoes for Women está diseñado para acompañarte en tu día a día con un acabado versátil que combina fácilmente con tus looks favoritos."
"orthopaedic-slip-on-shoes-for-women","Orthopaedic Slip-On Shoes for Women","<p>Da cada paso con más comodidad y estilo. Orthopaedic Slip-On Shoes for Women está diseñado para acompañarte en tu día a día con un acabado versátil que combina fácilmente con tus looks favoritos.</p>","belksale.com","Calzado","Calzado","Calzado, Calzado, Novedades, Selección Juanjo","TRUE","Color","Blanco","Talla","37","orthopaedic-slip-on-shoes-for-women-blanco-37","0.00","","0","continue","","","Orthopaedic Slip-On Shoes for Women","Da cada paso con más comodidad y estilo. Orthopaedic Slip-On Shoes for Women está diseñado para acompañarte en tu día a día con un acabado versátil que combina fácilmente con tus looks favoritos."
"orthopaedic-slip-on-shoes-for-women","Orthopaedic Slip-On Shoes for Women","<p>Da cada paso con más comodidad y estilo. Orthopaedic Slip-On Shoes for Women está diseñado para acompañarte en tu día a día con un acabado versátil que combina fácilmente con tus looks favoritos.</p>","belksale.com","Calzado","Calzado","Calzado, Calzado, Novedades, Selección Juanjo","TRUE","Color","Blanco","Talla","38","orthopaedic-slip-on-shoes-for-women-blanco-38","0.00","","0","continue","","","Orthopaedic Slip-On Shoes for Women","Da cada paso con más comodidad y estilo. Orthopaedic Slip-On Shoes for Women está diseñado para acompañarte en tu día a día con un acabado versátil que combina fácilmente con tus looks favoritos."
"orthopaedic-slip-on-shoes-for-women","Orthopaedic Slip-On Shoes for Women","<p>Da cada paso con más comodidad y estilo. Orthopaedic Slip-On Shoes for Women está diseñado para acompañarte en tu día a día con un acabado versátil que combina fácilmente con tus looks favoritos.</p>","belksale.com","Calzado","Calzado","Calzado, Calzado, Novedades, Selección Juanjo","TRUE","Color","Blanco","Talla","39","orthopaedic-slip-on-shoes-for-women-blanco-39","0.00","","0","continue","","","Orthopaedic Slip-On Shoes for Women","Da cada paso con más comodidad y estilo. Orthopaedic Slip-On Shoes for Women está diseñado para acompañarte en tu día a día con un acabado versátil que combina fácilmente con tus looks favoritos."
"orthopaedic-slip-on-shoes-for-women","Orthopaedic Slip-On Shoes for Women","<p>Da cada paso con más comodidad y estilo. Orthopaedic Slip-On Shoes for Women está diseñado para acompañarte en tu día a día con un acabado versátil que combina fácilmente con tus looks favoritos.</p>","belksale.com","Calzado","Calzado","Calzado, Calzado, Novedades, Selección Juanjo","TRUE","Color","Blanco","Talla","40","orthopaedic-slip-on-shoes-for-women-blanco-40","0.00","","0","continue","","","Orthopaedic Slip-On Shoes for Women","Da cada paso con más comodidad y estilo. Orthopaedic Slip-On Shoes for Women está diseñado para acompañarte en tu día a día con un acabado versátil que combina fácilmente con tus looks favoritos."
"orthopaedic-slip-on-shoes-for-women","Orthopaedic Slip-On Shoes for Women","<p>Da cada paso con más comodidad y estilo. Orthopaedic Slip-On Shoes for Women está diseñado para acompañarte en tu día a día con un acabado versátil que combina fácilmente con tus looks favoritos.</p>","belksale.com","Calzado","Calzado","Calzado, Calzado, Novedades, Selección Juanjo","TRUE","Color","Blanco","Talla","41","orthopaedic-slip-on-shoes-for-women-blanco-41","0.00","","0","continue","","","Orthopaedic Slip-On Shoes for Women","Da cada paso con más comodidad y estilo. Orthopaedic Slip-On Shoes for Women está diseñado para acompañarte en tu día a día con un acabado versátil que combina fácilmente con tus looks favoritos."
"genuine-suede-clogs","Genuine Suede Clogs","<p>Da cada paso con más comodidad y estilo. Genuine Suede Clogs está diseñado para acompañarte en tu día a día con un acabado versátil que combina fácilmente con tus looks favoritos.</p>","qomfortco.com","Calzado","Calzado","Calzado, Calzado, Novedades, Selección Juanjo","TRUE","Color","Negro","Talla","36","genuine-suede-clogs-negro-36","49.00","98.00","0","continue","","","Genuine Suede Clogs","Da cada paso con más comodidad y estilo. Genuine Suede Clogs está diseñado para acompañarte en tu día a día con un acabado versátil que combina fácilmente con tus looks favoritos."
"genuine-suede-clogs","Genuine Suede Clogs","<p>Da cada paso con más comodidad y estilo. Genuine Suede Clogs está diseñado para acompañarte en tu día a día con un acabado versátil que combina fácilmente con tus looks favoritos.</p>","qomfortco.com","Calzado","Calzado","Calzado, Calzado, Novedades, Selección Juanjo","TRUE","Color","Negro","Talla","37","genuine-suede-clogs-negro-37","49.00","98.00","0","continue","","","Genuine Suede Clogs","Da cada paso con más comodidad y estilo. Genuine Suede Clogs está diseñado para acompañarte en tu día a día con un acabado versátil que combina fácilmente con tus looks favoritos."
"genuine-suede-clogs","Genuine Suede Clogs","<p>Da cada paso con más comodidad y estilo. Genuine Suede Clogs está diseñado para acompañarte en tu día a día con un acabado versátil que combina fácilmente con tus looks favoritos.</p>","qomfortco.com","Calzado","Calzado","Calzado, Calzado, Novedades, Selección Juanjo","TRUE","Color","Negro","Talla","38","genuine-suede-clogs-negro-38","49.00","98.00","0","continue","","","Genuine Suede Clogs","Da cada paso con más comodidad y estilo. Genuine Suede Clogs está diseñado para acompañarte en tu día a día con un acabado versátil que combina fácilmente con tus looks favoritos."
"genuine-suede-clogs","Genuine Suede Clogs","<p>Da cada paso con más comodidad y estilo. Genuine Suede Clogs está diseñado para acompañarte en tu día a día con un acabado versátil que combina fácilmente con tus looks favoritos.</p>","qomfortco.com","Calzado","Calzado","Calzado, Calzado, Novedades, Selección Juanjo","TRUE","Color","Negro","Talla","39","genuine-suede-clogs-negro-39","49.00","98.00","0","continue","","","Genuine Suede Clogs","Da cada paso con más comodidad y estilo. Genuine Suede Clogs está diseñado para acompañarte en tu día a día con un acabado versátil que combina fácilmente con tus looks favoritos."
"genuine-suede-clogs","Genuine Suede Clogs","<p>Da cada paso con más comodidad y estilo. Genuine Suede Clogs está diseñado para acompañarte en tu día a día con un acabado versátil que combina fácilmente con tus looks favoritos.</p>","qomfortco.com","Calzado","Calzado","Calzado, Calzado, Novedades, Selección Juanjo","TRUE","Color","Negro","Talla","40","genuine-suede-clogs-negro-40","49.00","98.00","0","continue","","","Genuine Suede Clogs","Da cada paso con más comodidad y estilo. Genuine Suede Clogs está diseñado para acompañarte en tu día a día con un acabado versátil que combina fácilmente con tus looks favoritos."
"genuine-suede-clogs","Genuine Suede Clogs","<p>Da cada paso con más comodidad y estilo. Genuine Suede Clogs está diseñado para acompañarte en tu día a día con un acabado versátil que combina fácilmente con tus looks favoritos.</p>","qomfortco.com","Calzado","Calzado","Calzado, Calzado, Novedades, Selección Juanjo","TRUE","Color","Negro","Talla","41","genuine-suede-clogs-negro-41","49.00","98.00","0","continue","","","Genuine Suede Clogs","Da cada paso con más comodidad y estilo. Genuine Suede Clogs está diseñado para acompañarte en tu día a día con un acabado versátil que combina fácilmente con tus looks favoritos."
"genuine-suede-clogs","Genuine Suede Clogs","<p>Da cada paso con más comodidad y estilo. Genuine Suede Clogs está diseñado para acompañarte en tu día a día con un acabado versátil que combina fácilmente con tus looks favoritos.</p>","qomfortco.com","Calzado","Calzado","Calzado, Calzado, Novedades, Selección Juanjo","TRUE","Color","Beige","Talla","36","genuine-suede-clogs-beige-36","49.00","98.00","0","continue","","","Genuine Suede Clogs","Da cada paso con más comodidad y estilo. Genuine Suede Clogs está diseñado para acompañarte en tu día a día con un acabado versátil que combina fácilmente con tus looks favoritos."
"genuine-suede-clogs","Genuine Suede Clogs","<p>Da cada paso con más comodidad y estilo. Genuine Suede Clogs está diseñado para acompañarte en tu día a día con un acabado versátil que combina fácilmente con tus looks favoritos.</p>","qomfortco.com","Calzado","Calzado","Calzado, Calzado, Novedades, Selección Juanjo","TRUE","Color","Beige","Talla","37","genuine-suede-clogs-beige-37","49.00","98.00","0","continue","","","Genuine Suede Clogs","Da cada paso con más comodidad y estilo. Genuine Suede Clogs está diseñado para acompañarte en tu día a día con un acabado versátil que combina fácilmente con tus looks favoritos."
"genuine-suede-clogs","Genuine Suede Clogs","<p>Da cada paso con más comodidad y estilo. Genuine Suede Clogs está diseñado para acompañarte en tu día a día con un acabado versátil que combina fácilmente con tus looks favoritos.</p>","qomfortco.com","Calzado","Calzado","Calzado, Calzado, Novedades, Selección Juanjo","TRUE","Color","Beige","Talla","38","genuine-suede-clogs-beige-38","49.00","98.00","0","continue","","","Genuine Suede Clogs","Da cada paso con más comodidad y estilo. Genuine Suede Clogs está diseñado para acompañarte en tu día a día con un acabado versátil que combina fácilmente con tus looks favoritos."
"genuine-suede-clogs","Genuine Suede Clogs","<p>Da cada paso con más comodidad y estilo. Genuine Suede Clogs está diseñado para acompañarte en tu día a día con un acabado versátil que combina fácilmente con tus looks favoritos.</p>","qomfortco.com","Calzado","Calzado","Calzado, Calzado, Novedades, Selección Juanjo","TRUE","Color","Beige","Talla","39","genuine-suede-clogs-beige-39","49.00","98.00","0","continue","","","Genuine Suede Clogs","Da cada paso con más comodidad y estilo. Genuine Suede Clogs está diseñado para acompañarte en tu día a día con un acabado versátil que combina fácilmente con tus looks favoritos."
"genuine-suede-clogs","Genuine Suede Clogs","<p>Da cada paso con más comodidad y estilo. Genuine Suede Clogs está diseñado para acompañarte en tu día a día con un acabado versátil que combina fácilmente con tus looks favoritos.</p>","qomfortco.com","Calzado","Calzado","Calzado, Calzado, Novedades, Selección Juanjo","TRUE","Color","Beige","Talla","40","genuine-suede-clogs-beige-40","49.00","98.00","0","continue","","","Genuine Suede Clogs","Da cada paso con más comodidad y estilo. Genuine Suede Clogs está diseñado para acompañarte en tu día a día con un acabado versátil que combina fácilmente con tus looks favoritos."
"genuine-suede-clogs","Genuine Suede Clogs","<p>Da cada paso con más comodidad y estilo. Genuine Suede Clogs está diseñado para acompañarte en tu día a día con un acabado versátil que combina fácilmente con tus looks favoritos.</p>","qomfortco.com","Calzado","Calzado","Calzado, Calzado, Novedades, Selección Juanjo","TRUE","Color","Beige","Talla","41","genuine-suede-clogs-beige-41","49.00","98.00","0","continue","","","Genuine Suede Clogs","Da cada paso con más comodidad y estilo. Genuine Suede Clogs está diseñado para acompañarte en tu día a día con un acabado versátil que combina fácilmente con tus looks favoritos."
"genuine-suede-clogs","Genuine Suede Clogs","<p>Da cada paso con más comodidad y estilo. Genuine Suede Clogs está diseñado para acompañarte en tu día a día con un acabado versátil que combina fácilmente con tus looks favoritos.</p>","qomfortco.com","Calzado","Calzado","Calzado, Calzado, Novedades, Selección Juanjo","TRUE","Color","Marrón","Talla","36","genuine-suede-clogs-marron-36","49.00","98.00","0","continue","","","Genuine Suede Clogs","Da cada paso con más comodidad y estilo. Genuine Suede Clogs está diseñado para acompañarte en tu día a día con un acabado versátil que combina fácilmente con tus looks favoritos."
"genuine-suede-clogs","Genuine Suede Clogs","<p>Da cada paso con más comodidad y estilo. Genuine Suede Clogs está diseñado para acompañarte en tu día a día con un acabado versátil que combina fácilmente con tus looks favoritos.</p>","qomfortco.com","Calzado","Calzado","Calzado, Calzado, Novedades, Selección Juanjo","TRUE","Color","Marrón","Talla","37","genuine-suede-clogs-marron-37","49.00","98.00","0","continue","","","Genuine Suede Clogs","Da cada paso con más comodidad y estilo. Genuine Suede Clogs está diseñado para acompañarte en tu día a día con un acabado versátil que combina fácilmente con tus looks favoritos."
"genuine-suede-clogs","Genuine Suede Clogs","<p>Da cada paso con más comodidad y estilo. Genuine Suede Clogs está diseñado para acompañarte en tu día a día con un acabado versátil que combina fácilmente con tus looks favoritos.</p>","qomfortco.com","Calzado","Calzado","Calzado, Calzado, Novedades, Selección Juanjo","TRUE","Color","Marrón","Talla","38","genuine-suede-clogs-marron-38","49.00","98.00","0","continue","","","Genuine Suede Clogs","Da cada paso con más comodidad y estilo. Genuine Suede Clogs está diseñado para acompañarte en tu día a día con un acabado versátil que combina fácilmente con tus looks favoritos."
"genuine-suede-clogs","Genuine Suede Clogs","<p>Da cada paso con más comodidad y estilo. Genuine Suede Clogs está diseñado para acompañarte en tu día a día con un acabado versátil que combina fácilmente con tus looks favoritos.</p>","qomfortco.com","Calzado","Calzado","Calzado, Calzado, Novedades, Selección Juanjo","TRUE","Color","Marrón","Talla","39","genuine-suede-clogs-marron-39","49.00","98.00","0","continue","","","Genuine Suede Clogs","Da cada paso con más comodidad y estilo. Genuine Suede Clogs está diseñado para acompañarte en tu día a día con un acabado versátil que combina fácilmente con tus looks favoritos."
"genuine-suede-clogs","Genuine Suede Clogs","<p>Da cada paso con más comodidad y estilo. Genuine Suede Clogs está diseñado para acompañarte en tu día a día con un acabado versátil que combina fácilmente con tus looks favoritos.</p>","qomfortco.com","Calzado","Calzado","Calzado, Calzado, Novedades, Selección Juanjo","TRUE","Color","Marrón","Talla","40","genuine-suede-clogs-marron-40","49.00","98.00","0","continue","","","Genuine Suede Clogs","Da cada paso con más comodidad y estilo. Genuine Suede Clogs está diseñado para acompañarte en tu día a día con un acabado versátil que combina fácilmente con tus looks favoritos."
"genuine-suede-clogs","Genuine Suede Clogs","<p>Da cada paso con más comodidad y estilo. Genuine Suede Clogs está diseñado para acompañarte en tu día a día con un acabado versátil que combina fácilmente con tus looks favoritos.</p>","qomfortco.com","Calzado","Calzado","Calzado, Calzado, Novedades, Selección Juanjo","TRUE","Color","Marrón","Talla","41","genuine-suede-clogs-marron-41","49.00","98.00","0","continue","","","Genuine Suede Clogs","Da cada paso con más comodidad y estilo. Genuine Suede Clogs está diseñado para acompañarte en tu día a día con un acabado versátil que combina fácilmente con tus looks favoritos."
"genuine-suede-clogs","Genuine Suede Clogs","<p>Da cada paso con más comodidad y estilo. Genuine Suede Clogs está diseñado para acompañarte en tu día a día con un acabado versátil que combina fácilmente con tus looks favoritos.</p>","qomfortco.com","Calzado","Calzado","Calzado, Calzado, Novedades, Selección Juanjo","TRUE","Color","Blanco","Talla","36","genuine-suede-clogs-blanco-36","49.00","98.00","0","continue","","","Genuine Suede Clogs","Da cada paso con más comodidad y estilo. Genuine Suede Clogs está diseñado para acompañarte en tu día a día con un acabado versátil que combina fácilmente con tus looks favoritos."
"genuine-suede-clogs","Genuine Suede Clogs","<p>Da cada paso con más comodidad y estilo. Genuine Suede Clogs está diseñado para acompañarte en tu día a día con un acabado versátil que combina fácilmente con tus looks favoritos.</p>","qomfortco.com","Calzado","Calzado","Calzado, Calzado, Novedades, Selección Juanjo","TRUE","Color","Blanco","Talla","37","genuine-suede-clogs-blanco-37","49.00","98.00","0","continue","","","Genuine Suede Clogs","Da cada paso con más comodidad y estilo. Genuine Suede Clogs está diseñado para acompañarte en tu día a día con un acabado versátil que combina fácilmente con tus looks favoritos."
"genuine-suede-clogs","Genuine Suede Clogs","<p>Da cada paso con más comodidad y estilo. Genuine Suede Clogs está diseñado para acompañarte en tu día a día con un acabado versátil que combina fácilmente con tus looks favoritos.</p>","qomfortco.com","Calzado","Calzado","Calzado, Calzado, Novedades, Selección Juanjo","TRUE","Color","Blanco","Talla","38","genuine-suede-clogs-blanco-38","49.00","98.00","0","continue","","","Genuine Suede Clogs","Da cada paso con más comodidad y estilo. Genuine Suede Clogs está diseñado para acompañarte en tu día a día con un acabado versátil que combina fácilmente con tus looks favoritos."
"genuine-suede-clogs","Genuine Suede Clogs","<p>Da cada paso con más comodidad y estilo. Genuine Suede Clogs está diseñado para acompañarte en tu día a día con un acabado versátil que combina fácilmente con tus looks favoritos.</p>","qomfortco.com","Calzado","Calzado","Calzado, Calzado, Novedades, Selección Juanjo","TRUE","Color","Blanco","Talla","39","genuine-suede-clogs-blanco-39","49.00","98.00","0","continue","","","Genuine Suede Clogs","Da cada paso con más comodidad y estilo. Genuine Suede Clogs está diseñado para acompañarte en tu día a día con un acabado versátil que combina fácilmente con tus looks favoritos."
"genuine-suede-clogs","Genuine Suede Clogs","<p>Da cada paso con más comodidad y estilo. Genuine Suede Clogs está diseñado para acompañarte en tu día a día con un acabado versátil que combina fácilmente con tus looks favoritos.</p>","qomfortco.com","Calzado","Calzado","Calzado, Calzado, Novedades, Selección Juanjo","TRUE","Color","Blanco","Talla","40","genuine-suede-clogs-blanco-40","49.00","98.00","0","continue","","","Genuine Suede Clogs","Da cada paso con más comodidad y estilo. Genuine Suede Clogs está diseñado para acompañarte en tu día a día con un acabado versátil que combina fácilmente con tus looks favoritos."
"genuine-suede-clogs","Genuine Suede Clogs","<p>Da cada paso con más comodidad y estilo. Genuine Suede Clogs está diseñado para acompañarte en tu día a día con un acabado versátil que combina fácilmente con tus looks favoritos.</p>","qomfortco.com","Calzado","Calzado","Calzado, Calzado, Novedades, Selección Juanjo","TRUE","Color","Blanco","Talla","41","genuine-suede-clogs-blanco-41","49.00","98.00","0","continue","","","Genuine Suede Clogs","Da cada paso con más comodidad y estilo. Genuine Suede Clogs está diseñado para acompañarte en tu día a día con un acabado versátil que combina fácilmente con tus looks favoritos."
"mia-orthopedic-sneakers","Mia Orthopedic Sneakers","<p>Da cada paso con más comodidad y estilo. Mia Orthopedic Sneakers está diseñado para acompañarte en tu día a día con un acabado versátil que combina fácilmente con tus looks favoritos.</p>","olyndralondon.com","Calzado","Calzado","Calzado, Calzado, Novedades, Selección Juanjo","TRUE","Color","Negro","Talla","36","mia-orthopedic-sneakers-negro-36","28.00","50.00","0","continue","","","Mia Orthopedic Sneakers","Da cada paso con más comodidad y estilo. Mia Orthopedic Sneakers está diseñado para acompañarte en tu día a día con un acabado versátil que combina fácilmente con tus looks favoritos."
"mia-orthopedic-sneakers","Mia Orthopedic Sneakers","<p>Da cada paso con más comodidad y estilo. Mia Orthopedic Sneakers está diseñado para acompañarte en tu día a día con un acabado versátil que combina fácilmente con tus looks favoritos.</p>","olyndralondon.com","Calzado","Calzado","Calzado, Calzado, Novedades, Selección Juanjo","TRUE","Color","Negro","Talla","37","mia-orthopedic-sneakers-negro-37","28.00","50.00","0","continue","","","Mia Orthopedic Sneakers","Da cada paso con más comodidad y estilo. Mia Orthopedic Sneakers está diseñado para acompañarte en tu día a día con un acabado versátil que combina fácilmente con tus looks favoritos."
"mia-orthopedic-sneakers","Mia Orthopedic Sneakers","<p>Da cada paso con más comodidad y estilo. Mia Orthopedic Sneakers está diseñado para acompañarte en tu día a día con un acabado versátil que combina fácilmente con tus looks favoritos.</p>","olyndralondon.com","Calzado","Calzado","Calzado, Calzado, Novedades, Selección Juanjo","TRUE","Color","Negro","Talla","38","mia-orthopedic-sneakers-negro-38","28.00","50.00","0","continue","","","Mia Orthopedic Sneakers","Da cada paso con más comodidad y estilo. Mia Orthopedic Sneakers está diseñado para acompañarte en tu día a día con un acabado versátil que combina fácilmente con tus looks favoritos."
"mia-orthopedic-sneakers","Mia Orthopedic Sneakers","<p>Da cada paso con más comodidad y estilo. Mia Orthopedic Sneakers está diseñado para acompañarte en tu día a día con un acabado versátil que combina fácilmente con tus looks favoritos.</p>","olyndralondon.com","Calzado","Calzado","Calzado, Calzado, Novedades, Selección Juanjo","TRUE","Color","Negro","Talla","39","mia-orthopedic-sneakers-negro-39","28.00","50.00","0","continue","","","Mia Orthopedic Sneakers","Da cada paso con más comodidad y estilo. Mia Orthopedic Sneakers está diseñado para acompañarte en tu día a día con un acabado versátil que combina fácilmente con tus looks favoritos."
"mia-orthopedic-sneakers","Mia Orthopedic Sneakers","<p>Da cada paso con más comodidad y estilo. Mia Orthopedic Sneakers está diseñado para acompañarte en tu día a día con un acabado versátil que combina fácilmente con tus looks favoritos.</p>","olyndralondon.com","Calzado","Calzado","Calzado, Calzado, Novedades, Selección Juanjo","TRUE","Color","Negro","Talla","40","mia-orthopedic-sneakers-negro-40","28.00","50.00","0","continue","","","Mia Orthopedic Sneakers","Da cada paso con más comodidad y estilo. Mia Orthopedic Sneakers está diseñado para acompañarte en tu día a día con un acabado versátil que combina fácilmente con tus looks favoritos."
"mia-orthopedic-sneakers","Mia Orthopedic Sneakers","<p>Da cada paso con más comodidad y estilo. Mia Orthopedic Sneakers está diseñado para acompañarte en tu día a día con un acabado versátil que combina fácilmente con tus looks favoritos.</p>","olyndralondon.com","Calzado","Calzado","Calzado, Calzado, Novedades, Selección Juanjo","TRUE","Color","Negro","Talla","41","mia-orthopedic-sneakers-negro-41","28.00","50.00","0","continue","","","Mia Orthopedic Sneakers","Da cada paso con más comodidad y estilo. Mia Orthopedic Sneakers está diseñado para acompañarte en tu día a día con un acabado versátil que combina fácilmente con tus looks favoritos."
"mia-orthopedic-sneakers","Mia Orthopedic Sneakers","<p>Da cada paso con más comodidad y estilo. Mia Orthopedic Sneakers está diseñado para acompañarte en tu día a día con un acabado versátil que combina fácilmente con tus looks favoritos.</p>","olyndralondon.com","Calzado","Calzado","Calzado, Calzado, Novedades, Selección Juanjo","TRUE","Color","Beige","Talla","36","mia-orthopedic-sneakers-beige-36","28.00","50.00","0","continue","","","Mia Orthopedic Sneakers","Da cada paso con más comodidad y estilo. Mia Orthopedic Sneakers está diseñado para acompañarte en tu día a día con un acabado versátil que combina fácilmente con tus looks favoritos."
"mia-orthopedic-sneakers","Mia Orthopedic Sneakers","<p>Da cada paso con más comodidad y estilo. Mia Orthopedic Sneakers está diseñado para acompañarte en tu día a día con un acabado versátil que combina fácilmente con tus looks favoritos.</p>","olyndralondon.com","Calzado","Calzado","Calzado, Calzado, Novedades, Selección Juanjo","TRUE","Color","Beige","Talla","37","mia-orthopedic-sneakers-beige-37","28.00","50.00","0","continue","","","Mia Orthopedic Sneakers","Da cada paso con más comodidad y estilo. Mia Orthopedic Sneakers está diseñado para acompañarte en tu día a día con un acabado versátil que combina fácilmente con tus looks favoritos."
"mia-orthopedic-sneakers","Mia Orthopedic Sneakers","<p>Da cada paso con más comodidad y estilo. Mia Orthopedic Sneakers está diseñado para acompañarte en tu día a día con un acabado versátil que combina fácilmente con tus looks favoritos.</p>","olyndralondon.com","Calzado","Calzado","Calzado, Calzado, Novedades, Selección Juanjo","TRUE","Color","Beige","Talla","38","mia-orthopedic-sneakers-beige-38","28.00","50.00","0","continue","","","Mia Orthopedic Sneakers","Da cada paso con más comodidad y estilo. Mia Orthopedic Sneakers está diseñado para acompañarte en tu día a día con un acabado versátil que combina fácilmente con tus looks favoritos."
"mia-orthopedic-sneakers","Mia Orthopedic Sneakers","<p>Da cada paso con más comodidad y estilo. Mia Orthopedic Sneakers está diseñado para acompañarte en tu día a día con un acabado versátil que combina fácilmente con tus looks favoritos.</p>","olyndralondon.com","Calzado","Calzado","Calzado, Calzado, Novedades, Selección Juanjo","TRUE","Color","Beige","Talla","39","mia-orthopedic-sneakers-beige-39","28.00","50.00","0","continue","","","Mia Orthopedic Sneakers","Da cada paso con más comodidad y estilo. Mia Orthopedic Sneakers está diseñado para acompañarte en tu día a día con un acabado versátil que combina fácilmente con tus looks favoritos."
"mia-orthopedic-sneakers","Mia Orthopedic Sneakers","<p>Da cada paso con más comodidad y estilo. Mia Orthopedic Sneakers está diseñado para acompañarte en tu día a día con un acabado versátil que combina fácilmente con tus looks favoritos.</p>","olyndralondon.com","Calzado","Calzado","Calzado, Calzado, Novedades, Selección Juanjo","TRUE","Color","Beige","Talla","40","mia-orthopedic-sneakers-beige-40","28.00","50.00","0","continue","","","Mia Orthopedic Sneakers","Da cada paso con más comodidad y estilo. Mia Orthopedic Sneakers está diseñado para acompañarte en tu día a día con un acabado versátil que combina fácilmente con tus looks favoritos."
"mia-orthopedic-sneakers","Mia Orthopedic Sneakers","<p>Da cada paso con más comodidad y estilo. Mia Orthopedic Sneakers está diseñado para acompañarte en tu día a día con un acabado versátil que combina fácilmente con tus looks favoritos.</p>","olyndralondon.com","Calzado","Calzado","Calzado, Calzado, Novedades, Selección Juanjo","TRUE","Color","Beige","Talla","41","mia-orthopedic-sneakers-beige-41","28.00","50.00","0","continue","","","Mia Orthopedic Sneakers","Da cada paso con más comodidad y estilo. Mia Orthopedic Sneakers está diseñado para acompañarte en tu día a día con un acabado versátil que combina fácilmente con tus looks favoritos."
"mia-orthopedic-sneakers","Mia Orthopedic Sneakers","<p>Da cada paso con más comodidad y estilo. Mia Orthopedic Sneakers está diseñado para acompañarte en tu día a día con un acabado versátil que combina fácilmente con tus looks favoritos.</p>","olyndralondon.com","Calzado","Calzado","Calzado, Calzado, Novedades, Selección Juanjo","TRUE","Color","Marrón","Talla","36","mia-orthopedic-sneakers-marron-36","28.00","50.00","0","continue","","","Mia Orthopedic Sneakers","Da cada paso con más comodidad y estilo. Mia Orthopedic Sneakers está diseñado para acompañarte en tu día a día con un acabado versátil que combina fácilmente con tus looks favoritos."
"mia-orthopedic-sneakers","Mia Orthopedic Sneakers","<p>Da cada paso con más comodidad y estilo. Mia Orthopedic Sneakers está diseñado para acompañarte en tu día a día con un acabado versátil que combina fácilmente con tus looks favoritos.</p>","olyndralondon.com","Calzado","Calzado","Calzado, Calzado, Novedades, Selección Juanjo","TRUE","Color","Marrón","Talla","37","mia-orthopedic-sneakers-marron-37","28.00","50.00","0","continue","","","Mia Orthopedic Sneakers","Da cada paso con más comodidad y estilo. Mia Orthopedic Sneakers está diseñado para acompañarte en tu día a día con un acabado versátil que combina fácilmente con tus looks favoritos."
"mia-orthopedic-sneakers","Mia Orthopedic Sneakers","<p>Da cada paso con más comodidad y estilo. Mia Orthopedic Sneakers está diseñado para acompañarte en tu día a día con un acabado versátil que combina fácilmente con tus looks favoritos.</p>","olyndralondon.com","Calzado","Calzado","Calzado, Calzado, Novedades, Selección Juanjo","TRUE","Color","Marrón","Talla","38","mia-orthopedic-sneakers-marron-38","28.00","50.00","0","continue","","","Mia Orthopedic Sneakers","Da cada paso con más comodidad y estilo. Mia Orthopedic Sneakers está diseñado para acompañarte en tu día a día con un acabado versátil que combina fácilmente con tus looks favoritos."
"mia-orthopedic-sneakers","Mia Orthopedic Sneakers","<p>Da cada paso con más comodidad y estilo. Mia Orthopedic Sneakers está diseñado para acompañarte en tu día a día con un acabado versátil que combina fácilmente con tus looks favoritos.</p>","olyndralondon.com","Calzado","Calzado","Calzado, Calzado, Novedades, Selección Juanjo","TRUE","Color","Marrón","Talla","39","mia-orthopedic-sneakers-marron-39","28.00","50.00","0","continue","","","Mia Orthopedic Sneakers","Da cada paso con más comodidad y estilo. Mia Orthopedic Sneakers está diseñado para acompañarte en tu día a día con un acabado versátil que combina fácilmente con tus looks favoritos."
"mia-orthopedic-sneakers","Mia Orthopedic Sneakers","<p>Da cada paso con más comodidad y estilo. Mia Orthopedic Sneakers está diseñado para acompañarte en tu día a día con un acabado versátil que combina fácilmente con tus looks favoritos.</p>","olyndralondon.com","Calzado","Calzado","Calzado, Calzado, Novedades, Selección Juanjo","TRUE","Color","Marrón","Talla","40","mia-orthopedic-sneakers-marron-40","28.00","50.00","0","continue","","","Mia Orthopedic Sneakers","Da cada paso con más comodidad y estilo. Mia Orthopedic Sneakers está diseñado para acompañarte en tu día a día con un acabado versátil que combina fácilmente con tus looks favoritos."
"mia-orthopedic-sneakers","Mia Orthopedic Sneakers","<p>Da cada paso con más comodidad y estilo. Mia Orthopedic Sneakers está diseñado para acompañarte en tu día a día con un acabado versátil que combina fácilmente con tus looks favoritos.</p>","olyndralondon.com","Calzado","Calzado","Calzado, Calzado, Novedades, Selección Juanjo","TRUE","Color","Marrón","Talla","41","mia-orthopedic-sneakers-marron-41","28.00","50.00","0","continue","","","Mia Orthopedic Sneakers","Da cada paso con más comodidad y estilo. Mia Orthopedic Sneakers está diseñado para acompañarte en tu día a día con un acabado versátil que combina fácilmente con tus looks favoritos."
"mia-orthopedic-sneakers","Mia Orthopedic Sneakers","<p>Da cada paso con más comodidad y estilo. Mia Orthopedic Sneakers está diseñado para acompañarte en tu día a día con un acabado versátil que combina fácilmente con tus looks favoritos.</p>","olyndralondon.com","Calzado","Calzado","Calzado, Calzado, Novedades, Selección Juanjo","TRUE","Color","Blanco","Talla","36","mia-orthopedic-sneakers-blanco-36","28.00","50.00","0","continue","","","Mia Orthopedic Sneakers","Da cada paso con más comodidad y estilo. Mia Orthopedic Sneakers está diseñado para acompañarte en tu día a día con un acabado versátil que combina fácilmente con tus looks favoritos."
"mia-orthopedic-sneakers","Mia Orthopedic Sneakers","<p>Da cada paso con más comodidad y estilo. Mia Orthopedic Sneakers está diseñado para acompañarte en tu día a día con un acabado versátil que combina fácilmente con tus looks favoritos.</p>","olyndralondon.com","Calzado","Calzado","Calzado, Calzado, Novedades, Selección Juanjo","TRUE","Color","Blanco","Talla","37","mia-orthopedic-sneakers-blanco-37","28.00","50.00","0","continue","","","Mia Orthopedic Sneakers","Da cada paso con más comodidad y estilo. Mia Orthopedic Sneakers está diseñado para acompañarte en tu día a día con un acabado versátil que combina fácilmente con tus looks favoritos."
"mia-orthopedic-sneakers","Mia Orthopedic Sneakers","<p>Da cada paso con más comodidad y estilo. Mia Orthopedic Sneakers está diseñado para acompañarte en tu día a día con un acabado versátil que combina fácilmente con tus looks favoritos.</p>","olyndralondon.com","Calzado","Calzado","Calzado, Calzado, Novedades, Selección Juanjo","TRUE","Color","Blanco","Talla","38","mia-orthopedic-sneakers-blanco-38","28.00","50.00","0","continue","","","Mia Orthopedic Sneakers","Da cada paso con más comodidad y estilo. Mia Orthopedic Sneakers está diseñado para acompañarte en tu día a día con un acabado versátil que combina fácilmente con tus looks favoritos."
"mia-orthopedic-sneakers","Mia Orthopedic Sneakers","<p>Da cada paso con más comodidad y estilo. Mia Orthopedic Sneakers está diseñado para acompañarte en tu día a día con un acabado versátil que combina fácilmente con tus looks favoritos.</p>","olyndralondon.com","Calzado","Calzado","Calzado, Calzado, Novedades, Selección Juanjo","TRUE","Color","Blanco","Talla","39","mia-orthopedic-sneakers-blanco-39","28.00","50.00","0","continue","","","Mia Orthopedic Sneakers","Da cada paso con más comodidad y estilo. Mia Orthopedic Sneakers está diseñado para acompañarte en tu día a día con un acabado versátil que combina fácilmente con tus looks favoritos."
"mia-orthopedic-sneakers","Mia Orthopedic Sneakers","<p>Da cada paso con más comodidad y estilo. Mia Orthopedic Sneakers está diseñado para acompañarte en tu día a día con un acabado versátil que combina fácilmente con tus looks favoritos.</p>","olyndralondon.com","Calzado","Calzado","Calzado, Calzado, Novedades, Selección Juanjo","TRUE","Color","Blanco","Talla","40","mia-orthopedic-sneakers-blanco-40","28.00","50.00","0","continue","","","Mia Orthopedic Sneakers","Da cada paso con más comodidad y estilo. Mia Orthopedic Sneakers está diseñado para acompañarte en tu día a día con un acabado versátil que combina fácilmente con tus looks favoritos."
"mia-orthopedic-sneakers","Mia Orthopedic Sneakers","<p>Da cada paso con más comodidad y estilo. Mia Orthopedic Sneakers está diseñado para acompañarte en tu día a día con un acabado versátil que combina fácilmente con tus looks favoritos.</p>","olyndralondon.com","Calzado","Calzado","Calzado, Calzado, Novedades, Selección Juanjo","TRUE","Color","Blanco","Talla","41","mia-orthopedic-sneakers-blanco-41","28.00","50.00","0","continue","","","Mia Orthopedic Sneakers","Da cada paso con más comodidad y estilo. Mia Orthopedic Sneakers está diseñado para acompañarte en tu día a día con un acabado versátil que combina fácilmente con tus looks favoritos."
"women-s-winter-thick-sole-warm-snow-boots","Women's Winter Thick Sole Warm Snow Boots","<p>Da cada paso con más comodidad y estilo. Women's Winter Thick Sole Warm Snow Boots está diseñado para acompañarte en tu día a día con un acabado versátil que combina fácilmente con tus looks favoritos.</p>","belkmalls.com","Calzado","Calzado","Calzado, Calzado, Novedades, Selección Juanjo","TRUE","Color","Negro","Talla","36","women-s-winter-thick-sole-warm-snow-boots-negro-36","0.00","","0","continue","","","Women's Winter Thick Sole Warm Snow Boots","Da cada paso con más comodidad y estilo. Women's Winter Thick Sole Warm Snow Boots está diseñado para acompañarte en tu día a día con un acabado versátil que combina fácilmente con tus looks favoritos."
"women-s-winter-thick-sole-warm-snow-boots","Women's Winter Thick Sole Warm Snow Boots","<p>Da cada paso con más comodidad y estilo. Women's Winter Thick Sole Warm Snow Boots está diseñado para acompañarte en tu día a día con un acabado versátil que combina fácilmente con tus looks favoritos.</p>","belkmalls.com","Calzado","Calzado","Calzado, Calzado, Novedades, Selección Juanjo","TRUE","Color","Negro","Talla","37","women-s-winter-thick-sole-warm-snow-boots-negro-37","0.00","","0","continue","","","Women's Winter Thick Sole Warm Snow Boots","Da cada paso con más comodidad y estilo. Women's Winter Thick Sole Warm Snow Boots está diseñado para acompañarte en tu día a día con un acabado versátil que combina fácilmente con tus looks favoritos."
"women-s-winter-thick-sole-warm-snow-boots","Women's Winter Thick Sole Warm Snow Boots","<p>Da cada paso con más comodidad y estilo. Women's Winter Thick Sole Warm Snow Boots está diseñado para acompañarte en tu día a día con un acabado versátil que combina fácilmente con tus looks favoritos.</p>","belkmalls.com","Calzado","Calzado","Calzado, Calzado, Novedades, Selección Juanjo","TRUE","Color","Negro","Talla","38","women-s-winter-thick-sole-warm-snow-boots-negro-38","0.00","","0","continue","","","Women's Winter Thick Sole Warm Snow Boots","Da cada paso con más comodidad y estilo. Women's Winter Thick Sole Warm Snow Boots está diseñado para acompañarte en tu día a día con un acabado versátil que combina fácilmente con tus looks favoritos."
"women-s-winter-thick-sole-warm-snow-boots","Women's Winter Thick Sole Warm Snow Boots","<p>Da cada paso con más comodidad y estilo. Women's Winter Thick Sole Warm Snow Boots está diseñado para acompañarte en tu día a día con un acabado versátil que combina fácilmente con tus looks favoritos.</p>","belkmalls.com","Calzado","Calzado","Calzado, Calzado, Novedades, Selección Juanjo","TRUE","Color","Negro","Talla","39","women-s-winter-thick-sole-warm-snow-boots-negro-39","0.00","","0","continue","","","Women's Winter Thick Sole Warm Snow Boots","Da cada paso con más comodidad y estilo. Women's Winter Thick Sole Warm Snow Boots está diseñado para acompañarte en tu día a día con un acabado versátil que combina fácilmente con tus looks favoritos."
"women-s-winter-thick-sole-warm-snow-boots","Women's Winter Thick Sole Warm Snow Boots","<p>Da cada paso con más comodidad y estilo. Women's Winter Thick Sole Warm Snow Boots está diseñado para acompañarte en tu día a día con un acabado versátil que combina fácilmente con tus looks favoritos.</p>","belkmalls.com","Calzado","Calzado","Calzado, Calzado, Novedades, Selección Juanjo","TRUE","Color","Negro","Talla","40","women-s-winter-thick-sole-warm-snow-boots-negro-40","0.00","","0","continue","","","Women's Winter Thick Sole Warm Snow Boots","Da cada paso con más comodidad y estilo. Women's Winter Thick Sole Warm Snow Boots está diseñado para acompañarte en tu día a día con un acabado versátil que combina fácilmente con tus looks favoritos."
"women-s-winter-thick-sole-warm-snow-boots","Women's Winter Thick Sole Warm Snow Boots","<p>Da cada paso con más comodidad y estilo. Women's Winter Thick Sole Warm Snow Boots está diseñado para acompañarte en tu día a día con un acabado versátil que combina fácilmente con tus looks favoritos.</p>","belkmalls.com","Calzado","Calzado","Calzado, Calzado, Novedades, Selección Juanjo","TRUE","Color","Negro","Talla","41","women-s-winter-thick-sole-warm-snow-boots-negro-41","0.00","","0","continue","","","Women's Winter Thick Sole Warm Snow Boots","Da cada paso con más comodidad y estilo. Women's Winter Thick Sole Warm Snow Boots está diseñado para acompañarte en tu día a día con un acabado versátil que combina fácilmente con tus looks favoritos."
"women-s-winter-thick-sole-warm-snow-boots","Women's Winter Thick Sole Warm Snow Boots","<p>Da cada paso con más comodidad y estilo. Women's Winter Thick Sole Warm Snow Boots está diseñado para acompañarte en tu día a día con un acabado versátil que combina fácilmente con tus looks favoritos.</p>","belkmalls.com","Calzado","Calzado","Calzado, Calzado, Novedades, Selección Juanjo","TRUE","Color","Beige","Talla","36","women-s-winter-thick-sole-warm-snow-boots-beige-36","0.00","","0","continue","","","Women's Winter Thick Sole Warm Snow Boots","Da cada paso con más comodidad y estilo. Women's Winter Thick Sole Warm Snow Boots está diseñado para acompañarte en tu día a día con un acabado versátil que combina fácilmente con tus looks favoritos."
"women-s-winter-thick-sole-warm-snow-boots","Women's Winter Thick Sole Warm Snow Boots","<p>Da cada paso con más comodidad y estilo. Women's Winter Thick Sole Warm Snow Boots está diseñado para acompañarte en tu día a día con un acabado versátil que combina fácilmente con tus looks favoritos.</p>","belkmalls.com","Calzado","Calzado","Calzado, Calzado, Novedades, Selección Juanjo","TRUE","Color","Beige","Talla","37","women-s-winter-thick-sole-warm-snow-boots-beige-37","0.00","","0","continue","","","Women's Winter Thick Sole Warm Snow Boots","Da cada paso con más comodidad y estilo. Women's Winter Thick Sole Warm Snow Boots está diseñado para acompañarte en tu día a día con un acabado versátil que combina fácilmente con tus looks favoritos."
"women-s-winter-thick-sole-warm-snow-boots","Women's Winter Thick Sole Warm Snow Boots","<p>Da cada paso con más comodidad y estilo. Women's Winter Thick Sole Warm Snow Boots está diseñado para acompañarte en tu día a día con un acabado versátil que combina fácilmente con tus looks favoritos.</p>","belkmalls.com","Calzado","Calzado","Calzado, Calzado, Novedades, Selección Juanjo","TRUE","Color","Beige","Talla","38","women-s-winter-thick-sole-warm-snow-boots-beige-38","0.00","","0","continue","","","Women's Winter Thick Sole Warm Snow Boots","Da cada paso con más comodidad y estilo. Women's Winter Thick Sole Warm Snow Boots está diseñado para acompañarte en tu día a día con un acabado versátil que combina fácilmente con tus looks favoritos."
"women-s-winter-thick-sole-warm-snow-boots","Women's Winter Thick Sole Warm Snow Boots","<p>Da cada paso con más comodidad y estilo. Women's Winter Thick Sole Warm Snow Boots está diseñado para acompañarte en tu día a día con un acabado versátil que combina fácilmente con tus looks favoritos.</p>","belkmalls.com","Calzado","Calzado","Calzado, Calzado, Novedades, Selección Juanjo","TRUE","Color","Beige","Talla","39","women-s-winter-thick-sole-warm-snow-boots-beige-39","0.00","","0","continue","","","Women's Winter Thick Sole Warm Snow Boots","Da cada paso con más comodidad y estilo. Women's Winter Thick Sole Warm Snow Boots está diseñado para acompañarte en tu día a día con un acabado versátil que combina fácilmente con tus looks favoritos."
"women-s-winter-thick-sole-warm-snow-boots","Women's Winter Thick Sole Warm Snow Boots","<p>Da cada paso con más comodidad y estilo. Women's Winter Thick Sole Warm Snow Boots está diseñado para acompañarte en tu día a día con un acabado versátil que combina fácilmente con tus looks favoritos.</p>","belkmalls.com","Calzado","Calzado","Calzado, Calzado, Novedades, Selección Juanjo","TRUE","Color","Beige","Talla","40","women-s-winter-thick-sole-warm-snow-boots-beige-40","0.00","","0","continue","","","Women's Winter Thick Sole Warm Snow Boots","Da cada paso con más comodidad y estilo. Women's Winter Thick Sole Warm Snow Boots está diseñado para acompañarte en tu día a día con un acabado versátil que combina fácilmente con tus looks favoritos."
"women-s-winter-thick-sole-warm-snow-boots","Women's Winter Thick Sole Warm Snow Boots","<p>Da cada paso con más comodidad y estilo. Women's Winter Thick Sole Warm Snow Boots está diseñado para acompañarte en tu día a día con un acabado versátil que combina fácilmente con tus looks favoritos.</p>","belkmalls.com","Calzado","Calzado","Calzado, Calzado, Novedades, Selección Juanjo","TRUE","Color","Beige","Talla","41","women-s-winter-thick-sole-warm-snow-boots-beige-41","0.00","","0","continue","","","Women's Winter Thick Sole Warm Snow Boots","Da cada paso con más comodidad y estilo. Women's Winter Thick Sole Warm Snow Boots está diseñado para acompañarte en tu día a día con un acabado versátil que combina fácilmente con tus looks favoritos."
"women-s-winter-thick-sole-warm-snow-boots","Women's Winter Thick Sole Warm Snow Boots","<p>Da cada paso con más comodidad y estilo. Women's Winter Thick Sole Warm Snow Boots está diseñado para acompañarte en tu día a día con un acabado versátil que combina fácilmente con tus looks favoritos.</p>","belkmalls.com","Calzado","Calzado","Calzado, Calzado, Novedades, Selección Juanjo","TRUE","Color","Marrón","Talla","36","women-s-winter-thick-sole-warm-snow-boots-marron-36","0.00","","0","continue","","","Women's Winter Thick Sole Warm Snow Boots","Da cada paso con más comodidad y estilo. Women's Winter Thick Sole Warm Snow Boots está diseñado para acompañarte en tu día a día con un acabado versátil que combina fácilmente con tus looks favoritos."
"women-s-winter-thick-sole-warm-snow-boots","Women's Winter Thick Sole Warm Snow Boots","<p>Da cada paso con más comodidad y estilo. Women's Winter Thick Sole Warm Snow Boots está diseñado para acompañarte en tu día a día con un acabado versátil que combina fácilmente con tus looks favoritos.</p>","belkmalls.com","Calzado","Calzado","Calzado, Calzado, Novedades, Selección Juanjo","TRUE","Color","Marrón","Talla","37","women-s-winter-thick-sole-warm-snow-boots-marron-37","0.00","","0","continue","","","Women's Winter Thick Sole Warm Snow Boots","Da cada paso con más comodidad y estilo. Women's Winter Thick Sole Warm Snow Boots está diseñado para acompañarte en tu día a día con un acabado versátil que combina fácilmente con tus looks favoritos."
"women-s-winter-thick-sole-warm-snow-boots","Women's Winter Thick Sole Warm Snow Boots","<p>Da cada paso con más comodidad y estilo. Women's Winter Thick Sole Warm Snow Boots está diseñado para acompañarte en tu día a día con un acabado versátil que combina fácilmente con tus looks favoritos.</p>","belkmalls.com","Calzado","Calzado","Calzado, Calzado, Novedades, Selección Juanjo","TRUE","Color","Marrón","Talla","38","women-s-winter-thick-sole-warm-snow-boots-marron-38","0.00","","0","continue","","","Women's Winter Thick Sole Warm Snow Boots","Da cada paso con más comodidad y estilo. Women's Winter Thick Sole Warm Snow Boots está diseñado para acompañarte en tu día a día con un acabado versátil que combina fácilmente con tus looks favoritos."
"women-s-winter-thick-sole-warm-snow-boots","Women's Winter Thick Sole Warm Snow Boots","<p>Da cada paso con más comodidad y estilo. Women's Winter Thick Sole Warm Snow Boots está diseñado para acompañarte en tu día a día con un acabado versátil que combina fácilmente con tus looks favoritos.</p>","belkmalls.com","Calzado","Calzado","Calzado, Calzado, Novedades, Selección Juanjo","TRUE","Color","Marrón","Talla","39","women-s-winter-thick-sole-warm-snow-boots-marron-39","0.00","","0","continue","","","Women's Winter Thick Sole Warm Snow Boots","Da cada paso con más comodidad y estilo. Women's Winter Thick Sole Warm Snow Boots está diseñado para acompañarte en tu día a día con un acabado versátil que combina fácilmente con tus looks favoritos."
"women-s-winter-thick-sole-warm-snow-boots","Women's Winter Thick Sole Warm Snow Boots","<p>Da cada paso con más comodidad y estilo. Women's Winter Thick Sole Warm Snow Boots está diseñado para acompañarte en tu día a día con un acabado versátil que combina fácilmente con tus looks favoritos.</p>","belkmalls.com","Calzado","Calzado","Calzado, Calzado, Novedades, Selección Juanjo","TRUE","Color","Marrón","Talla","40","women-s-winter-thick-sole-warm-snow-boots-marron-40","0.00","","0","continue","","","Women's Winter Thick Sole Warm Snow Boots","Da cada paso con más comodidad y estilo. Women's Winter Thick Sole Warm Snow Boots está diseñado para acompañarte en tu día a día con un acabado versátil que combina fácilmente con tus looks favoritos."
"women-s-winter-thick-sole-warm-snow-boots","Women's Winter Thick Sole Warm Snow Boots","<p>Da cada paso con más comodidad y estilo. Women's Winter Thick Sole Warm Snow Boots está diseñado para acompañarte en tu día a día con un acabado versátil que combina fácilmente con tus looks favoritos.</p>","belkmalls.com","Calzado","Calzado","Calzado, Calzado, Novedades, Selección Juanjo","TRUE","Color","Marrón","Talla","41","women-s-winter-thick-sole-warm-snow-boots-marron-41","0.00","","0","continue","","","Women's Winter Thick Sole Warm Snow Boots","Da cada paso con más comodidad y estilo. Women's Winter Thick Sole Warm Snow Boots está diseñado para acompañarte en tu día a día con un acabado versátil que combina fácilmente con tus looks favoritos."
"women-s-winter-thick-sole-warm-snow-boots","Women's Winter Thick Sole Warm Snow Boots","<p>Da cada paso con más comodidad y estilo. Women's Winter Thick Sole Warm Snow Boots está diseñado para acompañarte en tu día a día con un acabado versátil que combina fácilmente con tus looks favoritos.</p>","belkmalls.com","Calzado","Calzado","Calzado, Calzado, Novedades, Selección Juanjo","TRUE","Color","Blanco","Talla","36","women-s-winter-thick-sole-warm-snow-boots-blanco-36","0.00","","0","continue","","","Women's Winter Thick Sole Warm Snow Boots","Da cada paso con más comodidad y estilo. Women's Winter Thick Sole Warm Snow Boots está diseñado para acompañarte en tu día a día con un acabado versátil que combina fácilmente con tus looks favoritos."
"women-s-winter-thick-sole-warm-snow-boots","Women's Winter Thick Sole Warm Snow Boots","<p>Da cada paso con más comodidad y estilo. Women's Winter Thick Sole Warm Snow Boots está diseñado para acompañarte en tu día a día con un acabado versátil que combina fácilmente con tus looks favoritos.</p>","belkmalls.com","Calzado","Calzado","Calzado, Calzado, Novedades, Selección Juanjo","TRUE","Color","Blanco","Talla","37","women-s-winter-thick-sole-warm-snow-boots-blanco-37","0.00","","0","continue","","","Women's Winter Thick Sole Warm Snow Boots","Da cada paso con más comodidad y estilo. Women's Winter Thick Sole Warm Snow Boots está diseñado para acompañarte en tu día a día con un acabado versátil que combina fácilmente con tus looks favoritos."
"women-s-winter-thick-sole-warm-snow-boots","Women's Winter Thick Sole Warm Snow Boots","<p>Da cada paso con más comodidad y estilo. Women's Winter Thick Sole Warm Snow Boots está diseñado para acompañarte en tu día a día con un acabado versátil que combina fácilmente con tus looks favoritos.</p>","belkmalls.com","Calzado","Calzado","Calzado, Calzado, Novedades, Selección Juanjo","TRUE","Color","Blanco","Talla","38","women-s-winter-thick-sole-warm-snow-boots-blanco-38","0.00","","0","continue","","","Women's Winter Thick Sole Warm Snow Boots","Da cada paso con más comodidad y estilo. Women's Winter Thick Sole Warm Snow Boots está diseñado para acompañarte en tu día a día con un acabado versátil que combina fácilmente con tus looks favoritos."
"women-s-winter-thick-sole-warm-snow-boots","Women's Winter Thick Sole Warm Snow Boots","<p>Da cada paso con más comodidad y estilo. Women's Winter Thick Sole Warm Snow Boots está diseñado para acompañarte en tu día a día con un acabado versátil que combina fácilmente con tus looks favoritos.</p>","belkmalls.com","Calzado","Calzado","Calzado, Calzado, Novedades, Selección Juanjo","TRUE","Color","Blanco","Talla","39","women-s-winter-thick-sole-warm-snow-boots-blanco-39","0.00","","0","continue","","","Women's Winter Thick Sole Warm Snow Boots","Da cada paso con más comodidad y estilo. Women's Winter Thick Sole Warm Snow Boots está diseñado para acompañarte en tu día a día con un acabado versátil que combina fácilmente con tus looks favoritos."
"women-s-winter-thick-sole-warm-snow-boots","Women's Winter Thick Sole Warm Snow Boots","<p>Da cada paso con más comodidad y estilo. Women's Winter Thick Sole Warm Snow Boots está diseñado para acompañarte en tu día a día con un acabado versátil que combina fácilmente con tus looks favoritos.</p>","belkmalls.com","Calzado","Calzado","Calzado, Calzado, Novedades, Selección Juanjo","TRUE","Color","Blanco","Talla","40","women-s-winter-thick-sole-warm-snow-boots-blanco-40","0.00","","0","continue","","","Women's Winter Thick Sole Warm Snow Boots","Da cada paso con más comodidad y estilo. Women's Winter Thick Sole Warm Snow Boots está diseñado para acompañarte en tu día a día con un acabado versátil que combina fácilmente con tus looks favoritos."
"women-s-winter-thick-sole-warm-snow-boots","Women's Winter Thick Sole Warm Snow Boots","<p>Da cada paso con más comodidad y estilo. Women's Winter Thick Sole Warm Snow Boots está diseñado para acompañarte en tu día a día con un acabado versátil que combina fácilmente con tus looks favoritos.</p>","belkmalls.com","Calzado","Calzado","Calzado, Calzado, Novedades, Selección Juanjo","TRUE","Color","Blanco","Talla","41","women-s-winter-thick-sole-warm-snow-boots-blanco-41","0.00","","0","continue","","","Women's Winter Thick Sole Warm Snow Boots","Da cada paso con más comodidad y estilo. Women's Winter Thick Sole Warm Snow Boots está diseñado para acompañarte en tu día a día con un acabado versátil que combina fácilmente con tus looks favoritos."
"women-s-open-toe-orthopaedic-sandals","Women's Open-Toe Orthopaedic Sandals","<p>Da cada paso con más comodidad y estilo. Women's Open-Toe Orthopaedic Sandals está diseñado para acompañarte en tu día a día con un acabado versátil que combina fácilmente con tus looks favoritos.</p>","belksale.com","Calzado","Calzado","Calzado, Calzado, Novedades, Selección Juanjo","TRUE","Color","Negro","Talla","36","women-s-open-toe-orthopaedic-sandals-negro-36","0.00","","0","continue","","","Women's Open-Toe Orthopaedic Sandals","Da cada paso con más comodidad y estilo. Women's Open-Toe Orthopaedic Sandals está diseñado para acompañarte en tu día a día con un acabado versátil que combina fácilmente con tus looks favoritos."
"women-s-open-toe-orthopaedic-sandals","Women's Open-Toe Orthopaedic Sandals","<p>Da cada paso con más comodidad y estilo. Women's Open-Toe Orthopaedic Sandals está diseñado para acompañarte en tu día a día con un acabado versátil que combina fácilmente con tus looks favoritos.</p>","belksale.com","Calzado","Calzado","Calzado, Calzado, Novedades, Selección Juanjo","TRUE","Color","Negro","Talla","37","women-s-open-toe-orthopaedic-sandals-negro-37","0.00","","0","continue","","","Women's Open-Toe Orthopaedic Sandals","Da cada paso con más comodidad y estilo. Women's Open-Toe Orthopaedic Sandals está diseñado para acompañarte en tu día a día con un acabado versátil que combina fácilmente con tus looks favoritos."
"women-s-open-toe-orthopaedic-sandals","Women's Open-Toe Orthopaedic Sandals","<p>Da cada paso con más comodidad y estilo. Women's Open-Toe Orthopaedic Sandals está diseñado para acompañarte en tu día a día con un acabado versátil que combina fácilmente con tus looks favoritos.</p>","belksale.com","Calzado","Calzado","Calzado, Calzado, Novedades, Selección Juanjo","TRUE","Color","Negro","Talla","38","women-s-open-toe-orthopaedic-sandals-negro-38","0.00","","0","continue","","","Women's Open-Toe Orthopaedic Sandals","Da cada paso con más comodidad y estilo. Women's Open-Toe Orthopaedic Sandals está diseñado para acompañarte en tu día a día con un acabado versátil que combina fácilmente con tus looks favoritos."
"women-s-open-toe-orthopaedic-sandals","Women's Open-Toe Orthopaedic Sandals","<p>Da cada paso con más comodidad y estilo. Women's Open-Toe Orthopaedic Sandals está diseñado para acompañarte en tu día a día con un acabado versátil que combina fácilmente con tus looks favoritos.</p>","belksale.com","Calzado","Calzado","Calzado, Calzado, Novedades, Selección Juanjo","TRUE","Color","Negro","Talla","39","women-s-open-toe-orthopaedic-sandals-negro-39","0.00","","0","continue","","","Women's Open-Toe Orthopaedic Sandals","Da cada paso con más comodidad y estilo. Women's Open-Toe Orthopaedic Sandals está diseñado para acompañarte en tu día a día con un acabado versátil que combina fácilmente con tus looks favoritos."
"women-s-open-toe-orthopaedic-sandals","Women's Open-Toe Orthopaedic Sandals","<p>Da cada paso con más comodidad y estilo. Women's Open-Toe Orthopaedic Sandals está diseñado para acompañarte en tu día a día con un acabado versátil que combina fácilmente con tus looks favoritos.</p>","belksale.com","Calzado","Calzado","Calzado, Calzado, Novedades, Selección Juanjo","TRUE","Color","Negro","Talla","40","women-s-open-toe-orthopaedic-sandals-negro-40","0.00","","0","continue","","","Women's Open-Toe Orthopaedic Sandals","Da cada paso con más comodidad y estilo. Women's Open-Toe Orthopaedic Sandals está diseñado para acompañarte en tu día a día con un acabado versátil que combina fácilmente con tus looks favoritos."
"women-s-open-toe-orthopaedic-sandals","Women's Open-Toe Orthopaedic Sandals","<p>Da cada paso con más comodidad y estilo. Women's Open-Toe Orthopaedic Sandals está diseñado para acompañarte en tu día a día con un acabado versátil que combina fácilmente con tus looks favoritos.</p>","belksale.com","Calzado","Calzado","Calzado, Calzado, Novedades, Selección Juanjo","TRUE","Color","Negro","Talla","41","women-s-open-toe-orthopaedic-sandals-negro-41","0.00","","0","continue","","","Women's Open-Toe Orthopaedic Sandals","Da cada paso con más comodidad y estilo. Women's Open-Toe Orthopaedic Sandals está diseñado para acompañarte en tu día a día con un acabado versátil que combina fácilmente con tus looks favoritos."
"women-s-open-toe-orthopaedic-sandals","Women's Open-Toe Orthopaedic Sandals","<p>Da cada paso con más comodidad y estilo. Women's Open-Toe Orthopaedic Sandals está diseñado para acompañarte en tu día a día con un acabado versátil que combina fácilmente con tus looks favoritos.</p>","belksale.com","Calzado","Calzado","Calzado, Calzado, Novedades, Selección Juanjo","TRUE","Color","Beige","Talla","36","women-s-open-toe-orthopaedic-sandals-beige-36","0.00","","0","continue","","","Women's Open-Toe Orthopaedic Sandals","Da cada paso con más comodidad y estilo. Women's Open-Toe Orthopaedic Sandals está diseñado para acompañarte en tu día a día con un acabado versátil que combina fácilmente con tus looks favoritos."
"women-s-open-toe-orthopaedic-sandals","Women's Open-Toe Orthopaedic Sandals","<p>Da cada paso con más comodidad y estilo. Women's Open-Toe Orthopaedic Sandals está diseñado para acompañarte en tu día a día con un acabado versátil que combina fácilmente con tus looks favoritos.</p>","belksale.com","Calzado","Calzado","Calzado, Calzado, Novedades, Selección Juanjo","TRUE","Color","Beige","Talla","37","women-s-open-toe-orthopaedic-sandals-beige-37","0.00","","0","continue","","","Women's Open-Toe Orthopaedic Sandals","Da cada paso con más comodidad y estilo. Women's Open-Toe Orthopaedic Sandals está diseñado para acompañarte en tu día a día con un acabado versátil que combina fácilmente con tus looks favoritos."
"women-s-open-toe-orthopaedic-sandals","Women's Open-Toe Orthopaedic Sandals","<p>Da cada paso con más comodidad y estilo. Women's Open-Toe Orthopaedic Sandals está diseñado para acompañarte en tu día a día con un acabado versátil que combina fácilmente con tus looks favoritos.</p>","belksale.com","Calzado","Calzado","Calzado, Calzado, Novedades, Selección Juanjo","TRUE","Color","Beige","Talla","38","women-s-open-toe-orthopaedic-sandals-beige-38","0.00","","0","continue","","","Women's Open-Toe Orthopaedic Sandals","Da cada paso con más comodidad y estilo. Women's Open-Toe Orthopaedic Sandals está diseñado para acompañarte en tu día a día con un acabado versátil que combina fácilmente con tus looks favoritos."
"women-s-open-toe-orthopaedic-sandals","Women's Open-Toe Orthopaedic Sandals","<p>Da cada paso con más comodidad y estilo. Women's Open-Toe Orthopaedic Sandals está diseñado para acompañarte en tu día a día con un acabado versátil que combina fácilmente con tus looks favoritos.</p>","belksale.com","Calzado","Calzado","Calzado, Calzado, Novedades, Selección Juanjo","TRUE","Color","Beige","Talla","39","women-s-open-toe-orthopaedic-sandals-beige-39","0.00","","0","continue","","","Women's Open-Toe Orthopaedic Sandals","Da cada paso con más comodidad y estilo. Women's Open-Toe Orthopaedic Sandals está diseñado para acompañarte en tu día a día con un acabado versátil que combina fácilmente con tus looks favoritos."
"women-s-open-toe-orthopaedic-sandals","Women's Open-Toe Orthopaedic Sandals","<p>Da cada paso con más comodidad y estilo. Women's Open-Toe Orthopaedic Sandals está diseñado para acompañarte en tu día a día con un acabado versátil que combina fácilmente con tus looks favoritos.</p>","belksale.com","Calzado","Calzado","Calzado, Calzado, Novedades, Selección Juanjo","TRUE","Color","Beige","Talla","40","women-s-open-toe-orthopaedic-sandals-beige-40","0.00","","0","continue","","","Women's Open-Toe Orthopaedic Sandals","Da cada paso con más comodidad y estilo. Women's Open-Toe Orthopaedic Sandals está diseñado para acompañarte en tu día a día con un acabado versátil que combina fácilmente con tus looks favoritos."
"women-s-open-toe-orthopaedic-sandals","Women's Open-Toe Orthopaedic Sandals","<p>Da cada paso con más comodidad y estilo. Women's Open-Toe Orthopaedic Sandals está diseñado para acompañarte en tu día a día con un acabado versátil que combina fácilmente con tus looks favoritos.</p>","belksale.com","Calzado","Calzado","Calzado, Calzado, Novedades, Selección Juanjo","TRUE","Color","Beige","Talla","41","women-s-open-toe-orthopaedic-sandals-beige-41","0.00","","0","continue","","","Women's Open-Toe Orthopaedic Sandals","Da cada paso con más comodidad y estilo. Women's Open-Toe Orthopaedic Sandals está diseñado para acompañarte en tu día a día con un acabado versátil que combina fácilmente con tus looks favoritos."
"women-s-open-toe-orthopaedic-sandals","Women's Open-Toe Orthopaedic Sandals","<p>Da cada paso con más comodidad y estilo. Women's Open-Toe Orthopaedic Sandals está diseñado para acompañarte en tu día a día con un acabado versátil que combina fácilmente con tus looks favoritos.</p>","belksale.com","Calzado","Calzado","Calzado, Calzado, Novedades, Selección Juanjo","TRUE","Color","Marrón","Talla","36","women-s-open-toe-orthopaedic-sandals-marron-36","0.00","","0","continue","","","Women's Open-Toe Orthopaedic Sandals","Da cada paso con más comodidad y estilo. Women's Open-Toe Orthopaedic Sandals está diseñado para acompañarte en tu día a día con un acabado versátil que combina fácilmente con tus looks favoritos."
"women-s-open-toe-orthopaedic-sandals","Women's Open-Toe Orthopaedic Sandals","<p>Da cada paso con más comodidad y estilo. Women's Open-Toe Orthopaedic Sandals está diseñado para acompañarte en tu día a día con un acabado versátil que combina fácilmente con tus looks favoritos.</p>","belksale.com","Calzado","Calzado","Calzado, Calzado, Novedades, Selección Juanjo","TRUE","Color","Marrón","Talla","37","women-s-open-toe-orthopaedic-sandals-marron-37","0.00","","0","continue","","","Women's Open-Toe Orthopaedic Sandals","Da cada paso con más comodidad y estilo. Women's Open-Toe Orthopaedic Sandals está diseñado para acompañarte en tu día a día con un acabado versátil que combina fácilmente con tus looks favoritos."
"women-s-open-toe-orthopaedic-sandals","Women's Open-Toe Orthopaedic Sandals","<p>Da cada paso con más comodidad y estilo. Women's Open-Toe Orthopaedic Sandals está diseñado para acompañarte en tu día a día con un acabado versátil que combina fácilmente con tus looks favoritos.</p>","belksale.com","Calzado","Calzado","Calzado, Calzado, Novedades, Selección Juanjo","TRUE","Color","Marrón","Talla","38","women-s-open-toe-orthopaedic-sandals-marron-38","0.00","","0","continue","","","Women's Open-Toe Orthopaedic Sandals","Da cada paso con más comodidad y estilo. Women's Open-Toe Orthopaedic Sandals está diseñado para acompañarte en tu día a día con un acabado versátil que combina fácilmente con tus looks favoritos."
"women-s-open-toe-orthopaedic-sandals","Women's Open-Toe Orthopaedic Sandals","<p>Da cada paso con más comodidad y estilo. Women's Open-Toe Orthopaedic Sandals está diseñado para acompañarte en tu día a día con un acabado versátil que combina fácilmente con tus looks favoritos.</p>","belksale.com","Calzado","Calzado","Calzado, Calzado, Novedades, Selección Juanjo","TRUE","Color","Marrón","Talla","39","women-s-open-toe-orthopaedic-sandals-marron-39","0.00","","0","continue","","","Women's Open-Toe Orthopaedic Sandals","Da cada paso con más comodidad y estilo. Women's Open-Toe Orthopaedic Sandals está diseñado para acompañarte en tu día a día con un acabado versátil que combina fácilmente con tus looks favoritos."
"women-s-open-toe-orthopaedic-sandals","Women's Open-Toe Orthopaedic Sandals","<p>Da cada paso con más comodidad y estilo. Women's Open-Toe Orthopaedic Sandals está diseñado para acompañarte en tu día a día con un acabado versátil que combina fácilmente con tus looks favoritos.</p>","belksale.com","Calzado","Calzado","Calzado, Calzado, Novedades, Selección Juanjo","TRUE","Color","Marrón","Talla","40","women-s-open-toe-orthopaedic-sandals-marron-40","0.00","","0","continue","","","Women's Open-Toe Orthopaedic Sandals","Da cada paso con más comodidad y estilo. Women's Open-Toe Orthopaedic Sandals está diseñado para acompañarte en tu día a día con un acabado versátil que combina fácilmente con tus looks favoritos."
"women-s-open-toe-orthopaedic-sandals","Women's Open-Toe Orthopaedic Sandals","<p>Da cada paso con más comodidad y estilo. Women's Open-Toe Orthopaedic Sandals está diseñado para acompañarte en tu día a día con un acabado versátil que combina fácilmente con tus looks favoritos.</p>","belksale.com","Calzado","Calzado","Calzado, Calzado, Novedades, Selección Juanjo","TRUE","Color","Marrón","Talla","41","women-s-open-toe-orthopaedic-sandals-marron-41","0.00","","0","continue","","","Women's Open-Toe Orthopaedic Sandals","Da cada paso con más comodidad y estilo. Women's Open-Toe Orthopaedic Sandals está diseñado para acompañarte en tu día a día con un acabado versátil que combina fácilmente con tus looks favoritos."
"women-s-open-toe-orthopaedic-sandals","Women's Open-Toe Orthopaedic Sandals","<p>Da cada paso con más comodidad y estilo. Women's Open-Toe Orthopaedic Sandals está diseñado para acompañarte en tu día a día con un acabado versátil que combina fácilmente con tus looks favoritos.</p>","belksale.com","Calzado","Calzado","Calzado, Calzado, Novedades, Selección Juanjo","TRUE","Color","Blanco","Talla","36","women-s-open-toe-orthopaedic-sandals-blanco-36","0.00","","0","continue","","","Women's Open-Toe Orthopaedic Sandals","Da cada paso con más comodidad y estilo. Women's Open-Toe Orthopaedic Sandals está diseñado para acompañarte en tu día a día con un acabado versátil que combina fácilmente con tus looks favoritos."
"women-s-open-toe-orthopaedic-sandals","Women's Open-Toe Orthopaedic Sandals","<p>Da cada paso con más comodidad y estilo. Women's Open-Toe Orthopaedic Sandals está diseñado para acompañarte en tu día a día con un acabado versátil que combina fácilmente con tus looks favoritos.</p>","belksale.com","Calzado","Calzado","Calzado, Calzado, Novedades, Selección Juanjo","TRUE","Color","Blanco","Talla","37","women-s-open-toe-orthopaedic-sandals-blanco-37","0.00","","0","continue","","","Women's Open-Toe Orthopaedic Sandals","Da cada paso con más comodidad y estilo. Women's Open-Toe Orthopaedic Sandals está diseñado para acompañarte en tu día a día con un acabado versátil que combina fácilmente con tus looks favoritos."
"women-s-open-toe-orthopaedic-sandals","Women's Open-Toe Orthopaedic Sandals","<p>Da cada paso con más comodidad y estilo. Women's Open-Toe Orthopaedic Sandals está diseñado para acompañarte en tu día a día con un acabado versátil que combina fácilmente con tus looks favoritos.</p>","belksale.com","Calzado","Calzado","Calzado, Calzado, Novedades, Selección Juanjo","TRUE","Color","Blanco","Talla","38","women-s-open-toe-orthopaedic-sandals-blanco-38","0.00","","0","continue","","","Women's Open-Toe Orthopaedic Sandals","Da cada paso con más comodidad y estilo. Women's Open-Toe Orthopaedic Sandals está diseñado para acompañarte en tu día a día con un acabado versátil que combina fácilmente con tus looks favoritos."
"women-s-open-toe-orthopaedic-sandals","Women's Open-Toe Orthopaedic Sandals","<p>Da cada paso con más comodidad y estilo. Women's Open-Toe Orthopaedic Sandals está diseñado para acompañarte en tu día a día con un acabado versátil que combina fácilmente con tus looks favoritos.</p>","belksale.com","Calzado","Calzado","Calzado, Calzado, Novedades, Selección Juanjo","TRUE","Color","Blanco","Talla","39","women-s-open-toe-orthopaedic-sandals-blanco-39","0.00","","0","continue","","","Women's Open-Toe Orthopaedic Sandals","Da cada paso con más comodidad y estilo. Women's Open-Toe Orthopaedic Sandals está diseñado para acompañarte en tu día a día con un acabado versátil que combina fácilmente con tus looks favoritos."
"women-s-open-toe-orthopaedic-sandals","Women's Open-Toe Orthopaedic Sandals","<p>Da cada paso con más comodidad y estilo. Women's Open-Toe Orthopaedic Sandals está diseñado para acompañarte en tu día a día con un acabado versátil que combina fácilmente con tus looks favoritos.</p>","belksale.com","Calzado","Calzado","Calzado, Calzado, Novedades, Selección Juanjo","TRUE","Color","Blanco","Talla","40","women-s-open-toe-orthopaedic-sandals-blanco-40","0.00","","0","continue","","","Women's Open-Toe Orthopaedic Sandals","Da cada paso con más comodidad y estilo. Women's Open-Toe Orthopaedic Sandals está diseñado para acompañarte en tu día a día con un acabado versátil que combina fácilmente con tus looks favoritos."
"women-s-open-toe-orthopaedic-sandals","Women's Open-Toe Orthopaedic Sandals","<p>Da cada paso con más comodidad y estilo. Women's Open-Toe Orthopaedic Sandals está diseñado para acompañarte en tu día a día con un acabado versátil que combina fácilmente con tus looks favoritos.</p>","belksale.com","Calzado","Calzado","Calzado, Calzado, Novedades, Selección Juanjo","TRUE","Color","Blanco","Talla","41","women-s-open-toe-orthopaedic-sandals-blanco-41","0.00","","0","continue","","","Women's Open-Toe Orthopaedic Sandals","Da cada paso con más comodidad y estilo. Women's Open-Toe Orthopaedic Sandals está diseñado para acompañarte en tu día a día con un acabado versátil que combina fácilmente con tus looks favoritos."
"faux-suede-knee-high-stretch-boot","Faux Suede Knee-High Stretch Boot","<p>Da cada paso con más comodidad y estilo. Faux Suede Knee-High Stretch Boot está diseñado para acompañarte en tu día a día con un acabado versátil que combina fácilmente con tus looks favoritos.</p>","brillantshoes.com","Calzado","Calzado","Calzado, Calzado, Novedades, Selección Juanjo","TRUE","Color","Negro","Talla","36","faux-suede-knee-high-stretch-boot-negro-36","0.00","","0","continue","","","Faux Suede Knee-High Stretch Boot","Da cada paso con más comodidad y estilo. Faux Suede Knee-High Stretch Boot está diseñado para acompañarte en tu día a día con un acabado versátil que combina fácilmente con tus looks favoritos."
"faux-suede-knee-high-stretch-boot","Faux Suede Knee-High Stretch Boot","<p>Da cada paso con más comodidad y estilo. Faux Suede Knee-High Stretch Boot está diseñado para acompañarte en tu día a día con un acabado versátil que combina fácilmente con tus looks favoritos.</p>","brillantshoes.com","Calzado","Calzado","Calzado, Calzado, Novedades, Selección Juanjo","TRUE","Color","Negro","Talla","37","faux-suede-knee-high-stretch-boot-negro-37","0.00","","0","continue","","","Faux Suede Knee-High Stretch Boot","Da cada paso con más comodidad y estilo. Faux Suede Knee-High Stretch Boot está diseñado para acompañarte en tu día a día con un acabado versátil que combina fácilmente con tus looks favoritos."
"faux-suede-knee-high-stretch-boot","Faux Suede Knee-High Stretch Boot","<p>Da cada paso con más comodidad y estilo. Faux Suede Knee-High Stretch Boot está diseñado para acompañarte en tu día a día con un acabado versátil que combina fácilmente con tus looks favoritos.</p>","brillantshoes.com","Calzado","Calzado","Calzado, Calzado, Novedades, Selección Juanjo","TRUE","Color","Negro","Talla","38","faux-suede-knee-high-stretch-boot-negro-38","0.00","","0","continue","","","Faux Suede Knee-High Stretch Boot","Da cada paso con más comodidad y estilo. Faux Suede Knee-High Stretch Boot está diseñado para acompañarte en tu día a día con un acabado versátil que combina fácilmente con tus looks favoritos."
"faux-suede-knee-high-stretch-boot","Faux Suede Knee-High Stretch Boot","<p>Da cada paso con más comodidad y estilo. Faux Suede Knee-High Stretch Boot está diseñado para acompañarte en tu día a día con un acabado versátil que combina fácilmente con tus looks favoritos.</p>","brillantshoes.com","Calzado","Calzado","Calzado, Calzado, Novedades, Selección Juanjo","TRUE","Color","Negro","Talla","39","faux-suede-knee-high-stretch-boot-negro-39","0.00","","0","continue","","","Faux Suede Knee-High Stretch Boot","Da cada paso con más comodidad y estilo. Faux Suede Knee-High Stretch Boot está diseñado para acompañarte en tu día a día con un acabado versátil que combina fácilmente con tus looks favoritos."
"faux-suede-knee-high-stretch-boot","Faux Suede Knee-High Stretch Boot","<p>Da cada paso con más comodidad y estilo. Faux Suede Knee-High Stretch Boot está diseñado para acompañarte en tu día a día con un acabado versátil que combina fácilmente con tus looks favoritos.</p>","brillantshoes.com","Calzado","Calzado","Calzado, Calzado, Novedades, Selección Juanjo","TRUE","Color","Negro","Talla","40","faux-suede-knee-high-stretch-boot-negro-40","0.00","","0","continue","","","Faux Suede Knee-High Stretch Boot","Da cada paso con más comodidad y estilo. Faux Suede Knee-High Stretch Boot está diseñado para acompañarte en tu día a día con un acabado versátil que combina fácilmente con tus looks favoritos."
"faux-suede-knee-high-stretch-boot","Faux Suede Knee-High Stretch Boot","<p>Da cada paso con más comodidad y estilo. Faux Suede Knee-High Stretch Boot está diseñado para acompañarte en tu día a día con un acabado versátil que combina fácilmente con tus looks favoritos.</p>","brillantshoes.com","Calzado","Calzado","Calzado, Calzado, Novedades, Selección Juanjo","TRUE","Color","Negro","Talla","41","faux-suede-knee-high-stretch-boot-negro-41","0.00","","0","continue","","","Faux Suede Knee-High Stretch Boot","Da cada paso con más comodidad y estilo. Faux Suede Knee-High Stretch Boot está diseñado para acompañarte en tu día a día con un acabado versátil que combina fácilmente con tus looks favoritos."
"faux-suede-knee-high-stretch-boot","Faux Suede Knee-High Stretch Boot","<p>Da cada paso con más comodidad y estilo. Faux Suede Knee-High Stretch Boot está diseñado para acompañarte en tu día a día con un acabado versátil que combina fácilmente con tus looks favoritos.</p>","brillantshoes.com","Calzado","Calzado","Calzado, Calzado, Novedades, Selección Juanjo","TRUE","Color","Beige","Talla","36","faux-suede-knee-high-stretch-boot-beige-36","0.00","","0","continue","","","Faux Suede Knee-High Stretch Boot","Da cada paso con más comodidad y estilo. Faux Suede Knee-High Stretch Boot está diseñado para acompañarte en tu día a día con un acabado versátil que combina fácilmente con tus looks favoritos."
"faux-suede-knee-high-stretch-boot","Faux Suede Knee-High Stretch Boot","<p>Da cada paso con más comodidad y estilo. Faux Suede Knee-High Stretch Boot está diseñado para acompañarte en tu día a día con un acabado versátil que combina fácilmente con tus looks favoritos.</p>","brillantshoes.com","Calzado","Calzado","Calzado, Calzado, Novedades, Selección Juanjo","TRUE","Color","Beige","Talla","37","faux-suede-knee-high-stretch-boot-beige-37","0.00","","0","continue","","","Faux Suede Knee-High Stretch Boot","Da cada paso con más comodidad y estilo. Faux Suede Knee-High Stretch Boot está diseñado para acompañarte en tu día a día con un acabado versátil que combina fácilmente con tus looks favoritos."
"faux-suede-knee-high-stretch-boot","Faux Suede Knee-High Stretch Boot","<p>Da cada paso con más comodidad y estilo. Faux Suede Knee-High Stretch Boot está diseñado para acompañarte en tu día a día con un acabado versátil que combina fácilmente con tus looks favoritos.</p>","brillantshoes.com","Calzado","Calzado","Calzado, Calzado, Novedades, Selección Juanjo","TRUE","Color","Beige","Talla","38","faux-suede-knee-high-stretch-boot-beige-38","0.00","","0","continue","","","Faux Suede Knee-High Stretch Boot","Da cada paso con más comodidad y estilo. Faux Suede Knee-High Stretch Boot está diseñado para acompañarte en tu día a día con un acabado versátil que combina fácilmente con tus looks favoritos."
"faux-suede-knee-high-stretch-boot","Faux Suede Knee-High Stretch Boot","<p>Da cada paso con más comodidad y estilo. Faux Suede Knee-High Stretch Boot está diseñado para acompañarte en tu día a día con un acabado versátil que combina fácilmente con tus looks favoritos.</p>","brillantshoes.com","Calzado","Calzado","Calzado, Calzado, Novedades, Selección Juanjo","TRUE","Color","Beige","Talla","39","faux-suede-knee-high-stretch-boot-beige-39","0.00","","0","continue","","","Faux Suede Knee-High Stretch Boot","Da cada paso con más comodidad y estilo. Faux Suede Knee-High Stretch Boot está diseñado para acompañarte en tu día a día con un acabado versátil que combina fácilmente con tus looks favoritos."
"faux-suede-knee-high-stretch-boot","Faux Suede Knee-High Stretch Boot","<p>Da cada paso con más comodidad y estilo. Faux Suede Knee-High Stretch Boot está diseñado para acompañarte en tu día a día con un acabado versátil que combina fácilmente con tus looks favoritos.</p>","brillantshoes.com","Calzado","Calzado","Calzado, Calzado, Novedades, Selección Juanjo","TRUE","Color","Beige","Talla","40","faux-suede-knee-high-stretch-boot-beige-40","0.00","","0","continue","","","Faux Suede Knee-High Stretch Boot","Da cada paso con más comodidad y estilo. Faux Suede Knee-High Stretch Boot está diseñado para acompañarte en tu día a día con un acabado versátil que combina fácilmente con tus looks favoritos."
"faux-suede-knee-high-stretch-boot","Faux Suede Knee-High Stretch Boot","<p>Da cada paso con más comodidad y estilo. Faux Suede Knee-High Stretch Boot está diseñado para acompañarte en tu día a día con un acabado versátil que combina fácilmente con tus looks favoritos.</p>","brillantshoes.com","Calzado","Calzado","Calzado, Calzado, Novedades, Selección Juanjo","TRUE","Color","Beige","Talla","41","faux-suede-knee-high-stretch-boot-beige-41","0.00","","0","continue","","","Faux Suede Knee-High Stretch Boot","Da cada paso con más comodidad y estilo. Faux Suede Knee-High Stretch Boot está diseñado para acompañarte en tu día a día con un acabado versátil que combina fácilmente con tus looks favoritos."
"faux-suede-knee-high-stretch-boot","Faux Suede Knee-High Stretch Boot","<p>Da cada paso con más comodidad y estilo. Faux Suede Knee-High Stretch Boot está diseñado para acompañarte en tu día a día con un acabado versátil que combina fácilmente con tus looks favoritos.</p>","brillantshoes.com","Calzado","Calzado","Calzado, Calzado, Novedades, Selección Juanjo","TRUE","Color","Marrón","Talla","36","faux-suede-knee-high-stretch-boot-marron-36","0.00","","0","continue","","","Faux Suede Knee-High Stretch Boot","Da cada paso con más comodidad y estilo. Faux Suede Knee-High Stretch Boot está diseñado para acompañarte en tu día a día con un acabado versátil que combina fácilmente con tus looks favoritos."
"faux-suede-knee-high-stretch-boot","Faux Suede Knee-High Stretch Boot","<p>Da cada paso con más comodidad y estilo. Faux Suede Knee-High Stretch Boot está diseñado para acompañarte en tu día a día con un acabado versátil que combina fácilmente con tus looks favoritos.</p>","brillantshoes.com","Calzado","Calzado","Calzado, Calzado, Novedades, Selección Juanjo","TRUE","Color","Marrón","Talla","37","faux-suede-knee-high-stretch-boot-marron-37","0.00","","0","continue","","","Faux Suede Knee-High Stretch Boot","Da cada paso con más comodidad y estilo. Faux Suede Knee-High Stretch Boot está diseñado para acompañarte en tu día a día con un acabado versátil que combina fácilmente con tus looks favoritos."
"faux-suede-knee-high-stretch-boot","Faux Suede Knee-High Stretch Boot","<p>Da cada paso con más comodidad y estilo. Faux Suede Knee-High Stretch Boot está diseñado para acompañarte en tu día a día con un acabado versátil que combina fácilmente con tus looks favoritos.</p>","brillantshoes.com","Calzado","Calzado","Calzado, Calzado, Novedades, Selección Juanjo","TRUE","Color","Marrón","Talla","38","faux-suede-knee-high-stretch-boot-marron-38","0.00","","0","continue","","","Faux Suede Knee-High Stretch Boot","Da cada paso con más comodidad y estilo. Faux Suede Knee-High Stretch Boot está diseñado para acompañarte en tu día a día con un acabado versátil que combina fácilmente con tus looks favoritos."
"faux-suede-knee-high-stretch-boot","Faux Suede Knee-High Stretch Boot","<p>Da cada paso con más comodidad y estilo. Faux Suede Knee-High Stretch Boot está diseñado para acompañarte en tu día a día con un acabado versátil que combina fácilmente con tus looks favoritos.</p>","brillantshoes.com","Calzado","Calzado","Calzado, Calzado, Novedades, Selección Juanjo","TRUE","Color","Marrón","Talla","39","faux-suede-knee-high-stretch-boot-marron-39","0.00","","0","continue","","","Faux Suede Knee-High Stretch Boot","Da cada paso con más comodidad y estilo. Faux Suede Knee-High Stretch Boot está diseñado para acompañarte en tu día a día con un acabado versátil que combina fácilmente con tus looks favoritos."
"faux-suede-knee-high-stretch-boot","Faux Suede Knee-High Stretch Boot","<p>Da cada paso con más comodidad y estilo. Faux Suede Knee-High Stretch Boot está diseñado para acompañarte en tu día a día con un acabado versátil que combina fácilmente con tus looks favoritos.</p>","brillantshoes.com","Calzado","Calzado","Calzado, Calzado, Novedades, Selección Juanjo","TRUE","Color","Marrón","Talla","40","faux-suede-knee-high-stretch-boot-marron-40","0.00","","0","continue","","","Faux Suede Knee-High Stretch Boot","Da cada paso con más comodidad y estilo. Faux Suede Knee-High Stretch Boot está diseñado para acompañarte en tu día a día con un acabado versátil que combina fácilmente con tus looks favoritos."
"faux-suede-knee-high-stretch-boot","Faux Suede Knee-High Stretch Boot","<p>Da cada paso con más comodidad y estilo. Faux Suede Knee-High Stretch Boot está diseñado para acompañarte en tu día a día con un acabado versátil que combina fácilmente con tus looks favoritos.</p>","brillantshoes.com","Calzado","Calzado","Calzado, Calzado, Novedades, Selección Juanjo","TRUE","Color","Marrón","Talla","41","faux-suede-knee-high-stretch-boot-marron-41","0.00","","0","continue","","","Faux Suede Knee-High Stretch Boot","Da cada paso con más comodidad y estilo. Faux Suede Knee-High Stretch Boot está diseñado para acompañarte en tu día a día con un acabado versátil que combina fácilmente con tus looks favoritos."
"faux-suede-knee-high-stretch-boot","Faux Suede Knee-High Stretch Boot","<p>Da cada paso con más comodidad y estilo. Faux Suede Knee-High Stretch Boot está diseñado para acompañarte en tu día a día con un acabado versátil que combina fácilmente con tus looks favoritos.</p>","brillantshoes.com","Calzado","Calzado","Calzado, Calzado, Novedades, Selección Juanjo","TRUE","Color","Blanco","Talla","36","faux-suede-knee-high-stretch-boot-blanco-36","0.00","","0","continue","","","Faux Suede Knee-High Stretch Boot","Da cada paso con más comodidad y estilo. Faux Suede Knee-High Stretch Boot está diseñado para acompañarte en tu día a día con un acabado versátil que combina fácilmente con tus looks favoritos."
"faux-suede-knee-high-stretch-boot","Faux Suede Knee-High Stretch Boot","<p>Da cada paso con más comodidad y estilo. Faux Suede Knee-High Stretch Boot está diseñado para acompañarte en tu día a día con un acabado versátil que combina fácilmente con tus looks favoritos.</p>","brillantshoes.com","Calzado","Calzado","Calzado, Calzado, Novedades, Selección Juanjo","TRUE","Color","Blanco","Talla","37","faux-suede-knee-high-stretch-boot-blanco-37","0.00","","0","continue","","","Faux Suede Knee-High Stretch Boot","Da cada paso con más comodidad y estilo. Faux Suede Knee-High Stretch Boot está diseñado para acompañarte en tu día a día con un acabado versátil que combina fácilmente con tus looks favoritos."
"faux-suede-knee-high-stretch-boot","Faux Suede Knee-High Stretch Boot","<p>Da cada paso con más comodidad y estilo. Faux Suede Knee-High Stretch Boot está diseñado para acompañarte en tu día a día con un acabado versátil que combina fácilmente con tus looks favoritos.</p>","brillantshoes.com","Calzado","Calzado","Calzado, Calzado, Novedades, Selección Juanjo","TRUE","Color","Blanco","Talla","38","faux-suede-knee-high-stretch-boot-blanco-38","0.00","","0","continue","","","Faux Suede Knee-High Stretch Boot","Da cada paso con más comodidad y estilo. Faux Suede Knee-High Stretch Boot está diseñado para acompañarte en tu día a día con un acabado versátil que combina fácilmente con tus looks favoritos."
"faux-suede-knee-high-stretch-boot","Faux Suede Knee-High Stretch Boot","<p>Da cada paso con más comodidad y estilo. Faux Suede Knee-High Stretch Boot está diseñado para acompañarte en tu día a día con un acabado versátil que combina fácilmente con tus looks favoritos.</p>","brillantshoes.com","Calzado","Calzado","Calzado, Calzado, Novedades, Selección Juanjo","TRUE","Color","Blanco","Talla","39","faux-suede-knee-high-stretch-boot-blanco-39","0.00","","0","continue","","","Faux Suede Knee-High Stretch Boot","Da cada paso con más comodidad y estilo. Faux Suede Knee-High Stretch Boot está diseñado para acompañarte en tu día a día con un acabado versátil que combina fácilmente con tus looks favoritos."
"faux-suede-knee-high-stretch-boot","Faux Suede Knee-High Stretch Boot","<p>Da cada paso con más comodidad y estilo. Faux Suede Knee-High Stretch Boot está diseñado para acompañarte en tu día a día con un acabado versátil que combina fácilmente con tus looks favoritos.</p>","brillantshoes.com","Calzado","Calzado","Calzado, Calzado, Novedades, Selección Juanjo","TRUE","Color","Blanco","Talla","40","faux-suede-knee-high-stretch-boot-blanco-40","0.00","","0","continue","","","Faux Suede Knee-High Stretch Boot","Da cada paso con más comodidad y estilo. Faux Suede Knee-High Stretch Boot está diseñado para acompañarte en tu día a día con un acabado versátil que combina fácilmente con tus looks favoritos."
"faux-suede-knee-high-stretch-boot","Faux Suede Knee-High Stretch Boot","<p>Da cada paso con más comodidad y estilo. Faux Suede Knee-High Stretch Boot está diseñado para acompañarte en tu día a día con un acabado versátil que combina fácilmente con tus looks favoritos.</p>","brillantshoes.com","Calzado","Calzado","Calzado, Calzado, Novedades, Selección Juanjo","TRUE","Color","Blanco","Talla","41","faux-suede-knee-high-stretch-boot-blanco-41","0.00","","0","continue","","","Faux Suede Knee-High Stretch Boot","Da cada paso con más comodidad y estilo. Faux Suede Knee-High Stretch Boot está diseñado para acompañarte en tu día a día con un acabado versátil que combina fácilmente con tus looks favoritos."
"fur-cozy-slippers","Fur Cozy Slippers","<p>Da cada paso con más comodidad y estilo. Fur Cozy Slippers está diseñado para acompañarte en tu día a día con un acabado versátil que combina fácilmente con tus looks favoritos.</p>","cloudsslides.co.uk","Calzado","Calzado","Calzado, Calzado, Novedades, Selección Juanjo","TRUE","Color","Negro","Talla","36","fur-cozy-slippers-negro-36","23.99","40.00","0","continue","","","Fur Cozy Slippers","Da cada paso con más comodidad y estilo. Fur Cozy Slippers está diseñado para acompañarte en tu día a día con un acabado versátil que combina fácilmente con tus looks favoritos."
"fur-cozy-slippers","Fur Cozy Slippers","<p>Da cada paso con más comodidad y estilo. Fur Cozy Slippers está diseñado para acompañarte en tu día a día con un acabado versátil que combina fácilmente con tus looks favoritos.</p>","cloudsslides.co.uk","Calzado","Calzado","Calzado, Calzado, Novedades, Selección Juanjo","TRUE","Color","Negro","Talla","37","fur-cozy-slippers-negro-37","23.99","40.00","0","continue","","","Fur Cozy Slippers","Da cada paso con más comodidad y estilo. Fur Cozy Slippers está diseñado para acompañarte en tu día a día con un acabado versátil que combina fácilmente con tus looks favoritos."
"fur-cozy-slippers","Fur Cozy Slippers","<p>Da cada paso con más comodidad y estilo. Fur Cozy Slippers está diseñado para acompañarte en tu día a día con un acabado versátil que combina fácilmente con tus looks favoritos.</p>","cloudsslides.co.uk","Calzado","Calzado","Calzado, Calzado, Novedades, Selección Juanjo","TRUE","Color","Negro","Talla","38","fur-cozy-slippers-negro-38","23.99","40.00","0","continue","","","Fur Cozy Slippers","Da cada paso con más comodidad y estilo. Fur Cozy Slippers está diseñado para acompañarte en tu día a día con un acabado versátil que combina fácilmente con tus looks favoritos."
"fur-cozy-slippers","Fur Cozy Slippers","<p>Da cada paso con más comodidad y estilo. Fur Cozy Slippers está diseñado para acompañarte en tu día a día con un acabado versátil que combina fácilmente con tus looks favoritos.</p>","cloudsslides.co.uk","Calzado","Calzado","Calzado, Calzado, Novedades, Selección Juanjo","TRUE","Color","Negro","Talla","39","fur-cozy-slippers-negro-39","23.99","40.00","0","continue","","","Fur Cozy Slippers","Da cada paso con más comodidad y estilo. Fur Cozy Slippers está diseñado para acompañarte en tu día a día con un acabado versátil que combina fácilmente con tus looks favoritos."
"fur-cozy-slippers","Fur Cozy Slippers","<p>Da cada paso con más comodidad y estilo. Fur Cozy Slippers está diseñado para acompañarte en tu día a día con un acabado versátil que combina fácilmente con tus looks favoritos.</p>","cloudsslides.co.uk","Calzado","Calzado","Calzado, Calzado, Novedades, Selección Juanjo","TRUE","Color","Negro","Talla","40","fur-cozy-slippers-negro-40","23.99","40.00","0","continue","","","Fur Cozy Slippers","Da cada paso con más comodidad y estilo. Fur Cozy Slippers está diseñado para acompañarte en tu día a día con un acabado versátil que combina fácilmente con tus looks favoritos."
"fur-cozy-slippers","Fur Cozy Slippers","<p>Da cada paso con más comodidad y estilo. Fur Cozy Slippers está diseñado para acompañarte en tu día a día con un acabado versátil que combina fácilmente con tus looks favoritos.</p>","cloudsslides.co.uk","Calzado","Calzado","Calzado, Calzado, Novedades, Selección Juanjo","TRUE","Color","Negro","Talla","41","fur-cozy-slippers-negro-41","23.99","40.00","0","continue","","","Fur Cozy Slippers","Da cada paso con más comodidad y estilo. Fur Cozy Slippers está diseñado para acompañarte en tu día a día con un acabado versátil que combina fácilmente con tus looks favoritos."
"fur-cozy-slippers","Fur Cozy Slippers","<p>Da cada paso con más comodidad y estilo. Fur Cozy Slippers está diseñado para acompañarte en tu día a día con un acabado versátil que combina fácilmente con tus looks favoritos.</p>","cloudsslides.co.uk","Calzado","Calzado","Calzado, Calzado, Novedades, Selección Juanjo","TRUE","Color","Beige","Talla","36","fur-cozy-slippers-beige-36","23.99","40.00","0","continue","","","Fur Cozy Slippers","Da cada paso con más comodidad y estilo. Fur Cozy Slippers está diseñado para acompañarte en tu día a día con un acabado versátil que combina fácilmente con tus looks favoritos."
"fur-cozy-slippers","Fur Cozy Slippers","<p>Da cada paso con más comodidad y estilo. Fur Cozy Slippers está diseñado para acompañarte en tu día a día con un acabado versátil que combina fácilmente con tus looks favoritos.</p>","cloudsslides.co.uk","Calzado","Calzado","Calzado, Calzado, Novedades, Selección Juanjo","TRUE","Color","Beige","Talla","37","fur-cozy-slippers-beige-37","23.99","40.00","0","continue","","","Fur Cozy Slippers","Da cada paso con más comodidad y estilo. Fur Cozy Slippers está diseñado para acompañarte en tu día a día con un acabado versátil que combina fácilmente con tus looks favoritos."
"fur-cozy-slippers","Fur Cozy Slippers","<p>Da cada paso con más comodidad y estilo. Fur Cozy Slippers está diseñado para acompañarte en tu día a día con un acabado versátil que combina fácilmente con tus looks favoritos.</p>","cloudsslides.co.uk","Calzado","Calzado","Calzado, Calzado, Novedades, Selección Juanjo","TRUE","Color","Beige","Talla","38","fur-cozy-slippers-beige-38","23.99","40.00","0","continue","","","Fur Cozy Slippers","Da cada paso con más comodidad y estilo. Fur Cozy Slippers está diseñado para acompañarte en tu día a día con un acabado versátil que combina fácilmente con tus looks favoritos."
"fur-cozy-slippers","Fur Cozy Slippers","<p>Da cada paso con más comodidad y estilo. Fur Cozy Slippers está diseñado para acompañarte en tu día a día con un acabado versátil que combina fácilmente con tus looks favoritos.</p>","cloudsslides.co.uk","Calzado","Calzado","Calzado, Calzado, Novedades, Selección Juanjo","TRUE","Color","Beige","Talla","39","fur-cozy-slippers-beige-39","23.99","40.00","0","continue","","","Fur Cozy Slippers","Da cada paso con más comodidad y estilo. Fur Cozy Slippers está diseñado para acompañarte en tu día a día con un acabado versátil que combina fácilmente con tus looks favoritos."
"fur-cozy-slippers","Fur Cozy Slippers","<p>Da cada paso con más comodidad y estilo. Fur Cozy Slippers está diseñado para acompañarte en tu día a día con un acabado versátil que combina fácilmente con tus looks favoritos.</p>","cloudsslides.co.uk","Calzado","Calzado","Calzado, Calzado, Novedades, Selección Juanjo","TRUE","Color","Beige","Talla","40","fur-cozy-slippers-beige-40","23.99","40.00","0","continue","","","Fur Cozy Slippers","Da cada paso con más comodidad y estilo. Fur Cozy Slippers está diseñado para acompañarte en tu día a día con un acabado versátil que combina fácilmente con tus looks favoritos."
"fur-cozy-slippers","Fur Cozy Slippers","<p>Da cada paso con más comodidad y estilo. Fur Cozy Slippers está diseñado para acompañarte en tu día a día con un acabado versátil que combina fácilmente con tus looks favoritos.</p>","cloudsslides.co.uk","Calzado","Calzado","Calzado, Calzado, Novedades, Selección Juanjo","TRUE","Color","Beige","Talla","41","fur-cozy-slippers-beige-41","23.99","40.00","0","continue","","","Fur Cozy Slippers","Da cada paso con más comodidad y estilo. Fur Cozy Slippers está diseñado para acompañarte en tu día a día con un acabado versátil que combina fácilmente con tus looks favoritos."
"fur-cozy-slippers","Fur Cozy Slippers","<p>Da cada paso con más comodidad y estilo. Fur Cozy Slippers está diseñado para acompañarte en tu día a día con un acabado versátil que combina fácilmente con tus looks favoritos.</p>","cloudsslides.co.uk","Calzado","Calzado","Calzado, Calzado, Novedades, Selección Juanjo","TRUE","Color","Marrón","Talla","36","fur-cozy-slippers-marron-36","23.99","40.00","0","continue","","","Fur Cozy Slippers","Da cada paso con más comodidad y estilo. Fur Cozy Slippers está diseñado para acompañarte en tu día a día con un acabado versátil que combina fácilmente con tus looks favoritos."
"fur-cozy-slippers","Fur Cozy Slippers","<p>Da cada paso con más comodidad y estilo. Fur Cozy Slippers está diseñado para acompañarte en tu día a día con un acabado versátil que combina fácilmente con tus looks favoritos.</p>","cloudsslides.co.uk","Calzado","Calzado","Calzado, Calzado, Novedades, Selección Juanjo","TRUE","Color","Marrón","Talla","37","fur-cozy-slippers-marron-37","23.99","40.00","0","continue","","","Fur Cozy Slippers","Da cada paso con más comodidad y estilo. Fur Cozy Slippers está diseñado para acompañarte en tu día a día con un acabado versátil que combina fácilmente con tus looks favoritos."
"fur-cozy-slippers","Fur Cozy Slippers","<p>Da cada paso con más comodidad y estilo. Fur Cozy Slippers está diseñado para acompañarte en tu día a día con un acabado versátil que combina fácilmente con tus looks favoritos.</p>","cloudsslides.co.uk","Calzado","Calzado","Calzado, Calzado, Novedades, Selección Juanjo","TRUE","Color","Marrón","Talla","38","fur-cozy-slippers-marron-38","23.99","40.00","0","continue","","","Fur Cozy Slippers","Da cada paso con más comodidad y estilo. Fur Cozy Slippers está diseñado para acompañarte en tu día a día con un acabado versátil que combina fácilmente con tus looks favoritos."
"fur-cozy-slippers","Fur Cozy Slippers","<p>Da cada paso con más comodidad y estilo. Fur Cozy Slippers está diseñado para acompañarte en tu día a día con un acabado versátil que combina fácilmente con tus looks favoritos.</p>","cloudsslides.co.uk","Calzado","Calzado","Calzado, Calzado, Novedades, Selección Juanjo","TRUE","Color","Marrón","Talla","39","fur-cozy-slippers-marron-39","23.99","40.00","0","continue","","","Fur Cozy Slippers","Da cada paso con más comodidad y estilo. Fur Cozy Slippers está diseñado para acompañarte en tu día a día con un acabado versátil que combina fácilmente con tus looks favoritos."
"fur-cozy-slippers","Fur Cozy Slippers","<p>Da cada paso con más comodidad y estilo. Fur Cozy Slippers está diseñado para acompañarte en tu día a día con un acabado versátil que combina fácilmente con tus looks favoritos.</p>","cloudsslides.co.uk","Calzado","Calzado","Calzado, Calzado, Novedades, Selección Juanjo","TRUE","Color","Marrón","Talla","40","fur-cozy-slippers-marron-40","23.99","40.00","0","continue","","","Fur Cozy Slippers","Da cada paso con más comodidad y estilo. Fur Cozy Slippers está diseñado para acompañarte en tu día a día con un acabado versátil que combina fácilmente con tus looks favoritos."
"fur-cozy-slippers","Fur Cozy Slippers","<p>Da cada paso con más comodidad y estilo. Fur Cozy Slippers está diseñado para acompañarte en tu día a día con un acabado versátil que combina fácilmente con tus looks favoritos.</p>","cloudsslides.co.uk","Calzado","Calzado","Calzado, Calzado, Novedades, Selección Juanjo","TRUE","Color","Marrón","Talla","41","fur-cozy-slippers-marron-41","23.99","40.00","0","continue","","","Fur Cozy Slippers","Da cada paso con más comodidad y estilo. Fur Cozy Slippers está diseñado para acompañarte en tu día a día con un acabado versátil que combina fácilmente con tus looks favoritos."
"fur-cozy-slippers","Fur Cozy Slippers","<p>Da cada paso con más comodidad y estilo. Fur Cozy Slippers está diseñado para acompañarte en tu día a día con un acabado versátil que combina fácilmente con tus looks favoritos.</p>","cloudsslides.co.uk","Calzado","Calzado","Calzado, Calzado, Novedades, Selección Juanjo","TRUE","Color","Blanco","Talla","36","fur-cozy-slippers-blanco-36","23.99","40.00","0","continue","","","Fur Cozy Slippers","Da cada paso con más comodidad y estilo. Fur Cozy Slippers está diseñado para acompañarte en tu día a día con un acabado versátil que combina fácilmente con tus looks favoritos."
"fur-cozy-slippers","Fur Cozy Slippers","<p>Da cada paso con más comodidad y estilo. Fur Cozy Slippers está diseñado para acompañarte en tu día a día con un acabado versátil que combina fácilmente con tus looks favoritos.</p>","cloudsslides.co.uk","Calzado","Calzado","Calzado, Calzado, Novedades, Selección Juanjo","TRUE","Color","Blanco","Talla","37","fur-cozy-slippers-blanco-37","23.99","40.00","0","continue","","","Fur Cozy Slippers","Da cada paso con más comodidad y estilo. Fur Cozy Slippers está diseñado para acompañarte en tu día a día con un acabado versátil que combina fácilmente con tus looks favoritos."
"fur-cozy-slippers","Fur Cozy Slippers","<p>Da cada paso con más comodidad y estilo. Fur Cozy Slippers está diseñado para acompañarte en tu día a día con un acabado versátil que combina fácilmente con tus looks favoritos.</p>","cloudsslides.co.uk","Calzado","Calzado","Calzado, Calzado, Novedades, Selección Juanjo","TRUE","Color","Blanco","Talla","38","fur-cozy-slippers-blanco-38","23.99","40.00","0","continue","","","Fur Cozy Slippers","Da cada paso con más comodidad y estilo. Fur Cozy Slippers está diseñado para acompañarte en tu día a día con un acabado versátil que combina fácilmente con tus looks favoritos."
"fur-cozy-slippers","Fur Cozy Slippers","<p>Da cada paso con más comodidad y estilo. Fur Cozy Slippers está diseñado para acompañarte en tu día a día con un acabado versátil que combina fácilmente con tus looks favoritos.</p>","cloudsslides.co.uk","Calzado","Calzado","Calzado, Calzado, Novedades, Selección Juanjo","TRUE","Color","Blanco","Talla","39","fur-cozy-slippers-blanco-39","23.99","40.00","0","continue","","","Fur Cozy Slippers","Da cada paso con más comodidad y estilo. Fur Cozy Slippers está diseñado para acompañarte en tu día a día con un acabado versátil que combina fácilmente con tus looks favoritos."
"fur-cozy-slippers","Fur Cozy Slippers","<p>Da cada paso con más comodidad y estilo. Fur Cozy Slippers está diseñado para acompañarte en tu día a día con un acabado versátil que combina fácilmente con tus looks favoritos.</p>","cloudsslides.co.uk","Calzado","Calzado","Calzado, Calzado, Novedades, Selección Juanjo","TRUE","Color","Blanco","Talla","40","fur-cozy-slippers-blanco-40","23.99","40.00","0","continue","","","Fur Cozy Slippers","Da cada paso con más comodidad y estilo. Fur Cozy Slippers está diseñado para acompañarte en tu día a día con un acabado versátil que combina fácilmente con tus looks favoritos."
"fur-cozy-slippers","Fur Cozy Slippers","<p>Da cada paso con más comodidad y estilo. Fur Cozy Slippers está diseñado para acompañarte en tu día a día con un acabado versátil que combina fácilmente con tus looks favoritos.</p>","cloudsslides.co.uk","Calzado","Calzado","Calzado, Calzado, Novedades, Selección Juanjo","TRUE","Color","Blanco","Talla","41","fur-cozy-slippers-blanco-41","23.99","40.00","0","continue","","","Fur Cozy Slippers","Da cada paso con más comodidad y estilo. Fur Cozy Slippers está diseñado para acompañarte en tu día a día con un acabado versátil que combina fácilmente con tus looks favoritos."
"montra-orthopedic-shoes","Montra Orthopedic Shoes","<p>Da cada paso con más comodidad y estilo. Montra Orthopedic Shoes está diseñado para acompañarte en tu día a día con un acabado versátil que combina fácilmente con tus looks favoritos.</p>","bomre.com","Calzado","Calzado","Calzado, Calzado, Novedades, Selección Juanjo","TRUE","Color","Negro","Talla","36","montra-orthopedic-shoes-negro-36","59.99","160.00","0","continue","","","Montra Orthopedic Shoes","Da cada paso con más comodidad y estilo. Montra Orthopedic Shoes está diseñado para acompañarte en tu día a día con un acabado versátil que combina fácilmente con tus looks favoritos."
"montra-orthopedic-shoes","Montra Orthopedic Shoes","<p>Da cada paso con más comodidad y estilo. Montra Orthopedic Shoes está diseñado para acompañarte en tu día a día con un acabado versátil que combina fácilmente con tus looks favoritos.</p>","bomre.com","Calzado","Calzado","Calzado, Calzado, Novedades, Selección Juanjo","TRUE","Color","Negro","Talla","37","montra-orthopedic-shoes-negro-37","59.99","160.00","0","continue","","","Montra Orthopedic Shoes","Da cada paso con más comodidad y estilo. Montra Orthopedic Shoes está diseñado para acompañarte en tu día a día con un acabado versátil que combina fácilmente con tus looks favoritos."
"montra-orthopedic-shoes","Montra Orthopedic Shoes","<p>Da cada paso con más comodidad y estilo. Montra Orthopedic Shoes está diseñado para acompañarte en tu día a día con un acabado versátil que combina fácilmente con tus looks favoritos.</p>","bomre.com","Calzado","Calzado","Calzado, Calzado, Novedades, Selección Juanjo","TRUE","Color","Negro","Talla","38","montra-orthopedic-shoes-negro-38","59.99","160.00","0","continue","","","Montra Orthopedic Shoes","Da cada paso con más comodidad y estilo. Montra Orthopedic Shoes está diseñado para acompañarte en tu día a día con un acabado versátil que combina fácilmente con tus looks favoritos."
"montra-orthopedic-shoes","Montra Orthopedic Shoes","<p>Da cada paso con más comodidad y estilo. Montra Orthopedic Shoes está diseñado para acompañarte en tu día a día con un acabado versátil que combina fácilmente con tus looks favoritos.</p>","bomre.com","Calzado","Calzado","Calzado, Calzado, Novedades, Selección Juanjo","TRUE","Color","Negro","Talla","39","montra-orthopedic-shoes-negro-39","59.99","160.00","0","continue","","","Montra Orthopedic Shoes","Da cada paso con más comodidad y estilo. Montra Orthopedic Shoes está diseñado para acompañarte en tu día a día con un acabado versátil que combina fácilmente con tus looks favoritos."
"montra-orthopedic-shoes","Montra Orthopedic Shoes","<p>Da cada paso con más comodidad y estilo. Montra Orthopedic Shoes está diseñado para acompañarte en tu día a día con un acabado versátil que combina fácilmente con tus looks favoritos.</p>","bomre.com","Calzado","Calzado","Calzado, Calzado, Novedades, Selección Juanjo","TRUE","Color","Negro","Talla","40","montra-orthopedic-shoes-negro-40","59.99","160.00","0","continue","","","Montra Orthopedic Shoes","Da cada paso con más comodidad y estilo. Montra Orthopedic Shoes está diseñado para acompañarte en tu día a día con un acabado versátil que combina fácilmente con tus looks favoritos."
"montra-orthopedic-shoes","Montra Orthopedic Shoes","<p>Da cada paso con más comodidad y estilo. Montra Orthopedic Shoes está diseñado para acompañarte en tu día a día con un acabado versátil que combina fácilmente con tus looks favoritos.</p>","bomre.com","Calzado","Calzado","Calzado, Calzado, Novedades, Selección Juanjo","TRUE","Color","Negro","Talla","41","montra-orthopedic-shoes-negro-41","59.99","160.00","0","continue","","","Montra Orthopedic Shoes","Da cada paso con más comodidad y estilo. Montra Orthopedic Shoes está diseñado para acompañarte en tu día a día con un acabado versátil que combina fácilmente con tus looks favoritos."
"montra-orthopedic-shoes","Montra Orthopedic Shoes","<p>Da cada paso con más comodidad y estilo. Montra Orthopedic Shoes está diseñado para acompañarte en tu día a día con un acabado versátil que combina fácilmente con tus looks favoritos.</p>","bomre.com","Calzado","Calzado","Calzado, Calzado, Novedades, Selección Juanjo","TRUE","Color","Beige","Talla","36","montra-orthopedic-shoes-beige-36","59.99","160.00","0","continue","","","Montra Orthopedic Shoes","Da cada paso con más comodidad y estilo. Montra Orthopedic Shoes está diseñado para acompañarte en tu día a día con un acabado versátil que combina fácilmente con tus looks favoritos."
"montra-orthopedic-shoes","Montra Orthopedic Shoes","<p>Da cada paso con más comodidad y estilo. Montra Orthopedic Shoes está diseñado para acompañarte en tu día a día con un acabado versátil que combina fácilmente con tus looks favoritos.</p>","bomre.com","Calzado","Calzado","Calzado, Calzado, Novedades, Selección Juanjo","TRUE","Color","Beige","Talla","37","montra-orthopedic-shoes-beige-37","59.99","160.00","0","continue","","","Montra Orthopedic Shoes","Da cada paso con más comodidad y estilo. Montra Orthopedic Shoes está diseñado para acompañarte en tu día a día con un acabado versátil que combina fácilmente con tus looks favoritos."
"montra-orthopedic-shoes","Montra Orthopedic Shoes","<p>Da cada paso con más comodidad y estilo. Montra Orthopedic Shoes está diseñado para acompañarte en tu día a día con un acabado versátil que combina fácilmente con tus looks favoritos.</p>","bomre.com","Calzado","Calzado","Calzado, Calzado, Novedades, Selección Juanjo","TRUE","Color","Beige","Talla","38","montra-orthopedic-shoes-beige-38","59.99","160.00","0","continue","","","Montra Orthopedic Shoes","Da cada paso con más comodidad y estilo. Montra Orthopedic Shoes está diseñado para acompañarte en tu día a día con un acabado versátil que combina fácilmente con tus looks favoritos."
"montra-orthopedic-shoes","Montra Orthopedic Shoes","<p>Da cada paso con más comodidad y estilo. Montra Orthopedic Shoes está diseñado para acompañarte en tu día a día con un acabado versátil que combina fácilmente con tus looks favoritos.</p>","bomre.com","Calzado","Calzado","Calzado, Calzado, Novedades, Selección Juanjo","TRUE","Color","Beige","Talla","39","montra-orthopedic-shoes-beige-39","59.99","160.00","0","continue","","","Montra Orthopedic Shoes","Da cada paso con más comodidad y estilo. Montra Orthopedic Shoes está diseñado para acompañarte en tu día a día con un acabado versátil que combina fácilmente con tus looks favoritos."
"montra-orthopedic-shoes","Montra Orthopedic Shoes","<p>Da cada paso con más comodidad y estilo. Montra Orthopedic Shoes está diseñado para acompañarte en tu día a día con un acabado versátil que combina fácilmente con tus looks favoritos.</p>","bomre.com","Calzado","Calzado","Calzado, Calzado, Novedades, Selección Juanjo","TRUE","Color","Beige","Talla","40","montra-orthopedic-shoes-beige-40","59.99","160.00","0","continue","","","Montra Orthopedic Shoes","Da cada paso con más comodidad y estilo. Montra Orthopedic Shoes está diseñado para acompañarte en tu día a día con un acabado versátil que combina fácilmente con tus looks favoritos."
"montra-orthopedic-shoes","Montra Orthopedic Shoes","<p>Da cada paso con más comodidad y estilo. Montra Orthopedic Shoes está diseñado para acompañarte en tu día a día con un acabado versátil que combina fácilmente con tus looks favoritos.</p>","bomre.com","Calzado","Calzado","Calzado, Calzado, Novedades, Selección Juanjo","TRUE","Color","Beige","Talla","41","montra-orthopedic-shoes-beige-41","59.99","160.00","0","continue","","","Montra Orthopedic Shoes","Da cada paso con más comodidad y estilo. Montra Orthopedic Shoes está diseñado para acompañarte en tu día a día con un acabado versátil que combina fácilmente con tus looks favoritos."
"montra-orthopedic-shoes","Montra Orthopedic Shoes","<p>Da cada paso con más comodidad y estilo. Montra Orthopedic Shoes está diseñado para acompañarte en tu día a día con un acabado versátil que combina fácilmente con tus looks favoritos.</p>","bomre.com","Calzado","Calzado","Calzado, Calzado, Novedades, Selección Juanjo","TRUE","Color","Marrón","Talla","36","montra-orthopedic-shoes-marron-36","59.99","160.00","0","continue","","","Montra Orthopedic Shoes","Da cada paso con más comodidad y estilo. Montra Orthopedic Shoes está diseñado para acompañarte en tu día a día con un acabado versátil que combina fácilmente con tus looks favoritos."
"montra-orthopedic-shoes","Montra Orthopedic Shoes","<p>Da cada paso con más comodidad y estilo. Montra Orthopedic Shoes está diseñado para acompañarte en tu día a día con un acabado versátil que combina fácilmente con tus looks favoritos.</p>","bomre.com","Calzado","Calzado","Calzado, Calzado, Novedades, Selección Juanjo","TRUE","Color","Marrón","Talla","37","montra-orthopedic-shoes-marron-37","59.99","160.00","0","continue","","","Montra Orthopedic Shoes","Da cada paso con más comodidad y estilo. Montra Orthopedic Shoes está diseñado para acompañarte en tu día a día con un acabado versátil que combina fácilmente con tus looks favoritos."
"montra-orthopedic-shoes","Montra Orthopedic Shoes","<p>Da cada paso con más comodidad y estilo. Montra Orthopedic Shoes está diseñado para acompañarte en tu día a día con un acabado versátil que combina fácilmente con tus looks favoritos.</p>","bomre.com","Calzado","Calzado","Calzado, Calzado, Novedades, Selección Juanjo","TRUE","Color","Marrón","Talla","38","montra-orthopedic-shoes-marron-38","59.99","160.00","0","continue","","","Montra Orthopedic Shoes","Da cada paso con más comodidad y estilo. Montra Orthopedic Shoes está diseñado para acompañarte en tu día a día con un acabado versátil que combina fácilmente con tus looks favoritos."
"montra-orthopedic-shoes","Montra Orthopedic Shoes","<p>Da cada paso con más comodidad y estilo. Montra Orthopedic Shoes está diseñado para acompañarte en tu día a día con un acabado versátil que combina fácilmente con tus looks favoritos.</p>","bomre.com","Calzado","Calzado","Calzado, Calzado, Novedades, Selección Juanjo","TRUE","Color","Marrón","Talla","39","montra-orthopedic-shoes-marron-39","59.99","160.00","0","continue","","","Montra Orthopedic Shoes","Da cada paso con más comodidad y estilo. Montra Orthopedic Shoes está diseñado para acompañarte en tu día a día con un acabado versátil que combina fácilmente con tus looks favoritos."
"montra-orthopedic-shoes","Montra Orthopedic Shoes","<p>Da cada paso con más comodidad y estilo. Montra Orthopedic Shoes está diseñado para acompañarte en tu día a día con un acabado versátil que combina fácilmente con tus looks favoritos.</p>","bomre.com","Calzado","Calzado","Calzado, Calzado, Novedades, Selección Juanjo","TRUE","Color","Marrón","Talla","40","montra-orthopedic-shoes-marron-40","59.99","160.00","0","continue","","","Montra Orthopedic Shoes","Da cada paso con más comodidad y estilo. Montra Orthopedic Shoes está diseñado para acompañarte en tu día a día con un acabado versátil que combina fácilmente con tus looks favoritos."
"montra-orthopedic-shoes","Montra Orthopedic Shoes","<p>Da cada paso con más comodidad y estilo. Montra Orthopedic Shoes está diseñado para acompañarte en tu día a día con un acabado versátil que combina fácilmente con tus looks favoritos.</p>","bomre.com","Calzado","Calzado","Calzado, Calzado, Novedades, Selección Juanjo","TRUE","Color","Marrón","Talla","41","montra-orthopedic-shoes-marron-41","59.99","160.00","0","continue","","","Montra Orthopedic Shoes","Da cada paso con más comodidad y estilo. Montra Orthopedic Shoes está diseñado para acompañarte en tu día a día con un acabado versátil que combina fácilmente con tus looks favoritos."
"montra-orthopedic-shoes","Montra Orthopedic Shoes","<p>Da cada paso con más comodidad y estilo. Montra Orthopedic Shoes está diseñado para acompañarte en tu día a día con un acabado versátil que combina fácilmente con tus looks favoritos.</p>","bomre.com","Calzado","Calzado","Calzado, Calzado, Novedades, Selección Juanjo","TRUE","Color","Blanco","Talla","36","montra-orthopedic-shoes-blanco-36","59.99","160.00","0","continue","","","Montra Orthopedic Shoes","Da cada paso con más comodidad y estilo. Montra Orthopedic Shoes está diseñado para acompañarte en tu día a día con un acabado versátil que combina fácilmente con tus looks favoritos."
"montra-orthopedic-shoes","Montra Orthopedic Shoes","<p>Da cada paso con más comodidad y estilo. Montra Orthopedic Shoes está diseñado para acompañarte en tu día a día con un acabado versátil que combina fácilmente con tus looks favoritos.</p>","bomre.com","Calzado","Calzado","Calzado, Calzado, Novedades, Selección Juanjo","TRUE","Color","Blanco","Talla","37","montra-orthopedic-shoes-blanco-37","59.99","160.00","0","continue","","","Montra Orthopedic Shoes","Da cada paso con más comodidad y estilo. Montra Orthopedic Shoes está diseñado para acompañarte en tu día a día con un acabado versátil que combina fácilmente con tus looks favoritos."
"montra-orthopedic-shoes","Montra Orthopedic Shoes","<p>Da cada paso con más comodidad y estilo. Montra Orthopedic Shoes está diseñado para acompañarte en tu día a día con un acabado versátil que combina fácilmente con tus looks favoritos.</p>","bomre.com","Calzado","Calzado","Calzado, Calzado, Novedades, Selección Juanjo","TRUE","Color","Blanco","Talla","38","montra-orthopedic-shoes-blanco-38","59.99","160.00","0","continue","","","Montra Orthopedic Shoes","Da cada paso con más comodidad y estilo. Montra Orthopedic Shoes está diseñado para acompañarte en tu día a día con un acabado versátil que combina fácilmente con tus looks favoritos."
"montra-orthopedic-shoes","Montra Orthopedic Shoes","<p>Da cada paso con más comodidad y estilo. Montra Orthopedic Shoes está diseñado para acompañarte en tu día a día con un acabado versátil que combina fácilmente con tus looks favoritos.</p>","bomre.com","Calzado","Calzado","Calzado, Calzado, Novedades, Selección Juanjo","TRUE","Color","Blanco","Talla","39","montra-orthopedic-shoes-blanco-39","59.99","160.00","0","continue","","","Montra Orthopedic Shoes","Da cada paso con más comodidad y estilo. Montra Orthopedic Shoes está diseñado para acompañarte en tu día a día con un acabado versátil que combina fácilmente con tus looks favoritos."
"montra-orthopedic-shoes","Montra Orthopedic Shoes","<p>Da cada paso con más comodidad y estilo. Montra Orthopedic Shoes está diseñado para acompañarte en tu día a día con un acabado versátil que combina fácilmente con tus looks favoritos.</p>","bomre.com","Calzado","Calzado","Calzado, Calzado, Novedades, Selección Juanjo","TRUE","Color","Blanco","Talla","40","montra-orthopedic-shoes-blanco-40","59.99","160.00","0","continue","","","Montra Orthopedic Shoes","Da cada paso con más comodidad y estilo. Montra Orthopedic Shoes está diseñado para acompañarte en tu día a día con un acabado versátil que combina fácilmente con tus looks favoritos."
"montra-orthopedic-shoes","Montra Orthopedic Shoes","<p>Da cada paso con más comodidad y estilo. Montra Orthopedic Shoes está diseñado para acompañarte en tu día a día con un acabado versátil que combina fácilmente con tus looks favoritos.</p>","bomre.com","Calzado","Calzado","Calzado, Calzado, Novedades, Selección Juanjo","TRUE","Color","Blanco","Talla","41","montra-orthopedic-shoes-blanco-41","59.99","160.00","0","continue","","","Montra Orthopedic Shoes","Da cada paso con más comodidad y estilo. Montra Orthopedic Shoes está diseñado para acompañarte en tu día a día con un acabado versátil que combina fácilmente con tus looks favoritos."
"calvona-orthopedic-slip-ons","Calvona Orthopedic Slip-Ons","<p>Da cada paso con más comodidad y estilo. Calvona Orthopedic Slip-Ons está diseñado para acompañarte en tu día a día con un acabado versátil que combina fácilmente con tus looks favoritos.</p>","bomre.com","Calzado","Calzado","Calzado, Calzado, Novedades, Selección Juanjo","TRUE","Color","Negro","Talla","36","calvona-orthopedic-slip-ons-negro-36","49.99","110.00","0","continue","","","Calvona Orthopedic Slip-Ons","Da cada paso con más comodidad y estilo. Calvona Orthopedic Slip-Ons está diseñado para acompañarte en tu día a día con un acabado versátil que combina fácilmente con tus looks favoritos."
"calvona-orthopedic-slip-ons","Calvona Orthopedic Slip-Ons","<p>Da cada paso con más comodidad y estilo. Calvona Orthopedic Slip-Ons está diseñado para acompañarte en tu día a día con un acabado versátil que combina fácilmente con tus looks favoritos.</p>","bomre.com","Calzado","Calzado","Calzado, Calzado, Novedades, Selección Juanjo","TRUE","Color","Negro","Talla","37","calvona-orthopedic-slip-ons-negro-37","49.99","110.00","0","continue","","","Calvona Orthopedic Slip-Ons","Da cada paso con más comodidad y estilo. Calvona Orthopedic Slip-Ons está diseñado para acompañarte en tu día a día con un acabado versátil que combina fácilmente con tus looks favoritos."
"calvona-orthopedic-slip-ons","Calvona Orthopedic Slip-Ons","<p>Da cada paso con más comodidad y estilo. Calvona Orthopedic Slip-Ons está diseñado para acompañarte en tu día a día con un acabado versátil que combina fácilmente con tus looks favoritos.</p>","bomre.com","Calzado","Calzado","Calzado, Calzado, Novedades, Selección Juanjo","TRUE","Color","Negro","Talla","38","calvona-orthopedic-slip-ons-negro-38","49.99","110.00","0","continue","","","Calvona Orthopedic Slip-Ons","Da cada paso con más comodidad y estilo. Calvona Orthopedic Slip-Ons está diseñado para acompañarte en tu día a día con un acabado versátil que combina fácilmente con tus looks favoritos."
"calvona-orthopedic-slip-ons","Calvona Orthopedic Slip-Ons","<p>Da cada paso con más comodidad y estilo. Calvona Orthopedic Slip-Ons está diseñado para acompañarte en tu día a día con un acabado versátil que combina fácilmente con tus looks favoritos.</p>","bomre.com","Calzado","Calzado","Calzado, Calzado, Novedades, Selección Juanjo","TRUE","Color","Negro","Talla","39","calvona-orthopedic-slip-ons-negro-39","49.99","110.00","0","continue","","","Calvona Orthopedic Slip-Ons","Da cada paso con más comodidad y estilo. Calvona Orthopedic Slip-Ons está diseñado para acompañarte en tu día a día con un acabado versátil que combina fácilmente con tus looks favoritos."
"calvona-orthopedic-slip-ons","Calvona Orthopedic Slip-Ons","<p>Da cada paso con más comodidad y estilo. Calvona Orthopedic Slip-Ons está diseñado para acompañarte en tu día a día con un acabado versátil que combina fácilmente con tus looks favoritos.</p>","bomre.com","Calzado","Calzado","Calzado, Calzado, Novedades, Selección Juanjo","TRUE","Color","Negro","Talla","40","calvona-orthopedic-slip-ons-negro-40","49.99","110.00","0","continue","","","Calvona Orthopedic Slip-Ons","Da cada paso con más comodidad y estilo. Calvona Orthopedic Slip-Ons está diseñado para acompañarte en tu día a día con un acabado versátil que combina fácilmente con tus looks favoritos."
"calvona-orthopedic-slip-ons","Calvona Orthopedic Slip-Ons","<p>Da cada paso con más comodidad y estilo. Calvona Orthopedic Slip-Ons está diseñado para acompañarte en tu día a día con un acabado versátil que combina fácilmente con tus looks favoritos.</p>","bomre.com","Calzado","Calzado","Calzado, Calzado, Novedades, Selección Juanjo","TRUE","Color","Negro","Talla","41","calvona-orthopedic-slip-ons-negro-41","49.99","110.00","0","continue","","","Calvona Orthopedic Slip-Ons","Da cada paso con más comodidad y estilo. Calvona Orthopedic Slip-Ons está diseñado para acompañarte en tu día a día con un acabado versátil que combina fácilmente con tus looks favoritos."
"calvona-orthopedic-slip-ons","Calvona Orthopedic Slip-Ons","<p>Da cada paso con más comodidad y estilo. Calvona Orthopedic Slip-Ons está diseñado para acompañarte en tu día a día con un acabado versátil que combina fácilmente con tus looks favoritos.</p>","bomre.com","Calzado","Calzado","Calzado, Calzado, Novedades, Selección Juanjo","TRUE","Color","Beige","Talla","36","calvona-orthopedic-slip-ons-beige-36","49.99","110.00","0","continue","","","Calvona Orthopedic Slip-Ons","Da cada paso con más comodidad y estilo. Calvona Orthopedic Slip-Ons está diseñado para acompañarte en tu día a día con un acabado versátil que combina fácilmente con tus looks favoritos."
"calvona-orthopedic-slip-ons","Calvona Orthopedic Slip-Ons","<p>Da cada paso con más comodidad y estilo. Calvona Orthopedic Slip-Ons está diseñado para acompañarte en tu día a día con un acabado versátil que combina fácilmente con tus looks favoritos.</p>","bomre.com","Calzado","Calzado","Calzado, Calzado, Novedades, Selección Juanjo","TRUE","Color","Beige","Talla","37","calvona-orthopedic-slip-ons-beige-37","49.99","110.00","0","continue","","","Calvona Orthopedic Slip-Ons","Da cada paso con más comodidad y estilo. Calvona Orthopedic Slip-Ons está diseñado para acompañarte en tu día a día con un acabado versátil que combina fácilmente con tus looks favoritos."
"calvona-orthopedic-slip-ons","Calvona Orthopedic Slip-Ons","<p>Da cada paso con más comodidad y estilo. Calvona Orthopedic Slip-Ons está diseñado para acompañarte en tu día a día con un acabado versátil que combina fácilmente con tus looks favoritos.</p>","bomre.com","Calzado","Calzado","Calzado, Calzado, Novedades, Selección Juanjo","TRUE","Color","Beige","Talla","38","calvona-orthopedic-slip-ons-beige-38","49.99","110.00","0","continue","","","Calvona Orthopedic Slip-Ons","Da cada paso con más comodidad y estilo. Calvona Orthopedic Slip-Ons está diseñado para acompañarte en tu día a día con un acabado versátil que combina fácilmente con tus looks favoritos."
"calvona-orthopedic-slip-ons","Calvona Orthopedic Slip-Ons","<p>Da cada paso con más comodidad y estilo. Calvona Orthopedic Slip-Ons está diseñado para acompañarte en tu día a día con un acabado versátil que combina fácilmente con tus looks favoritos.</p>","bomre.com","Calzado","Calzado","Calzado, Calzado, Novedades, Selección Juanjo","TRUE","Color","Beige","Talla","39","calvona-orthopedic-slip-ons-beige-39","49.99","110.00","0","continue","","","Calvona Orthopedic Slip-Ons","Da cada paso con más comodidad y estilo. Calvona Orthopedic Slip-Ons está diseñado para acompañarte en tu día a día con un acabado versátil que combina fácilmente con tus looks favoritos."
"calvona-orthopedic-slip-ons","Calvona Orthopedic Slip-Ons","<p>Da cada paso con más comodidad y estilo. Calvona Orthopedic Slip-Ons está diseñado para acompañarte en tu día a día con un acabado versátil que combina fácilmente con tus looks favoritos.</p>","bomre.com","Calzado","Calzado","Calzado, Calzado, Novedades, Selección Juanjo","TRUE","Color","Beige","Talla","40","calvona-orthopedic-slip-ons-beige-40","49.99","110.00","0","continue","","","Calvona Orthopedic Slip-Ons","Da cada paso con más comodidad y estilo. Calvona Orthopedic Slip-Ons está diseñado para acompañarte en tu día a día con un acabado versátil que combina fácilmente con tus looks favoritos."
"calvona-orthopedic-slip-ons","Calvona Orthopedic Slip-Ons","<p>Da cada paso con más comodidad y estilo. Calvona Orthopedic Slip-Ons está diseñado para acompañarte en tu día a día con un acabado versátil que combina fácilmente con tus looks favoritos.</p>","bomre.com","Calzado","Calzado","Calzado, Calzado, Novedades, Selección Juanjo","TRUE","Color","Beige","Talla","41","calvona-orthopedic-slip-ons-beige-41","49.99","110.00","0","continue","","","Calvona Orthopedic Slip-Ons","Da cada paso con más comodidad y estilo. Calvona Orthopedic Slip-Ons está diseñado para acompañarte en tu día a día con un acabado versátil que combina fácilmente con tus looks favoritos."
"calvona-orthopedic-slip-ons","Calvona Orthopedic Slip-Ons","<p>Da cada paso con más comodidad y estilo. Calvona Orthopedic Slip-Ons está diseñado para acompañarte en tu día a día con un acabado versátil que combina fácilmente con tus looks favoritos.</p>","bomre.com","Calzado","Calzado","Calzado, Calzado, Novedades, Selección Juanjo","TRUE","Color","Marrón","Talla","36","calvona-orthopedic-slip-ons-marron-36","49.99","110.00","0","continue","","","Calvona Orthopedic Slip-Ons","Da cada paso con más comodidad y estilo. Calvona Orthopedic Slip-Ons está diseñado para acompañarte en tu día a día con un acabado versátil que combina fácilmente con tus looks favoritos."
"calvona-orthopedic-slip-ons","Calvona Orthopedic Slip-Ons","<p>Da cada paso con más comodidad y estilo. Calvona Orthopedic Slip-Ons está diseñado para acompañarte en tu día a día con un acabado versátil que combina fácilmente con tus looks favoritos.</p>","bomre.com","Calzado","Calzado","Calzado, Calzado, Novedades, Selección Juanjo","TRUE","Color","Marrón","Talla","37","calvona-orthopedic-slip-ons-marron-37","49.99","110.00","0","continue","","","Calvona Orthopedic Slip-Ons","Da cada paso con más comodidad y estilo. Calvona Orthopedic Slip-Ons está diseñado para acompañarte en tu día a día con un acabado versátil que combina fácilmente con tus looks favoritos."
"calvona-orthopedic-slip-ons","Calvona Orthopedic Slip-Ons","<p>Da cada paso con más comodidad y estilo. Calvona Orthopedic Slip-Ons está diseñado para acompañarte en tu día a día con un acabado versátil que combina fácilmente con tus looks favoritos.</p>","bomre.com","Calzado","Calzado","Calzado, Calzado, Novedades, Selección Juanjo","TRUE","Color","Marrón","Talla","38","calvona-orthopedic-slip-ons-marron-38","49.99","110.00","0","continue","","","Calvona Orthopedic Slip-Ons","Da cada paso con más comodidad y estilo. Calvona Orthopedic Slip-Ons está diseñado para acompañarte en tu día a día con un acabado versátil que combina fácilmente con tus looks favoritos."
"calvona-orthopedic-slip-ons","Calvona Orthopedic Slip-Ons","<p>Da cada paso con más comodidad y estilo. Calvona Orthopedic Slip-Ons está diseñado para acompañarte en tu día a día con un acabado versátil que combina fácilmente con tus looks favoritos.</p>","bomre.com","Calzado","Calzado","Calzado, Calzado, Novedades, Selección Juanjo","TRUE","Color","Marrón","Talla","39","calvona-orthopedic-slip-ons-marron-39","49.99","110.00","0","continue","","","Calvona Orthopedic Slip-Ons","Da cada paso con más comodidad y estilo. Calvona Orthopedic Slip-Ons está diseñado para acompañarte en tu día a día con un acabado versátil que combina fácilmente con tus looks favoritos."
"calvona-orthopedic-slip-ons","Calvona Orthopedic Slip-Ons","<p>Da cada paso con más comodidad y estilo. Calvona Orthopedic Slip-Ons está diseñado para acompañarte en tu día a día con un acabado versátil que combina fácilmente con tus looks favoritos.</p>","bomre.com","Calzado","Calzado","Calzado, Calzado, Novedades, Selección Juanjo","TRUE","Color","Marrón","Talla","40","calvona-orthopedic-slip-ons-marron-40","49.99","110.00","0","continue","","","Calvona Orthopedic Slip-Ons","Da cada paso con más comodidad y estilo. Calvona Orthopedic Slip-Ons está diseñado para acompañarte en tu día a día con un acabado versátil que combina fácilmente con tus looks favoritos."
"calvona-orthopedic-slip-ons","Calvona Orthopedic Slip-Ons","<p>Da cada paso con más comodidad y estilo. Calvona Orthopedic Slip-Ons está diseñado para acompañarte en tu día a día con un acabado versátil que combina fácilmente con tus looks favoritos.</p>","bomre.com","Calzado","Calzado","Calzado, Calzado, Novedades, Selección Juanjo","TRUE","Color","Marrón","Talla","41","calvona-orthopedic-slip-ons-marron-41","49.99","110.00","0","continue","","","Calvona Orthopedic Slip-Ons","Da cada paso con más comodidad y estilo. Calvona Orthopedic Slip-Ons está diseñado para acompañarte en tu día a día con un acabado versátil que combina fácilmente con tus looks favoritos."
"calvona-orthopedic-slip-ons","Calvona Orthopedic Slip-Ons","<p>Da cada paso con más comodidad y estilo. Calvona Orthopedic Slip-Ons está diseñado para acompañarte en tu día a día con un acabado versátil que combina fácilmente con tus looks favoritos.</p>","bomre.com","Calzado","Calzado","Calzado, Calzado, Novedades, Selección Juanjo","TRUE","Color","Blanco","Talla","36","calvona-orthopedic-slip-ons-blanco-36","49.99","110.00","0","continue","","","Calvona Orthopedic Slip-Ons","Da cada paso con más comodidad y estilo. Calvona Orthopedic Slip-Ons está diseñado para acompañarte en tu día a día con un acabado versátil que combina fácilmente con tus looks favoritos."
"calvona-orthopedic-slip-ons","Calvona Orthopedic Slip-Ons","<p>Da cada paso con más comodidad y estilo. Calvona Orthopedic Slip-Ons está diseñado para acompañarte en tu día a día con un acabado versátil que combina fácilmente con tus looks favoritos.</p>","bomre.com","Calzado","Calzado","Calzado, Calzado, Novedades, Selección Juanjo","TRUE","Color","Blanco","Talla","37","calvona-orthopedic-slip-ons-blanco-37","49.99","110.00","0","continue","","","Calvona Orthopedic Slip-Ons","Da cada paso con más comodidad y estilo. Calvona Orthopedic Slip-Ons está diseñado para acompañarte en tu día a día con un acabado versátil que combina fácilmente con tus looks favoritos."
"calvona-orthopedic-slip-ons","Calvona Orthopedic Slip-Ons","<p>Da cada paso con más comodidad y estilo. Calvona Orthopedic Slip-Ons está diseñado para acompañarte en tu día a día con un acabado versátil que combina fácilmente con tus looks favoritos.</p>","bomre.com","Calzado","Calzado","Calzado, Calzado, Novedades, Selección Juanjo","TRUE","Color","Blanco","Talla","38","calvona-orthopedic-slip-ons-blanco-38","49.99","110.00","0","continue","","","Calvona Orthopedic Slip-Ons","Da cada paso con más comodidad y estilo. Calvona Orthopedic Slip-Ons está diseñado para acompañarte en tu día a día con un acabado versátil que combina fácilmente con tus looks favoritos."
"calvona-orthopedic-slip-ons","Calvona Orthopedic Slip-Ons","<p>Da cada paso con más comodidad y estilo. Calvona Orthopedic Slip-Ons está diseñado para acompañarte en tu día a día con un acabado versátil que combina fácilmente con tus looks favoritos.</p>","bomre.com","Calzado","Calzado","Calzado, Calzado, Novedades, Selección Juanjo","TRUE","Color","Blanco","Talla","39","calvona-orthopedic-slip-ons-blanco-39","49.99","110.00","0","continue","","","Calvona Orthopedic Slip-Ons","Da cada paso con más comodidad y estilo. Calvona Orthopedic Slip-Ons está diseñado para acompañarte en tu día a día con un acabado versátil que combina fácilmente con tus looks favoritos."
"calvona-orthopedic-slip-ons","Calvona Orthopedic Slip-Ons","<p>Da cada paso con más comodidad y estilo. Calvona Orthopedic Slip-Ons está diseñado para acompañarte en tu día a día con un acabado versátil que combina fácilmente con tus looks favoritos.</p>","bomre.com","Calzado","Calzado","Calzado, Calzado, Novedades, Selección Juanjo","TRUE","Color","Blanco","Talla","40","calvona-orthopedic-slip-ons-blanco-40","49.99","110.00","0","continue","","","Calvona Orthopedic Slip-Ons","Da cada paso con más comodidad y estilo. Calvona Orthopedic Slip-Ons está diseñado para acompañarte en tu día a día con un acabado versátil que combina fácilmente con tus looks favoritos."
"calvona-orthopedic-slip-ons","Calvona Orthopedic Slip-Ons","<p>Da cada paso con más comodidad y estilo. Calvona Orthopedic Slip-Ons está diseñado para acompañarte en tu día a día con un acabado versátil que combina fácilmente con tus looks favoritos.</p>","bomre.com","Calzado","Calzado","Calzado, Calzado, Novedades, Selección Juanjo","TRUE","Color","Blanco","Talla","41","calvona-orthopedic-slip-ons-blanco-41","49.99","110.00","0","continue","","","Calvona Orthopedic Slip-Ons","Da cada paso con más comodidad y estilo. Calvona Orthopedic Slip-Ons está diseñado para acompañarte en tu día a día con un acabado versátil que combina fácilmente con tus looks favoritos."
"sledders-barefoot-invierno","Sledders (barefoot invierno)","<p>Da cada paso con más comodidad y estilo. Sledders (barefoot invierno) está diseñado para acompañarte en tu día a día con un acabado versátil que combina fácilmente con tus looks favoritos.</p>","bearefoot.com","Calzado","Calzado","Calzado, Calzado, Novedades, Selección Juanjo","TRUE","Color","Negro","Talla","36","sledders-barefoot-invierno-negro-36","76.99","169.99","0","continue","","","Sledders (barefoot invierno)","Da cada paso con más comodidad y estilo. Sledders (barefoot invierno) está diseñado para acompañarte en tu día a día con un acabado versátil que combina fácilmente con tus looks favoritos."
"sledders-barefoot-invierno","Sledders (barefoot invierno)","<p>Da cada paso con más comodidad y estilo. Sledders (barefoot invierno) está diseñado para acompañarte en tu día a día con un acabado versátil que combina fácilmente con tus looks favoritos.</p>","bearefoot.com","Calzado","Calzado","Calzado, Calzado, Novedades, Selección Juanjo","TRUE","Color","Negro","Talla","37","sledders-barefoot-invierno-negro-37","76.99","169.99","0","continue","","","Sledders (barefoot invierno)","Da cada paso con más comodidad y estilo. Sledders (barefoot invierno) está diseñado para acompañarte en tu día a día con un acabado versátil que combina fácilmente con tus looks favoritos."
"sledders-barefoot-invierno","Sledders (barefoot invierno)","<p>Da cada paso con más comodidad y estilo. Sledders (barefoot invierno) está diseñado para acompañarte en tu día a día con un acabado versátil que combina fácilmente con tus looks favoritos.</p>","bearefoot.com","Calzado","Calzado","Calzado, Calzado, Novedades, Selección Juanjo","TRUE","Color","Negro","Talla","38","sledders-barefoot-invierno-negro-38","76.99","169.99","0","continue","","","Sledders (barefoot invierno)","Da cada paso con más comodidad y estilo. Sledders (barefoot invierno) está diseñado para acompañarte en tu día a día con un acabado versátil que combina fácilmente con tus looks favoritos."
"sledders-barefoot-invierno","Sledders (barefoot invierno)","<p>Da cada paso con más comodidad y estilo. Sledders (barefoot invierno) está diseñado para acompañarte en tu día a día con un acabado versátil que combina fácilmente con tus looks favoritos.</p>","bearefoot.com","Calzado","Calzado","Calzado, Calzado, Novedades, Selección Juanjo","TRUE","Color","Negro","Talla","39","sledders-barefoot-invierno-negro-39","76.99","169.99","0","continue","","","Sledders (barefoot invierno)","Da cada paso con más comodidad y estilo. Sledders (barefoot invierno) está diseñado para acompañarte en tu día a día con un acabado versátil que combina fácilmente con tus looks favoritos."
"sledders-barefoot-invierno","Sledders (barefoot invierno)","<p>Da cada paso con más comodidad y estilo. Sledders (barefoot invierno) está diseñado para acompañarte en tu día a día con un acabado versátil que combina fácilmente con tus looks favoritos.</p>","bearefoot.com","Calzado","Calzado","Calzado, Calzado, Novedades, Selección Juanjo","TRUE","Color","Negro","Talla","40","sledders-barefoot-invierno-negro-40","76.99","169.99","0","continue","","","Sledders (barefoot invierno)","Da cada paso con más comodidad y estilo. Sledders (barefoot invierno) está diseñado para acompañarte en tu día a día con un acabado versátil que combina fácilmente con tus looks favoritos."
"sledders-barefoot-invierno","Sledders (barefoot invierno)","<p>Da cada paso con más comodidad y estilo. Sledders (barefoot invierno) está diseñado para acompañarte en tu día a día con un acabado versátil que combina fácilmente con tus looks favoritos.</p>","bearefoot.com","Calzado","Calzado","Calzado, Calzado, Novedades, Selección Juanjo","TRUE","Color","Negro","Talla","41","sledders-barefoot-invierno-negro-41","76.99","169.99","0","continue","","","Sledders (barefoot invierno)","Da cada paso con más comodidad y estilo. Sledders (barefoot invierno) está diseñado para acompañarte en tu día a día con un acabado versátil que combina fácilmente con tus looks favoritos."
"sledders-barefoot-invierno","Sledders (barefoot invierno)","<p>Da cada paso con más comodidad y estilo. Sledders (barefoot invierno) está diseñado para acompañarte en tu día a día con un acabado versátil que combina fácilmente con tus looks favoritos.</p>","bearefoot.com","Calzado","Calzado","Calzado, Calzado, Novedades, Selección Juanjo","TRUE","Color","Beige","Talla","36","sledders-barefoot-invierno-beige-36","76.99","169.99","0","continue","","","Sledders (barefoot invierno)","Da cada paso con más comodidad y estilo. Sledders (barefoot invierno) está diseñado para acompañarte en tu día a día con un acabado versátil que combina fácilmente con tus looks favoritos."
"sledders-barefoot-invierno","Sledders (barefoot invierno)","<p>Da cada paso con más comodidad y estilo. Sledders (barefoot invierno) está diseñado para acompañarte en tu día a día con un acabado versátil que combina fácilmente con tus looks favoritos.</p>","bearefoot.com","Calzado","Calzado","Calzado, Calzado, Novedades, Selección Juanjo","TRUE","Color","Beige","Talla","37","sledders-barefoot-invierno-beige-37","76.99","169.99","0","continue","","","Sledders (barefoot invierno)","Da cada paso con más comodidad y estilo. Sledders (barefoot invierno) está diseñado para acompañarte en tu día a día con un acabado versátil que combina fácilmente con tus looks favoritos."
"sledders-barefoot-invierno","Sledders (barefoot invierno)","<p>Da cada paso con más comodidad y estilo. Sledders (barefoot invierno) está diseñado para acompañarte en tu día a día con un acabado versátil que combina fácilmente con tus looks favoritos.</p>","bearefoot.com","Calzado","Calzado","Calzado, Calzado, Novedades, Selección Juanjo","TRUE","Color","Beige","Talla","38","sledders-barefoot-invierno-beige-38","76.99","169.99","0","continue","","","Sledders (barefoot invierno)","Da cada paso con más comodidad y estilo. Sledders (barefoot invierno) está diseñado para acompañarte en tu día a día con un acabado versátil que combina fácilmente con tus looks favoritos."
"sledders-barefoot-invierno","Sledders (barefoot invierno)","<p>Da cada paso con más comodidad y estilo. Sledders (barefoot invierno) está diseñado para acompañarte en tu día a día con un acabado versátil que combina fácilmente con tus looks favoritos.</p>","bearefoot.com","Calzado","Calzado","Calzado, Calzado, Novedades, Selección Juanjo","TRUE","Color","Beige","Talla","39","sledders-barefoot-invierno-beige-39","76.99","169.99","0","continue","","","Sledders (barefoot invierno)","Da cada paso con más comodidad y estilo. Sledders (barefoot invierno) está diseñado para acompañarte en tu día a día con un acabado versátil que combina fácilmente con tus looks favoritos."
"sledders-barefoot-invierno","Sledders (barefoot invierno)","<p>Da cada paso con más comodidad y estilo. Sledders (barefoot invierno) está diseñado para acompañarte en tu día a día con un acabado versátil que combina fácilmente con tus looks favoritos.</p>","bearefoot.com","Calzado","Calzado","Calzado, Calzado, Novedades, Selección Juanjo","TRUE","Color","Beige","Talla","40","sledders-barefoot-invierno-beige-40","76.99","169.99","0","continue","","","Sledders (barefoot invierno)","Da cada paso con más comodidad y estilo. Sledders (barefoot invierno) está diseñado para acompañarte en tu día a día con un acabado versátil que combina fácilmente con tus looks favoritos."
"sledders-barefoot-invierno","Sledders (barefoot invierno)","<p>Da cada paso con más comodidad y estilo. Sledders (barefoot invierno) está diseñado para acompañarte en tu día a día con un acabado versátil que combina fácilmente con tus looks favoritos.</p>","bearefoot.com","Calzado","Calzado","Calzado, Calzado, Novedades, Selección Juanjo","TRUE","Color","Beige","Talla","41","sledders-barefoot-invierno-beige-41","76.99","169.99","0","continue","","","Sledders (barefoot invierno)","Da cada paso con más comodidad y estilo. Sledders (barefoot invierno) está diseñado para acompañarte en tu día a día con un acabado versátil que combina fácilmente con tus looks favoritos."
"sledders-barefoot-invierno","Sledders (barefoot invierno)","<p>Da cada paso con más comodidad y estilo. Sledders (barefoot invierno) está diseñado para acompañarte en tu día a día con un acabado versátil que combina fácilmente con tus looks favoritos.</p>","bearefoot.com","Calzado","Calzado","Calzado, Calzado, Novedades, Selección Juanjo","TRUE","Color","Marrón","Talla","36","sledders-barefoot-invierno-marron-36","76.99","169.99","0","continue","","","Sledders (barefoot invierno)","Da cada paso con más comodidad y estilo. Sledders (barefoot invierno) está diseñado para acompañarte en tu día a día con un acabado versátil que combina fácilmente con tus looks favoritos."
"sledders-barefoot-invierno","Sledders (barefoot invierno)","<p>Da cada paso con más comodidad y estilo. Sledders (barefoot invierno) está diseñado para acompañarte en tu día a día con un acabado versátil que combina fácilmente con tus looks favoritos.</p>","bearefoot.com","Calzado","Calzado","Calzado, Calzado, Novedades, Selección Juanjo","TRUE","Color","Marrón","Talla","37","sledders-barefoot-invierno-marron-37","76.99","169.99","0","continue","","","Sledders (barefoot invierno)","Da cada paso con más comodidad y estilo. Sledders (barefoot invierno) está diseñado para acompañarte en tu día a día con un acabado versátil que combina fácilmente con tus looks favoritos."
"sledders-barefoot-invierno","Sledders (barefoot invierno)","<p>Da cada paso con más comodidad y estilo. Sledders (barefoot invierno) está diseñado para acompañarte en tu día a día con un acabado versátil que combina fácilmente con tus looks favoritos.</p>","bearefoot.com","Calzado","Calzado","Calzado, Calzado, Novedades, Selección Juanjo","TRUE","Color","Marrón","Talla","38","sledders-barefoot-invierno-marron-38","76.99","169.99","0","continue","","","Sledders (barefoot invierno)","Da cada paso con más comodidad y estilo. Sledders (barefoot invierno) está diseñado para acompañarte en tu día a día con un acabado versátil que combina fácilmente con tus looks favoritos."
"sledders-barefoot-invierno","Sledders (barefoot invierno)","<p>Da cada paso con más comodidad y estilo. Sledders (barefoot invierno) está diseñado para acompañarte en tu día a día con un acabado versátil que combina fácilmente con tus looks favoritos.</p>","bearefoot.com","Calzado","Calzado","Calzado, Calzado, Novedades, Selección Juanjo","TRUE","Color","Marrón","Talla","39","sledders-barefoot-invierno-marron-39","76.99","169.99","0","continue","","","Sledders (barefoot invierno)","Da cada paso con más comodidad y estilo. Sledders (barefoot invierno) está diseñado para acompañarte en tu día a día con un acabado versátil que combina fácilmente con tus looks favoritos."
"sledders-barefoot-invierno","Sledders (barefoot invierno)","<p>Da cada paso con más comodidad y estilo. Sledders (barefoot invierno) está diseñado para acompañarte en tu día a día con un acabado versátil que combina fácilmente con tus looks favoritos.</p>","bearefoot.com","Calzado","Calzado","Calzado, Calzado, Novedades, Selección Juanjo","TRUE","Color","Marrón","Talla","40","sledders-barefoot-invierno-marron-40","76.99","169.99","0","continue","","","Sledders (barefoot invierno)","Da cada paso con más comodidad y estilo. Sledders (barefoot invierno) está diseñado para acompañarte en tu día a día con un acabado versátil que combina fácilmente con tus looks favoritos."
"sledders-barefoot-invierno","Sledders (barefoot invierno)","<p>Da cada paso con más comodidad y estilo. Sledders (barefoot invierno) está diseñado para acompañarte en tu día a día con un acabado versátil que combina fácilmente con tus looks favoritos.</p>","bearefoot.com","Calzado","Calzado","Calzado, Calzado, Novedades, Selección Juanjo","TRUE","Color","Marrón","Talla","41","sledders-barefoot-invierno-marron-41","76.99","169.99","0","continue","","","Sledders (barefoot invierno)","Da cada paso con más comodidad y estilo. Sledders (barefoot invierno) está diseñado para acompañarte en tu día a día con un acabado versátil que combina fácilmente con tus looks favoritos."
"sledders-barefoot-invierno","Sledders (barefoot invierno)","<p>Da cada paso con más comodidad y estilo. Sledders (barefoot invierno) está diseñado para acompañarte en tu día a día con un acabado versátil que combina fácilmente con tus looks favoritos.</p>","bearefoot.com","Calzado","Calzado","Calzado, Calzado, Novedades, Selección Juanjo","TRUE","Color","Blanco","Talla","36","sledders-barefoot-invierno-blanco-36","76.99","169.99","0","continue","","","Sledders (barefoot invierno)","Da cada paso con más comodidad y estilo. Sledders (barefoot invierno) está diseñado para acompañarte en tu día a día con un acabado versátil que combina fácilmente con tus looks favoritos."
"sledders-barefoot-invierno","Sledders (barefoot invierno)","<p>Da cada paso con más comodidad y estilo. Sledders (barefoot invierno) está diseñado para acompañarte en tu día a día con un acabado versátil que combina fácilmente con tus looks favoritos.</p>","bearefoot.com","Calzado","Calzado","Calzado, Calzado, Novedades, Selección Juanjo","TRUE","Color","Blanco","Talla","37","sledders-barefoot-invierno-blanco-37","76.99","169.99","0","continue","","","Sledders (barefoot invierno)","Da cada paso con más comodidad y estilo. Sledders (barefoot invierno) está diseñado para acompañarte en tu día a día con un acabado versátil que combina fácilmente con tus looks favoritos."
"sledders-barefoot-invierno","Sledders (barefoot invierno)","<p>Da cada paso con más comodidad y estilo. Sledders (barefoot invierno) está diseñado para acompañarte en tu día a día con un acabado versátil que combina fácilmente con tus looks favoritos.</p>","bearefoot.com","Calzado","Calzado","Calzado, Calzado, Novedades, Selección Juanjo","TRUE","Color","Blanco","Talla","38","sledders-barefoot-invierno-blanco-38","76.99","169.99","0","continue","","","Sledders (barefoot invierno)","Da cada paso con más comodidad y estilo. Sledders (barefoot invierno) está diseñado para acompañarte en tu día a día con un acabado versátil que combina fácilmente con tus looks favoritos."
"sledders-barefoot-invierno","Sledders (barefoot invierno)","<p>Da cada paso con más comodidad y estilo. Sledders (barefoot invierno) está diseñado para acompañarte en tu día a día con un acabado versátil que combina fácilmente con tus looks favoritos.</p>","bearefoot.com","Calzado","Calzado","Calzado, Calzado, Novedades, Selección Juanjo","TRUE","Color","Blanco","Talla","39","sledders-barefoot-invierno-blanco-39","76.99","169.99","0","continue","","","Sledders (barefoot invierno)","Da cada paso con más comodidad y estilo. Sledders (barefoot invierno) está diseñado para acompañarte en tu día a día con un acabado versátil que combina fácilmente con tus looks favoritos."
"sledders-barefoot-invierno","Sledders (barefoot invierno)","<p>Da cada paso con más comodidad y estilo. Sledders (barefoot invierno) está diseñado para acompañarte en tu día a día con un acabado versátil que combina fácilmente con tus looks favoritos.</p>","bearefoot.com","Calzado","Calzado","Calzado, Calzado, Novedades, Selección Juanjo","TRUE","Color","Blanco","Talla","40","sledders-barefoot-invierno-blanco-40","76.99","169.99","0","continue","","","Sledders (barefoot invierno)","Da cada paso con más comodidad y estilo. Sledders (barefoot invierno) está diseñado para acompañarte en tu día a día con un acabado versátil que combina fácilmente con tus looks favoritos."
"sledders-barefoot-invierno","Sledders (barefoot invierno)","<p>Da cada paso con más comodidad y estilo. Sledders (barefoot invierno) está diseñado para acompañarte en tu día a día con un acabado versátil que combina fácilmente con tus looks favoritos.</p>","bearefoot.com","Calzado","Calzado","Calzado, Calzado, Novedades, Selección Juanjo","TRUE","Color","Blanco","Talla","41","sledders-barefoot-invierno-blanco-41","76.99","169.99","0","continue","","","Sledders (barefoot invierno)","Da cada paso con más comodidad y estilo. Sledders (barefoot invierno) está diseñado para acompañarte en tu día a día con un acabado versátil que combina fácilmente con tus looks favoritos."
"piper-western-pull-on-ankle-boots","Piper Western Pull-On Ankle Boots","<p>Da cada paso con más comodidad y estilo. Piper Western Pull-On Ankle Boots está diseñado para acompañarte en tu día a día con un acabado versátil que combina fácilmente con tus looks favoritos.</p>","grace-and-oliver.com","Calzado","Calzado","Calzado, Calzado, Novedades, Selección Juanjo","TRUE","Color","Negro","Talla","36","piper-western-pull-on-ankle-boots-negro-36","44.95","224.95","0","continue","","","Piper Western Pull-On Ankle Boots","Da cada paso con más comodidad y estilo. Piper Western Pull-On Ankle Boots está diseñado para acompañarte en tu día a día con un acabado versátil que combina fácilmente con tus looks favoritos."
"piper-western-pull-on-ankle-boots","Piper Western Pull-On Ankle Boots","<p>Da cada paso con más comodidad y estilo. Piper Western Pull-On Ankle Boots está diseñado para acompañarte en tu día a día con un acabado versátil que combina fácilmente con tus looks favoritos.</p>","grace-and-oliver.com","Calzado","Calzado","Calzado, Calzado, Novedades, Selección Juanjo","TRUE","Color","Negro","Talla","37","piper-western-pull-on-ankle-boots-negro-37","44.95","224.95","0","continue","","","Piper Western Pull-On Ankle Boots","Da cada paso con más comodidad y estilo. Piper Western Pull-On Ankle Boots está diseñado para acompañarte en tu día a día con un acabado versátil que combina fácilmente con tus looks favoritos."
"piper-western-pull-on-ankle-boots","Piper Western Pull-On Ankle Boots","<p>Da cada paso con más comodidad y estilo. Piper Western Pull-On Ankle Boots está diseñado para acompañarte en tu día a día con un acabado versátil que combina fácilmente con tus looks favoritos.</p>","grace-and-oliver.com","Calzado","Calzado","Calzado, Calzado, Novedades, Selección Juanjo","TRUE","Color","Negro","Talla","38","piper-western-pull-on-ankle-boots-negro-38","44.95","224.95","0","continue","","","Piper Western Pull-On Ankle Boots","Da cada paso con más comodidad y estilo. Piper Western Pull-On Ankle Boots está diseñado para acompañarte en tu día a día con un acabado versátil que combina fácilmente con tus looks favoritos."
"piper-western-pull-on-ankle-boots","Piper Western Pull-On Ankle Boots","<p>Da cada paso con más comodidad y estilo. Piper Western Pull-On Ankle Boots está diseñado para acompañarte en tu día a día con un acabado versátil que combina fácilmente con tus looks favoritos.</p>","grace-and-oliver.com","Calzado","Calzado","Calzado, Calzado, Novedades, Selección Juanjo","TRUE","Color","Negro","Talla","39","piper-western-pull-on-ankle-boots-negro-39","44.95","224.95","0","continue","","","Piper Western Pull-On Ankle Boots","Da cada paso con más comodidad y estilo. Piper Western Pull-On Ankle Boots está diseñado para acompañarte en tu día a día con un acabado versátil que combina fácilmente con tus looks favoritos."
"piper-western-pull-on-ankle-boots","Piper Western Pull-On Ankle Boots","<p>Da cada paso con más comodidad y estilo. Piper Western Pull-On Ankle Boots está diseñado para acompañarte en tu día a día con un acabado versátil que combina fácilmente con tus looks favoritos.</p>","grace-and-oliver.com","Calzado","Calzado","Calzado, Calzado, Novedades, Selección Juanjo","TRUE","Color","Negro","Talla","40","piper-western-pull-on-ankle-boots-negro-40","44.95","224.95","0","continue","","","Piper Western Pull-On Ankle Boots","Da cada paso con más comodidad y estilo. Piper Western Pull-On Ankle Boots está diseñado para acompañarte en tu día a día con un acabado versátil que combina fácilmente con tus looks favoritos."
"piper-western-pull-on-ankle-boots","Piper Western Pull-On Ankle Boots","<p>Da cada paso con más comodidad y estilo. Piper Western Pull-On Ankle Boots está diseñado para acompañarte en tu día a día con un acabado versátil que combina fácilmente con tus looks favoritos.</p>","grace-and-oliver.com","Calzado","Calzado","Calzado, Calzado, Novedades, Selección Juanjo","TRUE","Color","Negro","Talla","41","piper-western-pull-on-ankle-boots-negro-41","44.95","224.95","0","continue","","","Piper Western Pull-On Ankle Boots","Da cada paso con más comodidad y estilo. Piper Western Pull-On Ankle Boots está diseñado para acompañarte en tu día a día con un acabado versátil que combina fácilmente con tus looks favoritos."
"piper-western-pull-on-ankle-boots","Piper Western Pull-On Ankle Boots","<p>Da cada paso con más comodidad y estilo. Piper Western Pull-On Ankle Boots está diseñado para acompañarte en tu día a día con un acabado versátil que combina fácilmente con tus looks favoritos.</p>","grace-and-oliver.com","Calzado","Calzado","Calzado, Calzado, Novedades, Selección Juanjo","TRUE","Color","Beige","Talla","36","piper-western-pull-on-ankle-boots-beige-36","44.95","224.95","0","continue","","","Piper Western Pull-On Ankle Boots","Da cada paso con más comodidad y estilo. Piper Western Pull-On Ankle Boots está diseñado para acompañarte en tu día a día con un acabado versátil que combina fácilmente con tus looks favoritos."
"piper-western-pull-on-ankle-boots","Piper Western Pull-On Ankle Boots","<p>Da cada paso con más comodidad y estilo. Piper Western Pull-On Ankle Boots está diseñado para acompañarte en tu día a día con un acabado versátil que combina fácilmente con tus looks favoritos.</p>","grace-and-oliver.com","Calzado","Calzado","Calzado, Calzado, Novedades, Selección Juanjo","TRUE","Color","Beige","Talla","37","piper-western-pull-on-ankle-boots-beige-37","44.95","224.95","0","continue","","","Piper Western Pull-On Ankle Boots","Da cada paso con más comodidad y estilo. Piper Western Pull-On Ankle Boots está diseñado para acompañarte en tu día a día con un acabado versátil que combina fácilmente con tus looks favoritos."
"piper-western-pull-on-ankle-boots","Piper Western Pull-On Ankle Boots","<p>Da cada paso con más comodidad y estilo. Piper Western Pull-On Ankle Boots está diseñado para acompañarte en tu día a día con un acabado versátil que combina fácilmente con tus looks favoritos.</p>","grace-and-oliver.com","Calzado","Calzado","Calzado, Calzado, Novedades, Selección Juanjo","TRUE","Color","Beige","Talla","38","piper-western-pull-on-ankle-boots-beige-38","44.95","224.95","0","continue","","","Piper Western Pull-On Ankle Boots","Da cada paso con más comodidad y estilo. Piper Western Pull-On Ankle Boots está diseñado para acompañarte en tu día a día con un acabado versátil que combina fácilmente con tus looks favoritos."
"piper-western-pull-on-ankle-boots","Piper Western Pull-On Ankle Boots","<p>Da cada paso con más comodidad y estilo. Piper Western Pull-On Ankle Boots está diseñado para acompañarte en tu día a día con un acabado versátil que combina fácilmente con tus looks favoritos.</p>","grace-and-oliver.com","Calzado","Calzado","Calzado, Calzado, Novedades, Selección Juanjo","TRUE","Color","Beige","Talla","39","piper-western-pull-on-ankle-boots-beige-39","44.95","224.95","0","continue","","","Piper Western Pull-On Ankle Boots","Da cada paso con más comodidad y estilo. Piper Western Pull-On Ankle Boots está diseñado para acompañarte en tu día a día con un acabado versátil que combina fácilmente con tus looks favoritos."
"piper-western-pull-on-ankle-boots","Piper Western Pull-On Ankle Boots","<p>Da cada paso con más comodidad y estilo. Piper Western Pull-On Ankle Boots está diseñado para acompañarte en tu día a día con un acabado versátil que combina fácilmente con tus looks favoritos.</p>","grace-and-oliver.com","Calzado","Calzado","Calzado, Calzado, Novedades, Selección Juanjo","TRUE","Color","Beige","Talla","40","piper-western-pull-on-ankle-boots-beige-40","44.95","224.95","0","continue","","","Piper Western Pull-On Ankle Boots","Da cada paso con más comodidad y estilo. Piper Western Pull-On Ankle Boots está diseñado para acompañarte en tu día a día con un acabado versátil que combina fácilmente con tus looks favoritos."
"piper-western-pull-on-ankle-boots","Piper Western Pull-On Ankle Boots","<p>Da cada paso con más comodidad y estilo. Piper Western Pull-On Ankle Boots está diseñado para acompañarte en tu día a día con un acabado versátil que combina fácilmente con tus looks favoritos.</p>","grace-and-oliver.com","Calzado","Calzado","Calzado, Calzado, Novedades, Selección Juanjo","TRUE","Color","Beige","Talla","41","piper-western-pull-on-ankle-boots-beige-41","44.95","224.95","0","continue","","","Piper Western Pull-On Ankle Boots","Da cada paso con más comodidad y estilo. Piper Western Pull-On Ankle Boots está diseñado para acompañarte en tu día a día con un acabado versátil que combina fácilmente con tus looks favoritos."
"piper-western-pull-on-ankle-boots","Piper Western Pull-On Ankle Boots","<p>Da cada paso con más comodidad y estilo. Piper Western Pull-On Ankle Boots está diseñado para acompañarte en tu día a día con un acabado versátil que combina fácilmente con tus looks favoritos.</p>","grace-and-oliver.com","Calzado","Calzado","Calzado, Calzado, Novedades, Selección Juanjo","TRUE","Color","Marrón","Talla","36","piper-western-pull-on-ankle-boots-marron-36","44.95","224.95","0","continue","","","Piper Western Pull-On Ankle Boots","Da cada paso con más comodidad y estilo. Piper Western Pull-On Ankle Boots está diseñado para acompañarte en tu día a día con un acabado versátil que combina fácilmente con tus looks favoritos."
"piper-western-pull-on-ankle-boots","Piper Western Pull-On Ankle Boots","<p>Da cada paso con más comodidad y estilo. Piper Western Pull-On Ankle Boots está diseñado para acompañarte en tu día a día con un acabado versátil que combina fácilmente con tus looks favoritos.</p>","grace-and-oliver.com","Calzado","Calzado","Calzado, Calzado, Novedades, Selección Juanjo","TRUE","Color","Marrón","Talla","37","piper-western-pull-on-ankle-boots-marron-37","44.95","224.95","0","continue","","","Piper Western Pull-On Ankle Boots","Da cada paso con más comodidad y estilo. Piper Western Pull-On Ankle Boots está diseñado para acompañarte en tu día a día con un acabado versátil que combina fácilmente con tus looks favoritos."
"piper-western-pull-on-ankle-boots","Piper Western Pull-On Ankle Boots","<p>Da cada paso con más comodidad y estilo. Piper Western Pull-On Ankle Boots está diseñado para acompañarte en tu día a día con un acabado versátil que combina fácilmente con tus looks favoritos.</p>","grace-and-oliver.com","Calzado","Calzado","Calzado, Calzado, Novedades, Selección Juanjo","TRUE","Color","Marrón","Talla","38","piper-western-pull-on-ankle-boots-marron-38","44.95","224.95","0","continue","","","Piper Western Pull-On Ankle Boots","Da cada paso con más comodidad y estilo. Piper Western Pull-On Ankle Boots está diseñado para acompañarte en tu día a día con un acabado versátil que combina fácilmente con tus looks favoritos."
"piper-western-pull-on-ankle-boots","Piper Western Pull-On Ankle Boots","<p>Da cada paso con más comodidad y estilo. Piper Western Pull-On Ankle Boots está diseñado para acompañarte en tu día a día con un acabado versátil que combina fácilmente con tus looks favoritos.</p>","grace-and-oliver.com","Calzado","Calzado","Calzado, Calzado, Novedades, Selección Juanjo","TRUE","Color","Marrón","Talla","39","piper-western-pull-on-ankle-boots-marron-39","44.95","224.95","0","continue","","","Piper Western Pull-On Ankle Boots","Da cada paso con más comodidad y estilo. Piper Western Pull-On Ankle Boots está diseñado para acompañarte en tu día a día con un acabado versátil que combina fácilmente con tus looks favoritos."
"piper-western-pull-on-ankle-boots","Piper Western Pull-On Ankle Boots","<p>Da cada paso con más comodidad y estilo. Piper Western Pull-On Ankle Boots está diseñado para acompañarte en tu día a día con un acabado versátil que combina fácilmente con tus looks favoritos.</p>","grace-and-oliver.com","Calzado","Calzado","Calzado, Calzado, Novedades, Selección Juanjo","TRUE","Color","Marrón","Talla","40","piper-western-pull-on-ankle-boots-marron-40","44.95","224.95","0","continue","","","Piper Western Pull-On Ankle Boots","Da cada paso con más comodidad y estilo. Piper Western Pull-On Ankle Boots está diseñado para acompañarte en tu día a día con un acabado versátil que combina fácilmente con tus looks favoritos."
"piper-western-pull-on-ankle-boots","Piper Western Pull-On Ankle Boots","<p>Da cada paso con más comodidad y estilo. Piper Western Pull-On Ankle Boots está diseñado para acompañarte en tu día a día con un acabado versátil que combina fácilmente con tus looks favoritos.</p>","grace-and-oliver.com","Calzado","Calzado","Calzado, Calzado, Novedades, Selección Juanjo","TRUE","Color","Marrón","Talla","41","piper-western-pull-on-ankle-boots-marron-41","44.95","224.95","0","continue","","","Piper Western Pull-On Ankle Boots","Da cada paso con más comodidad y estilo. Piper Western Pull-On Ankle Boots está diseñado para acompañarte en tu día a día con un acabado versátil que combina fácilmente con tus looks favoritos."
"piper-western-pull-on-ankle-boots","Piper Western Pull-On Ankle Boots","<p>Da cada paso con más comodidad y estilo. Piper Western Pull-On Ankle Boots está diseñado para acompañarte en tu día a día con un acabado versátil que combina fácilmente con tus looks favoritos.</p>","grace-and-oliver.com","Calzado","Calzado","Calzado, Calzado, Novedades, Selección Juanjo","TRUE","Color","Blanco","Talla","36","piper-western-pull-on-ankle-boots-blanco-36","44.95","224.95","0","continue","","","Piper Western Pull-On Ankle Boots","Da cada paso con más comodidad y estilo. Piper Western Pull-On Ankle Boots está diseñado para acompañarte en tu día a día con un acabado versátil que combina fácilmente con tus looks favoritos."
"piper-western-pull-on-ankle-boots","Piper Western Pull-On Ankle Boots","<p>Da cada paso con más comodidad y estilo. Piper Western Pull-On Ankle Boots está diseñado para acompañarte en tu día a día con un acabado versátil que combina fácilmente con tus looks favoritos.</p>","grace-and-oliver.com","Calzado","Calzado","Calzado, Calzado, Novedades, Selección Juanjo","TRUE","Color","Blanco","Talla","37","piper-western-pull-on-ankle-boots-blanco-37","44.95","224.95","0","continue","","","Piper Western Pull-On Ankle Boots","Da cada paso con más comodidad y estilo. Piper Western Pull-On Ankle Boots está diseñado para acompañarte en tu día a día con un acabado versátil que combina fácilmente con tus looks favoritos."
"piper-western-pull-on-ankle-boots","Piper Western Pull-On Ankle Boots","<p>Da cada paso con más comodidad y estilo. Piper Western Pull-On Ankle Boots está diseñado para acompañarte en tu día a día con un acabado versátil que combina fácilmente con tus looks favoritos.</p>","grace-and-oliver.com","Calzado","Calzado","Calzado, Calzado, Novedades, Selección Juanjo","TRUE","Color","Blanco","Talla","38","piper-western-pull-on-ankle-boots-blanco-38","44.95","224.95","0","continue","","","Piper Western Pull-On Ankle Boots","Da cada paso con más comodidad y estilo. Piper Western Pull-On Ankle Boots está diseñado para acompañarte en tu día a día con un acabado versátil que combina fácilmente con tus looks favoritos."
"piper-western-pull-on-ankle-boots","Piper Western Pull-On Ankle Boots","<p>Da cada paso con más comodidad y estilo. Piper Western Pull-On Ankle Boots está diseñado para acompañarte en tu día a día con un acabado versátil que combina fácilmente con tus looks favoritos.</p>","grace-and-oliver.com","Calzado","Calzado","Calzado, Calzado, Novedades, Selección Juanjo","TRUE","Color","Blanco","Talla","39","piper-western-pull-on-ankle-boots-blanco-39","44.95","224.95","0","continue","","","Piper Western Pull-On Ankle Boots","Da cada paso con más comodidad y estilo. Piper Western Pull-On Ankle Boots está diseñado para acompañarte en tu día a día con un acabado versátil que combina fácilmente con tus looks favoritos."
"piper-western-pull-on-ankle-boots","Piper Western Pull-On Ankle Boots","<p>Da cada paso con más comodidad y estilo. Piper Western Pull-On Ankle Boots está diseñado para acompañarte en tu día a día con un acabado versátil que combina fácilmente con tus looks favoritos.</p>","grace-and-oliver.com","Calzado","Calzado","Calzado, Calzado, Novedades, Selección Juanjo","TRUE","Color","Blanco","Talla","40","piper-western-pull-on-ankle-boots-blanco-40","44.95","224.95","0","continue","","","Piper Western Pull-On Ankle Boots","Da cada paso con más comodidad y estilo. Piper Western Pull-On Ankle Boots está diseñado para acompañarte en tu día a día con un acabado versátil que combina fácilmente con tus looks favoritos."
"piper-western-pull-on-ankle-boots","Piper Western Pull-On Ankle Boots","<p>Da cada paso con más comodidad y estilo. Piper Western Pull-On Ankle Boots está diseñado para acompañarte en tu día a día con un acabado versátil que combina fácilmente con tus looks favoritos.</p>","grace-and-oliver.com","Calzado","Calzado","Calzado, Calzado, Novedades, Selección Juanjo","TRUE","Color","Blanco","Talla","41","piper-western-pull-on-ankle-boots-blanco-41","44.95","224.95","0","continue","","","Piper Western Pull-On Ankle Boots","Da cada paso con más comodidad y estilo. Piper Western Pull-On Ankle Boots está diseñado para acompañarte en tu día a día con un acabado versátil que combina fácilmente con tus looks favoritos."
"100-vegan-suede-clogs","100% Vegan Suede Clogs","<p>Da cada paso con más comodidad y estilo. 100% Vegan Suede Clogs está diseñado para acompañarte en tu día a día con un acabado versátil que combina fácilmente con tus looks favoritos.</p>","qomfortco.com","Calzado","Calzado","Calzado, Calzado, Novedades, Selección Juanjo","TRUE","Color","Negro","Talla","36","100-vegan-suede-clogs-negro-36","69.00","89.00","0","continue","","","100% Vegan Suede Clogs","Da cada paso con más comodidad y estilo. 100% Vegan Suede Clogs está diseñado para acompañarte en tu día a día con un acabado versátil que combina fácilmente con tus looks favoritos."
"100-vegan-suede-clogs","100% Vegan Suede Clogs","<p>Da cada paso con más comodidad y estilo. 100% Vegan Suede Clogs está diseñado para acompañarte en tu día a día con un acabado versátil que combina fácilmente con tus looks favoritos.</p>","qomfortco.com","Calzado","Calzado","Calzado, Calzado, Novedades, Selección Juanjo","TRUE","Color","Negro","Talla","37","100-vegan-suede-clogs-negro-37","69.00","89.00","0","continue","","","100% Vegan Suede Clogs","Da cada paso con más comodidad y estilo. 100% Vegan Suede Clogs está diseñado para acompañarte en tu día a día con un acabado versátil que combina fácilmente con tus looks favoritos."
"100-vegan-suede-clogs","100% Vegan Suede Clogs","<p>Da cada paso con más comodidad y estilo. 100% Vegan Suede Clogs está diseñado para acompañarte en tu día a día con un acabado versátil que combina fácilmente con tus looks favoritos.</p>","qomfortco.com","Calzado","Calzado","Calzado, Calzado, Novedades, Selección Juanjo","TRUE","Color","Negro","Talla","38","100-vegan-suede-clogs-negro-38","69.00","89.00","0","continue","","","100% Vegan Suede Clogs","Da cada paso con más comodidad y estilo. 100% Vegan Suede Clogs está diseñado para acompañarte en tu día a día con un acabado versátil que combina fácilmente con tus looks favoritos."
"100-vegan-suede-clogs","100% Vegan Suede Clogs","<p>Da cada paso con más comodidad y estilo. 100% Vegan Suede Clogs está diseñado para acompañarte en tu día a día con un acabado versátil que combina fácilmente con tus looks favoritos.</p>","qomfortco.com","Calzado","Calzado","Calzado, Calzado, Novedades, Selección Juanjo","TRUE","Color","Negro","Talla","39","100-vegan-suede-clogs-negro-39","69.00","89.00","0","continue","","","100% Vegan Suede Clogs","Da cada paso con más comodidad y estilo. 100% Vegan Suede Clogs está diseñado para acompañarte en tu día a día con un acabado versátil que combina fácilmente con tus looks favoritos."
"100-vegan-suede-clogs","100% Vegan Suede Clogs","<p>Da cada paso con más comodidad y estilo. 100% Vegan Suede Clogs está diseñado para acompañarte en tu día a día con un acabado versátil que combina fácilmente con tus looks favoritos.</p>","qomfortco.com","Calzado","Calzado","Calzado, Calzado, Novedades, Selección Juanjo","TRUE","Color","Negro","Talla","40","100-vegan-suede-clogs-negro-40","69.00","89.00","0","continue","","","100% Vegan Suede Clogs","Da cada paso con más comodidad y estilo. 100% Vegan Suede Clogs está diseñado para acompañarte en tu día a día con un acabado versátil que combina fácilmente con tus looks favoritos."
"100-vegan-suede-clogs","100% Vegan Suede Clogs","<p>Da cada paso con más comodidad y estilo. 100% Vegan Suede Clogs está diseñado para acompañarte en tu día a día con un acabado versátil que combina fácilmente con tus looks favoritos.</p>","qomfortco.com","Calzado","Calzado","Calzado, Calzado, Novedades, Selección Juanjo","TRUE","Color","Negro","Talla","41","100-vegan-suede-clogs-negro-41","69.00","89.00","0","continue","","","100% Vegan Suede Clogs","Da cada paso con más comodidad y estilo. 100% Vegan Suede Clogs está diseñado para acompañarte en tu día a día con un acabado versátil que combina fácilmente con tus looks favoritos."
"100-vegan-suede-clogs","100% Vegan Suede Clogs","<p>Da cada paso con más comodidad y estilo. 100% Vegan Suede Clogs está diseñado para acompañarte en tu día a día con un acabado versátil que combina fácilmente con tus looks favoritos.</p>","qomfortco.com","Calzado","Calzado","Calzado, Calzado, Novedades, Selección Juanjo","TRUE","Color","Beige","Talla","36","100-vegan-suede-clogs-beige-36","69.00","89.00","0","continue","","","100% Vegan Suede Clogs","Da cada paso con más comodidad y estilo. 100% Vegan Suede Clogs está diseñado para acompañarte en tu día a día con un acabado versátil que combina fácilmente con tus looks favoritos."
"100-vegan-suede-clogs","100% Vegan Suede Clogs","<p>Da cada paso con más comodidad y estilo. 100% Vegan Suede Clogs está diseñado para acompañarte en tu día a día con un acabado versátil que combina fácilmente con tus looks favoritos.</p>","qomfortco.com","Calzado","Calzado","Calzado, Calzado, Novedades, Selección Juanjo","TRUE","Color","Beige","Talla","37","100-vegan-suede-clogs-beige-37","69.00","89.00","0","continue","","","100% Vegan Suede Clogs","Da cada paso con más comodidad y estilo. 100% Vegan Suede Clogs está diseñado para acompañarte en tu día a día con un acabado versátil que combina fácilmente con tus looks favoritos."
"100-vegan-suede-clogs","100% Vegan Suede Clogs","<p>Da cada paso con más comodidad y estilo. 100% Vegan Suede Clogs está diseñado para acompañarte en tu día a día con un acabado versátil que combina fácilmente con tus looks favoritos.</p>","qomfortco.com","Calzado","Calzado","Calzado, Calzado, Novedades, Selección Juanjo","TRUE","Color","Beige","Talla","38","100-vegan-suede-clogs-beige-38","69.00","89.00","0","continue","","","100% Vegan Suede Clogs","Da cada paso con más comodidad y estilo. 100% Vegan Suede Clogs está diseñado para acompañarte en tu día a día con un acabado versátil que combina fácilmente con tus looks favoritos."
"100-vegan-suede-clogs","100% Vegan Suede Clogs","<p>Da cada paso con más comodidad y estilo. 100% Vegan Suede Clogs está diseñado para acompañarte en tu día a día con un acabado versátil que combina fácilmente con tus looks favoritos.</p>","qomfortco.com","Calzado","Calzado","Calzado, Calzado, Novedades, Selección Juanjo","TRUE","Color","Beige","Talla","39","100-vegan-suede-clogs-beige-39","69.00","89.00","0","continue","","","100% Vegan Suede Clogs","Da cada paso con más comodidad y estilo. 100% Vegan Suede Clogs está diseñado para acompañarte en tu día a día con un acabado versátil que combina fácilmente con tus looks favoritos."
"100-vegan-suede-clogs","100% Vegan Suede Clogs","<p>Da cada paso con más comodidad y estilo. 100% Vegan Suede Clogs está diseñado para acompañarte en tu día a día con un acabado versátil que combina fácilmente con tus looks favoritos.</p>","qomfortco.com","Calzado","Calzado","Calzado, Calzado, Novedades, Selección Juanjo","TRUE","Color","Beige","Talla","40","100-vegan-suede-clogs-beige-40","69.00","89.00","0","continue","","","100% Vegan Suede Clogs","Da cada paso con más comodidad y estilo. 100% Vegan Suede Clogs está diseñado para acompañarte en tu día a día con un acabado versátil que combina fácilmente con tus looks favoritos."
"100-vegan-suede-clogs","100% Vegan Suede Clogs","<p>Da cada paso con más comodidad y estilo. 100% Vegan Suede Clogs está diseñado para acompañarte en tu día a día con un acabado versátil que combina fácilmente con tus looks favoritos.</p>","qomfortco.com","Calzado","Calzado","Calzado, Calzado, Novedades, Selección Juanjo","TRUE","Color","Beige","Talla","41","100-vegan-suede-clogs-beige-41","69.00","89.00","0","continue","","","100% Vegan Suede Clogs","Da cada paso con más comodidad y estilo. 100% Vegan Suede Clogs está diseñado para acompañarte en tu día a día con un acabado versátil que combina fácilmente con tus looks favoritos."
"100-vegan-suede-clogs","100% Vegan Suede Clogs","<p>Da cada paso con más comodidad y estilo. 100% Vegan Suede Clogs está diseñado para acompañarte en tu día a día con un acabado versátil que combina fácilmente con tus looks favoritos.</p>","qomfortco.com","Calzado","Calzado","Calzado, Calzado, Novedades, Selección Juanjo","TRUE","Color","Marrón","Talla","36","100-vegan-suede-clogs-marron-36","69.00","89.00","0","continue","","","100% Vegan Suede Clogs","Da cada paso con más comodidad y estilo. 100% Vegan Suede Clogs está diseñado para acompañarte en tu día a día con un acabado versátil que combina fácilmente con tus looks favoritos."
"100-vegan-suede-clogs","100% Vegan Suede Clogs","<p>Da cada paso con más comodidad y estilo. 100% Vegan Suede Clogs está diseñado para acompañarte en tu día a día con un acabado versátil que combina fácilmente con tus looks favoritos.</p>","qomfortco.com","Calzado","Calzado","Calzado, Calzado, Novedades, Selección Juanjo","TRUE","Color","Marrón","Talla","37","100-vegan-suede-clogs-marron-37","69.00","89.00","0","continue","","","100% Vegan Suede Clogs","Da cada paso con más comodidad y estilo. 100% Vegan Suede Clogs está diseñado para acompañarte en tu día a día con un acabado versátil que combina fácilmente con tus looks favoritos."
"100-vegan-suede-clogs","100% Vegan Suede Clogs","<p>Da cada paso con más comodidad y estilo. 100% Vegan Suede Clogs está diseñado para acompañarte en tu día a día con un acabado versátil que combina fácilmente con tus looks favoritos.</p>","qomfortco.com","Calzado","Calzado","Calzado, Calzado, Novedades, Selección Juanjo","TRUE","Color","Marrón","Talla","38","100-vegan-suede-clogs-marron-38","69.00","89.00","0","continue","","","100% Vegan Suede Clogs","Da cada paso con más comodidad y estilo. 100% Vegan Suede Clogs está diseñado para acompañarte en tu día a día con un acabado versátil que combina fácilmente con tus looks favoritos."
"100-vegan-suede-clogs","100% Vegan Suede Clogs","<p>Da cada paso con más comodidad y estilo. 100% Vegan Suede Clogs está diseñado para acompañarte en tu día a día con un acabado versátil que combina fácilmente con tus looks favoritos.</p>","qomfortco.com","Calzado","Calzado","Calzado, Calzado, Novedades, Selección Juanjo","TRUE","Color","Marrón","Talla","39","100-vegan-suede-clogs-marron-39","69.00","89.00","0","continue","","","100% Vegan Suede Clogs","Da cada paso con más comodidad y estilo. 100% Vegan Suede Clogs está diseñado para acompañarte en tu día a día con un acabado versátil que combina fácilmente con tus looks favoritos."
"100-vegan-suede-clogs","100% Vegan Suede Clogs","<p>Da cada paso con más comodidad y estilo. 100% Vegan Suede Clogs está diseñado para acompañarte en tu día a día con un acabado versátil que combina fácilmente con tus looks favoritos.</p>","qomfortco.com","Calzado","Calzado","Calzado, Calzado, Novedades, Selección Juanjo","TRUE","Color","Marrón","Talla","40","100-vegan-suede-clogs-marron-40","69.00","89.00","0","continue","","","100% Vegan Suede Clogs","Da cada paso con más comodidad y estilo. 100% Vegan Suede Clogs está diseñado para acompañarte en tu día a día con un acabado versátil que combina fácilmente con tus looks favoritos."
"100-vegan-suede-clogs","100% Vegan Suede Clogs","<p>Da cada paso con más comodidad y estilo. 100% Vegan Suede Clogs está diseñado para acompañarte en tu día a día con un acabado versátil que combina fácilmente con tus looks favoritos.</p>","qomfortco.com","Calzado","Calzado","Calzado, Calzado, Novedades, Selección Juanjo","TRUE","Color","Marrón","Talla","41","100-vegan-suede-clogs-marron-41","69.00","89.00","0","continue","","","100% Vegan Suede Clogs","Da cada paso con más comodidad y estilo. 100% Vegan Suede Clogs está diseñado para acompañarte en tu día a día con un acabado versátil que combina fácilmente con tus looks favoritos."
"100-vegan-suede-clogs","100% Vegan Suede Clogs","<p>Da cada paso con más comodidad y estilo. 100% Vegan Suede Clogs está diseñado para acompañarte en tu día a día con un acabado versátil que combina fácilmente con tus looks favoritos.</p>","qomfortco.com","Calzado","Calzado","Calzado, Calzado, Novedades, Selección Juanjo","TRUE","Color","Blanco","Talla","36","100-vegan-suede-clogs-blanco-36","69.00","89.00","0","continue","","","100% Vegan Suede Clogs","Da cada paso con más comodidad y estilo. 100% Vegan Suede Clogs está diseñado para acompañarte en tu día a día con un acabado versátil que combina fácilmente con tus looks favoritos."
"100-vegan-suede-clogs","100% Vegan Suede Clogs","<p>Da cada paso con más comodidad y estilo. 100% Vegan Suede Clogs está diseñado para acompañarte en tu día a día con un acabado versátil que combina fácilmente con tus looks favoritos.</p>","qomfortco.com","Calzado","Calzado","Calzado, Calzado, Novedades, Selección Juanjo","TRUE","Color","Blanco","Talla","37","100-vegan-suede-clogs-blanco-37","69.00","89.00","0","continue","","","100% Vegan Suede Clogs","Da cada paso con más comodidad y estilo. 100% Vegan Suede Clogs está diseñado para acompañarte en tu día a día con un acabado versátil que combina fácilmente con tus looks favoritos."
"100-vegan-suede-clogs","100% Vegan Suede Clogs","<p>Da cada paso con más comodidad y estilo. 100% Vegan Suede Clogs está diseñado para acompañarte en tu día a día con un acabado versátil que combina fácilmente con tus looks favoritos.</p>","qomfortco.com","Calzado","Calzado","Calzado, Calzado, Novedades, Selección Juanjo","TRUE","Color","Blanco","Talla","38","100-vegan-suede-clogs-blanco-38","69.00","89.00","0","continue","","","100% Vegan Suede Clogs","Da cada paso con más comodidad y estilo. 100% Vegan Suede Clogs está diseñado para acompañarte en tu día a día con un acabado versátil que combina fácilmente con tus looks favoritos."
"100-vegan-suede-clogs","100% Vegan Suede Clogs","<p>Da cada paso con más comodidad y estilo. 100% Vegan Suede Clogs está diseñado para acompañarte en tu día a día con un acabado versátil que combina fácilmente con tus looks favoritos.</p>","qomfortco.com","Calzado","Calzado","Calzado, Calzado, Novedades, Selección Juanjo","TRUE","Color","Blanco","Talla","39","100-vegan-suede-clogs-blanco-39","69.00","89.00","0","continue","","","100% Vegan Suede Clogs","Da cada paso con más comodidad y estilo. 100% Vegan Suede Clogs está diseñado para acompañarte en tu día a día con un acabado versátil que combina fácilmente con tus looks favoritos."
"100-vegan-suede-clogs","100% Vegan Suede Clogs","<p>Da cada paso con más comodidad y estilo. 100% Vegan Suede Clogs está diseñado para acompañarte en tu día a día con un acabado versátil que combina fácilmente con tus looks favoritos.</p>","qomfortco.com","Calzado","Calzado","Calzado, Calzado, Novedades, Selección Juanjo","TRUE","Color","Blanco","Talla","40","100-vegan-suede-clogs-blanco-40","69.00","89.00","0","continue","","","100% Vegan Suede Clogs","Da cada paso con más comodidad y estilo. 100% Vegan Suede Clogs está diseñado para acompañarte en tu día a día con un acabado versátil que combina fácilmente con tus looks favoritos."
"100-vegan-suede-clogs","100% Vegan Suede Clogs","<p>Da cada paso con más comodidad y estilo. 100% Vegan Suede Clogs está diseñado para acompañarte en tu día a día con un acabado versátil que combina fácilmente con tus looks favoritos.</p>","qomfortco.com","Calzado","Calzado","Calzado, Calzado, Novedades, Selección Juanjo","TRUE","Color","Blanco","Talla","41","100-vegan-suede-clogs-blanco-41","69.00","89.00","0","continue","","","100% Vegan Suede Clogs","Da cada paso con más comodidad y estilo. 100% Vegan Suede Clogs está diseñado para acompañarte en tu día a día con un acabado versátil que combina fácilmente con tus looks favoritos."
"paloma-vintage-western-ankle-boots","Paloma Vintage Western Ankle Boots","<p>Da cada paso con más comodidad y estilo. Paloma Vintage Western Ankle Boots está diseñado para acompañarte en tu día a día con un acabado versátil que combina fácilmente con tus looks favoritos.</p>","olyndralondon.com","Calzado","Calzado","Calzado, Calzado, Novedades, Selección Juanjo","TRUE","Color","Negro","Talla","36","paloma-vintage-western-ankle-boots-negro-36","31.00","","0","continue","","","Paloma Vintage Western Ankle Boots","Da cada paso con más comodidad y estilo. Paloma Vintage Western Ankle Boots está diseñado para acompañarte en tu día a día con un acabado versátil que combina fácilmente con tus looks favoritos."
"paloma-vintage-western-ankle-boots","Paloma Vintage Western Ankle Boots","<p>Da cada paso con más comodidad y estilo. Paloma Vintage Western Ankle Boots está diseñado para acompañarte en tu día a día con un acabado versátil que combina fácilmente con tus looks favoritos.</p>","olyndralondon.com","Calzado","Calzado","Calzado, Calzado, Novedades, Selección Juanjo","TRUE","Color","Negro","Talla","37","paloma-vintage-western-ankle-boots-negro-37","31.00","","0","continue","","","Paloma Vintage Western Ankle Boots","Da cada paso con más comodidad y estilo. Paloma Vintage Western Ankle Boots está diseñado para acompañarte en tu día a día con un acabado versátil que combina fácilmente con tus looks favoritos."
"paloma-vintage-western-ankle-boots","Paloma Vintage Western Ankle Boots","<p>Da cada paso con más comodidad y estilo. Paloma Vintage Western Ankle Boots está diseñado para acompañarte en tu día a día con un acabado versátil que combina fácilmente con tus looks favoritos.</p>","olyndralondon.com","Calzado","Calzado","Calzado, Calzado, Novedades, Selección Juanjo","TRUE","Color","Negro","Talla","38","paloma-vintage-western-ankle-boots-negro-38","31.00","","0","continue","","","Paloma Vintage Western Ankle Boots","Da cada paso con más comodidad y estilo. Paloma Vintage Western Ankle Boots está diseñado para acompañarte en tu día a día con un acabado versátil que combina fácilmente con tus looks favoritos."
"paloma-vintage-western-ankle-boots","Paloma Vintage Western Ankle Boots","<p>Da cada paso con más comodidad y estilo. Paloma Vintage Western Ankle Boots está diseñado para acompañarte en tu día a día con un acabado versátil que combina fácilmente con tus looks favoritos.</p>","olyndralondon.com","Calzado","Calzado","Calzado, Calzado, Novedades, Selección Juanjo","TRUE","Color","Negro","Talla","39","paloma-vintage-western-ankle-boots-negro-39","31.00","","0","continue","","","Paloma Vintage Western Ankle Boots","Da cada paso con más comodidad y estilo. Paloma Vintage Western Ankle Boots está diseñado para acompañarte en tu día a día con un acabado versátil que combina fácilmente con tus looks favoritos."
"paloma-vintage-western-ankle-boots","Paloma Vintage Western Ankle Boots","<p>Da cada paso con más comodidad y estilo. Paloma Vintage Western Ankle Boots está diseñado para acompañarte en tu día a día con un acabado versátil que combina fácilmente con tus looks favoritos.</p>","olyndralondon.com","Calzado","Calzado","Calzado, Calzado, Novedades, Selección Juanjo","TRUE","Color","Negro","Talla","40","paloma-vintage-western-ankle-boots-negro-40","31.00","","0","continue","","","Paloma Vintage Western Ankle Boots","Da cada paso con más comodidad y estilo. Paloma Vintage Western Ankle Boots está diseñado para acompañarte en tu día a día con un acabado versátil que combina fácilmente con tus looks favoritos."
"paloma-vintage-western-ankle-boots","Paloma Vintage Western Ankle Boots","<p>Da cada paso con más comodidad y estilo. Paloma Vintage Western Ankle Boots está diseñado para acompañarte en tu día a día con un acabado versátil que combina fácilmente con tus looks favoritos.</p>","olyndralondon.com","Calzado","Calzado","Calzado, Calzado, Novedades, Selección Juanjo","TRUE","Color","Negro","Talla","41","paloma-vintage-western-ankle-boots-negro-41","31.00","","0","continue","","","Paloma Vintage Western Ankle Boots","Da cada paso con más comodidad y estilo. Paloma Vintage Western Ankle Boots está diseñado para acompañarte en tu día a día con un acabado versátil que combina fácilmente con tus looks favoritos."
"paloma-vintage-western-ankle-boots","Paloma Vintage Western Ankle Boots","<p>Da cada paso con más comodidad y estilo. Paloma Vintage Western Ankle Boots está diseñado para acompañarte en tu día a día con un acabado versátil que combina fácilmente con tus looks favoritos.</p>","olyndralondon.com","Calzado","Calzado","Calzado, Calzado, Novedades, Selección Juanjo","TRUE","Color","Beige","Talla","36","paloma-vintage-western-ankle-boots-beige-36","31.00","","0","continue","","","Paloma Vintage Western Ankle Boots","Da cada paso con más comodidad y estilo. Paloma Vintage Western Ankle Boots está diseñado para acompañarte en tu día a día con un acabado versátil que combina fácilmente con tus looks favoritos."
"paloma-vintage-western-ankle-boots","Paloma Vintage Western Ankle Boots","<p>Da cada paso con más comodidad y estilo. Paloma Vintage Western Ankle Boots está diseñado para acompañarte en tu día a día con un acabado versátil que combina fácilmente con tus looks favoritos.</p>","olyndralondon.com","Calzado","Calzado","Calzado, Calzado, Novedades, Selección Juanjo","TRUE","Color","Beige","Talla","37","paloma-vintage-western-ankle-boots-beige-37","31.00","","0","continue","","","Paloma Vintage Western Ankle Boots","Da cada paso con más comodidad y estilo. Paloma Vintage Western Ankle Boots está diseñado para acompañarte en tu día a día con un acabado versátil que combina fácilmente con tus looks favoritos."
"paloma-vintage-western-ankle-boots","Paloma Vintage Western Ankle Boots","<p>Da cada paso con más comodidad y estilo. Paloma Vintage Western Ankle Boots está diseñado para acompañarte en tu día a día con un acabado versátil que combina fácilmente con tus looks favoritos.</p>","olyndralondon.com","Calzado","Calzado","Calzado, Calzado, Novedades, Selección Juanjo","TRUE","Color","Beige","Talla","38","paloma-vintage-western-ankle-boots-beige-38","31.00","","0","continue","","","Paloma Vintage Western Ankle Boots","Da cada paso con más comodidad y estilo. Paloma Vintage Western Ankle Boots está diseñado para acompañarte en tu día a día con un acabado versátil que combina fácilmente con tus looks favoritos."
"paloma-vintage-western-ankle-boots","Paloma Vintage Western Ankle Boots","<p>Da cada paso con más comodidad y estilo. Paloma Vintage Western Ankle Boots está diseñado para acompañarte en tu día a día con un acabado versátil que combina fácilmente con tus looks favoritos.</p>","olyndralondon.com","Calzado","Calzado","Calzado, Calzado, Novedades, Selección Juanjo","TRUE","Color","Beige","Talla","39","paloma-vintage-western-ankle-boots-beige-39","31.00","","0","continue","","","Paloma Vintage Western Ankle Boots","Da cada paso con más comodidad y estilo. Paloma Vintage Western Ankle Boots está diseñado para acompañarte en tu día a día con un acabado versátil que combina fácilmente con tus looks favoritos."
"paloma-vintage-western-ankle-boots","Paloma Vintage Western Ankle Boots","<p>Da cada paso con más comodidad y estilo. Paloma Vintage Western Ankle Boots está diseñado para acompañarte en tu día a día con un acabado versátil que combina fácilmente con tus looks favoritos.</p>","olyndralondon.com","Calzado","Calzado","Calzado, Calzado, Novedades, Selección Juanjo","TRUE","Color","Beige","Talla","40","paloma-vintage-western-ankle-boots-beige-40","31.00","","0","continue","","","Paloma Vintage Western Ankle Boots","Da cada paso con más comodidad y estilo. Paloma Vintage Western Ankle Boots está diseñado para acompañarte en tu día a día con un acabado versátil que combina fácilmente con tus looks favoritos."
"paloma-vintage-western-ankle-boots","Paloma Vintage Western Ankle Boots","<p>Da cada paso con más comodidad y estilo. Paloma Vintage Western Ankle Boots está diseñado para acompañarte en tu día a día con un acabado versátil que combina fácilmente con tus looks favoritos.</p>","olyndralondon.com","Calzado","Calzado","Calzado, Calzado, Novedades, Selección Juanjo","TRUE","Color","Beige","Talla","41","paloma-vintage-western-ankle-boots-beige-41","31.00","","0","continue","","","Paloma Vintage Western Ankle Boots","Da cada paso con más comodidad y estilo. Paloma Vintage Western Ankle Boots está diseñado para acompañarte en tu día a día con un acabado versátil que combina fácilmente con tus looks favoritos."
"paloma-vintage-western-ankle-boots","Paloma Vintage Western Ankle Boots","<p>Da cada paso con más comodidad y estilo. Paloma Vintage Western Ankle Boots está diseñado para acompañarte en tu día a día con un acabado versátil que combina fácilmente con tus looks favoritos.</p>","olyndralondon.com","Calzado","Calzado","Calzado, Calzado, Novedades, Selección Juanjo","TRUE","Color","Marrón","Talla","36","paloma-vintage-western-ankle-boots-marron-36","31.00","","0","continue","","","Paloma Vintage Western Ankle Boots","Da cada paso con más comodidad y estilo. Paloma Vintage Western Ankle Boots está diseñado para acompañarte en tu día a día con un acabado versátil que combina fácilmente con tus looks favoritos."
"paloma-vintage-western-ankle-boots","Paloma Vintage Western Ankle Boots","<p>Da cada paso con más comodidad y estilo. Paloma Vintage Western Ankle Boots está diseñado para acompañarte en tu día a día con un acabado versátil que combina fácilmente con tus looks favoritos.</p>","olyndralondon.com","Calzado","Calzado","Calzado, Calzado, Novedades, Selección Juanjo","TRUE","Color","Marrón","Talla","37","paloma-vintage-western-ankle-boots-marron-37","31.00","","0","continue","","","Paloma Vintage Western Ankle Boots","Da cada paso con más comodidad y estilo. Paloma Vintage Western Ankle Boots está diseñado para acompañarte en tu día a día con un acabado versátil que combina fácilmente con tus looks favoritos."
"paloma-vintage-western-ankle-boots","Paloma Vintage Western Ankle Boots","<p>Da cada paso con más comodidad y estilo. Paloma Vintage Western Ankle Boots está diseñado para acompañarte en tu día a día con un acabado versátil que combina fácilmente con tus looks favoritos.</p>","olyndralondon.com","Calzado","Calzado","Calzado, Calzado, Novedades, Selección Juanjo","TRUE","Color","Marrón","Talla","38","paloma-vintage-western-ankle-boots-marron-38","31.00","","0","continue","","","Paloma Vintage Western Ankle Boots","Da cada paso con más comodidad y estilo. Paloma Vintage Western Ankle Boots está diseñado para acompañarte en tu día a día con un acabado versátil que combina fácilmente con tus looks favoritos."
"paloma-vintage-western-ankle-boots","Paloma Vintage Western Ankle Boots","<p>Da cada paso con más comodidad y estilo. Paloma Vintage Western Ankle Boots está diseñado para acompañarte en tu día a día con un acabado versátil que combina fácilmente con tus looks favoritos.</p>","olyndralondon.com","Calzado","Calzado","Calzado, Calzado, Novedades, Selección Juanjo","TRUE","Color","Marrón","Talla","39","paloma-vintage-western-ankle-boots-marron-39","31.00","","0","continue","","","Paloma Vintage Western Ankle Boots","Da cada paso con más comodidad y estilo. Paloma Vintage Western Ankle Boots está diseñado para acompañarte en tu día a día con un acabado versátil que combina fácilmente con tus looks favoritos."
"paloma-vintage-western-ankle-boots","Paloma Vintage Western Ankle Boots","<p>Da cada paso con más comodidad y estilo. Paloma Vintage Western Ankle Boots está diseñado para acompañarte en tu día a día con un acabado versátil que combina fácilmente con tus looks favoritos.</p>","olyndralondon.com","Calzado","Calzado","Calzado, Calzado, Novedades, Selección Juanjo","TRUE","Color","Marrón","Talla","40","paloma-vintage-western-ankle-boots-marron-40","31.00","","0","continue","","","Paloma Vintage Western Ankle Boots","Da cada paso con más comodidad y estilo. Paloma Vintage Western Ankle Boots está diseñado para acompañarte en tu día a día con un acabado versátil que combina fácilmente con tus looks favoritos."
"paloma-vintage-western-ankle-boots","Paloma Vintage Western Ankle Boots","<p>Da cada paso con más comodidad y estilo. Paloma Vintage Western Ankle Boots está diseñado para acompañarte en tu día a día con un acabado versátil que combina fácilmente con tus looks favoritos.</p>","olyndralondon.com","Calzado","Calzado","Calzado, Calzado, Novedades, Selección Juanjo","TRUE","Color","Marrón","Talla","41","paloma-vintage-western-ankle-boots-marron-41","31.00","","0","continue","","","Paloma Vintage Western Ankle Boots","Da cada paso con más comodidad y estilo. Paloma Vintage Western Ankle Boots está diseñado para acompañarte en tu día a día con un acabado versátil que combina fácilmente con tus looks favoritos."
"paloma-vintage-western-ankle-boots","Paloma Vintage Western Ankle Boots","<p>Da cada paso con más comodidad y estilo. Paloma Vintage Western Ankle Boots está diseñado para acompañarte en tu día a día con un acabado versátil que combina fácilmente con tus looks favoritos.</p>","olyndralondon.com","Calzado","Calzado","Calzado, Calzado, Novedades, Selección Juanjo","TRUE","Color","Blanco","Talla","36","paloma-vintage-western-ankle-boots-blanco-36","31.00","","0","continue","","","Paloma Vintage Western Ankle Boots","Da cada paso con más comodidad y estilo. Paloma Vintage Western Ankle Boots está diseñado para acompañarte en tu día a día con un acabado versátil que combina fácilmente con tus looks favoritos."
"paloma-vintage-western-ankle-boots","Paloma Vintage Western Ankle Boots","<p>Da cada paso con más comodidad y estilo. Paloma Vintage Western Ankle Boots está diseñado para acompañarte en tu día a día con un acabado versátil que combina fácilmente con tus looks favoritos.</p>","olyndralondon.com","Calzado","Calzado","Calzado, Calzado, Novedades, Selección Juanjo","TRUE","Color","Blanco","Talla","37","paloma-vintage-western-ankle-boots-blanco-37","31.00","","0","continue","","","Paloma Vintage Western Ankle Boots","Da cada paso con más comodidad y estilo. Paloma Vintage Western Ankle Boots está diseñado para acompañarte en tu día a día con un acabado versátil que combina fácilmente con tus looks favoritos."
"paloma-vintage-western-ankle-boots","Paloma Vintage Western Ankle Boots","<p>Da cada paso con más comodidad y estilo. Paloma Vintage Western Ankle Boots está diseñado para acompañarte en tu día a día con un acabado versátil que combina fácilmente con tus looks favoritos.</p>","olyndralondon.com","Calzado","Calzado","Calzado, Calzado, Novedades, Selección Juanjo","TRUE","Color","Blanco","Talla","38","paloma-vintage-western-ankle-boots-blanco-38","31.00","","0","continue","","","Paloma Vintage Western Ankle Boots","Da cada paso con más comodidad y estilo. Paloma Vintage Western Ankle Boots está diseñado para acompañarte en tu día a día con un acabado versátil que combina fácilmente con tus looks favoritos."
"paloma-vintage-western-ankle-boots","Paloma Vintage Western Ankle Boots","<p>Da cada paso con más comodidad y estilo. Paloma Vintage Western Ankle Boots está diseñado para acompañarte en tu día a día con un acabado versátil que combina fácilmente con tus looks favoritos.</p>","olyndralondon.com","Calzado","Calzado","Calzado, Calzado, Novedades, Selección Juanjo","TRUE","Color","Blanco","Talla","39","paloma-vintage-western-ankle-boots-blanco-39","31.00","","0","continue","","","Paloma Vintage Western Ankle Boots","Da cada paso con más comodidad y estilo. Paloma Vintage Western Ankle Boots está diseñado para acompañarte en tu día a día con un acabado versátil que combina fácilmente con tus looks favoritos."
"paloma-vintage-western-ankle-boots","Paloma Vintage Western Ankle Boots","<p>Da cada paso con más comodidad y estilo. Paloma Vintage Western Ankle Boots está diseñado para acompañarte en tu día a día con un acabado versátil que combina fácilmente con tus looks favoritos.</p>","olyndralondon.com","Calzado","Calzado","Calzado, Calzado, Novedades, Selección Juanjo","TRUE","Color","Blanco","Talla","40","paloma-vintage-western-ankle-boots-blanco-40","31.00","","0","continue","","","Paloma Vintage Western Ankle Boots","Da cada paso con más comodidad y estilo. Paloma Vintage Western Ankle Boots está diseñado para acompañarte en tu día a día con un acabado versátil que combina fácilmente con tus looks favoritos."
"paloma-vintage-western-ankle-boots","Paloma Vintage Western Ankle Boots","<p>Da cada paso con más comodidad y estilo. Paloma Vintage Western Ankle Boots está diseñado para acompañarte en tu día a día con un acabado versátil que combina fácilmente con tus looks favoritos.</p>","olyndralondon.com","Calzado","Calzado","Calzado, Calzado, Novedades, Selección Juanjo","TRUE","Color","Blanco","Talla","41","paloma-vintage-western-ankle-boots-blanco-41","31.00","","0","continue","","","Paloma Vintage Western Ankle Boots","Da cada paso con más comodidad y estilo. Paloma Vintage Western Ankle Boots está diseñado para acompañarte en tu día a día con un acabado versátil que combina fácilmente con tus looks favoritos."
